AccountNumber,NMI,DeviceNumber,DeviceType,RegisterCode,RateTypeDescription,StartDate,EndDate,ProfileReadValue,RegisterReadValue,QualityFlag
ACCO_15e06beda2,NMI_df2d025267,DEVI_284a47f5e0,COMMS4D,06537#B1,Solar,07/05/2026 12:00:00 AM,07/05/2026 12:29:59 AM,0.003,0,A
ACCO_15e06beda2,NMI_df2d025267,DEVI_284a47f5e0,COMMS4D,06537#E1,Generalusage,07/05/2026 12:00:00 AM,07/05/2026 12:29:59 AM,0.001,0,A
ACCO_15e06beda2,NMI_df2d025267,DEVI_284a47f5e0,COMMS4D,06537#B1,Solar,07/05/2026 12:30:00 AM,07/05/2026 12:59:59 AM,0.002,0,A
ACCO_15e06beda2,NMI_df2d025267,DEVI_284a47f5e0,COMMS4D,06537#E1,Generalusage,07/05/2026 12:30:00 AM,07/05/2026 12:59:59 AM,0.001,0,A
ACCO_15e06beda2,NMI_df2d025267,DEVI_284a47f5e0,COMMS4D,06537#B1,Solar,07/05/2026 01:00:00 AM,07/05/2026 01:29:59 AM,0.001,0,A
ACCO_15e06beda2,NMI_df2d025267,DEVI_284a47f5e0,COMMS4D,06537#E1,Generalusage,07/05/2026 01:00:00 AM,07/05/2026 01:29:59 AM,0.001,0,A
ACCO_15e06beda2,NMI_df2d025267,DEVI_284a47f5e0,COMMS4D,06537#B1,Solar,07/05/2026 01:30:00 AM,07/05/2026 01:59:59 AM,0.001,0,A
ACCO_15e06beda2,NMI_df2d025267,DEVI_284a47f5e0,COMMS4D,06537#E1,Generalusage,07/05/2026 01:30:00 AM,07/05/2026 01:59:59 AM,0.002,0,A
ACCO_15e06beda2,NMI_df2d025267,DEVI_284a47f5e0,COMMS4D,06537#B1,Solar,07/05/2026 02:00:00 AM,07/05/2026 02:29:59 AM,0.001,0,A
ACCO_15e06beda2,NMI_df2d025267,DEVI_284a47f5e0,COMMS4D,06537#E1,Generalusage,07/05/2026 02:00:00 AM,07/05/2026 02:29:59 AM,0.002,0,A
ACCO_15e06beda2,NMI_df2d025267,DEVI_284a47f5e0,COMMS4D,06537#B1,Solar,07/05/2026 02:30:00 AM,07/05/2026 02:59:59 AM,0.003,0,A
ACCO_15e06beda2,NMI_df2d025267,DEVI_284a47f5e0,COMMS4D,06537#E1,Generalusage,07/05/2026 02:30:00 AM,07/05/2026 02:59:59 AM,0,0,A
ACCO_15e06beda2,NMI_df2d025267,DEVI_284a47f5e0,COMMS4D,06537#B1,Solar,07/05/2026 03:00:00 AM,07/05/2026 03:29:59 AM,0.002,0,A
ACCO_15e06beda2,NMI_df2d025267,DEVI_284a47f5e0,COMMS4D,06537#E1,Generalusage,07/05/2026 03:00:00 AM,07/05/2026 03:29:59 AM,0.001,0,A
ACCO_15e06beda2,NMI_df2d025267,DEVI_284a47f5e0,COMMS4D,06537#B1,Solar,07/05/2026 03:30:00 AM,07/05/2026 03:59:59 AM,0.002,0,A
ACCO_15e06beda2,NMI_df2d025267,DEVI_284a47f5e0,COMMS4D,06537#E1,Generalusage,07/05/2026 03:30:00 AM,07/05/2026 03:59:59 AM,0.001,0,A
ACCO_15e06beda2,NMI_df2d025267,DEVI_284a47f5e0,COMMS4D,06537#B1,Solar,07/05/2026 04:00:00 AM,07/05/2026 04:29:59 AM,0.002,0,A
ACCO_15e06beda2,NMI_df2d025267,DEVI_284a47f5e0,COMMS4D,06537#E1,Generalusage,07/05/2026 04:00:00 AM,07/05/2026 04:29:59 AM,0.001,0,A
ACCO_15e06beda2,NMI_df2d025267,DEVI_284a47f5e0,COMMS4D,06537#B1,Solar,07/05/2026 04:30:00 AM,07/05/2026 04:59:59 AM,0.002,0,A
ACCO_15e06beda2,NMI_df2d025267,DEVI_284a47f5e0,COMMS4D,06537#E1,Generalusage,07/05/2026 04:30:00 AM,07/05/2026 04:59:59 AM,0,0,A
ACCO_15e06beda2,NMI_df2d025267,DEVI_284a47f5e0,COMMS4D,06537#B1,Solar,07/05/2026 05:00:00 AM,07/05/2026 05:29:59 AM,0.002,0,A
ACCO_15e06beda2,NMI_df2d025267,DEVI_284a47f5e0,COMMS4D,06537#E1,Generalusage,07/05/2026 05:00:00 AM,07/05/2026 05:29:59 AM,0.001,0,A
ACCO_15e06beda2,NMI_df2d025267,DEVI_284a47f5e0,COMMS4D,06537#B1,Solar,07/05/2026 05:30:00 AM,07/05/2026 05:59:59 AM,0.003,0,A
ACCO_15e06beda2,NMI_df2d025267,DEVI_284a47f5e0,COMMS4D,06537#E1,Generalusage,07/05/2026 05:30:00 AM,07/05/2026 05:59:59 AM,0.001,0,A
ACCO_15e06beda2,NMI_df2d025267,DEVI_284a47f5e0,COMMS4D,06537#B1,Solar,07/05/2026 06:00:00 AM,07/05/2026 06:29:59 AM,0.003,0,A
ACCO_15e06beda2,NMI_df2d025267,DEVI_284a47f5e0,COMMS4D,06537#E1,Generalusage,07/05/2026 06:00:00 AM,07/05/2026 06:29:59 AM,0.001,0,A
ACCO_15e06beda2,NMI_df2d025267,DEVI_284a47f5e0,COMMS4D,06537#B1,Solar,07/05/2026 06:30:00 AM,07/05/2026 06:59:59 AM,0.003,0,A
ACCO_15e06beda2,NMI_df2d025267,DEVI_284a47f5e0,COMMS4D,06537#E1,Generalusage,07/05/2026 06:30:00 AM,07/05/2026 06:59:59 AM,0.001,0,A
ACCO_15e06beda2,NMI_df2d025267,DEVI_284a47f5e0,COMMS4D,06537#B1,Solar,07/05/2026 07:00:00 AM,07/05/2026 07:29:59 AM,0.002,0,A
ACCO_15e06beda2,NMI_df2d025267,DEVI_284a47f5e0,COMMS4D,06537#E1,Generalusage,07/05/2026 07:00:00 AM,07/05/2026 07:29:59 AM,0.001,0,A
ACCO_15e06beda2,NMI_df2d025267,DEVI_284a47f5e0,COMMS4D,06537#B1,Solar,07/05/2026 07:30:00 AM,07/05/2026 07:59:59 AM,0.002,0,A
ACCO_15e06beda2,NMI_df2d025267,DEVI_284a47f5e0,COMMS4D,06537#E1,Generalusage,07/05/2026 07:30:00 AM,07/05/2026 07:59:59 AM,0.001,0,A
ACCO_15e06beda2,NMI_df2d025267,DEVI_284a47f5e0,COMMS4D,06537#B1,Solar,07/05/2026 08:00:00 AM,07/05/2026 08:29:59 AM,0.002,0,A
ACCO_15e06beda2,NMI_df2d025267,DEVI_284a47f5e0,COMMS4D,06537#E1,Generalusage,07/05/2026 08:00:00 AM,07/05/2026 08:29:59 AM,0.002,0,A
ACCO_15e06beda2,NMI_df2d025267,DEVI_284a47f5e0,COMMS4D,06537#B1,Solar,07/05/2026 08:30:00 AM,07/05/2026 08:59:59 AM,0.002,0,A
ACCO_15e06beda2,NMI_df2d025267,DEVI_284a47f5e0,COMMS4D,06537#E1,Generalusage,07/05/2026 08:30:00 AM,07/05/2026 08:59:59 AM,0.003,0,A
ACCO_15e06beda2,NMI_df2d025267,DEVI_284a47f5e0,COMMS4D,06537#B1,Solar,07/05/2026 09:00:00 AM,07/05/2026 09:29:59 AM,0.002,0,A
ACCO_15e06beda2,NMI_df2d025267,DEVI_284a47f5e0,COMMS4D,06537#E1,Generalusage,07/05/2026 09:00:00 AM,07/05/2026 09:29:59 AM,0.002,0,A
ACCO_15e06beda2,NMI_df2d025267,DEVI_284a47f5e0,COMMS4D,06537#B1,Solar,07/05/2026 09:30:00 AM,07/05/2026 09:59:59 AM,0.002,0,A
ACCO_15e06beda2,NMI_df2d025267,DEVI_284a47f5e0,COMMS4D,06537#E1,Generalusage,07/05/2026 09:30:00 AM,07/05/2026 09:59:59 AM,0.003,0,A
ACCO_15e06beda2,NMI_df2d025267,DEVI_284a47f5e0,COMMS4D,06537#B1,Solar,07/05/2026 10:00:00 AM,07/05/2026 10:29:59 AM,0.599,0,A
ACCO_15e06beda2,NMI_df2d025267,DEVI_284a47f5e0,COMMS4D,06537#E1,Generalusage,07/05/2026 10:00:00 AM,07/05/2026 10:29:59 AM,0.002,0,A
ACCO_15e06beda2,NMI_df2d025267,DEVI_284a47f5e0,COMMS4D,06537#B1,Solar,07/05/2026 10:30:00 AM,07/05/2026 10:59:59 AM,2.518,0,A
ACCO_15e06beda2,NMI_df2d025267,DEVI_284a47f5e0,COMMS4D,06537#E1,Generalusage,07/05/2026 10:30:00 AM,07/05/2026 10:59:59 AM,0,0,A
ACCO_15e06beda2,NMI_df2d025267,DEVI_284a47f5e0,COMMS4D,06537#B1,Solar,07/05/2026 11:00:00 AM,07/05/2026 11:29:59 AM,3.563,0,A
ACCO_15e06beda2,NMI_df2d025267,DEVI_284a47f5e0,COMMS4D,06537#E1,Generalusage,07/05/2026 11:00:00 AM,07/05/2026 11:29:59 AM,0,0,A
ACCO_15e06beda2,NMI_df2d025267,DEVI_284a47f5e0,COMMS4D,06537#B1,Solar,07/05/2026 11:30:00 AM,07/05/2026 11:59:59 AM,3.67,0,A
ACCO_15e06beda2,NMI_df2d025267,DEVI_284a47f5e0,COMMS4D,06537#E1,Generalusage,07/05/2026 11:30:00 AM,07/05/2026 11:59:59 AM,0,0,A
ACCO_15e06beda2,NMI_df2d025267,DEVI_284a47f5e0,COMMS4D,06537#B1,Solar,07/05/2026 12:00:00 PM,07/05/2026 12:29:59 PM,3.715,0,A
ACCO_15e06beda2,NMI_df2d025267,DEVI_284a47f5e0,COMMS4D,06537#E1,Generalusage,07/05/2026 12:00:00 PM,07/05/2026 12:29:59 PM,0,0,A
ACCO_15e06beda2,NMI_df2d025267,DEVI_284a47f5e0,COMMS4D,06537#B1,Solar,07/05/2026 12:30:00 PM,07/05/2026 12:59:59 PM,3.173,0,A
ACCO_15e06beda2,NMI_df2d025267,DEVI_284a47f5e0,COMMS4D,06537#E1,Generalusage,07/05/2026 12:30:00 PM,07/05/2026 12:59:59 PM,0,0,A
ACCO_15e06beda2,NMI_df2d025267,DEVI_284a47f5e0,COMMS4D,06537#B1,Solar,07/05/2026 01:00:00 PM,07/05/2026 01:29:59 PM,3.305,0,A
ACCO_15e06beda2,NMI_df2d025267,DEVI_284a47f5e0,COMMS4D,06537#E1,Generalusage,07/05/2026 01:00:00 PM,07/05/2026 01:29:59 PM,0,0,A
ACCO_15e06beda2,NMI_df2d025267,DEVI_284a47f5e0,COMMS4D,06537#B1,Solar,07/05/2026 01:30:00 PM,07/05/2026 01:59:59 PM,2.644,0,A
ACCO_15e06beda2,NMI_df2d025267,DEVI_284a47f5e0,COMMS4D,06537#E1,Generalusage,07/05/2026 01:30:00 PM,07/05/2026 01:59:59 PM,0,0,A
ACCO_15e06beda2,NMI_df2d025267,DEVI_284a47f5e0,COMMS4D,06537#B1,Solar,07/05/2026 02:00:00 PM,07/05/2026 02:29:59 PM,2.924,0,A
ACCO_15e06beda2,NMI_df2d025267,DEVI_284a47f5e0,COMMS4D,06537#E1,Generalusage,07/05/2026 02:00:00 PM,07/05/2026 02:29:59 PM,0,0,A
ACCO_15e06beda2,NMI_df2d025267,DEVI_284a47f5e0,COMMS4D,06537#B1,Solar,07/05/2026 02:30:00 PM,07/05/2026 02:59:59 PM,2.547,0,A
ACCO_15e06beda2,NMI_df2d025267,DEVI_284a47f5e0,COMMS4D,06537#E1,Generalusage,07/05/2026 02:30:00 PM,07/05/2026 02:59:59 PM,0,0,A
ACCO_15e06beda2,NMI_df2d025267,DEVI_284a47f5e0,COMMS4D,06537#B1,Solar,07/05/2026 03:00:00 PM,07/05/2026 03:29:59 PM,1.96,0,A
ACCO_15e06beda2,NMI_df2d025267,DEVI_284a47f5e0,COMMS4D,06537#E1,Generalusage,07/05/2026 03:00:00 PM,07/05/2026 03:29:59 PM,0.001,0,A
ACCO_15e06beda2,NMI_df2d025267,DEVI_284a47f5e0,COMMS4D,06537#B1,Solar,07/05/2026 03:30:00 PM,07/05/2026 03:59:59 PM,0.839,0,A
ACCO_15e06beda2,NMI_df2d025267,DEVI_284a47f5e0,COMMS4D,06537#E1,Generalusage,07/05/2026 03:30:00 PM,07/05/2026 03:59:59 PM,0.001,0,A
ACCO_15e06beda2,NMI_df2d025267,DEVI_284a47f5e0,COMMS4D,06537#B1,Solar,07/05/2026 04:00:00 PM,07/05/2026 04:29:59 PM,0.744,0,A
ACCO_15e06beda2,NMI_df2d025267,DEVI_284a47f5e0,COMMS4D,06537#E1,Generalusage,07/05/2026 04:00:00 PM,07/05/2026 04:29:59 PM,0,0,A
ACCO_15e06beda2,NMI_df2d025267,DEVI_284a47f5e0,COMMS4D,06537#B1,Solar,07/05/2026 04:30:00 PM,07/05/2026 04:59:59 PM,0.003,0,A
ACCO_15e06beda2,NMI_df2d025267,DEVI_284a47f5e0,COMMS4D,06537#E1,Generalusage,07/05/2026 04:30:00 PM,07/05/2026 04:59:59 PM,0.002,0,A
ACCO_15e06beda2,NMI_df2d025267,DEVI_284a47f5e0,COMMS4D,06537#B1,Solar,07/05/2026 05:00:00 PM,07/05/2026 05:29:59 PM,0.003,0,A
ACCO_15e06beda2,NMI_df2d025267,DEVI_284a47f5e0,COMMS4D,06537#E1,Generalusage,07/05/2026 05:00:00 PM,07/05/2026 05:29:59 PM,0.001,0,A
ACCO_15e06beda2,NMI_df2d025267,DEVI_284a47f5e0,COMMS4D,06537#B1,Solar,07/05/2026 05:30:00 PM,07/05/2026 05:59:59 PM,0.004,0,A
ACCO_15e06beda2,NMI_df2d025267,DEVI_284a47f5e0,COMMS4D,06537#E1,Generalusage,07/05/2026 05:30:00 PM,07/05/2026 05:59:59 PM,0.002,0,A
ACCO_15e06beda2,NMI_df2d025267,DEVI_284a47f5e0,COMMS4D,06537#B1,Solar,07/05/2026 06:00:00 PM,07/05/2026 06:29:59 PM,0.003,0,A
ACCO_15e06beda2,NMI_df2d025267,DEVI_284a47f5e0,COMMS4D,06537#E1,Generalusage,07/05/2026 06:00:00 PM,07/05/2026 06:29:59 PM,0.001,0,A
ACCO_15e06beda2,NMI_df2d025267,DEVI_284a47f5e0,COMMS4D,06537#B1,Solar,07/05/2026 06:30:00 PM,07/05/2026 06:59:59 PM,0.005,0,A
ACCO_15e06beda2,NMI_df2d025267,DEVI_284a47f5e0,COMMS4D,06537#E1,Generalusage,07/05/2026 06:30:00 PM,07/05/2026 06:59:59 PM,0.003,0,A
ACCO_15e06beda2,NMI_df2d025267,DEVI_284a47f5e0,COMMS4D,06537#B1,Solar,07/05/2026 07:00:00 PM,07/05/2026 07:29:59 PM,0.003,0,A
ACCO_15e06beda2,NMI_df2d025267,DEVI_284a47f5e0,COMMS4D,06537#E1,Generalusage,07/05/2026 07:00:00 PM,07/05/2026 07:29:59 PM,0.001,0,A
ACCO_15e06beda2,NMI_df2d025267,DEVI_284a47f5e0,COMMS4D,06537#B1,Solar,07/05/2026 07:30:00 PM,07/05/2026 07:59:59 PM,0.003,0,A
ACCO_15e06beda2,NMI_df2d025267,DEVI_284a47f5e0,COMMS4D,06537#E1,Generalusage,07/05/2026 07:30:00 PM,07/05/2026 07:59:59 PM,0.002,0,A
ACCO_15e06beda2,NMI_df2d025267,DEVI_284a47f5e0,COMMS4D,06537#B1,Solar,07/05/2026 08:00:00 PM,07/05/2026 08:29:59 PM,0.003,0,A
ACCO_15e06beda2,NMI_df2d025267,DEVI_284a47f5e0,COMMS4D,06537#E1,Generalusage,07/05/2026 08:00:00 PM,07/05/2026 08:29:59 PM,0.002,0,A
ACCO_15e06beda2,NMI_df2d025267,DEVI_284a47f5e0,COMMS4D,06537#B1,Solar,07/05/2026 08:30:00 PM,07/05/2026 08:59:59 PM,0.003,0,A
ACCO_15e06beda2,NMI_df2d025267,DEVI_284a47f5e0,COMMS4D,06537#E1,Generalusage,07/05/2026 08:30:00 PM,07/05/2026 08:59:59 PM,0.001,0,A
ACCO_15e06beda2,NMI_df2d025267,DEVI_284a47f5e0,COMMS4D,06537#B1,Solar,07/05/2026 09:00:00 PM,07/05/2026 09:29:59 PM,0.003,0,A
ACCO_15e06beda2,NMI_df2d025267,DEVI_284a47f5e0,COMMS4D,06537#E1,Generalusage,07/05/2026 09:00:00 PM,07/05/2026 09:29:59 PM,0.001,0,A
ACCO_15e06beda2,NMI_df2d025267,DEVI_284a47f5e0,COMMS4D,06537#B1,Solar,07/05/2026 09:30:00 PM,07/05/2026 09:59:59 PM,0.003,0,A
ACCO_15e06beda2,NMI_df2d025267,DEVI_284a47f5e0,COMMS4D,06537#E1,Generalusage,07/05/2026 09:30:00 PM,07/05/2026 09:59:59 PM,0.001,0,A
ACCO_15e06beda2,NMI_df2d025267,DEVI_284a47f5e0,COMMS4D,06537#B1,Solar,07/05/2026 10:00:00 PM,07/05/2026 10:29:59 PM,0.003,0,A
ACCO_15e06beda2,NMI_df2d025267,DEVI_284a47f5e0,COMMS4D,06537#E1,Generalusage,07/05/2026 10:00:00 PM,07/05/2026 10:29:59 PM,0.001,0,A
ACCO_15e06beda2,NMI_df2d025267,DEVI_284a47f5e0,COMMS4D,06537#B1,Solar,07/05/2026 10:30:00 PM,07/05/2026 10:59:59 PM,0.004,0,A
ACCO_15e06beda2,NMI_df2d025267,DEVI_284a47f5e0,COMMS4D,06537#E1,Generalusage,07/05/2026 10:30:00 PM,07/05/2026 10:59:59 PM,0.002,0,A
ACCO_15e06beda2,NMI_df2d025267,DEVI_284a47f5e0,COMMS4D,06537#B1,Solar,07/05/2026 11:00:00 PM,07/05/2026 11:29:59 PM,0.003,0,A
ACCO_15e06beda2,NMI_df2d025267,DEVI_284a47f5e0,COMMS4D,06537#E1,Generalusage,07/05/2026 11:00:00 PM,07/05/2026 11:29:59 PM,0,0,A
ACCO_15e06beda2,NMI_df2d025267,DEVI_284a47f5e0,COMMS4D,06537#B1,Solar,07/05/2026 11:30:00 PM,07/05/2026 11:59:59 PM,0.003,0,A
ACCO_15e06beda2,NMI_df2d025267,DEVI_284a47f5e0,COMMS4D,06537#E1,Generalusage,07/05/2026 11:30:00 PM,07/05/2026 11:59:59 PM,0.001,0,A
ACCO_15e06beda2,NMI_df2d025267,DEVI_284a47f5e0,COMMS4D,06537#B1,Solar,08/05/2026 12:00:00 AM,08/05/2026 12:29:59 AM,0.002,0,A
ACCO_15e06beda2,NMI_df2d025267,DEVI_284a47f5e0,COMMS4D,06537#E1,Generalusage,08/05/2026 12:00:00 AM,08/05/2026 12:29:59 AM,0.001,0,A
ACCO_15e06beda2,NMI_df2d025267,DEVI_284a47f5e0,COMMS4D,06537#B1,Solar,08/05/2026 12:30:00 AM,08/05/2026 12:59:59 AM,0.001,0,A
ACCO_15e06beda2,NMI_df2d025267,DEVI_284a47f5e0,COMMS4D,06537#E1,Generalusage,08/05/2026 12:30:00 AM,08/05/2026 12:59:59 AM,0.001,0,A
ACCO_15e06beda2,NMI_df2d025267,DEVI_284a47f5e0,COMMS4D,06537#B1,Solar,08/05/2026 01:00:00 AM,08/05/2026 01:29:59 AM,0.002,0,A
ACCO_15e06beda2,NMI_df2d025267,DEVI_284a47f5e0,COMMS4D,06537#E1,Generalusage,08/05/2026 01:00:00 AM,08/05/2026 01:29:59 AM,0.001,0,A
ACCO_15e06beda2,NMI_df2d025267,DEVI_284a47f5e0,COMMS4D,06537#B1,Solar,08/05/2026 01:30:00 AM,08/05/2026 01:59:59 AM,0.001,0,A
ACCO_15e06beda2,NMI_df2d025267,DEVI_284a47f5e0,COMMS4D,06537#E1,Generalusage,08/05/2026 01:30:00 AM,08/05/2026 01:59:59 AM,0.001,0,A
ACCO_15e06beda2,NMI_df2d025267,DEVI_284a47f5e0,COMMS4D,06537#B1,Solar,08/05/2026 02:00:00 AM,08/05/2026 02:29:59 AM,0.002,0,A
ACCO_15e06beda2,NMI_df2d025267,DEVI_284a47f5e0,COMMS4D,06537#E1,Generalusage,08/05/2026 02:00:00 AM,08/05/2026 02:29:59 AM,0.001,0,A
ACCO_15e06beda2,NMI_df2d025267,DEVI_284a47f5e0,COMMS4D,06537#B1,Solar,08/05/2026 02:30:00 AM,08/05/2026 02:59:59 AM,0.001,0,A
ACCO_15e06beda2,NMI_df2d025267,DEVI_284a47f5e0,COMMS4D,06537#E1,Generalusage,08/05/2026 02:30:00 AM,08/05/2026 02:59:59 AM,0.001,0,A
ACCO_15e06beda2,NMI_df2d025267,DEVI_284a47f5e0,COMMS4D,06537#B1,Solar,08/05/2026 03:00:00 AM,08/05/2026 03:29:59 AM,0.001,0,A
ACCO_15e06beda2,NMI_df2d025267,DEVI_284a47f5e0,COMMS4D,06537#E1,Generalusage,08/05/2026 03:00:00 AM,08/05/2026 03:29:59 AM,0.002,0,A
ACCO_15e06beda2,NMI_df2d025267,DEVI_284a47f5e0,COMMS4D,06537#B1,Solar,08/05/2026 03:30:00 AM,08/05/2026 03:59:59 AM,0.001,0,A
ACCO_15e06beda2,NMI_df2d025267,DEVI_284a47f5e0,COMMS4D,06537#E1,Generalusage,08/05/2026 03:30:00 AM,08/05/2026 03:59:59 AM,0.001,0,A
ACCO_15e06beda2,NMI_df2d025267,DEVI_284a47f5e0,COMMS4D,06537#B1,Solar,08/05/2026 04:00:00 AM,08/05/2026 04:29:59 AM,0.001,0,A
ACCO_15e06beda2,NMI_df2d025267,DEVI_284a47f5e0,COMMS4D,06537#E1,Generalusage,08/05/2026 04:00:00 AM,08/05/2026 04:29:59 AM,0.002,0,A
ACCO_15e06beda2,NMI_df2d025267,DEVI_284a47f5e0,COMMS4D,06537#B1,Solar,08/05/2026 04:30:00 AM,08/05/2026 04:59:59 AM,0.001,0,A
ACCO_15e06beda2,NMI_df2d025267,DEVI_284a47f5e0,COMMS4D,06537#E1,Generalusage,08/05/2026 04:30:00 AM,08/05/2026 04:59:59 AM,0.001,0,A
ACCO_15e06beda2,NMI_df2d025267,DEVI_284a47f5e0,COMMS4D,06537#B1,Solar,08/05/2026 05:00:00 AM,08/05/2026 05:29:59 AM,0,0,A
ACCO_15e06beda2,NMI_df2d025267,DEVI_284a47f5e0,COMMS4D,06537#E1,Generalusage,08/05/2026 05:00:00 AM,08/05/2026 05:29:59 AM,0.002,0,A
ACCO_15e06beda2,NMI_df2d025267,DEVI_284a47f5e0,COMMS4D,06537#B1,Solar,08/05/2026 05:30:00 AM,08/05/2026 05:59:59 AM,0.001,0,A
ACCO_15e06beda2,NMI_df2d025267,DEVI_284a47f5e0,COMMS4D,06537#E1,Generalusage,08/05/2026 05:30:00 AM,08/05/2026 05:59:59 AM,0.002,0,A
ACCO_15e06beda2,NMI_df2d025267,DEVI_284a47f5e0,COMMS4D,06537#B1,Solar,08/05/2026 06:00:00 AM,08/05/2026 06:29:59 AM,0.001,0,A
ACCO_15e06beda2,NMI_df2d025267,DEVI_284a47f5e0,COMMS4D,06537#E1,Generalusage,08/05/2026 06:00:00 AM,08/05/2026 06:29:59 AM,0.002,0,A
ACCO_15e06beda2,NMI_df2d025267,DEVI_284a47f5e0,COMMS4D,06537#B1,Solar,08/05/2026 06:30:00 AM,08/05/2026 06:59:59 AM,0.002,0,A
ACCO_15e06beda2,NMI_df2d025267,DEVI_284a47f5e0,COMMS4D,06537#E1,Generalusage,08/05/2026 06:30:00 AM,08/05/2026 06:59:59 AM,0.001,0,A
ACCO_15e06beda2,NMI_df2d025267,DEVI_284a47f5e0,COMMS4D,06537#B1,Solar,08/05/2026 07:00:00 AM,08/05/2026 07:29:59 AM,0.002,0,A
ACCO_15e06beda2,NMI_df2d025267,DEVI_284a47f5e0,COMMS4D,06537#E1,Generalusage,08/05/2026 07:00:00 AM,08/05/2026 07:29:59 AM,0.001,0,A
ACCO_15e06beda2,NMI_df2d025267,DEVI_284a47f5e0,COMMS4D,06537#B1,Solar,08/05/2026 07:30:00 AM,08/05/2026 07:59:59 AM,0.003,0,A
ACCO_15e06beda2,NMI_df2d025267,DEVI_284a47f5e0,COMMS4D,06537#E1,Generalusage,08/05/2026 07:30:00 AM,08/05/2026 07:59:59 AM,0.001,0,A
ACCO_15e06beda2,NMI_df2d025267,DEVI_284a47f5e0,COMMS4D,06537#B1,Solar,08/05/2026 08:00:00 AM,08/05/2026 08:29:59 AM,0.002,0,A
ACCO_15e06beda2,NMI_df2d025267,DEVI_284a47f5e0,COMMS4D,06537#E1,Generalusage,08/05/2026 08:00:00 AM,08/05/2026 08:29:59 AM,0.002,0,A
ACCO_15e06beda2,NMI_df2d025267,DEVI_284a47f5e0,COMMS4D,06537#B1,Solar,08/05/2026 08:30:00 AM,08/05/2026 08:59:59 AM,0.003,0,A
ACCO_15e06beda2,NMI_df2d025267,DEVI_284a47f5e0,COMMS4D,06537#E1,Generalusage,08/05/2026 08:30:00 AM,08/05/2026 08:59:59 AM,0.002,0,A
ACCO_15e06beda2,NMI_df2d025267,DEVI_284a47f5e0,COMMS4D,06537#B1,Solar,08/05/2026 09:00:00 AM,08/05/2026 09:29:59 AM,0.002,0,A
ACCO_15e06beda2,NMI_df2d025267,DEVI_284a47f5e0,COMMS4D,06537#E1,Generalusage,08/05/2026 09:00:00 AM,08/05/2026 09:29:59 AM,0.004,0,A
ACCO_15e06beda2,NMI_df2d025267,DEVI_284a47f5e0,COMMS4D,06537#B1,Solar,08/05/2026 09:30:00 AM,08/05/2026 09:59:59 AM,0.001,0,A
ACCO_15e06beda2,NMI_df2d025267,DEVI_284a47f5e0,COMMS4D,06537#E1,Generalusage,08/05/2026 09:30:00 AM,08/05/2026 09:59:59 AM,0.004,0,A
ACCO_15e06beda2,NMI_df2d025267,DEVI_284a47f5e0,COMMS4D,06537#B1,Solar,08/05/2026 10:00:00 AM,08/05/2026 10:29:59 AM,0.491,0,A
ACCO_15e06beda2,NMI_df2d025267,DEVI_284a47f5e0,COMMS4D,06537#E1,Generalusage,08/05/2026 10:00:00 AM,08/05/2026 10:29:59 AM,0.001,0,A
ACCO_15e06beda2,NMI_df2d025267,DEVI_284a47f5e0,COMMS4D,06537#B1,Solar,08/05/2026 10:30:00 AM,08/05/2026 10:59:59 AM,2.411,0,A
ACCO_15e06beda2,NMI_df2d025267,DEVI_284a47f5e0,COMMS4D,06537#E1,Generalusage,08/05/2026 10:30:00 AM,08/05/2026 10:59:59 AM,0,0,A
ACCO_15e06beda2,NMI_df2d025267,DEVI_284a47f5e0,COMMS4D,06537#B1,Solar,08/05/2026 11:00:00 AM,08/05/2026 11:29:59 AM,3.335,0,A
ACCO_15e06beda2,NMI_df2d025267,DEVI_284a47f5e0,COMMS4D,06537#E1,Generalusage,08/05/2026 11:00:00 AM,08/05/2026 11:29:59 AM,0,0,A
ACCO_15e06beda2,NMI_df2d025267,DEVI_284a47f5e0,COMMS4D,06537#B1,Solar,08/05/2026 11:30:00 AM,08/05/2026 11:59:59 AM,3.54,0,A
ACCO_15e06beda2,NMI_df2d025267,DEVI_284a47f5e0,COMMS4D,06537#E1,Generalusage,08/05/2026 11:30:00 AM,08/05/2026 11:59:59 AM,0,0,A
ACCO_15e06beda2,NMI_df2d025267,DEVI_284a47f5e0,COMMS4D,06537#B1,Solar,08/05/2026 12:00:00 PM,08/05/2026 12:29:59 PM,3.409,0,A
ACCO_15e06beda2,NMI_df2d025267,DEVI_284a47f5e0,COMMS4D,06537#E1,Generalusage,08/05/2026 12:00:00 PM,08/05/2026 12:29:59 PM,0,0,A
ACCO_15e06beda2,NMI_df2d025267,DEVI_284a47f5e0,COMMS4D,06537#B1,Solar,08/05/2026 12:30:00 PM,08/05/2026 12:59:59 PM,3.008,0,A
ACCO_15e06beda2,NMI_df2d025267,DEVI_284a47f5e0,COMMS4D,06537#E1,Generalusage,08/05/2026 12:30:00 PM,08/05/2026 12:59:59 PM,0,0,A
ACCO_15e06beda2,NMI_df2d025267,DEVI_284a47f5e0,COMMS4D,06537#B1,Solar,08/05/2026 01:00:00 PM,08/05/2026 01:29:59 PM,3.382,0,A
ACCO_15e06beda2,NMI_df2d025267,DEVI_284a47f5e0,COMMS4D,06537#E1,Generalusage,08/05/2026 01:00:00 PM,08/05/2026 01:29:59 PM,0,0,A
ACCO_15e06beda2,NMI_df2d025267,DEVI_284a47f5e0,COMMS4D,06537#B1,Solar,08/05/2026 01:30:00 PM,08/05/2026 01:59:59 PM,2.679,0,A
ACCO_15e06beda2,NMI_df2d025267,DEVI_284a47f5e0,COMMS4D,06537#E1,Generalusage,08/05/2026 01:30:00 PM,08/05/2026 01:59:59 PM,0,0,A
ACCO_15e06beda2,NMI_df2d025267,DEVI_284a47f5e0,COMMS4D,06537#B1,Solar,08/05/2026 02:00:00 PM,08/05/2026 02:29:59 PM,2.71,0,A
ACCO_15e06beda2,NMI_df2d025267,DEVI_284a47f5e0,COMMS4D,06537#E1,Generalusage,08/05/2026 02:00:00 PM,08/05/2026 02:29:59 PM,0,0,A
ACCO_15e06beda2,NMI_df2d025267,DEVI_284a47f5e0,COMMS4D,06537#B1,Solar,08/05/2026 02:30:00 PM,08/05/2026 02:59:59 PM,2.403,0,A
ACCO_15e06beda2,NMI_df2d025267,DEVI_284a47f5e0,COMMS4D,06537#E1,Generalusage,08/05/2026 02:30:00 PM,08/05/2026 02:59:59 PM,0,0,A
ACCO_15e06beda2,NMI_df2d025267,DEVI_284a47f5e0,COMMS4D,06537#B1,Solar,08/05/2026 03:00:00 PM,08/05/2026 03:29:59 PM,1.779,0,A
ACCO_15e06beda2,NMI_df2d025267,DEVI_284a47f5e0,COMMS4D,06537#E1,Generalusage,08/05/2026 03:00:00 PM,08/05/2026 03:29:59 PM,0,0,A
ACCO_15e06beda2,NMI_df2d025267,DEVI_284a47f5e0,COMMS4D,06537#B1,Solar,08/05/2026 03:30:00 PM,08/05/2026 03:59:59 PM,1.374,0,A
ACCO_15e06beda2,NMI_df2d025267,DEVI_284a47f5e0,COMMS4D,06537#E1,Generalusage,08/05/2026 03:30:00 PM,08/05/2026 03:59:59 PM,0,0,A
ACCO_15e06beda2,NMI_df2d025267,DEVI_284a47f5e0,COMMS4D,06537#B1,Solar,08/05/2026 04:00:00 PM,08/05/2026 04:29:59 PM,0.671,0,A
ACCO_15e06beda2,NMI_df2d025267,DEVI_284a47f5e0,COMMS4D,06537#E1,Generalusage,08/05/2026 04:00:00 PM,08/05/2026 04:29:59 PM,0.001,0,A
ACCO_15e06beda2,NMI_df2d025267,DEVI_284a47f5e0,COMMS4D,06537#B1,Solar,08/05/2026 04:30:00 PM,08/05/2026 04:59:59 PM,0.004,0,A
ACCO_15e06beda2,NMI_df2d025267,DEVI_284a47f5e0,COMMS4D,06537#E1,Generalusage,08/05/2026 04:30:00 PM,08/05/2026 04:59:59 PM,0.002,0,A
ACCO_15e06beda2,NMI_df2d025267,DEVI_284a47f5e0,COMMS4D,06537#B1,Solar,08/05/2026 05:00:00 PM,08/05/2026 05:29:59 PM,0.003,0,A
ACCO_15e06beda2,NMI_df2d025267,DEVI_284a47f5e0,COMMS4D,06537#E1,Generalusage,08/05/2026 05:00:00 PM,08/05/2026 05:29:59 PM,0.002,0,A
ACCO_15e06beda2,NMI_df2d025267,DEVI_284a47f5e0,COMMS4D,06537#B1,Solar,08/05/2026 05:30:00 PM,08/05/2026 05:59:59 PM,0.002,0,A
ACCO_15e06beda2,NMI_df2d025267,DEVI_284a47f5e0,COMMS4D,06537#E1,Generalusage,08/05/2026 05:30:00 PM,08/05/2026 05:59:59 PM,0.001,0,A
ACCO_15e06beda2,NMI_df2d025267,DEVI_284a47f5e0,COMMS4D,06537#B1,Solar,08/05/2026 06:00:00 PM,08/05/2026 06:29:59 PM,0.002,0,A
ACCO_15e06beda2,NMI_df2d025267,DEVI_284a47f5e0,COMMS4D,06537#E1,Generalusage,08/05/2026 06:00:00 PM,08/05/2026 06:29:59 PM,0.002,0,A
ACCO_15e06beda2,NMI_df2d025267,DEVI_284a47f5e0,COMMS4D,06537#B1,Solar,08/05/2026 06:30:00 PM,08/05/2026 06:59:59 PM,0.002,0,A
ACCO_15e06beda2,NMI_df2d025267,DEVI_284a47f5e0,COMMS4D,06537#E1,Generalusage,08/05/2026 06:30:00 PM,08/05/2026 06:59:59 PM,0.002,0,A
ACCO_15e06beda2,NMI_df2d025267,DEVI_284a47f5e0,COMMS4D,06537#B1,Solar,08/05/2026 07:00:00 PM,08/05/2026 07:29:59 PM,0.003,0,A
ACCO_15e06beda2,NMI_df2d025267,DEVI_284a47f5e0,COMMS4D,06537#E1,Generalusage,08/05/2026 07:00:00 PM,08/05/2026 07:29:59 PM,0.001,0,A
ACCO_15e06beda2,NMI_df2d025267,DEVI_284a47f5e0,COMMS4D,06537#B1,Solar,08/05/2026 07:30:00 PM,08/05/2026 07:59:59 PM,0.003,0,A
ACCO_15e06beda2,NMI_df2d025267,DEVI_284a47f5e0,COMMS4D,06537#E1,Generalusage,08/05/2026 07:30:00 PM,08/05/2026 07:59:59 PM,0.002,0,A
ACCO_15e06beda2,NMI_df2d025267,DEVI_284a47f5e0,COMMS4D,06537#B1,Solar,08/05/2026 08:00:00 PM,08/05/2026 08:29:59 PM,0.003,0,A
ACCO_15e06beda2,NMI_df2d025267,DEVI_284a47f5e0,COMMS4D,06537#E1,Generalusage,08/05/2026 08:00:00 PM,08/05/2026 08:29:59 PM,0.001,0,A
ACCO_15e06beda2,NMI_df2d025267,DEVI_284a47f5e0,COMMS4D,06537#B1,Solar,08/05/2026 08:30:00 PM,08/05/2026 08:59:59 PM,0.003,0,A
ACCO_15e06beda2,NMI_df2d025267,DEVI_284a47f5e0,COMMS4D,06537#E1,Generalusage,08/05/2026 08:30:00 PM,08/05/2026 08:59:59 PM,0.001,0,A
ACCO_15e06beda2,NMI_df2d025267,DEVI_284a47f5e0,COMMS4D,06537#B1,Solar,08/05/2026 09:00:00 PM,08/05/2026 09:29:59 PM,0.003,0,A
ACCO_15e06beda2,NMI_df2d025267,DEVI_284a47f5e0,COMMS4D,06537#E1,Generalusage,08/05/2026 09:00:00 PM,08/05/2026 09:29:59 PM,0.001,0,A
ACCO_15e06beda2,NMI_df2d025267,DEVI_284a47f5e0,COMMS4D,06537#B1,Solar,08/05/2026 09:30:00 PM,08/05/2026 09:59:59 PM,0.003,0,A
ACCO_15e06beda2,NMI_df2d025267,DEVI_284a47f5e0,COMMS4D,06537#E1,Generalusage,08/05/2026 09:30:00 PM,08/05/2026 09:59:59 PM,0.001,0,A
ACCO_15e06beda2,NMI_df2d025267,DEVI_284a47f5e0,COMMS4D,06537#B1,Solar,08/05/2026 10:00:00 PM,08/05/2026 10:29:59 PM,0.002,0,A
ACCO_15e06beda2,NMI_df2d025267,DEVI_284a47f5e0,COMMS4D,06537#E1,Generalusage,08/05/2026 10:00:00 PM,08/05/2026 10:29:59 PM,0.001,0,A
ACCO_15e06beda2,NMI_df2d025267,DEVI_284a47f5e0,COMMS4D,06537#B1,Solar,08/05/2026 10:30:00 PM,08/05/2026 10:59:59 PM,0.002,0,A
ACCO_15e06beda2,NMI_df2d025267,DEVI_284a47f5e0,COMMS4D,06537#E1,Generalusage,08/05/2026 10:30:00 PM,08/05/2026 10:59:59 PM,0.001,0,A
ACCO_15e06beda2,NMI_df2d025267,DEVI_284a47f5e0,COMMS4D,06537#B1,Solar,08/05/2026 11:00:00 PM,08/05/2026 11:29:59 PM,0.003,0,A
ACCO_15e06beda2,NMI_df2d025267,DEVI_284a47f5e0,COMMS4D,06537#E1,Generalusage,08/05/2026 11:00:00 PM,08/05/2026 11:29:59 PM,0.001,0,A
ACCO_15e06beda2,NMI_df2d025267,DEVI_284a47f5e0,COMMS4D,06537#B1,Solar,08/05/2026 11:30:00 PM,08/05/2026 11:59:59 PM,0.002,0,A
ACCO_15e06beda2,NMI_df2d025267,DEVI_284a47f5e0,COMMS4D,06537#E1,Generalusage,08/05/2026 11:30:00 PM,08/05/2026 11:59:59 PM,0.001,0,A
ACCO_15e06beda2,NMI_df2d025267,DEVI_284a47f5e0,COMMS4D,06537#B1,Solar,09/05/2026 12:00:00 AM,09/05/2026 12:29:59 AM,0.002,0,A
ACCO_15e06beda2,NMI_df2d025267,DEVI_284a47f5e0,COMMS4D,06537#E1,Generalusage,09/05/2026 12:00:00 AM,09/05/2026 12:29:59 AM,0.001,0,A
ACCO_15e06beda2,NMI_df2d025267,DEVI_284a47f5e0,COMMS4D,06537#B1,Solar,09/05/2026 12:30:00 AM,09/05/2026 12:59:59 AM,0.002,0,A
ACCO_15e06beda2,NMI_df2d025267,DEVI_284a47f5e0,COMMS4D,06537#E1,Generalusage,09/05/2026 12:30:00 AM,09/05/2026 12:59:59 AM,0.001,0,A
ACCO_15e06beda2,NMI_df2d025267,DEVI_284a47f5e0,COMMS4D,06537#B1,Solar,09/05/2026 01:00:00 AM,09/05/2026 01:29:59 AM,0.003,0,A
ACCO_15e06beda2,NMI_df2d025267,DEVI_284a47f5e0,COMMS4D,06537#E1,Generalusage,09/05/2026 01:00:00 AM,09/05/2026 01:29:59 AM,0.001,0,A
ACCO_15e06beda2,NMI_df2d025267,DEVI_284a47f5e0,COMMS4D,06537#B1,Solar,09/05/2026 01:30:00 AM,09/05/2026 01:59:59 AM,0.003,0,A
ACCO_15e06beda2,NMI_df2d025267,DEVI_284a47f5e0,COMMS4D,06537#E1,Generalusage,09/05/2026 01:30:00 AM,09/05/2026 01:59:59 AM,0,0,A
ACCO_15e06beda2,NMI_df2d025267,DEVI_284a47f5e0,COMMS4D,06537#B1,Solar,09/05/2026 02:00:00 AM,09/05/2026 02:29:59 AM,0.003,0,A
ACCO_15e06beda2,NMI_df2d025267,DEVI_284a47f5e0,COMMS4D,06537#E1,Generalusage,09/05/2026 02:00:00 AM,09/05/2026 02:29:59 AM,0.001,0,A
ACCO_15e06beda2,NMI_df2d025267,DEVI_284a47f5e0,COMMS4D,06537#B1,Solar,09/05/2026 02:30:00 AM,09/05/2026 02:59:59 AM,0.003,0,A
ACCO_15e06beda2,NMI_df2d025267,DEVI_284a47f5e0,COMMS4D,06537#E1,Generalusage,09/05/2026 02:30:00 AM,09/05/2026 02:59:59 AM,0,0,A
ACCO_15e06beda2,NMI_df2d025267,DEVI_284a47f5e0,COMMS4D,06537#B1,Solar,09/05/2026 03:00:00 AM,09/05/2026 03:29:59 AM,0.002,0,A
ACCO_15e06beda2,NMI_df2d025267,DEVI_284a47f5e0,COMMS4D,06537#E1,Generalusage,09/05/2026 03:00:00 AM,09/05/2026 03:29:59 AM,0.001,0,A
ACCO_15e06beda2,NMI_df2d025267,DEVI_284a47f5e0,COMMS4D,06537#B1,Solar,09/05/2026 03:30:00 AM,09/05/2026 03:59:59 AM,0.003,0,A
ACCO_15e06beda2,NMI_df2d025267,DEVI_284a47f5e0,COMMS4D,06537#E1,Generalusage,09/05/2026 03:30:00 AM,09/05/2026 03:59:59 AM,0,0,A
ACCO_15e06beda2,NMI_df2d025267,DEVI_284a47f5e0,COMMS4D,06537#B1,Solar,09/05/2026 04:00:00 AM,09/05/2026 04:29:59 AM,0.003,0,A
ACCO_15e06beda2,NMI_df2d025267,DEVI_284a47f5e0,COMMS4D,06537#E1,Generalusage,09/05/2026 04:00:00 AM,09/05/2026 04:29:59 AM,0.001,0,A
ACCO_15e06beda2,NMI_df2d025267,DEVI_284a47f5e0,COMMS4D,06537#B1,Solar,09/05/2026 04:30:00 AM,09/05/2026 04:59:59 AM,0.003,0,A
ACCO_15e06beda2,NMI_df2d025267,DEVI_284a47f5e0,COMMS4D,06537#E1,Generalusage,09/05/2026 04:30:00 AM,09/05/2026 04:59:59 AM,0.001,0,A
ACCO_15e06beda2,NMI_df2d025267,DEVI_284a47f5e0,COMMS4D,06537#B1,Solar,09/05/2026 05:00:00 AM,09/05/2026 05:29:59 AM,0.003,0,A
ACCO_15e06beda2,NMI_df2d025267,DEVI_284a47f5e0,COMMS4D,06537#E1,Generalusage,09/05/2026 05:00:00 AM,09/05/2026 05:29:59 AM,0,0,A
ACCO_15e06beda2,NMI_df2d025267,DEVI_284a47f5e0,COMMS4D,06537#B1,Solar,09/05/2026 05:30:00 AM,09/05/2026 05:59:59 AM,0.003,0,A
ACCO_15e06beda2,NMI_df2d025267,DEVI_284a47f5e0,COMMS4D,06537#E1,Generalusage,09/05/2026 05:30:00 AM,09/05/2026 05:59:59 AM,0.001,0,A
ACCO_15e06beda2,NMI_df2d025267,DEVI_284a47f5e0,COMMS4D,06537#B1,Solar,09/05/2026 06:00:00 AM,09/05/2026 06:29:59 AM,0.002,0,A
ACCO_15e06beda2,NMI_df2d025267,DEVI_284a47f5e0,COMMS4D,06537#E1,Generalusage,09/05/2026 06:00:00 AM,09/05/2026 06:29:59 AM,0.001,0,A
ACCO_15e06beda2,NMI_df2d025267,DEVI_284a47f5e0,COMMS4D,06537#B1,Solar,09/05/2026 06:30:00 AM,09/05/2026 06:59:59 AM,0.003,0,A
ACCO_15e06beda2,NMI_df2d025267,DEVI_284a47f5e0,COMMS4D,06537#E1,Generalusage,09/05/2026 06:30:00 AM,09/05/2026 06:59:59 AM,0.001,0,A
ACCO_15e06beda2,NMI_df2d025267,DEVI_284a47f5e0,COMMS4D,06537#B1,Solar,09/05/2026 07:00:00 AM,09/05/2026 07:29:59 AM,0.002,0,A
ACCO_15e06beda2,NMI_df2d025267,DEVI_284a47f5e0,COMMS4D,06537#E1,Generalusage,09/05/2026 07:00:00 AM,09/05/2026 07:29:59 AM,0.001,0,A
ACCO_15e06beda2,NMI_df2d025267,DEVI_284a47f5e0,COMMS4D,06537#B1,Solar,09/05/2026 07:30:00 AM,09/05/2026 07:59:59 AM,0.003,0,A
ACCO_15e06beda2,NMI_df2d025267,DEVI_284a47f5e0,COMMS4D,06537#E1,Generalusage,09/05/2026 07:30:00 AM,09/05/2026 07:59:59 AM,0.001,0,A
ACCO_15e06beda2,NMI_df2d025267,DEVI_284a47f5e0,COMMS4D,06537#B1,Solar,09/05/2026 08:00:00 AM,09/05/2026 08:29:59 AM,0.002,0,A
ACCO_15e06beda2,NMI_df2d025267,DEVI_284a47f5e0,COMMS4D,06537#E1,Generalusage,09/05/2026 08:00:00 AM,09/05/2026 08:29:59 AM,0.001,0,A
ACCO_15e06beda2,NMI_df2d025267,DEVI_284a47f5e0,COMMS4D,06537#B1,Solar,09/05/2026 08:30:00 AM,09/05/2026 08:59:59 AM,0.003,0,A
ACCO_15e06beda2,NMI_df2d025267,DEVI_284a47f5e0,COMMS4D,06537#E1,Generalusage,09/05/2026 08:30:00 AM,09/05/2026 08:59:59 AM,0.001,0,A
ACCO_15e06beda2,NMI_df2d025267,DEVI_284a47f5e0,COMMS4D,06537#B1,Solar,09/05/2026 09:00:00 AM,09/05/2026 09:29:59 AM,0.004,0,A
ACCO_15e06beda2,NMI_df2d025267,DEVI_284a47f5e0,COMMS4D,06537#E1,Generalusage,09/05/2026 09:00:00 AM,09/05/2026 09:29:59 AM,0.001,0,A
ACCO_15e06beda2,NMI_df2d025267,DEVI_284a47f5e0,COMMS4D,06537#B1,Solar,09/05/2026 09:30:00 AM,09/05/2026 09:59:59 AM,0.067,0,A
ACCO_15e06beda2,NMI_df2d025267,DEVI_284a47f5e0,COMMS4D,06537#E1,Generalusage,09/05/2026 09:30:00 AM,09/05/2026 09:59:59 AM,0,0,A
ACCO_15e06beda2,NMI_df2d025267,DEVI_284a47f5e0,COMMS4D,06537#B1,Solar,09/05/2026 10:00:00 AM,09/05/2026 10:29:59 AM,2.056,0,A
ACCO_15e06beda2,NMI_df2d025267,DEVI_284a47f5e0,COMMS4D,06537#E1,Generalusage,09/05/2026 10:00:00 AM,09/05/2026 10:29:59 AM,0,0,A
ACCO_15e06beda2,NMI_df2d025267,DEVI_284a47f5e0,COMMS4D,06537#B1,Solar,09/05/2026 10:30:00 AM,09/05/2026 10:59:59 AM,3.187,0,A
ACCO_15e06beda2,NMI_df2d025267,DEVI_284a47f5e0,COMMS4D,06537#E1,Generalusage,09/05/2026 10:30:00 AM,09/05/2026 10:59:59 AM,0,0,A
ACCO_15e06beda2,NMI_df2d025267,DEVI_284a47f5e0,COMMS4D,06537#B1,Solar,09/05/2026 11:00:00 AM,09/05/2026 11:29:59 AM,3.348,0,A
ACCO_15e06beda2,NMI_df2d025267,DEVI_284a47f5e0,COMMS4D,06537#E1,Generalusage,09/05/2026 11:00:00 AM,09/05/2026 11:29:59 AM,0,0,A
ACCO_15e06beda2,NMI_df2d025267,DEVI_284a47f5e0,COMMS4D,06537#B1,Solar,09/05/2026 11:30:00 AM,09/05/2026 11:59:59 AM,3.43,0,A
ACCO_15e06beda2,NMI_df2d025267,DEVI_284a47f5e0,COMMS4D,06537#E1,Generalusage,09/05/2026 11:30:00 AM,09/05/2026 11:59:59 AM,0,0,A
ACCO_15e06beda2,NMI_df2d025267,DEVI_284a47f5e0,COMMS4D,06537#B1,Solar,09/05/2026 12:00:00 PM,09/05/2026 12:29:59 PM,3.422,0,A
ACCO_15e06beda2,NMI_df2d025267,DEVI_284a47f5e0,COMMS4D,06537#E1,Generalusage,09/05/2026 12:00:00 PM,09/05/2026 12:29:59 PM,0,0,A
ACCO_15e06beda2,NMI_df2d025267,DEVI_284a47f5e0,COMMS4D,06537#B1,Solar,09/05/2026 12:30:00 PM,09/05/2026 12:59:59 PM,2.856,0,A
ACCO_15e06beda2,NMI_df2d025267,DEVI_284a47f5e0,COMMS4D,06537#E1,Generalusage,09/05/2026 12:30:00 PM,09/05/2026 12:59:59 PM,0,0,A
ACCO_15e06beda2,NMI_df2d025267,DEVI_284a47f5e0,COMMS4D,06537#B1,Solar,09/05/2026 01:00:00 PM,09/05/2026 01:29:59 PM,3.188,0,A
ACCO_15e06beda2,NMI_df2d025267,DEVI_284a47f5e0,COMMS4D,06537#E1,Generalusage,09/05/2026 01:00:00 PM,09/05/2026 01:29:59 PM,0,0,A
ACCO_15e06beda2,NMI_df2d025267,DEVI_284a47f5e0,COMMS4D,06537#B1,Solar,09/05/2026 01:30:00 PM,09/05/2026 01:59:59 PM,2.472,0,A
ACCO_15e06beda2,NMI_df2d025267,DEVI_284a47f5e0,COMMS4D,06537#E1,Generalusage,09/05/2026 01:30:00 PM,09/05/2026 01:59:59 PM,0,0,A
ACCO_15e06beda2,NMI_df2d025267,DEVI_284a47f5e0,COMMS4D,06537#B1,Solar,09/05/2026 02:00:00 PM,09/05/2026 02:29:59 PM,2.735,0,A
ACCO_15e06beda2,NMI_df2d025267,DEVI_284a47f5e0,COMMS4D,06537#E1,Generalusage,09/05/2026 02:00:00 PM,09/05/2026 02:29:59 PM,0,0,A
ACCO_15e06beda2,NMI_df2d025267,DEVI_284a47f5e0,COMMS4D,06537#B1,Solar,09/05/2026 02:30:00 PM,09/05/2026 02:59:59 PM,2.358,0,A
ACCO_15e06beda2,NMI_df2d025267,DEVI_284a47f5e0,COMMS4D,06537#E1,Generalusage,09/05/2026 02:30:00 PM,09/05/2026 02:59:59 PM,0,0,A
ACCO_15e06beda2,NMI_df2d025267,DEVI_284a47f5e0,COMMS4D,06537#B1,Solar,09/05/2026 03:00:00 PM,09/05/2026 03:29:59 PM,1.881,0,A
ACCO_15e06beda2,NMI_df2d025267,DEVI_284a47f5e0,COMMS4D,06537#E1,Generalusage,09/05/2026 03:00:00 PM,09/05/2026 03:29:59 PM,0,0,A
ACCO_15e06beda2,NMI_df2d025267,DEVI_284a47f5e0,COMMS4D,06537#B1,Solar,09/05/2026 03:30:00 PM,09/05/2026 03:59:59 PM,1.167,0,A
ACCO_15e06beda2,NMI_df2d025267,DEVI_284a47f5e0,COMMS4D,06537#E1,Generalusage,09/05/2026 03:30:00 PM,09/05/2026 03:59:59 PM,0,0,A
ACCO_15e06beda2,NMI_df2d025267,DEVI_284a47f5e0,COMMS4D,06537#B1,Solar,09/05/2026 04:00:00 PM,09/05/2026 04:29:59 PM,0.602,0,A
ACCO_15e06beda2,NMI_df2d025267,DEVI_284a47f5e0,COMMS4D,06537#E1,Generalusage,09/05/2026 04:00:00 PM,09/05/2026 04:29:59 PM,0.001,0,A
ACCO_15e06beda2,NMI_df2d025267,DEVI_284a47f5e0,COMMS4D,06537#B1,Solar,09/05/2026 04:30:00 PM,09/05/2026 04:59:59 PM,0.003,0,A
ACCO_15e06beda2,NMI_df2d025267,DEVI_284a47f5e0,COMMS4D,06537#E1,Generalusage,09/05/2026 04:30:00 PM,09/05/2026 04:59:59 PM,0.001,0,A
ACCO_15e06beda2,NMI_df2d025267,DEVI_284a47f5e0,COMMS4D,06537#B1,Solar,09/05/2026 05:00:00 PM,09/05/2026 05:29:59 PM,0.003,0,A
ACCO_15e06beda2,NMI_df2d025267,DEVI_284a47f5e0,COMMS4D,06537#E1,Generalusage,09/05/2026 05:00:00 PM,09/05/2026 05:29:59 PM,0.001,0,A
ACCO_15e06beda2,NMI_df2d025267,DEVI_284a47f5e0,COMMS4D,06537#B1,Solar,09/05/2026 05:30:00 PM,09/05/2026 05:59:59 PM,0.005,0,A
ACCO_15e06beda2,NMI_df2d025267,DEVI_284a47f5e0,COMMS4D,06537#E1,Generalusage,09/05/2026 05:30:00 PM,09/05/2026 05:59:59 PM,0.003,0,A
ACCO_15e06beda2,NMI_df2d025267,DEVI_284a47f5e0,COMMS4D,06537#B1,Solar,09/05/2026 06:00:00 PM,09/05/2026 06:29:59 PM,0.006,0,A
ACCO_15e06beda2,NMI_df2d025267,DEVI_284a47f5e0,COMMS4D,06537#E1,Generalusage,09/05/2026 06:00:00 PM,09/05/2026 06:29:59 PM,0.005,0,A
ACCO_15e06beda2,NMI_df2d025267,DEVI_284a47f5e0,COMMS4D,06537#B1,Solar,09/05/2026 06:30:00 PM,09/05/2026 06:59:59 PM,0.004,0,A
ACCO_15e06beda2,NMI_df2d025267,DEVI_284a47f5e0,COMMS4D,06537#E1,Generalusage,09/05/2026 06:30:00 PM,09/05/2026 06:59:59 PM,0.002,0,A
ACCO_15e06beda2,NMI_df2d025267,DEVI_284a47f5e0,COMMS4D,06537#B1,Solar,09/05/2026 07:00:00 PM,09/05/2026 07:29:59 PM,0.002,0,A
ACCO_15e06beda2,NMI_df2d025267,DEVI_284a47f5e0,COMMS4D,06537#E1,Generalusage,09/05/2026 07:00:00 PM,09/05/2026 07:29:59 PM,0.001,0,A
ACCO_15e06beda2,NMI_df2d025267,DEVI_284a47f5e0,COMMS4D,06537#B1,Solar,09/05/2026 07:30:00 PM,09/05/2026 07:59:59 PM,0.003,0,A
ACCO_15e06beda2,NMI_df2d025267,DEVI_284a47f5e0,COMMS4D,06537#E1,Generalusage,09/05/2026 07:30:00 PM,09/05/2026 07:59:59 PM,0.001,0,A
ACCO_15e06beda2,NMI_df2d025267,DEVI_284a47f5e0,COMMS4D,06537#B1,Solar,09/05/2026 08:00:00 PM,09/05/2026 08:29:59 PM,0.003,0,A
ACCO_15e06beda2,NMI_df2d025267,DEVI_284a47f5e0,COMMS4D,06537#E1,Generalusage,09/05/2026 08:00:00 PM,09/05/2026 08:29:59 PM,0.001,0,A
ACCO_15e06beda2,NMI_df2d025267,DEVI_284a47f5e0,COMMS4D,06537#B1,Solar,09/05/2026 08:30:00 PM,09/05/2026 08:59:59 PM,0.003,0,A
ACCO_15e06beda2,NMI_df2d025267,DEVI_284a47f5e0,COMMS4D,06537#E1,Generalusage,09/05/2026 08:30:00 PM,09/05/2026 08:59:59 PM,0.002,0,A
ACCO_15e06beda2,NMI_df2d025267,DEVI_284a47f5e0,COMMS4D,06537#B1,Solar,09/05/2026 09:00:00 PM,09/05/2026 09:29:59 PM,0.002,0,A
ACCO_15e06beda2,NMI_df2d025267,DEVI_284a47f5e0,COMMS4D,06537#E1,Generalusage,09/05/2026 09:00:00 PM,09/05/2026 09:29:59 PM,0.001,0,A
ACCO_15e06beda2,NMI_df2d025267,DEVI_284a47f5e0,COMMS4D,06537#B1,Solar,09/05/2026 09:30:00 PM,09/05/2026 09:59:59 PM,0.002,0,A
ACCO_15e06beda2,NMI_df2d025267,DEVI_284a47f5e0,COMMS4D,06537#E1,Generalusage,09/05/2026 09:30:00 PM,09/05/2026 09:59:59 PM,0.001,0,A
ACCO_15e06beda2,NMI_df2d025267,DEVI_284a47f5e0,COMMS4D,06537#B1,Solar,09/05/2026 10:00:00 PM,09/05/2026 10:29:59 PM,0.002,0,A
ACCO_15e06beda2,NMI_df2d025267,DEVI_284a47f5e0,COMMS4D,06537#E1,Generalusage,09/05/2026 10:00:00 PM,09/05/2026 10:29:59 PM,0.001,0,A
ACCO_15e06beda2,NMI_df2d025267,DEVI_284a47f5e0,COMMS4D,06537#B1,Solar,09/05/2026 10:30:00 PM,09/05/2026 10:59:59 PM,0.002,0,A
ACCO_15e06beda2,NMI_df2d025267,DEVI_284a47f5e0,COMMS4D,06537#E1,Generalusage,09/05/2026 10:30:00 PM,09/05/2026 10:59:59 PM,0.001,0,A
ACCO_15e06beda2,NMI_df2d025267,DEVI_284a47f5e0,COMMS4D,06537#B1,Solar,09/05/2026 11:00:00 PM,09/05/2026 11:29:59 PM,0.003,0,A
ACCO_15e06beda2,NMI_df2d025267,DEVI_284a47f5e0,COMMS4D,06537#E1,Generalusage,09/05/2026 11:00:00 PM,09/05/2026 11:29:59 PM,0.001,0,A
ACCO_15e06beda2,NMI_df2d025267,DEVI_284a47f5e0,COMMS4D,06537#B1,Solar,09/05/2026 11:30:00 PM,09/05/2026 11:59:59 PM,0.003,0,A
ACCO_15e06beda2,NMI_df2d025267,DEVI_284a47f5e0,COMMS4D,06537#E1,Generalusage,09/05/2026 11:30:00 PM,09/05/2026 11:59:59 PM,0.001,0,A
ACCO_15e06beda2,NMI_df2d025267,DEVI_284a47f5e0,COMMS4D,06537#B1,Solar,10/05/2026 12:00:00 AM,10/05/2026 12:29:59 AM,0.003,0,A
ACCO_15e06beda2,NMI_df2d025267,DEVI_284a47f5e0,COMMS4D,06537#E1,Generalusage,10/05/2026 12:00:00 AM,10/05/2026 12:29:59 AM,0.001,0,A
ACCO_15e06beda2,NMI_df2d025267,DEVI_284a47f5e0,COMMS4D,06537#B1,Solar,10/05/2026 12:30:00 AM,10/05/2026 12:59:59 AM,0.001,0,A
ACCO_15e06beda2,NMI_df2d025267,DEVI_284a47f5e0,COMMS4D,06537#E1,Generalusage,10/05/2026 12:30:00 AM,10/05/2026 12:59:59 AM,0.001,0,A
ACCO_15e06beda2,NMI_df2d025267,DEVI_284a47f5e0,COMMS4D,06537#B1,Solar,10/05/2026 01:00:00 AM,10/05/2026 01:29:59 AM,0.002,0,A
ACCO_15e06beda2,NMI_df2d025267,DEVI_284a47f5e0,COMMS4D,06537#E1,Generalusage,10/05/2026 01:00:00 AM,10/05/2026 01:29:59 AM,0.001,0,A
ACCO_15e06beda2,NMI_df2d025267,DEVI_284a47f5e0,COMMS4D,06537#B1,Solar,10/05/2026 01:30:00 AM,10/05/2026 01:59:59 AM,0.002,0,A
ACCO_15e06beda2,NMI_df2d025267,DEVI_284a47f5e0,COMMS4D,06537#E1,Generalusage,10/05/2026 01:30:00 AM,10/05/2026 01:59:59 AM,0.001,0,A
ACCO_15e06beda2,NMI_df2d025267,DEVI_284a47f5e0,COMMS4D,06537#B1,Solar,10/05/2026 02:00:00 AM,10/05/2026 02:29:59 AM,0.002,0,A
ACCO_15e06beda2,NMI_df2d025267,DEVI_284a47f5e0,COMMS4D,06537#E1,Generalusage,10/05/2026 02:00:00 AM,10/05/2026 02:29:59 AM,0.001,0,A
ACCO_15e06beda2,NMI_df2d025267,DEVI_284a47f5e0,COMMS4D,06537#B1,Solar,10/05/2026 02:30:00 AM,10/05/2026 02:59:59 AM,0.002,0,A
ACCO_15e06beda2,NMI_df2d025267,DEVI_284a47f5e0,COMMS4D,06537#E1,Generalusage,10/05/2026 02:30:00 AM,10/05/2026 02:59:59 AM,0.001,0,A
ACCO_15e06beda2,NMI_df2d025267,DEVI_284a47f5e0,COMMS4D,06537#B1,Solar,10/05/2026 03:00:00 AM,10/05/2026 03:29:59 AM,0.001,0,A
ACCO_15e06beda2,NMI_df2d025267,DEVI_284a47f5e0,COMMS4D,06537#E1,Generalusage,10/05/2026 03:00:00 AM,10/05/2026 03:29:59 AM,0.001,0,A
ACCO_15e06beda2,NMI_df2d025267,DEVI_284a47f5e0,COMMS4D,06537#B1,Solar,10/05/2026 03:30:00 AM,10/05/2026 03:59:59 AM,0.002,0,A
ACCO_15e06beda2,NMI_df2d025267,DEVI_284a47f5e0,COMMS4D,06537#E1,Generalusage,10/05/2026 03:30:00 AM,10/05/2026 03:59:59 AM,0.001,0,A
ACCO_15e06beda2,NMI_df2d025267,DEVI_284a47f5e0,COMMS4D,06537#B1,Solar,10/05/2026 04:00:00 AM,10/05/2026 04:29:59 AM,0.002,0,A
ACCO_15e06beda2,NMI_df2d025267,DEVI_284a47f5e0,COMMS4D,06537#E1,Generalusage,10/05/2026 04:00:00 AM,10/05/2026 04:29:59 AM,0.001,0,A
ACCO_15e06beda2,NMI_df2d025267,DEVI_284a47f5e0,COMMS4D,06537#B1,Solar,10/05/2026 04:30:00 AM,10/05/2026 04:59:59 AM,0,0,A
ACCO_15e06beda2,NMI_df2d025267,DEVI_284a47f5e0,COMMS4D,06537#E1,Generalusage,10/05/2026 04:30:00 AM,10/05/2026 04:59:59 AM,0.001,0,A
ACCO_15e06beda2,NMI_df2d025267,DEVI_284a47f5e0,COMMS4D,06537#B1,Solar,10/05/2026 05:00:00 AM,10/05/2026 05:29:59 AM,0.002,0,A
ACCO_15e06beda2,NMI_df2d025267,DEVI_284a47f5e0,COMMS4D,06537#E1,Generalusage,10/05/2026 05:00:00 AM,10/05/2026 05:29:59 AM,0.001,0,A
ACCO_15e06beda2,NMI_df2d025267,DEVI_284a47f5e0,COMMS4D,06537#B1,Solar,10/05/2026 05:30:00 AM,10/05/2026 05:59:59 AM,0.003,0,A
ACCO_15e06beda2,NMI_df2d025267,DEVI_284a47f5e0,COMMS4D,06537#E1,Generalusage,10/05/2026 05:30:00 AM,10/05/2026 05:59:59 AM,0,0,A
ACCO_15e06beda2,NMI_df2d025267,DEVI_284a47f5e0,COMMS4D,06537#B1,Solar,10/05/2026 06:00:00 AM,10/05/2026 06:29:59 AM,0.001,0,A
ACCO_15e06beda2,NMI_df2d025267,DEVI_284a47f5e0,COMMS4D,06537#E1,Generalusage,10/05/2026 06:00:00 AM,10/05/2026 06:29:59 AM,0.002,0,A
ACCO_15e06beda2,NMI_df2d025267,DEVI_284a47f5e0,COMMS4D,06537#B1,Solar,10/05/2026 06:30:00 AM,10/05/2026 06:59:59 AM,0.001,0,A
ACCO_15e06beda2,NMI_df2d025267,DEVI_284a47f5e0,COMMS4D,06537#E1,Generalusage,10/05/2026 06:30:00 AM,10/05/2026 06:59:59 AM,0.001,0,A
ACCO_15e06beda2,NMI_df2d025267,DEVI_284a47f5e0,COMMS4D,06537#B1,Solar,10/05/2026 07:00:00 AM,10/05/2026 07:29:59 AM,0.002,0,A
ACCO_15e06beda2,NMI_df2d025267,DEVI_284a47f5e0,COMMS4D,06537#E1,Generalusage,10/05/2026 07:00:00 AM,10/05/2026 07:29:59 AM,0.001,0,A
ACCO_15e06beda2,NMI_df2d025267,DEVI_284a47f5e0,COMMS4D,06537#B1,Solar,10/05/2026 07:30:00 AM,10/05/2026 07:59:59 AM,0.002,0,A
ACCO_15e06beda2,NMI_df2d025267,DEVI_284a47f5e0,COMMS4D,06537#E1,Generalusage,10/05/2026 07:30:00 AM,10/05/2026 07:59:59 AM,0.001,0,A
ACCO_15e06beda2,NMI_df2d025267,DEVI_284a47f5e0,COMMS4D,06537#B1,Solar,10/05/2026 08:00:00 AM,10/05/2026 08:29:59 AM,0.003,0,A
ACCO_15e06beda2,NMI_df2d025267,DEVI_284a47f5e0,COMMS4D,06537#E1,Generalusage,10/05/2026 08:00:00 AM,10/05/2026 08:29:59 AM,0.002,0,A
ACCO_15e06beda2,NMI_df2d025267,DEVI_284a47f5e0,COMMS4D,06537#B1,Solar,10/05/2026 08:30:00 AM,10/05/2026 08:59:59 AM,0.003,0,A
ACCO_15e06beda2,NMI_df2d025267,DEVI_284a47f5e0,COMMS4D,06537#E1,Generalusage,10/05/2026 08:30:00 AM,10/05/2026 08:59:59 AM,0.001,0,A
ACCO_15e06beda2,NMI_df2d025267,DEVI_284a47f5e0,COMMS4D,06537#B1,Solar,10/05/2026 09:00:00 AM,10/05/2026 09:29:59 AM,0.003,0,A
ACCO_15e06beda2,NMI_df2d025267,DEVI_284a47f5e0,COMMS4D,06537#E1,Generalusage,10/05/2026 09:00:00 AM,10/05/2026 09:29:59 AM,0.002,0,A
ACCO_15e06beda2,NMI_df2d025267,DEVI_284a47f5e0,COMMS4D,06537#B1,Solar,10/05/2026 09:30:00 AM,10/05/2026 09:59:59 AM,0.002,0,A
ACCO_15e06beda2,NMI_df2d025267,DEVI_284a47f5e0,COMMS4D,06537#E1,Generalusage,10/05/2026 09:30:00 AM,10/05/2026 09:59:59 AM,0.002,0,A
ACCO_15e06beda2,NMI_df2d025267,DEVI_284a47f5e0,COMMS4D,06537#B1,Solar,10/05/2026 10:00:00 AM,10/05/2026 10:29:59 AM,0.003,0,A
ACCO_15e06beda2,NMI_df2d025267,DEVI_284a47f5e0,COMMS4D,06537#E1,Generalusage,10/05/2026 10:00:00 AM,10/05/2026 10:29:59 AM,0.001,0,A
ACCO_15e06beda2,NMI_df2d025267,DEVI_284a47f5e0,COMMS4D,06537#B1,Solar,10/05/2026 10:30:00 AM,10/05/2026 10:59:59 AM,1.528,0,A
ACCO_15e06beda2,NMI_df2d025267,DEVI_284a47f5e0,COMMS4D,06537#E1,Generalusage,10/05/2026 10:30:00 AM,10/05/2026 10:59:59 AM,0,0,A
ACCO_15e06beda2,NMI_df2d025267,DEVI_284a47f5e0,COMMS4D,06537#B1,Solar,10/05/2026 11:00:00 AM,10/05/2026 11:29:59 AM,2.544,0,A
ACCO_15e06beda2,NMI_df2d025267,DEVI_284a47f5e0,COMMS4D,06537#E1,Generalusage,10/05/2026 11:00:00 AM,10/05/2026 11:29:59 AM,0,0,A
ACCO_15e06beda2,NMI_df2d025267,DEVI_284a47f5e0,COMMS4D,06537#B1,Solar,10/05/2026 11:30:00 AM,10/05/2026 11:59:59 AM,2.258,0,A
ACCO_15e06beda2,NMI_df2d025267,DEVI_284a47f5e0,COMMS4D,06537#E1,Generalusage,10/05/2026 11:30:00 AM,10/05/2026 11:59:59 AM,0,0,A
ACCO_15e06beda2,NMI_df2d025267,DEVI_284a47f5e0,COMMS4D,06537#B1,Solar,10/05/2026 12:00:00 PM,10/05/2026 12:29:59 PM,3.24,0,A
ACCO_15e06beda2,NMI_df2d025267,DEVI_284a47f5e0,COMMS4D,06537#E1,Generalusage,10/05/2026 12:00:00 PM,10/05/2026 12:29:59 PM,0,0,A
ACCO_15e06beda2,NMI_df2d025267,DEVI_284a47f5e0,COMMS4D,06537#B1,Solar,10/05/2026 12:30:00 PM,10/05/2026 12:59:59 PM,2.228,0,A
ACCO_15e06beda2,NMI_df2d025267,DEVI_284a47f5e0,COMMS4D,06537#E1,Generalusage,10/05/2026 12:30:00 PM,10/05/2026 12:59:59 PM,0,0,A
ACCO_15e06beda2,NMI_df2d025267,DEVI_284a47f5e0,COMMS4D,06537#B1,Solar,10/05/2026 01:00:00 PM,10/05/2026 01:29:59 PM,3.118,0,A
ACCO_15e06beda2,NMI_df2d025267,DEVI_284a47f5e0,COMMS4D,06537#E1,Generalusage,10/05/2026 01:00:00 PM,10/05/2026 01:29:59 PM,0,0,A
ACCO_15e06beda2,NMI_df2d025267,DEVI_284a47f5e0,COMMS4D,06537#B1,Solar,10/05/2026 01:30:00 PM,10/05/2026 01:59:59 PM,2.561,0,A
ACCO_15e06beda2,NMI_df2d025267,DEVI_284a47f5e0,COMMS4D,06537#E1,Generalusage,10/05/2026 01:30:00 PM,10/05/2026 01:59:59 PM,0.001,0,A
ACCO_15e06beda2,NMI_df2d025267,DEVI_284a47f5e0,COMMS4D,06537#B1,Solar,10/05/2026 02:00:00 PM,10/05/2026 02:29:59 PM,2.286,0,A
ACCO_15e06beda2,NMI_df2d025267,DEVI_284a47f5e0,COMMS4D,06537#E1,Generalusage,10/05/2026 02:00:00 PM,10/05/2026 02:29:59 PM,0,0,A
ACCO_15e06beda2,NMI_df2d025267,DEVI_284a47f5e0,COMMS4D,06537#B1,Solar,10/05/2026 02:30:00 PM,10/05/2026 02:59:59 PM,1.582,0,A
ACCO_15e06beda2,NMI_df2d025267,DEVI_284a47f5e0,COMMS4D,06537#E1,Generalusage,10/05/2026 02:30:00 PM,10/05/2026 02:59:59 PM,0,0,A
ACCO_15e06beda2,NMI_df2d025267,DEVI_284a47f5e0,COMMS4D,06537#B1,Solar,10/05/2026 03:00:00 PM,10/05/2026 03:29:59 PM,0.212,0,A
ACCO_15e06beda2,NMI_df2d025267,DEVI_284a47f5e0,COMMS4D,06537#E1,Generalusage,10/05/2026 03:00:00 PM,10/05/2026 03:29:59 PM,0,0,A
ACCO_15e06beda2,NMI_df2d025267,DEVI_284a47f5e0,COMMS4D,06537#B1,Solar,10/05/2026 03:30:00 PM,10/05/2026 03:59:59 PM,0.018,0,A
ACCO_15e06beda2,NMI_df2d025267,DEVI_284a47f5e0,COMMS4D,06537#E1,Generalusage,10/05/2026 03:30:00 PM,10/05/2026 03:59:59 PM,0.003,0,A
ACCO_15e06beda2,NMI_df2d025267,DEVI_284a47f5e0,COMMS4D,06537#B1,Solar,10/05/2026 04:00:00 PM,10/05/2026 04:29:59 PM,0.449,0,A
ACCO_15e06beda2,NMI_df2d025267,DEVI_284a47f5e0,COMMS4D,06537#E1,Generalusage,10/05/2026 04:00:00 PM,10/05/2026 04:29:59 PM,0.001,0,A
ACCO_15e06beda2,NMI_df2d025267,DEVI_284a47f5e0,COMMS4D,06537#B1,Solar,10/05/2026 04:30:00 PM,10/05/2026 04:59:59 PM,0.001,0,A
ACCO_15e06beda2,NMI_df2d025267,DEVI_284a47f5e0,COMMS4D,06537#E1,Generalusage,10/05/2026 04:30:00 PM,10/05/2026 04:59:59 PM,0.001,0,A
ACCO_15e06beda2,NMI_df2d025267,DEVI_284a47f5e0,COMMS4D,06537#B1,Solar,10/05/2026 05:00:00 PM,10/05/2026 05:29:59 PM,0.002,0,A
ACCO_15e06beda2,NMI_df2d025267,DEVI_284a47f5e0,COMMS4D,06537#E1,Generalusage,10/05/2026 05:00:00 PM,10/05/2026 05:29:59 PM,0.001,0,A
ACCO_15e06beda2,NMI_df2d025267,DEVI_284a47f5e0,COMMS4D,06537#B1,Solar,10/05/2026 05:30:00 PM,10/05/2026 05:59:59 PM,0.003,0,A
ACCO_15e06beda2,NMI_df2d025267,DEVI_284a47f5e0,COMMS4D,06537#E1,Generalusage,10/05/2026 05:30:00 PM,10/05/2026 05:59:59 PM,0.002,0,A
ACCO_15e06beda2,NMI_df2d025267,DEVI_284a47f5e0,COMMS4D,06537#B1,Solar,10/05/2026 06:00:00 PM,10/05/2026 06:29:59 PM,0.003,0,A
ACCO_15e06beda2,NMI_df2d025267,DEVI_284a47f5e0,COMMS4D,06537#E1,Generalusage,10/05/2026 06:00:00 PM,10/05/2026 06:29:59 PM,0.001,0,A
ACCO_15e06beda2,NMI_df2d025267,DEVI_284a47f5e0,COMMS4D,06537#B1,Solar,10/05/2026 06:30:00 PM,10/05/2026 06:59:59 PM,0.004,0,A
ACCO_15e06beda2,NMI_df2d025267,DEVI_284a47f5e0,COMMS4D,06537#E1,Generalusage,10/05/2026 06:30:00 PM,10/05/2026 06:59:59 PM,0.002,0,A
ACCO_15e06beda2,NMI_df2d025267,DEVI_284a47f5e0,COMMS4D,06537#B1,Solar,10/05/2026 07:00:00 PM,10/05/2026 07:29:59 PM,0.004,0,A
ACCO_15e06beda2,NMI_df2d025267,DEVI_284a47f5e0,COMMS4D,06537#E1,Generalusage,10/05/2026 07:00:00 PM,10/05/2026 07:29:59 PM,0.002,0,A
ACCO_15e06beda2,NMI_df2d025267,DEVI_284a47f5e0,COMMS4D,06537#B1,Solar,10/05/2026 07:30:00 PM,10/05/2026 07:59:59 PM,0.003,0,A
ACCO_15e06beda2,NMI_df2d025267,DEVI_284a47f5e0,COMMS4D,06537#E1,Generalusage,10/05/2026 07:30:00 PM,10/05/2026 07:59:59 PM,0.001,0,A
ACCO_15e06beda2,NMI_df2d025267,DEVI_284a47f5e0,COMMS4D,06537#B1,Solar,10/05/2026 08:00:00 PM,10/05/2026 08:29:59 PM,0.002,0,A
ACCO_15e06beda2,NMI_df2d025267,DEVI_284a47f5e0,COMMS4D,06537#E1,Generalusage,10/05/2026 08:00:00 PM,10/05/2026 08:29:59 PM,0.001,0,A
ACCO_15e06beda2,NMI_df2d025267,DEVI_284a47f5e0,COMMS4D,06537#B1,Solar,10/05/2026 08:30:00 PM,10/05/2026 08:59:59 PM,0.002,0,A
ACCO_15e06beda2,NMI_df2d025267,DEVI_284a47f5e0,COMMS4D,06537#E1,Generalusage,10/05/2026 08:30:00 PM,10/05/2026 08:59:59 PM,0.001,0,A
ACCO_15e06beda2,NMI_df2d025267,DEVI_284a47f5e0,COMMS4D,06537#B1,Solar,10/05/2026 09:00:00 PM,10/05/2026 09:29:59 PM,0.003,0,A
ACCO_15e06beda2,NMI_df2d025267,DEVI_284a47f5e0,COMMS4D,06537#E1,Generalusage,10/05/2026 09:00:00 PM,10/05/2026 09:29:59 PM,0.001,0,A
ACCO_15e06beda2,NMI_df2d025267,DEVI_284a47f5e0,COMMS4D,06537#B1,Solar,10/05/2026 09:30:00 PM,10/05/2026 09:59:59 PM,0.002,0,A
ACCO_15e06beda2,NMI_df2d025267,DEVI_284a47f5e0,COMMS4D,06537#E1,Generalusage,10/05/2026 09:30:00 PM,10/05/2026 09:59:59 PM,0.001,0,A
ACCO_15e06beda2,NMI_df2d025267,DEVI_284a47f5e0,COMMS4D,06537#B1,Solar,10/05/2026 10:00:00 PM,10/05/2026 10:29:59 PM,0.003,0,A
ACCO_15e06beda2,NMI_df2d025267,DEVI_284a47f5e0,COMMS4D,06537#E1,Generalusage,10/05/2026 10:00:00 PM,10/05/2026 10:29:59 PM,0.001,0,A
ACCO_15e06beda2,NMI_df2d025267,DEVI_284a47f5e0,COMMS4D,06537#B1,Solar,10/05/2026 10:30:00 PM,10/05/2026 10:59:59 PM,0.002,0,A
ACCO_15e06beda2,NMI_df2d025267,DEVI_284a47f5e0,COMMS4D,06537#E1,Generalusage,10/05/2026 10:30:00 PM,10/05/2026 10:59:59 PM,0,0,A
ACCO_15e06beda2,NMI_df2d025267,DEVI_284a47f5e0,COMMS4D,06537#B1,Solar,10/05/2026 11:00:00 PM,10/05/2026 11:29:59 PM,0.003,0,A
ACCO_15e06beda2,NMI_df2d025267,DEVI_284a47f5e0,COMMS4D,06537#E1,Generalusage,10/05/2026 11:00:00 PM,10/05/2026 11:29:59 PM,0.001,0,A
ACCO_15e06beda2,NMI_df2d025267,DEVI_284a47f5e0,COMMS4D,06537#B1,Solar,10/05/2026 11:30:00 PM,10/05/2026 11:59:59 PM,0.002,0,A
ACCO_15e06beda2,NMI_df2d025267,DEVI_284a47f5e0,COMMS4D,06537#E1,Generalusage,10/05/2026 11:30:00 PM,10/05/2026 11:59:59 PM,0.001,0,A
ACCO_15e06beda2,NMI_df2d025267,DEVI_284a47f5e0,COMMS4D,06537#B1,Solar,11/05/2026 12:00:00 AM,11/05/2026 12:29:59 AM,0.002,0,A
ACCO_15e06beda2,NMI_df2d025267,DEVI_284a47f5e0,COMMS4D,06537#E1,Generalusage,11/05/2026 12:00:00 AM,11/05/2026 12:29:59 AM,0.001,0,A
ACCO_15e06beda2,NMI_df2d025267,DEVI_284a47f5e0,COMMS4D,06537#B1,Solar,11/05/2026 12:30:00 AM,11/05/2026 12:59:59 AM,0.002,0,A
ACCO_15e06beda2,NMI_df2d025267,DEVI_284a47f5e0,COMMS4D,06537#E1,Generalusage,11/05/2026 12:30:00 AM,11/05/2026 12:59:59 AM,0,0,A
ACCO_15e06beda2,NMI_df2d025267,DEVI_284a47f5e0,COMMS4D,06537#B1,Solar,11/05/2026 01:00:00 AM,11/05/2026 01:29:59 AM,0.002,0,A
ACCO_15e06beda2,NMI_df2d025267,DEVI_284a47f5e0,COMMS4D,06537#E1,Generalusage,11/05/2026 01:00:00 AM,11/05/2026 01:29:59 AM,0.001,0,A
ACCO_15e06beda2,NMI_df2d025267,DEVI_284a47f5e0,COMMS4D,06537#B1,Solar,11/05/2026 01:30:00 AM,11/05/2026 01:59:59 AM,0.001,0,A
ACCO_15e06beda2,NMI_df2d025267,DEVI_284a47f5e0,COMMS4D,06537#E1,Generalusage,11/05/2026 01:30:00 AM,11/05/2026 01:59:59 AM,0.001,0,A
ACCO_15e06beda2,NMI_df2d025267,DEVI_284a47f5e0,COMMS4D,06537#B1,Solar,11/05/2026 02:00:00 AM,11/05/2026 02:29:59 AM,0.002,0,A
ACCO_15e06beda2,NMI_df2d025267,DEVI_284a47f5e0,COMMS4D,06537#E1,Generalusage,11/05/2026 02:00:00 AM,11/05/2026 02:29:59 AM,0.002,0,A
ACCO_15e06beda2,NMI_df2d025267,DEVI_284a47f5e0,COMMS4D,06537#B1,Solar,11/05/2026 02:30:00 AM,11/05/2026 02:59:59 AM,0.002,0,A
ACCO_15e06beda2,NMI_df2d025267,DEVI_284a47f5e0,COMMS4D,06537#E1,Generalusage,11/05/2026 02:30:00 AM,11/05/2026 02:59:59 AM,0,0,A
ACCO_15e06beda2,NMI_df2d025267,DEVI_284a47f5e0,COMMS4D,06537#B1,Solar,11/05/2026 03:00:00 AM,11/05/2026 03:29:59 AM,0.002,0,A
ACCO_15e06beda2,NMI_df2d025267,DEVI_284a47f5e0,COMMS4D,06537#E1,Generalusage,11/05/2026 03:00:00 AM,11/05/2026 03:29:59 AM,0.001,0,A
ACCO_15e06beda2,NMI_df2d025267,DEVI_284a47f5e0,COMMS4D,06537#B1,Solar,11/05/2026 03:30:00 AM,11/05/2026 03:59:59 AM,0.001,0,A
ACCO_15e06beda2,NMI_df2d025267,DEVI_284a47f5e0,COMMS4D,06537#E1,Generalusage,11/05/2026 03:30:00 AM,11/05/2026 03:59:59 AM,0.001,0,A
ACCO_15e06beda2,NMI_df2d025267,DEVI_284a47f5e0,COMMS4D,06537#B1,Solar,11/05/2026 04:00:00 AM,11/05/2026 04:29:59 AM,0.002,0,A
ACCO_15e06beda2,NMI_df2d025267,DEVI_284a47f5e0,COMMS4D,06537#E1,Generalusage,11/05/2026 04:00:00 AM,11/05/2026 04:29:59 AM,0.001,0,A
ACCO_15e06beda2,NMI_df2d025267,DEVI_284a47f5e0,COMMS4D,06537#B1,Solar,11/05/2026 04:30:00 AM,11/05/2026 04:59:59 AM,0.002,0,A
ACCO_15e06beda2,NMI_df2d025267,DEVI_284a47f5e0,COMMS4D,06537#E1,Generalusage,11/05/2026 04:30:00 AM,11/05/2026 04:59:59 AM,0.001,0,A
ACCO_15e06beda2,NMI_df2d025267,DEVI_284a47f5e0,COMMS4D,06537#B1,Solar,11/05/2026 05:00:00 AM,11/05/2026 05:29:59 AM,0.002,0,A
ACCO_15e06beda2,NMI_df2d025267,DEVI_284a47f5e0,COMMS4D,06537#E1,Generalusage,11/05/2026 05:00:00 AM,11/05/2026 05:29:59 AM,0,0,A
ACCO_15e06beda2,NMI_df2d025267,DEVI_284a47f5e0,COMMS4D,06537#B1,Solar,11/05/2026 05:30:00 AM,11/05/2026 05:59:59 AM,0.001,0,A
ACCO_15e06beda2,NMI_df2d025267,DEVI_284a47f5e0,COMMS4D,06537#E1,Generalusage,11/05/2026 05:30:00 AM,11/05/2026 05:59:59 AM,0.001,0,A
ACCO_15e06beda2,NMI_df2d025267,DEVI_284a47f5e0,COMMS4D,06537#B1,Solar,11/05/2026 06:00:00 AM,11/05/2026 06:29:59 AM,0.003,0,A
ACCO_15e06beda2,NMI_df2d025267,DEVI_284a47f5e0,COMMS4D,06537#E1,Generalusage,11/05/2026 06:00:00 AM,11/05/2026 06:29:59 AM,0.001,0,A
ACCO_15e06beda2,NMI_df2d025267,DEVI_284a47f5e0,COMMS4D,06537#B1,Solar,11/05/2026 06:30:00 AM,11/05/2026 06:59:59 AM,0.003,0,A
ACCO_15e06beda2,NMI_df2d025267,DEVI_284a47f5e0,COMMS4D,06537#E1,Generalusage,11/05/2026 06:30:00 AM,11/05/2026 06:59:59 AM,0.001,0,A
ACCO_15e06beda2,NMI_df2d025267,DEVI_284a47f5e0,COMMS4D,06537#B1,Solar,11/05/2026 07:00:00 AM,11/05/2026 07:29:59 AM,0.002,0,A
ACCO_15e06beda2,NMI_df2d025267,DEVI_284a47f5e0,COMMS4D,06537#E1,Generalusage,11/05/2026 07:00:00 AM,11/05/2026 07:29:59 AM,0.001,0,A
ACCO_15e06beda2,NMI_df2d025267,DEVI_284a47f5e0,COMMS4D,06537#B1,Solar,11/05/2026 07:30:00 AM,11/05/2026 07:59:59 AM,0.002,0,A
ACCO_15e06beda2,NMI_df2d025267,DEVI_284a47f5e0,COMMS4D,06537#E1,Generalusage,11/05/2026 07:30:00 AM,11/05/2026 07:59:59 AM,0.002,0,A
ACCO_15e06beda2,NMI_df2d025267,DEVI_284a47f5e0,COMMS4D,06537#B1,Solar,11/05/2026 08:00:00 AM,11/05/2026 08:29:59 AM,0.001,0,A
ACCO_15e06beda2,NMI_df2d025267,DEVI_284a47f5e0,COMMS4D,06537#E1,Generalusage,11/05/2026 08:00:00 AM,11/05/2026 08:29:59 AM,0.001,0,A
ACCO_15e06beda2,NMI_df2d025267,DEVI_284a47f5e0,COMMS4D,06537#B1,Solar,11/05/2026 08:30:00 AM,11/05/2026 08:59:59 AM,0.004,0,A
ACCO_15e06beda2,NMI_df2d025267,DEVI_284a47f5e0,COMMS4D,06537#E1,Generalusage,11/05/2026 08:30:00 AM,11/05/2026 08:59:59 AM,0.002,0,A
ACCO_15e06beda2,NMI_df2d025267,DEVI_284a47f5e0,COMMS4D,06537#B1,Solar,11/05/2026 09:00:00 AM,11/05/2026 09:29:59 AM,0.003,0,A
ACCO_15e06beda2,NMI_df2d025267,DEVI_284a47f5e0,COMMS4D,06537#E1,Generalusage,11/05/2026 09:00:00 AM,11/05/2026 09:29:59 AM,0.002,0,A
ACCO_15e06beda2,NMI_df2d025267,DEVI_284a47f5e0,COMMS4D,06537#B1,Solar,11/05/2026 09:30:00 AM,11/05/2026 09:59:59 AM,0.003,0,A
ACCO_15e06beda2,NMI_df2d025267,DEVI_284a47f5e0,COMMS4D,06537#E1,Generalusage,11/05/2026 09:30:00 AM,11/05/2026 09:59:59 AM,0.002,0,A
ACCO_15e06beda2,NMI_df2d025267,DEVI_284a47f5e0,COMMS4D,06537#B1,Solar,11/05/2026 10:00:00 AM,11/05/2026 10:29:59 AM,0.019,0,A
ACCO_15e06beda2,NMI_df2d025267,DEVI_284a47f5e0,COMMS4D,06537#E1,Generalusage,11/05/2026 10:00:00 AM,11/05/2026 10:29:59 AM,0.004,0,A
ACCO_15e06beda2,NMI_df2d025267,DEVI_284a47f5e0,COMMS4D,06537#B1,Solar,11/05/2026 10:30:00 AM,11/05/2026 10:59:59 AM,1.427,0,A
ACCO_15e06beda2,NMI_df2d025267,DEVI_284a47f5e0,COMMS4D,06537#E1,Generalusage,11/05/2026 10:30:00 AM,11/05/2026 10:59:59 AM,0,0,A
ACCO_15e06beda2,NMI_df2d025267,DEVI_284a47f5e0,COMMS4D,06537#B1,Solar,11/05/2026 11:00:00 AM,11/05/2026 11:29:59 AM,2.601,0,A
ACCO_15e06beda2,NMI_df2d025267,DEVI_284a47f5e0,COMMS4D,06537#E1,Generalusage,11/05/2026 11:00:00 AM,11/05/2026 11:29:59 AM,0,0,A
ACCO_15e06beda2,NMI_df2d025267,DEVI_284a47f5e0,COMMS4D,06537#B1,Solar,11/05/2026 11:30:00 AM,11/05/2026 11:59:59 AM,2.174,0,A
ACCO_15e06beda2,NMI_df2d025267,DEVI_284a47f5e0,COMMS4D,06537#E1,Generalusage,11/05/2026 11:30:00 AM,11/05/2026 11:59:59 AM,0,0,A
ACCO_15e06beda2,NMI_df2d025267,DEVI_284a47f5e0,COMMS4D,06537#B1,Solar,11/05/2026 12:00:00 PM,11/05/2026 12:29:59 PM,1.938,0,A
ACCO_15e06beda2,NMI_df2d025267,DEVI_284a47f5e0,COMMS4D,06537#E1,Generalusage,11/05/2026 12:00:00 PM,11/05/2026 12:29:59 PM,0.002,0,A
ACCO_15e06beda2,NMI_df2d025267,DEVI_284a47f5e0,COMMS4D,06537#B1,Solar,11/05/2026 12:30:00 PM,11/05/2026 12:59:59 PM,1.39,0,A
ACCO_15e06beda2,NMI_df2d025267,DEVI_284a47f5e0,COMMS4D,06537#E1,Generalusage,11/05/2026 12:30:00 PM,11/05/2026 12:59:59 PM,0.004,0,A
ACCO_15e06beda2,NMI_df2d025267,DEVI_284a47f5e0,COMMS4D,06537#B1,Solar,11/05/2026 01:00:00 PM,11/05/2026 01:29:59 PM,1.76,0,A
ACCO_15e06beda2,NMI_df2d025267,DEVI_284a47f5e0,COMMS4D,06537#E1,Generalusage,11/05/2026 01:00:00 PM,11/05/2026 01:29:59 PM,0,0,A
ACCO_15e06beda2,NMI_df2d025267,DEVI_284a47f5e0,COMMS4D,06537#B1,Solar,11/05/2026 01:30:00 PM,11/05/2026 01:59:59 PM,0.895,0,A
ACCO_15e06beda2,NMI_df2d025267,DEVI_284a47f5e0,COMMS4D,06537#E1,Generalusage,11/05/2026 01:30:00 PM,11/05/2026 01:59:59 PM,0,0,A
ACCO_15e06beda2,NMI_df2d025267,DEVI_284a47f5e0,COMMS4D,06537#B1,Solar,11/05/2026 02:00:00 PM,11/05/2026 02:29:59 PM,0.795,0,A
ACCO_15e06beda2,NMI_df2d025267,DEVI_284a47f5e0,COMMS4D,06537#E1,Generalusage,11/05/2026 02:00:00 PM,11/05/2026 02:29:59 PM,0,0,A
ACCO_15e06beda2,NMI_df2d025267,DEVI_284a47f5e0,COMMS4D,06537#B1,Solar,11/05/2026 02:30:00 PM,11/05/2026 02:59:59 PM,1.864,0,A
ACCO_15e06beda2,NMI_df2d025267,DEVI_284a47f5e0,COMMS4D,06537#E1,Generalusage,11/05/2026 02:30:00 PM,11/05/2026 02:59:59 PM,0,0,A
ACCO_15e06beda2,NMI_df2d025267,DEVI_284a47f5e0,COMMS4D,06537#B1,Solar,11/05/2026 03:00:00 PM,11/05/2026 03:29:59 PM,0.563,0,A
ACCO_15e06beda2,NMI_df2d025267,DEVI_284a47f5e0,COMMS4D,06537#E1,Generalusage,11/05/2026 03:00:00 PM,11/05/2026 03:29:59 PM,0.001,0,A
ACCO_15e06beda2,NMI_df2d025267,DEVI_284a47f5e0,COMMS4D,06537#B1,Solar,11/05/2026 03:30:00 PM,11/05/2026 03:59:59 PM,0.153,0,A
ACCO_15e06beda2,NMI_df2d025267,DEVI_284a47f5e0,COMMS4D,06537#E1,Generalusage,11/05/2026 03:30:00 PM,11/05/2026 03:59:59 PM,0.001,0,A
ACCO_15e06beda2,NMI_df2d025267,DEVI_284a47f5e0,COMMS4D,06537#B1,Solar,11/05/2026 04:00:00 PM,11/05/2026 04:29:59 PM,0.038,0,A
ACCO_15e06beda2,NMI_df2d025267,DEVI_284a47f5e0,COMMS4D,06537#E1,Generalusage,11/05/2026 04:00:00 PM,11/05/2026 04:29:59 PM,0.001,0,A
ACCO_15e06beda2,NMI_df2d025267,DEVI_284a47f5e0,COMMS4D,06537#B1,Solar,11/05/2026 04:30:00 PM,11/05/2026 04:59:59 PM,0.003,0,A
ACCO_15e06beda2,NMI_df2d025267,DEVI_284a47f5e0,COMMS4D,06537#E1,Generalusage,11/05/2026 04:30:00 PM,11/05/2026 04:59:59 PM,0.002,0,A
ACCO_15e06beda2,NMI_df2d025267,DEVI_284a47f5e0,COMMS4D,06537#B1,Solar,11/05/2026 05:00:00 PM,11/05/2026 05:29:59 PM,0.002,0,A
ACCO_15e06beda2,NMI_df2d025267,DEVI_284a47f5e0,COMMS4D,06537#E1,Generalusage,11/05/2026 05:00:00 PM,11/05/2026 05:29:59 PM,0.001,0,A
ACCO_15e06beda2,NMI_df2d025267,DEVI_284a47f5e0,COMMS4D,06537#B1,Solar,11/05/2026 05:30:00 PM,11/05/2026 05:59:59 PM,0.004,0,A
ACCO_15e06beda2,NMI_df2d025267,DEVI_284a47f5e0,COMMS4D,06537#E1,Generalusage,11/05/2026 05:30:00 PM,11/05/2026 05:59:59 PM,0.002,0,A
ACCO_15e06beda2,NMI_df2d025267,DEVI_284a47f5e0,COMMS4D,06537#B1,Solar,11/05/2026 06:00:00 PM,11/05/2026 06:29:59 PM,0.003,0,A
ACCO_15e06beda2,NMI_df2d025267,DEVI_284a47f5e0,COMMS4D,06537#E1,Generalusage,11/05/2026 06:00:00 PM,11/05/2026 06:29:59 PM,0.001,0,A
ACCO_15e06beda2,NMI_df2d025267,DEVI_284a47f5e0,COMMS4D,06537#B1,Solar,11/05/2026 06:30:00 PM,11/05/2026 06:59:59 PM,0.002,0,A
ACCO_15e06beda2,NMI_df2d025267,DEVI_284a47f5e0,COMMS4D,06537#E1,Generalusage,11/05/2026 06:30:00 PM,11/05/2026 06:59:59 PM,0.002,0,A
ACCO_15e06beda2,NMI_df2d025267,DEVI_284a47f5e0,COMMS4D,06537#B1,Solar,11/05/2026 07:00:00 PM,11/05/2026 07:29:59 PM,0.005,0,A
ACCO_15e06beda2,NMI_df2d025267,DEVI_284a47f5e0,COMMS4D,06537#E1,Generalusage,11/05/2026 07:00:00 PM,11/05/2026 07:29:59 PM,0.003,0,A
ACCO_15e06beda2,NMI_df2d025267,DEVI_284a47f5e0,COMMS4D,06537#B1,Solar,11/05/2026 07:30:00 PM,11/05/2026 07:59:59 PM,0.002,0,A
ACCO_15e06beda2,NMI_df2d025267,DEVI_284a47f5e0,COMMS4D,06537#E1,Generalusage,11/05/2026 07:30:00 PM,11/05/2026 07:59:59 PM,0.001,0,A
ACCO_15e06beda2,NMI_df2d025267,DEVI_284a47f5e0,COMMS4D,06537#B1,Solar,11/05/2026 08:00:00 PM,11/05/2026 08:29:59 PM,0.003,0,A
ACCO_15e06beda2,NMI_df2d025267,DEVI_284a47f5e0,COMMS4D,06537#E1,Generalusage,11/05/2026 08:00:00 PM,11/05/2026 08:29:59 PM,0.001,0,A
ACCO_15e06beda2,NMI_df2d025267,DEVI_284a47f5e0,COMMS4D,06537#B1,Solar,11/05/2026 08:30:00 PM,11/05/2026 08:59:59 PM,0.002,0,A
ACCO_15e06beda2,NMI_df2d025267,DEVI_284a47f5e0,COMMS4D,06537#E1,Generalusage,11/05/2026 08:30:00 PM,11/05/2026 08:59:59 PM,0.001,0,A
ACCO_15e06beda2,NMI_df2d025267,DEVI_284a47f5e0,COMMS4D,06537#B1,Solar,11/05/2026 09:00:00 PM,11/05/2026 09:29:59 PM,0.002,0,A
ACCO_15e06beda2,NMI_df2d025267,DEVI_284a47f5e0,COMMS4D,06537#E1,Generalusage,11/05/2026 09:00:00 PM,11/05/2026 09:29:59 PM,0.001,0,A
ACCO_15e06beda2,NMI_df2d025267,DEVI_284a47f5e0,COMMS4D,06537#B1,Solar,11/05/2026 09:30:00 PM,11/05/2026 09:59:59 PM,0.003,0,A
ACCO_15e06beda2,NMI_df2d025267,DEVI_284a47f5e0,COMMS4D,06537#E1,Generalusage,11/05/2026 09:30:00 PM,11/05/2026 09:59:59 PM,0.001,0,A
ACCO_15e06beda2,NMI_df2d025267,DEVI_284a47f5e0,COMMS4D,06537#B1,Solar,11/05/2026 10:00:00 PM,11/05/2026 10:29:59 PM,0.002,0,A
ACCO_15e06beda2,NMI_df2d025267,DEVI_284a47f5e0,COMMS4D,06537#E1,Generalusage,11/05/2026 10:00:00 PM,11/05/2026 10:29:59 PM,0.001,0,A
ACCO_15e06beda2,NMI_df2d025267,DEVI_284a47f5e0,COMMS4D,06537#B1,Solar,11/05/2026 10:30:00 PM,11/05/2026 10:59:59 PM,0.003,0,A
ACCO_15e06beda2,NMI_df2d025267,DEVI_284a47f5e0,COMMS4D,06537#E1,Generalusage,11/05/2026 10:30:00 PM,11/05/2026 10:59:59 PM,0,0,A
ACCO_15e06beda2,NMI_df2d025267,DEVI_284a47f5e0,COMMS4D,06537#B1,Solar,11/05/2026 11:00:00 PM,11/05/2026 11:29:59 PM,0.002,0,A
ACCO_15e06beda2,NMI_df2d025267,DEVI_284a47f5e0,COMMS4D,06537#E1,Generalusage,11/05/2026 11:00:00 PM,11/05/2026 11:29:59 PM,0.001,0,A
ACCO_15e06beda2,NMI_df2d025267,DEVI_284a47f5e0,COMMS4D,06537#B1,Solar,11/05/2026 11:30:00 PM,11/05/2026 11:59:59 PM,0.002,0,A
ACCO_15e06beda2,NMI_df2d025267,DEVI_284a47f5e0,COMMS4D,06537#E1,Generalusage,11/05/2026 11:30:00 PM,11/05/2026 11:59:59 PM,0.001,0,A
ACCO_15e06beda2,NMI_df2d025267,DEVI_284a47f5e0,COMMS4D,06537#B1,Solar,12/05/2026 12:00:00 AM,12/05/2026 12:29:59 AM,0.003,0,A
ACCO_15e06beda2,NMI_df2d025267,DEVI_284a47f5e0,COMMS4D,06537#E1,Generalusage,12/05/2026 12:00:00 AM,12/05/2026 12:29:59 AM,0,0,A
ACCO_15e06beda2,NMI_df2d025267,DEVI_284a47f5e0,COMMS4D,06537#B1,Solar,12/05/2026 12:30:00 AM,12/05/2026 12:59:59 AM,0.002,0,A
ACCO_15e06beda2,NMI_df2d025267,DEVI_284a47f5e0,COMMS4D,06537#E1,Generalusage,12/05/2026 12:30:00 AM,12/05/2026 12:59:59 AM,0.001,0,A
ACCO_15e06beda2,NMI_df2d025267,DEVI_284a47f5e0,COMMS4D,06537#B1,Solar,12/05/2026 01:00:00 AM,12/05/2026 01:29:59 AM,0.002,0,A
ACCO_15e06beda2,NMI_df2d025267,DEVI_284a47f5e0,COMMS4D,06537#E1,Generalusage,12/05/2026 01:00:00 AM,12/05/2026 01:29:59 AM,0.001,0,A
ACCO_15e06beda2,NMI_df2d025267,DEVI_284a47f5e0,COMMS4D,06537#B1,Solar,12/05/2026 01:30:00 AM,12/05/2026 01:59:59 AM,0.001,0,A
ACCO_15e06beda2,NMI_df2d025267,DEVI_284a47f5e0,COMMS4D,06537#E1,Generalusage,12/05/2026 01:30:00 AM,12/05/2026 01:59:59 AM,0.001,0,A
ACCO_15e06beda2,NMI_df2d025267,DEVI_284a47f5e0,COMMS4D,06537#B1,Solar,12/05/2026 02:00:00 AM,12/05/2026 02:29:59 AM,0.002,0,A
ACCO_15e06beda2,NMI_df2d025267,DEVI_284a47f5e0,COMMS4D,06537#E1,Generalusage,12/05/2026 02:00:00 AM,12/05/2026 02:29:59 AM,0.002,0,A
ACCO_15e06beda2,NMI_df2d025267,DEVI_284a47f5e0,COMMS4D,06537#B1,Solar,12/05/2026 02:30:00 AM,12/05/2026 02:59:59 AM,0.001,0,A
ACCO_15e06beda2,NMI_df2d025267,DEVI_284a47f5e0,COMMS4D,06537#E1,Generalusage,12/05/2026 02:30:00 AM,12/05/2026 02:59:59 AM,0.001,0,A
ACCO_15e06beda2,NMI_df2d025267,DEVI_284a47f5e0,COMMS4D,06537#B1,Solar,12/05/2026 03:00:00 AM,12/05/2026 03:29:59 AM,0.001,0,A
ACCO_15e06beda2,NMI_df2d025267,DEVI_284a47f5e0,COMMS4D,06537#E1,Generalusage,12/05/2026 03:00:00 AM,12/05/2026 03:29:59 AM,0.002,0,A
ACCO_15e06beda2,NMI_df2d025267,DEVI_284a47f5e0,COMMS4D,06537#B1,Solar,12/05/2026 03:30:00 AM,12/05/2026 03:59:59 AM,0.001,0,A
ACCO_15e06beda2,NMI_df2d025267,DEVI_284a47f5e0,COMMS4D,06537#E1,Generalusage,12/05/2026 03:30:00 AM,12/05/2026 03:59:59 AM,0.001,0,A
ACCO_15e06beda2,NMI_df2d025267,DEVI_284a47f5e0,COMMS4D,06537#B1,Solar,12/05/2026 04:00:00 AM,12/05/2026 04:29:59 AM,0.001,0,A
ACCO_15e06beda2,NMI_df2d025267,DEVI_284a47f5e0,COMMS4D,06537#E1,Generalusage,12/05/2026 04:00:00 AM,12/05/2026 04:29:59 AM,0.002,0,A
ACCO_15e06beda2,NMI_df2d025267,DEVI_284a47f5e0,COMMS4D,06537#B1,Solar,12/05/2026 04:30:00 AM,12/05/2026 04:59:59 AM,0.002,0,A
ACCO_15e06beda2,NMI_df2d025267,DEVI_284a47f5e0,COMMS4D,06537#E1,Generalusage,12/05/2026 04:30:00 AM,12/05/2026 04:59:59 AM,0.001,0,A
ACCO_15e06beda2,NMI_df2d025267,DEVI_284a47f5e0,COMMS4D,06537#B1,Solar,12/05/2026 05:00:00 AM,12/05/2026 05:29:59 AM,0.001,0,A
ACCO_15e06beda2,NMI_df2d025267,DEVI_284a47f5e0,COMMS4D,06537#E1,Generalusage,12/05/2026 05:00:00 AM,12/05/2026 05:29:59 AM,0.001,0,A
ACCO_15e06beda2,NMI_df2d025267,DEVI_284a47f5e0,COMMS4D,06537#B1,Solar,12/05/2026 05:30:00 AM,12/05/2026 05:59:59 AM,0.003,0,A
ACCO_15e06beda2,NMI_df2d025267,DEVI_284a47f5e0,COMMS4D,06537#E1,Generalusage,12/05/2026 05:30:00 AM,12/05/2026 05:59:59 AM,0.001,0,A
ACCO_15e06beda2,NMI_df2d025267,DEVI_284a47f5e0,COMMS4D,06537#B1,Solar,12/05/2026 06:00:00 AM,12/05/2026 06:29:59 AM,0.002,0,A
ACCO_15e06beda2,NMI_df2d025267,DEVI_284a47f5e0,COMMS4D,06537#E1,Generalusage,12/05/2026 06:00:00 AM,12/05/2026 06:29:59 AM,0.001,0,A
ACCO_15e06beda2,NMI_df2d025267,DEVI_284a47f5e0,COMMS4D,06537#B1,Solar,12/05/2026 06:30:00 AM,12/05/2026 06:59:59 AM,0.002,0,A
ACCO_15e06beda2,NMI_df2d025267,DEVI_284a47f5e0,COMMS4D,06537#E1,Generalusage,12/05/2026 06:30:00 AM,12/05/2026 06:59:59 AM,0,0,A
ACCO_15e06beda2,NMI_df2d025267,DEVI_284a47f5e0,COMMS4D,06537#B1,Solar,12/05/2026 07:00:00 AM,12/05/2026 07:29:59 AM,0.002,0,A
ACCO_15e06beda2,NMI_df2d025267,DEVI_284a47f5e0,COMMS4D,06537#E1,Generalusage,12/05/2026 07:00:00 AM,12/05/2026 07:29:59 AM,0.002,0,A
ACCO_15e06beda2,NMI_df2d025267,DEVI_284a47f5e0,COMMS4D,06537#B1,Solar,12/05/2026 07:30:00 AM,12/05/2026 07:59:59 AM,0.003,0,A
ACCO_15e06beda2,NMI_df2d025267,DEVI_284a47f5e0,COMMS4D,06537#E1,Generalusage,12/05/2026 07:30:00 AM,12/05/2026 07:59:59 AM,0,0,A
ACCO_15e06beda2,NMI_df2d025267,DEVI_284a47f5e0,COMMS4D,06537#B1,Solar,12/05/2026 08:00:00 AM,12/05/2026 08:29:59 AM,0.002,0,A
ACCO_15e06beda2,NMI_df2d025267,DEVI_284a47f5e0,COMMS4D,06537#E1,Generalusage,12/05/2026 08:00:00 AM,12/05/2026 08:29:59 AM,0.001,0,A
ACCO_15e06beda2,NMI_df2d025267,DEVI_284a47f5e0,COMMS4D,06537#B1,Solar,12/05/2026 08:30:00 AM,12/05/2026 08:59:59 AM,0.003,0,A
ACCO_15e06beda2,NMI_df2d025267,DEVI_284a47f5e0,COMMS4D,06537#E1,Generalusage,12/05/2026 08:30:00 AM,12/05/2026 08:59:59 AM,0.001,0,A
ACCO_15e06beda2,NMI_df2d025267,DEVI_284a47f5e0,COMMS4D,06537#B1,Solar,12/05/2026 09:00:00 AM,12/05/2026 09:29:59 AM,0.002,0,A
ACCO_15e06beda2,NMI_df2d025267,DEVI_284a47f5e0,COMMS4D,06537#E1,Generalusage,12/05/2026 09:00:00 AM,12/05/2026 09:29:59 AM,0.001,0,A
ACCO_15e06beda2,NMI_df2d025267,DEVI_284a47f5e0,COMMS4D,06537#B1,Solar,12/05/2026 09:30:00 AM,12/05/2026 09:59:59 AM,0.003,0,A
ACCO_15e06beda2,NMI_df2d025267,DEVI_284a47f5e0,COMMS4D,06537#E1,Generalusage,12/05/2026 09:30:00 AM,12/05/2026 09:59:59 AM,0.001,0,A
ACCO_15e06beda2,NMI_df2d025267,DEVI_284a47f5e0,COMMS4D,06537#B1,Solar,12/05/2026 10:00:00 AM,12/05/2026 10:29:59 AM,0.002,0,A
ACCO_15e06beda2,NMI_df2d025267,DEVI_284a47f5e0,COMMS4D,06537#E1,Generalusage,12/05/2026 10:00:00 AM,12/05/2026 10:29:59 AM,0.001,0,A
ACCO_15e06beda2,NMI_df2d025267,DEVI_284a47f5e0,COMMS4D,06537#B1,Solar,12/05/2026 10:30:00 AM,12/05/2026 10:59:59 AM,0.003,0,A
ACCO_15e06beda2,NMI_df2d025267,DEVI_284a47f5e0,COMMS4D,06537#E1,Generalusage,12/05/2026 10:30:00 AM,12/05/2026 10:59:59 AM,0,0,A
ACCO_15e06beda2,NMI_df2d025267,DEVI_284a47f5e0,COMMS4D,06537#B1,Solar,12/05/2026 11:00:00 AM,12/05/2026 11:29:59 AM,0.002,0,A
ACCO_15e06beda2,NMI_df2d025267,DEVI_284a47f5e0,COMMS4D,06537#E1,Generalusage,12/05/2026 11:00:00 AM,12/05/2026 11:29:59 AM,0.001,0,A
ACCO_15e06beda2,NMI_df2d025267,DEVI_284a47f5e0,COMMS4D,06537#B1,Solar,12/05/2026 11:30:00 AM,12/05/2026 11:59:59 AM,0.003,0,A
ACCO_15e06beda2,NMI_df2d025267,DEVI_284a47f5e0,COMMS4D,06537#E1,Generalusage,12/05/2026 11:30:00 AM,12/05/2026 11:59:59 AM,0.001,0,A
ACCO_15e06beda2,NMI_df2d025267,DEVI_284a47f5e0,COMMS4D,06537#B1,Solar,12/05/2026 12:00:00 PM,12/05/2026 12:29:59 PM,0.002,0,A
ACCO_15e06beda2,NMI_df2d025267,DEVI_284a47f5e0,COMMS4D,06537#E1,Generalusage,12/05/2026 12:00:00 PM,12/05/2026 12:29:59 PM,0.001,0,A
ACCO_15e06beda2,NMI_df2d025267,DEVI_284a47f5e0,COMMS4D,06537#B1,Solar,12/05/2026 12:30:00 PM,12/05/2026 12:59:59 PM,0.004,0,A
ACCO_15e06beda2,NMI_df2d025267,DEVI_284a47f5e0,COMMS4D,06537#E1,Generalusage,12/05/2026 12:30:00 PM,12/05/2026 12:59:59 PM,0.001,0,A
ACCO_15e06beda2,NMI_df2d025267,DEVI_284a47f5e0,COMMS4D,06537#B1,Solar,12/05/2026 01:00:00 PM,12/05/2026 01:29:59 PM,0.002,0,A
ACCO_15e06beda2,NMI_df2d025267,DEVI_284a47f5e0,COMMS4D,06537#E1,Generalusage,12/05/2026 01:00:00 PM,12/05/2026 01:29:59 PM,0.002,0,A
ACCO_15e06beda2,NMI_df2d025267,DEVI_284a47f5e0,COMMS4D,06537#B1,Solar,12/05/2026 01:30:00 PM,12/05/2026 01:59:59 PM,0.003,0,A
ACCO_15e06beda2,NMI_df2d025267,DEVI_284a47f5e0,COMMS4D,06537#E1,Generalusage,12/05/2026 01:30:00 PM,12/05/2026 01:59:59 PM,0.001,0,A
ACCO_15e06beda2,NMI_df2d025267,DEVI_284a47f5e0,COMMS4D,06537#B1,Solar,12/05/2026 02:00:00 PM,12/05/2026 02:29:59 PM,0.003,0,A
ACCO_15e06beda2,NMI_df2d025267,DEVI_284a47f5e0,COMMS4D,06537#E1,Generalusage,12/05/2026 02:00:00 PM,12/05/2026 02:29:59 PM,0,0,A
ACCO_15e06beda2,NMI_df2d025267,DEVI_284a47f5e0,COMMS4D,06537#B1,Solar,12/05/2026 02:30:00 PM,12/05/2026 02:59:59 PM,0.002,0,A
ACCO_15e06beda2,NMI_df2d025267,DEVI_284a47f5e0,COMMS4D,06537#E1,Generalusage,12/05/2026 02:30:00 PM,12/05/2026 02:59:59 PM,0.001,0,A
ACCO_15e06beda2,NMI_df2d025267,DEVI_284a47f5e0,COMMS4D,06537#B1,Solar,12/05/2026 03:00:00 PM,12/05/2026 03:29:59 PM,0.003,0,A
ACCO_15e06beda2,NMI_df2d025267,DEVI_284a47f5e0,COMMS4D,06537#E1,Generalusage,12/05/2026 03:00:00 PM,12/05/2026 03:29:59 PM,0.001,0,A
ACCO_15e06beda2,NMI_df2d025267,DEVI_284a47f5e0,COMMS4D,06537#B1,Solar,12/05/2026 03:30:00 PM,12/05/2026 03:59:59 PM,0.002,0,A
ACCO_15e06beda2,NMI_df2d025267,DEVI_284a47f5e0,COMMS4D,06537#E1,Generalusage,12/05/2026 03:30:00 PM,12/05/2026 03:59:59 PM,0.001,0,A
ACCO_15e06beda2,NMI_df2d025267,DEVI_284a47f5e0,COMMS4D,06537#B1,Solar,12/05/2026 04:00:00 PM,12/05/2026 04:29:59 PM,0.002,0,A
ACCO_15e06beda2,NMI_df2d025267,DEVI_284a47f5e0,COMMS4D,06537#E1,Generalusage,12/05/2026 04:00:00 PM,12/05/2026 04:29:59 PM,0.001,0,A
ACCO_15e06beda2,NMI_df2d025267,DEVI_284a47f5e0,COMMS4D,06537#B1,Solar,12/05/2026 04:30:00 PM,12/05/2026 04:59:59 PM,0.003,0,A
ACCO_15e06beda2,NMI_df2d025267,DEVI_284a47f5e0,COMMS4D,06537#E1,Generalusage,12/05/2026 04:30:00 PM,12/05/2026 04:59:59 PM,0.001,0,A
ACCO_15e06beda2,NMI_df2d025267,DEVI_284a47f5e0,COMMS4D,06537#B1,Solar,12/05/2026 05:00:00 PM,12/05/2026 05:29:59 PM,0.003,0,A
ACCO_15e06beda2,NMI_df2d025267,DEVI_284a47f5e0,COMMS4D,06537#E1,Generalusage,12/05/2026 05:00:00 PM,12/05/2026 05:29:59 PM,0.001,0,A
ACCO_15e06beda2,NMI_df2d025267,DEVI_284a47f5e0,COMMS4D,06537#B1,Solar,12/05/2026 05:30:00 PM,12/05/2026 05:59:59 PM,0.003,0,A
ACCO_15e06beda2,NMI_df2d025267,DEVI_284a47f5e0,COMMS4D,06537#E1,Generalusage,12/05/2026 05:30:00 PM,12/05/2026 05:59:59 PM,0,0,A
ACCO_15e06beda2,NMI_df2d025267,DEVI_284a47f5e0,COMMS4D,06537#B1,Solar,12/05/2026 06:00:00 PM,12/05/2026 06:29:59 PM,0.001,0,A
ACCO_15e06beda2,NMI_df2d025267,DEVI_284a47f5e0,COMMS4D,06537#E1,Generalusage,12/05/2026 06:00:00 PM,12/05/2026 06:29:59 PM,0.002,0,A
ACCO_15e06beda2,NMI_df2d025267,DEVI_284a47f5e0,COMMS4D,06537#B1,Solar,12/05/2026 06:30:00 PM,12/05/2026 06:59:59 PM,0.002,0,A
ACCO_15e06beda2,NMI_df2d025267,DEVI_284a47f5e0,COMMS4D,06537#E1,Generalusage,12/05/2026 06:30:00 PM,12/05/2026 06:59:59 PM,0.001,0,A
ACCO_15e06beda2,NMI_df2d025267,DEVI_284a47f5e0,COMMS4D,06537#B1,Solar,12/05/2026 07:00:00 PM,12/05/2026 07:29:59 PM,0.004,0,A
ACCO_15e06beda2,NMI_df2d025267,DEVI_284a47f5e0,COMMS4D,06537#E1,Generalusage,12/05/2026 07:00:00 PM,12/05/2026 07:29:59 PM,0.003,0,A
ACCO_15e06beda2,NMI_df2d025267,DEVI_284a47f5e0,COMMS4D,06537#B1,Solar,12/05/2026 07:30:00 PM,12/05/2026 07:59:59 PM,0.004,0,A
ACCO_15e06beda2,NMI_df2d025267,DEVI_284a47f5e0,COMMS4D,06537#E1,Generalusage,12/05/2026 07:30:00 PM,12/05/2026 07:59:59 PM,0.001,0,A
ACCO_15e06beda2,NMI_df2d025267,DEVI_284a47f5e0,COMMS4D,06537#B1,Solar,12/05/2026 08:00:00 PM,12/05/2026 08:29:59 PM,0.002,0,A
ACCO_15e06beda2,NMI_df2d025267,DEVI_284a47f5e0,COMMS4D,06537#E1,Generalusage,12/05/2026 08:00:00 PM,12/05/2026 08:29:59 PM,0.001,0,A
ACCO_15e06beda2,NMI_df2d025267,DEVI_284a47f5e0,COMMS4D,06537#B1,Solar,12/05/2026 08:30:00 PM,12/05/2026 08:59:59 PM,0.002,0,A
ACCO_15e06beda2,NMI_df2d025267,DEVI_284a47f5e0,COMMS4D,06537#E1,Generalusage,12/05/2026 08:30:00 PM,12/05/2026 08:59:59 PM,0.001,0,A
ACCO_15e06beda2,NMI_df2d025267,DEVI_284a47f5e0,COMMS4D,06537#B1,Solar,12/05/2026 09:00:00 PM,12/05/2026 09:29:59 PM,0.003,0,A
ACCO_15e06beda2,NMI_df2d025267,DEVI_284a47f5e0,COMMS4D,06537#E1,Generalusage,12/05/2026 09:00:00 PM,12/05/2026 09:29:59 PM,0.001,0,A
ACCO_15e06beda2,NMI_df2d025267,DEVI_284a47f5e0,COMMS4D,06537#B1,Solar,12/05/2026 09:30:00 PM,12/05/2026 09:59:59 PM,0.002,0,A
ACCO_15e06beda2,NMI_df2d025267,DEVI_284a47f5e0,COMMS4D,06537#E1,Generalusage,12/05/2026 09:30:00 PM,12/05/2026 09:59:59 PM,0.001,0,A
ACCO_15e06beda2,NMI_df2d025267,DEVI_284a47f5e0,COMMS4D,06537#B1,Solar,12/05/2026 10:00:00 PM,12/05/2026 10:29:59 PM,0.003,0,A
ACCO_15e06beda2,NMI_df2d025267,DEVI_284a47f5e0,COMMS4D,06537#E1,Generalusage,12/05/2026 10:00:00 PM,12/05/2026 10:29:59 PM,0.001,0,A
ACCO_15e06beda2,NMI_df2d025267,DEVI_284a47f5e0,COMMS4D,06537#B1,Solar,12/05/2026 10:30:00 PM,12/05/2026 10:59:59 PM,0.003,0,A
ACCO_15e06beda2,NMI_df2d025267,DEVI_284a47f5e0,COMMS4D,06537#E1,Generalusage,12/05/2026 10:30:00 PM,12/05/2026 10:59:59 PM,0.001,0,A
ACCO_15e06beda2,NMI_df2d025267,DEVI_284a47f5e0,COMMS4D,06537#B1,Solar,12/05/2026 11:00:00 PM,12/05/2026 11:29:59 PM,0.003,0,A
ACCO_15e06beda2,NMI_df2d025267,DEVI_284a47f5e0,COMMS4D,06537#E1,Generalusage,12/05/2026 11:00:00 PM,12/05/2026 11:29:59 PM,0.001,0,A
ACCO_15e06beda2,NMI_df2d025267,DEVI_284a47f5e0,COMMS4D,06537#B1,Solar,12/05/2026 11:30:00 PM,12/05/2026 11:59:59 PM,0.002,0,A
ACCO_15e06beda2,NMI_df2d025267,DEVI_284a47f5e0,COMMS4D,06537#E1,Generalusage,12/05/2026 11:30:00 PM,12/05/2026 11:59:59 PM,0.001,0,A
ACCO_15e06beda2,NMI_df2d025267,DEVI_284a47f5e0,COMMS4D,06537#B1,Solar,13/05/2026 12:00:00 AM,13/05/2026 12:29:59 AM,0.002,0,A
ACCO_15e06beda2,NMI_df2d025267,DEVI_284a47f5e0,COMMS4D,06537#E1,Generalusage,13/05/2026 12:00:00 AM,13/05/2026 12:29:59 AM,0.001,0,A
ACCO_15e06beda2,NMI_df2d025267,DEVI_284a47f5e0,COMMS4D,06537#B1,Solar,13/05/2026 12:30:00 AM,13/05/2026 12:59:59 AM,0.002,0,A
ACCO_15e06beda2,NMI_df2d025267,DEVI_284a47f5e0,COMMS4D,06537#E1,Generalusage,13/05/2026 12:30:00 AM,13/05/2026 12:59:59 AM,0.001,0,A
ACCO_15e06beda2,NMI_df2d025267,DEVI_284a47f5e0,COMMS4D,06537#B1,Solar,13/05/2026 01:00:00 AM,13/05/2026 01:29:59 AM,0.001,0,A
ACCO_15e06beda2,NMI_df2d025267,DEVI_284a47f5e0,COMMS4D,06537#E1,Generalusage,13/05/2026 01:00:00 AM,13/05/2026 01:29:59 AM,0.002,0,A
ACCO_15e06beda2,NMI_df2d025267,DEVI_284a47f5e0,COMMS4D,06537#B1,Solar,13/05/2026 01:30:00 AM,13/05/2026 01:59:59 AM,0.001,0,A
ACCO_15e06beda2,NMI_df2d025267,DEVI_284a47f5e0,COMMS4D,06537#E1,Generalusage,13/05/2026 01:30:00 AM,13/05/2026 01:59:59 AM,0.001,0,A
ACCO_15e06beda2,NMI_df2d025267,DEVI_284a47f5e0,COMMS4D,06537#B1,Solar,13/05/2026 02:00:00 AM,13/05/2026 02:29:59 AM,0.002,0,A
ACCO_15e06beda2,NMI_df2d025267,DEVI_284a47f5e0,COMMS4D,06537#E1,Generalusage,13/05/2026 02:00:00 AM,13/05/2026 02:29:59 AM,0.001,0,A
ACCO_15e06beda2,NMI_df2d025267,DEVI_284a47f5e0,COMMS4D,06537#B1,Solar,13/05/2026 02:30:00 AM,13/05/2026 02:59:59 AM,0.001,0,A
ACCO_15e06beda2,NMI_df2d025267,DEVI_284a47f5e0,COMMS4D,06537#E1,Generalusage,13/05/2026 02:30:00 AM,13/05/2026 02:59:59 AM,0.002,0,A
ACCO_15e06beda2,NMI_df2d025267,DEVI_284a47f5e0,COMMS4D,06537#B1,Solar,13/05/2026 03:00:00 AM,13/05/2026 03:29:59 AM,0.002,0,A
ACCO_15e06beda2,NMI_df2d025267,DEVI_284a47f5e0,COMMS4D,06537#E1,Generalusage,13/05/2026 03:00:00 AM,13/05/2026 03:29:59 AM,0.001,0,A
ACCO_15e06beda2,NMI_df2d025267,DEVI_284a47f5e0,COMMS4D,06537#B1,Solar,13/05/2026 03:30:00 AM,13/05/2026 03:59:59 AM,0.001,0,A
ACCO_15e06beda2,NMI_df2d025267,DEVI_284a47f5e0,COMMS4D,06537#E1,Generalusage,13/05/2026 03:30:00 AM,13/05/2026 03:59:59 AM,0.001,0,A
ACCO_15e06beda2,NMI_df2d025267,DEVI_284a47f5e0,COMMS4D,06537#B1,Solar,13/05/2026 04:00:00 AM,13/05/2026 04:29:59 AM,0.002,0,A
ACCO_15e06beda2,NMI_df2d025267,DEVI_284a47f5e0,COMMS4D,06537#E1,Generalusage,13/05/2026 04:00:00 AM,13/05/2026 04:29:59 AM,0.001,0,A
ACCO_15e06beda2,NMI_df2d025267,DEVI_284a47f5e0,COMMS4D,06537#B1,Solar,13/05/2026 04:30:00 AM,13/05/2026 04:59:59 AM,0.002,0,A
ACCO_15e06beda2,NMI_df2d025267,DEVI_284a47f5e0,COMMS4D,06537#E1,Generalusage,13/05/2026 04:30:00 AM,13/05/2026 04:59:59 AM,0.001,0,A
ACCO_15e06beda2,NMI_df2d025267,DEVI_284a47f5e0,COMMS4D,06537#B1,Solar,13/05/2026 05:00:00 AM,13/05/2026 05:29:59 AM,0.002,0,A
ACCO_15e06beda2,NMI_df2d025267,DEVI_284a47f5e0,COMMS4D,06537#E1,Generalusage,13/05/2026 05:00:00 AM,13/05/2026 05:29:59 AM,0.001,0,A
ACCO_15e06beda2,NMI_df2d025267,DEVI_284a47f5e0,COMMS4D,06537#B1,Solar,13/05/2026 05:30:00 AM,13/05/2026 05:59:59 AM,0.001,0,A
ACCO_15e06beda2,NMI_df2d025267,DEVI_284a47f5e0,COMMS4D,06537#E1,Generalusage,13/05/2026 05:30:00 AM,13/05/2026 05:59:59 AM,0.001,0,A
ACCO_15e06beda2,NMI_df2d025267,DEVI_284a47f5e0,COMMS4D,06537#B1,Solar,13/05/2026 06:00:00 AM,13/05/2026 06:29:59 AM,0.002,0,A
ACCO_15e06beda2,NMI_df2d025267,DEVI_284a47f5e0,COMMS4D,06537#E1,Generalusage,13/05/2026 06:00:00 AM,13/05/2026 06:29:59 AM,0.001,0,A
ACCO_15e06beda2,NMI_df2d025267,DEVI_284a47f5e0,COMMS4D,06537#B1,Solar,13/05/2026 06:30:00 AM,13/05/2026 06:59:59 AM,0.003,0,A
ACCO_15e06beda2,NMI_df2d025267,DEVI_284a47f5e0,COMMS4D,06537#E1,Generalusage,13/05/2026 06:30:00 AM,13/05/2026 06:59:59 AM,0.001,0,A
ACCO_15e06beda2,NMI_df2d025267,DEVI_284a47f5e0,COMMS4D,06537#B1,Solar,13/05/2026 07:00:00 AM,13/05/2026 07:29:59 AM,0.003,0,A
ACCO_15e06beda2,NMI_df2d025267,DEVI_284a47f5e0,COMMS4D,06537#E1,Generalusage,13/05/2026 07:00:00 AM,13/05/2026 07:29:59 AM,0.001,0,A
ACCO_15e06beda2,NMI_df2d025267,DEVI_284a47f5e0,COMMS4D,06537#B1,Solar,13/05/2026 07:30:00 AM,13/05/2026 07:59:59 AM,0.002,0,A
ACCO_15e06beda2,NMI_df2d025267,DEVI_284a47f5e0,COMMS4D,06537#E1,Generalusage,13/05/2026 07:30:00 AM,13/05/2026 07:59:59 AM,0.001,0,A
ACCO_15e06beda2,NMI_df2d025267,DEVI_284a47f5e0,COMMS4D,06537#B1,Solar,13/05/2026 08:00:00 AM,13/05/2026 08:29:59 AM,0.001,0,A
ACCO_15e06beda2,NMI_df2d025267,DEVI_284a47f5e0,COMMS4D,06537#E1,Generalusage,13/05/2026 08:00:00 AM,13/05/2026 08:29:59 AM,0.002,0,A
ACCO_15e06beda2,NMI_df2d025267,DEVI_284a47f5e0,COMMS4D,06537#B1,Solar,13/05/2026 08:30:00 AM,13/05/2026 08:59:59 AM,0.003,0,A
ACCO_15e06beda2,NMI_df2d025267,DEVI_284a47f5e0,COMMS4D,06537#E1,Generalusage,13/05/2026 08:30:00 AM,13/05/2026 08:59:59 AM,0.001,0,A
ACCO_15e06beda2,NMI_df2d025267,DEVI_284a47f5e0,COMMS4D,06537#B1,Solar,13/05/2026 09:00:00 AM,13/05/2026 09:29:59 AM,0.002,0,A
ACCO_15e06beda2,NMI_df2d025267,DEVI_284a47f5e0,COMMS4D,06537#E1,Generalusage,13/05/2026 09:00:00 AM,13/05/2026 09:29:59 AM,0,0,A
ACCO_15e06beda2,NMI_df2d025267,DEVI_284a47f5e0,COMMS4D,06537#B1,Solar,13/05/2026 09:30:00 AM,13/05/2026 09:59:59 AM,0.002,0,A
ACCO_15e06beda2,NMI_df2d025267,DEVI_284a47f5e0,COMMS4D,06537#E1,Generalusage,13/05/2026 09:30:00 AM,13/05/2026 09:59:59 AM,0.001,0,A
ACCO_15e06beda2,NMI_df2d025267,DEVI_284a47f5e0,COMMS4D,06537#B1,Solar,13/05/2026 10:00:00 AM,13/05/2026 10:29:59 AM,0.003,0,A
ACCO_15e06beda2,NMI_df2d025267,DEVI_284a47f5e0,COMMS4D,06537#E1,Generalusage,13/05/2026 10:00:00 AM,13/05/2026 10:29:59 AM,0.001,0,A
ACCO_15e06beda2,NMI_df2d025267,DEVI_284a47f5e0,COMMS4D,06537#B1,Solar,13/05/2026 10:30:00 AM,13/05/2026 10:59:59 AM,0.002,0,A
ACCO_15e06beda2,NMI_df2d025267,DEVI_284a47f5e0,COMMS4D,06537#E1,Generalusage,13/05/2026 10:30:00 AM,13/05/2026 10:59:59 AM,0.001,0,A
ACCO_15e06beda2,NMI_df2d025267,DEVI_284a47f5e0,COMMS4D,06537#B1,Solar,13/05/2026 11:00:00 AM,13/05/2026 11:29:59 AM,0.008,0,A
ACCO_15e06beda2,NMI_df2d025267,DEVI_284a47f5e0,COMMS4D,06537#E1,Generalusage,13/05/2026 11:00:00 AM,13/05/2026 11:29:59 AM,0.001,0,A
ACCO_15e06beda2,NMI_df2d025267,DEVI_284a47f5e0,COMMS4D,06537#B1,Solar,13/05/2026 11:30:00 AM,13/05/2026 11:59:59 AM,0.002,0,A
ACCO_15e06beda2,NMI_df2d025267,DEVI_284a47f5e0,COMMS4D,06537#E1,Generalusage,13/05/2026 11:30:00 AM,13/05/2026 11:59:59 AM,0.001,0,A
ACCO_15e06beda2,NMI_df2d025267,DEVI_284a47f5e0,COMMS4D,06537#B1,Solar,13/05/2026 12:00:00 PM,13/05/2026 12:29:59 PM,0.003,0,A
ACCO_15e06beda2,NMI_df2d025267,DEVI_284a47f5e0,COMMS4D,06537#E1,Generalusage,13/05/2026 12:00:00 PM,13/05/2026 12:29:59 PM,0.001,0,A
ACCO_15e06beda2,NMI_df2d025267,DEVI_284a47f5e0,COMMS4D,06537#B1,Solar,13/05/2026 12:30:00 PM,13/05/2026 12:59:59 PM,0.003,0,A
ACCO_15e06beda2,NMI_df2d025267,DEVI_284a47f5e0,COMMS4D,06537#E1,Generalusage,13/05/2026 12:30:00 PM,13/05/2026 12:59:59 PM,0.001,0,A
ACCO_15e06beda2,NMI_df2d025267,DEVI_284a47f5e0,COMMS4D,06537#B1,Solar,13/05/2026 01:00:00 PM,13/05/2026 01:29:59 PM,0.002,0,A
ACCO_15e06beda2,NMI_df2d025267,DEVI_284a47f5e0,COMMS4D,06537#E1,Generalusage,13/05/2026 01:00:00 PM,13/05/2026 01:29:59 PM,0.001,0,A
ACCO_15e06beda2,NMI_df2d025267,DEVI_284a47f5e0,COMMS4D,06537#B1,Solar,13/05/2026 01:30:00 PM,13/05/2026 01:59:59 PM,0.004,0,A
ACCO_15e06beda2,NMI_df2d025267,DEVI_284a47f5e0,COMMS4D,06537#E1,Generalusage,13/05/2026 01:30:00 PM,13/05/2026 01:59:59 PM,0.001,0,A
ACCO_15e06beda2,NMI_df2d025267,DEVI_284a47f5e0,COMMS4D,06537#B1,Solar,13/05/2026 02:00:00 PM,13/05/2026 02:29:59 PM,0.002,0,A
ACCO_15e06beda2,NMI_df2d025267,DEVI_284a47f5e0,COMMS4D,06537#E1,Generalusage,13/05/2026 02:00:00 PM,13/05/2026 02:29:59 PM,0.001,0,A
ACCO_15e06beda2,NMI_df2d025267,DEVI_284a47f5e0,COMMS4D,06537#B1,Solar,13/05/2026 02:30:00 PM,13/05/2026 02:59:59 PM,0.003,0,A
ACCO_15e06beda2,NMI_df2d025267,DEVI_284a47f5e0,COMMS4D,06537#E1,Generalusage,13/05/2026 02:30:00 PM,13/05/2026 02:59:59 PM,0.001,0,A
ACCO_15e06beda2,NMI_df2d025267,DEVI_284a47f5e0,COMMS4D,06537#B1,Solar,13/05/2026 03:00:00 PM,13/05/2026 03:29:59 PM,0.003,0,A
ACCO_15e06beda2,NMI_df2d025267,DEVI_284a47f5e0,COMMS4D,06537#E1,Generalusage,13/05/2026 03:00:00 PM,13/05/2026 03:29:59 PM,0.001,0,A
ACCO_15e06beda2,NMI_df2d025267,DEVI_284a47f5e0,COMMS4D,06537#B1,Solar,13/05/2026 03:30:00 PM,13/05/2026 03:59:59 PM,0.002,0,A
ACCO_15e06beda2,NMI_df2d025267,DEVI_284a47f5e0,COMMS4D,06537#E1,Generalusage,13/05/2026 03:30:00 PM,13/05/2026 03:59:59 PM,0.001,0,A
ACCO_15e06beda2,NMI_df2d025267,DEVI_284a47f5e0,COMMS4D,06537#B1,Solar,13/05/2026 04:00:00 PM,13/05/2026 04:29:59 PM,0.005,0,A
ACCO_15e06beda2,NMI_df2d025267,DEVI_284a47f5e0,COMMS4D,06537#E1,Generalusage,13/05/2026 04:00:00 PM,13/05/2026 04:29:59 PM,0.001,0,A
ACCO_15e06beda2,NMI_df2d025267,DEVI_284a47f5e0,COMMS4D,06537#B1,Solar,13/05/2026 04:30:00 PM,13/05/2026 04:59:59 PM,0.004,0,A
ACCO_15e06beda2,NMI_df2d025267,DEVI_284a47f5e0,COMMS4D,06537#E1,Generalusage,13/05/2026 04:30:00 PM,13/05/2026 04:59:59 PM,0.001,0,A
ACCO_15e06beda2,NMI_df2d025267,DEVI_284a47f5e0,COMMS4D,06537#B1,Solar,13/05/2026 05:00:00 PM,13/05/2026 05:29:59 PM,0.003,0,A
ACCO_15e06beda2,NMI_df2d025267,DEVI_284a47f5e0,COMMS4D,06537#E1,Generalusage,13/05/2026 05:00:00 PM,13/05/2026 05:29:59 PM,0.001,0,A
ACCO_15e06beda2,NMI_df2d025267,DEVI_284a47f5e0,COMMS4D,06537#B1,Solar,13/05/2026 05:30:00 PM,13/05/2026 05:59:59 PM,0.003,0,A
ACCO_15e06beda2,NMI_df2d025267,DEVI_284a47f5e0,COMMS4D,06537#E1,Generalusage,13/05/2026 05:30:00 PM,13/05/2026 05:59:59 PM,0.001,0,A
ACCO_15e06beda2,NMI_df2d025267,DEVI_284a47f5e0,COMMS4D,06537#B1,Solar,13/05/2026 06:00:00 PM,13/05/2026 06:29:59 PM,0.003,0,A
ACCO_15e06beda2,NMI_df2d025267,DEVI_284a47f5e0,COMMS4D,06537#E1,Generalusage,13/05/2026 06:00:00 PM,13/05/2026 06:29:59 PM,0.001,0,A
ACCO_15e06beda2,NMI_df2d025267,DEVI_284a47f5e0,COMMS4D,06537#B1,Solar,13/05/2026 06:30:00 PM,13/05/2026 06:59:59 PM,0.002,0,A
ACCO_15e06beda2,NMI_df2d025267,DEVI_284a47f5e0,COMMS4D,06537#E1,Generalusage,13/05/2026 06:30:00 PM,13/05/2026 06:59:59 PM,0.001,0,A
ACCO_15e06beda2,NMI_df2d025267,DEVI_284a47f5e0,COMMS4D,06537#B1,Solar,13/05/2026 07:00:00 PM,13/05/2026 07:29:59 PM,0.006,0,A
ACCO_15e06beda2,NMI_df2d025267,DEVI_284a47f5e0,COMMS4D,06537#E1,Generalusage,13/05/2026 07:00:00 PM,13/05/2026 07:29:59 PM,0.003,0,A
ACCO_15e06beda2,NMI_df2d025267,DEVI_284a47f5e0,COMMS4D,06537#B1,Solar,13/05/2026 07:30:00 PM,13/05/2026 07:59:59 PM,0.003,0,A
ACCO_15e06beda2,NMI_df2d025267,DEVI_284a47f5e0,COMMS4D,06537#E1,Generalusage,13/05/2026 07:30:00 PM,13/05/2026 07:59:59 PM,0.001,0,A
ACCO_15e06beda2,NMI_df2d025267,DEVI_284a47f5e0,COMMS4D,06537#B1,Solar,13/05/2026 08:00:00 PM,13/05/2026 08:29:59 PM,0.003,0,A
ACCO_15e06beda2,NMI_df2d025267,DEVI_284a47f5e0,COMMS4D,06537#E1,Generalusage,13/05/2026 08:00:00 PM,13/05/2026 08:29:59 PM,0.001,0,A
ACCO_15e06beda2,NMI_df2d025267,DEVI_284a47f5e0,COMMS4D,06537#B1,Solar,13/05/2026 08:30:00 PM,13/05/2026 08:59:59 PM,0.002,0,A
ACCO_15e06beda2,NMI_df2d025267,DEVI_284a47f5e0,COMMS4D,06537#E1,Generalusage,13/05/2026 08:30:00 PM,13/05/2026 08:59:59 PM,0.001,0,A
ACCO_15e06beda2,NMI_df2d025267,DEVI_284a47f5e0,COMMS4D,06537#B1,Solar,13/05/2026 09:00:00 PM,13/05/2026 09:29:59 PM,0.003,0,A
ACCO_15e06beda2,NMI_df2d025267,DEVI_284a47f5e0,COMMS4D,06537#E1,Generalusage,13/05/2026 09:00:00 PM,13/05/2026 09:29:59 PM,0,0,A
ACCO_15e06beda2,NMI_df2d025267,DEVI_284a47f5e0,COMMS4D,06537#B1,Solar,13/05/2026 09:30:00 PM,13/05/2026 09:59:59 PM,0.003,0,A
ACCO_15e06beda2,NMI_df2d025267,DEVI_284a47f5e0,COMMS4D,06537#E1,Generalusage,13/05/2026 09:30:00 PM,13/05/2026 09:59:59 PM,0.001,0,A
ACCO_15e06beda2,NMI_df2d025267,DEVI_284a47f5e0,COMMS4D,06537#B1,Solar,13/05/2026 10:00:00 PM,13/05/2026 10:29:59 PM,0.002,0,A
ACCO_15e06beda2,NMI_df2d025267,DEVI_284a47f5e0,COMMS4D,06537#E1,Generalusage,13/05/2026 10:00:00 PM,13/05/2026 10:29:59 PM,0.018,0,A
ACCO_15e06beda2,NMI_df2d025267,DEVI_284a47f5e0,COMMS4D,06537#B1,Solar,13/05/2026 10:30:00 PM,13/05/2026 10:59:59 PM,0,0,A
ACCO_15e06beda2,NMI_df2d025267,DEVI_284a47f5e0,COMMS4D,06537#E1,Generalusage,13/05/2026 10:30:00 PM,13/05/2026 10:59:59 PM,0.355,0,A
ACCO_15e06beda2,NMI_df2d025267,DEVI_284a47f5e0,COMMS4D,06537#B1,Solar,13/05/2026 11:00:00 PM,13/05/2026 11:29:59 PM,0,0,A
ACCO_15e06beda2,NMI_df2d025267,DEVI_284a47f5e0,COMMS4D,06537#E1,Generalusage,13/05/2026 11:00:00 PM,13/05/2026 11:29:59 PM,0.249,0,A
ACCO_15e06beda2,NMI_df2d025267,DEVI_284a47f5e0,COMMS4D,06537#B1,Solar,13/05/2026 11:30:00 PM,13/05/2026 11:59:59 PM,0,0,A
ACCO_15e06beda2,NMI_df2d025267,DEVI_284a47f5e0,COMMS4D,06537#E1,Generalusage,13/05/2026 11:30:00 PM,13/05/2026 11:59:59 PM,0.218,0,A
ACCO_15e06beda2,NMI_df2d025267,DEVI_284a47f5e0,COMMS4D,06537#B1,Solar,14/05/2026 12:00:00 AM,14/05/2026 12:29:59 AM,0,0,A
ACCO_15e06beda2,NMI_df2d025267,DEVI_284a47f5e0,COMMS4D,06537#E1,Generalusage,14/05/2026 12:00:00 AM,14/05/2026 12:29:59 AM,0.242,0,A
ACCO_15e06beda2,NMI_df2d025267,DEVI_284a47f5e0,COMMS4D,06537#B1,Solar,14/05/2026 12:30:00 AM,14/05/2026 12:59:59 AM,0,0,A
ACCO_15e06beda2,NMI_df2d025267,DEVI_284a47f5e0,COMMS4D,06537#E1,Generalusage,14/05/2026 12:30:00 AM,14/05/2026 12:59:59 AM,0.246,0,A
ACCO_15e06beda2,NMI_df2d025267,DEVI_284a47f5e0,COMMS4D,06537#B1,Solar,14/05/2026 01:00:00 AM,14/05/2026 01:29:59 AM,0,0,A
ACCO_15e06beda2,NMI_df2d025267,DEVI_284a47f5e0,COMMS4D,06537#E1,Generalusage,14/05/2026 01:00:00 AM,14/05/2026 01:29:59 AM,0.229,0,A
ACCO_15e06beda2,NMI_df2d025267,DEVI_284a47f5e0,COMMS4D,06537#B1,Solar,14/05/2026 01:30:00 AM,14/05/2026 01:59:59 AM,0,0,A
ACCO_15e06beda2,NMI_df2d025267,DEVI_284a47f5e0,COMMS4D,06537#E1,Generalusage,14/05/2026 01:30:00 AM,14/05/2026 01:59:59 AM,0.214,0,A
ACCO_15e06beda2,NMI_df2d025267,DEVI_284a47f5e0,COMMS4D,06537#B1,Solar,14/05/2026 02:00:00 AM,14/05/2026 02:29:59 AM,0,0,A
ACCO_15e06beda2,NMI_df2d025267,DEVI_284a47f5e0,COMMS4D,06537#E1,Generalusage,14/05/2026 02:00:00 AM,14/05/2026 02:29:59 AM,0.218,0,A
ACCO_15e06beda2,NMI_df2d025267,DEVI_284a47f5e0,COMMS4D,06537#B1,Solar,14/05/2026 02:30:00 AM,14/05/2026 02:59:59 AM,0,0,A
ACCO_15e06beda2,NMI_df2d025267,DEVI_284a47f5e0,COMMS4D,06537#E1,Generalusage,14/05/2026 02:30:00 AM,14/05/2026 02:59:59 AM,0.214,0,A
ACCO_15e06beda2,NMI_df2d025267,DEVI_284a47f5e0,COMMS4D,06537#B1,Solar,14/05/2026 03:00:00 AM,14/05/2026 03:29:59 AM,0,0,A
ACCO_15e06beda2,NMI_df2d025267,DEVI_284a47f5e0,COMMS4D,06537#E1,Generalusage,14/05/2026 03:00:00 AM,14/05/2026 03:29:59 AM,0.214,0,A
ACCO_15e06beda2,NMI_df2d025267,DEVI_284a47f5e0,COMMS4D,06537#B1,Solar,14/05/2026 03:30:00 AM,14/05/2026 03:59:59 AM,0,0,A
ACCO_15e06beda2,NMI_df2d025267,DEVI_284a47f5e0,COMMS4D,06537#E1,Generalusage,14/05/2026 03:30:00 AM,14/05/2026 03:59:59 AM,0.218,0,A
ACCO_15e06beda2,NMI_df2d025267,DEVI_284a47f5e0,COMMS4D,06537#B1,Solar,14/05/2026 04:00:00 AM,14/05/2026 04:29:59 AM,0,0,A
ACCO_15e06beda2,NMI_df2d025267,DEVI_284a47f5e0,COMMS4D,06537#E1,Generalusage,14/05/2026 04:00:00 AM,14/05/2026 04:29:59 AM,0.216,0,A
ACCO_15e06beda2,NMI_df2d025267,DEVI_284a47f5e0,COMMS4D,06537#B1,Solar,14/05/2026 04:30:00 AM,14/05/2026 04:59:59 AM,0,0,A
ACCO_15e06beda2,NMI_df2d025267,DEVI_284a47f5e0,COMMS4D,06537#E1,Generalusage,14/05/2026 04:30:00 AM,14/05/2026 04:59:59 AM,0.215,0,A
ACCO_15e06beda2,NMI_df2d025267,DEVI_284a47f5e0,COMMS4D,06537#B1,Solar,14/05/2026 05:00:00 AM,14/05/2026 05:29:59 AM,0,0,A
ACCO_15e06beda2,NMI_df2d025267,DEVI_284a47f5e0,COMMS4D,06537#E1,Generalusage,14/05/2026 05:00:00 AM,14/05/2026 05:29:59 AM,0.216,0,A
ACCO_15e06beda2,NMI_df2d025267,DEVI_284a47f5e0,COMMS4D,06537#B1,Solar,14/05/2026 05:30:00 AM,14/05/2026 05:59:59 AM,0,0,A
ACCO_15e06beda2,NMI_df2d025267,DEVI_284a47f5e0,COMMS4D,06537#E1,Generalusage,14/05/2026 05:30:00 AM,14/05/2026 05:59:59 AM,0.217,0,A
ACCO_15e06beda2,NMI_df2d025267,DEVI_284a47f5e0,COMMS4D,06537#B1,Solar,14/05/2026 06:00:00 AM,14/05/2026 06:29:59 AM,0,0,A
ACCO_15e06beda2,NMI_df2d025267,DEVI_284a47f5e0,COMMS4D,06537#E1,Generalusage,14/05/2026 06:00:00 AM,14/05/2026 06:29:59 AM,0.238,0,A
ACCO_15e06beda2,NMI_df2d025267,DEVI_284a47f5e0,COMMS4D,06537#B1,Solar,14/05/2026 06:30:00 AM,14/05/2026 06:59:59 AM,0,0,A
ACCO_15e06beda2,NMI_df2d025267,DEVI_284a47f5e0,COMMS4D,06537#E1,Generalusage,14/05/2026 06:30:00 AM,14/05/2026 06:59:59 AM,0.308,0,A
ACCO_15e06beda2,NMI_df2d025267,DEVI_284a47f5e0,COMMS4D,06537#B1,Solar,14/05/2026 07:00:00 AM,14/05/2026 07:29:59 AM,0,0,A
ACCO_15e06beda2,NMI_df2d025267,DEVI_284a47f5e0,COMMS4D,06537#E1,Generalusage,14/05/2026 07:00:00 AM,14/05/2026 07:29:59 AM,0.358,0,A
ACCO_15e06beda2,NMI_df2d025267,DEVI_284a47f5e0,COMMS4D,06537#B1,Solar,14/05/2026 07:30:00 AM,14/05/2026 07:59:59 AM,0.003,0,A
ACCO_15e06beda2,NMI_df2d025267,DEVI_284a47f5e0,COMMS4D,06537#E1,Generalusage,14/05/2026 07:30:00 AM,14/05/2026 07:59:59 AM,0.028,0,A
ACCO_15e06beda2,NMI_df2d025267,DEVI_284a47f5e0,COMMS4D,06537#B1,Solar,14/05/2026 08:00:00 AM,14/05/2026 08:29:59 AM,0.003,0,A
ACCO_15e06beda2,NMI_df2d025267,DEVI_284a47f5e0,COMMS4D,06537#E1,Generalusage,14/05/2026 08:00:00 AM,14/05/2026 08:29:59 AM,0.001,0,A
ACCO_15e06beda2,NMI_df2d025267,DEVI_284a47f5e0,COMMS4D,06537#B1,Solar,14/05/2026 08:30:00 AM,14/05/2026 08:59:59 AM,0.002,0,A
ACCO_15e06beda2,NMI_df2d025267,DEVI_284a47f5e0,COMMS4D,06537#E1,Generalusage,14/05/2026 08:30:00 AM,14/05/2026 08:59:59 AM,0.001,0,A
ACCO_15e06beda2,NMI_df2d025267,DEVI_284a47f5e0,COMMS4D,06537#B1,Solar,14/05/2026 09:00:00 AM,14/05/2026 09:29:59 AM,0.002,0,A
ACCO_15e06beda2,NMI_df2d025267,DEVI_284a47f5e0,COMMS4D,06537#E1,Generalusage,14/05/2026 09:00:00 AM,14/05/2026 09:29:59 AM,0.001,0,A
ACCO_15e06beda2,NMI_df2d025267,DEVI_284a47f5e0,COMMS4D,06537#B1,Solar,14/05/2026 09:30:00 AM,14/05/2026 09:59:59 AM,0.002,0,A
ACCO_15e06beda2,NMI_df2d025267,DEVI_284a47f5e0,COMMS4D,06537#E1,Generalusage,14/05/2026 09:30:00 AM,14/05/2026 09:59:59 AM,0.001,0,A
ACCO_15e06beda2,NMI_df2d025267,DEVI_284a47f5e0,COMMS4D,06537#B1,Solar,14/05/2026 10:00:00 AM,14/05/2026 10:29:59 AM,0.003,0,A
ACCO_15e06beda2,NMI_df2d025267,DEVI_284a47f5e0,COMMS4D,06537#E1,Generalusage,14/05/2026 10:00:00 AM,14/05/2026 10:29:59 AM,0.001,0,A
ACCO_15e06beda2,NMI_df2d025267,DEVI_284a47f5e0,COMMS4D,06537#B1,Solar,14/05/2026 10:30:00 AM,14/05/2026 10:59:59 AM,0.002,0,A
ACCO_15e06beda2,NMI_df2d025267,DEVI_284a47f5e0,COMMS4D,06537#E1,Generalusage,14/05/2026 10:30:00 AM,14/05/2026 10:59:59 AM,0.001,0,A
ACCO_15e06beda2,NMI_df2d025267,DEVI_284a47f5e0,COMMS4D,06537#B1,Solar,14/05/2026 11:00:00 AM,14/05/2026 11:29:59 AM,0.002,0,A
ACCO_15e06beda2,NMI_df2d025267,DEVI_284a47f5e0,COMMS4D,06537#E1,Generalusage,14/05/2026 11:00:00 AM,14/05/2026 11:29:59 AM,0.001,0,A
ACCO_15e06beda2,NMI_df2d025267,DEVI_284a47f5e0,COMMS4D,06537#B1,Solar,14/05/2026 11:30:00 AM,14/05/2026 11:59:59 AM,0.003,0,A
ACCO_15e06beda2,NMI_df2d025267,DEVI_284a47f5e0,COMMS4D,06537#E1,Generalusage,14/05/2026 11:30:00 AM,14/05/2026 11:59:59 AM,0,0,A
ACCO_15e06beda2,NMI_df2d025267,DEVI_284a47f5e0,COMMS4D,06537#B1,Solar,14/05/2026 12:00:00 PM,14/05/2026 12:29:59 PM,0.002,0,A
ACCO_15e06beda2,NMI_df2d025267,DEVI_284a47f5e0,COMMS4D,06537#E1,Generalusage,14/05/2026 12:00:00 PM,14/05/2026 12:29:59 PM,0.001,0,A
ACCO_15e06beda2,NMI_df2d025267,DEVI_284a47f5e0,COMMS4D,06537#B1,Solar,14/05/2026 12:30:00 PM,14/05/2026 12:59:59 PM,0.003,0,A
ACCO_15e06beda2,NMI_df2d025267,DEVI_284a47f5e0,COMMS4D,06537#E1,Generalusage,14/05/2026 12:30:00 PM,14/05/2026 12:59:59 PM,0.002,0,A
ACCO_15e06beda2,NMI_df2d025267,DEVI_284a47f5e0,COMMS4D,06537#B1,Solar,14/05/2026 01:00:00 PM,14/05/2026 01:29:59 PM,0.003,0,A
ACCO_15e06beda2,NMI_df2d025267,DEVI_284a47f5e0,COMMS4D,06537#E1,Generalusage,14/05/2026 01:00:00 PM,14/05/2026 01:29:59 PM,0.001,0,A
ACCO_15e06beda2,NMI_df2d025267,DEVI_284a47f5e0,COMMS4D,06537#B1,Solar,14/05/2026 01:30:00 PM,14/05/2026 01:59:59 PM,0.544,0,A
ACCO_15e06beda2,NMI_df2d025267,DEVI_284a47f5e0,COMMS4D,06537#E1,Generalusage,14/05/2026 01:30:00 PM,14/05/2026 01:59:59 PM,0.001,0,A
ACCO_15e06beda2,NMI_df2d025267,DEVI_284a47f5e0,COMMS4D,06537#B1,Solar,14/05/2026 02:00:00 PM,14/05/2026 02:29:59 PM,1.421,0,A
ACCO_15e06beda2,NMI_df2d025267,DEVI_284a47f5e0,COMMS4D,06537#E1,Generalusage,14/05/2026 02:00:00 PM,14/05/2026 02:29:59 PM,0,0,A
ACCO_15e06beda2,NMI_df2d025267,DEVI_284a47f5e0,COMMS4D,06537#B1,Solar,14/05/2026 02:30:00 PM,14/05/2026 02:59:59 PM,0.551,0,A
ACCO_15e06beda2,NMI_df2d025267,DEVI_284a47f5e0,COMMS4D,06537#E1,Generalusage,14/05/2026 02:30:00 PM,14/05/2026 02:59:59 PM,0,0,A
ACCO_15e06beda2,NMI_df2d025267,DEVI_284a47f5e0,COMMS4D,06537#B1,Solar,14/05/2026 03:00:00 PM,14/05/2026 03:29:59 PM,0.681,0,A
ACCO_15e06beda2,NMI_df2d025267,DEVI_284a47f5e0,COMMS4D,06537#E1,Generalusage,14/05/2026 03:00:00 PM,14/05/2026 03:29:59 PM,0,0,A
ACCO_15e06beda2,NMI_df2d025267,DEVI_284a47f5e0,COMMS4D,06537#B1,Solar,14/05/2026 03:30:00 PM,14/05/2026 03:59:59 PM,0.032,0,A
ACCO_15e06beda2,NMI_df2d025267,DEVI_284a47f5e0,COMMS4D,06537#E1,Generalusage,14/05/2026 03:30:00 PM,14/05/2026 03:59:59 PM,0.002,0,A
ACCO_15e06beda2,NMI_df2d025267,DEVI_284a47f5e0,COMMS4D,06537#B1,Solar,14/05/2026 04:00:00 PM,14/05/2026 04:29:59 PM,0.003,0,A
ACCO_15e06beda2,NMI_df2d025267,DEVI_284a47f5e0,COMMS4D,06537#E1,Generalusage,14/05/2026 04:00:00 PM,14/05/2026 04:29:59 PM,0.001,0,A
ACCO_15e06beda2,NMI_df2d025267,DEVI_284a47f5e0,COMMS4D,06537#B1,Solar,14/05/2026 04:30:00 PM,14/05/2026 04:59:59 PM,0.004,0,A
ACCO_15e06beda2,NMI_df2d025267,DEVI_284a47f5e0,COMMS4D,06537#E1,Generalusage,14/05/2026 04:30:00 PM,14/05/2026 04:59:59 PM,0.002,0,A
ACCO_15e06beda2,NMI_df2d025267,DEVI_284a47f5e0,COMMS4D,06537#B1,Solar,14/05/2026 05:00:00 PM,14/05/2026 05:29:59 PM,0.003,0,A
ACCO_15e06beda2,NMI_df2d025267,DEVI_284a47f5e0,COMMS4D,06537#E1,Generalusage,14/05/2026 05:00:00 PM,14/05/2026 05:29:59 PM,0.001,0,A
ACCO_15e06beda2,NMI_df2d025267,DEVI_284a47f5e0,COMMS4D,06537#B1,Solar,14/05/2026 05:30:00 PM,14/05/2026 05:59:59 PM,0.004,0,A
ACCO_15e06beda2,NMI_df2d025267,DEVI_284a47f5e0,COMMS4D,06537#E1,Generalusage,14/05/2026 05:30:00 PM,14/05/2026 05:59:59 PM,0.001,0,A
ACCO_15e06beda2,NMI_df2d025267,DEVI_284a47f5e0,COMMS4D,06537#B1,Solar,14/05/2026 06:00:00 PM,14/05/2026 06:29:59 PM,0.004,0,A
ACCO_15e06beda2,NMI_df2d025267,DEVI_284a47f5e0,COMMS4D,06537#E1,Generalusage,14/05/2026 06:00:00 PM,14/05/2026 06:29:59 PM,0.002,0,A
ACCO_15e06beda2,NMI_df2d025267,DEVI_284a47f5e0,COMMS4D,06537#B1,Solar,14/05/2026 06:30:00 PM,14/05/2026 06:59:59 PM,0.003,0,A
ACCO_15e06beda2,NMI_df2d025267,DEVI_284a47f5e0,COMMS4D,06537#E1,Generalusage,14/05/2026 06:30:00 PM,14/05/2026 06:59:59 PM,0.001,0,A
ACCO_15e06beda2,NMI_df2d025267,DEVI_284a47f5e0,COMMS4D,06537#B1,Solar,14/05/2026 07:00:00 PM,14/05/2026 07:29:59 PM,0.002,0,A
ACCO_15e06beda2,NMI_df2d025267,DEVI_284a47f5e0,COMMS4D,06537#E1,Generalusage,14/05/2026 07:00:00 PM,14/05/2026 07:29:59 PM,0.001,0,A
ACCO_15e06beda2,NMI_df2d025267,DEVI_284a47f5e0,COMMS4D,06537#B1,Solar,14/05/2026 07:30:00 PM,14/05/2026 07:59:59 PM,0.003,0,A
ACCO_15e06beda2,NMI_df2d025267,DEVI_284a47f5e0,COMMS4D,06537#E1,Generalusage,14/05/2026 07:30:00 PM,14/05/2026 07:59:59 PM,0.002,0,A
ACCO_15e06beda2,NMI_df2d025267,DEVI_284a47f5e0,COMMS4D,06537#B1,Solar,14/05/2026 08:00:00 PM,14/05/2026 08:29:59 PM,0.003,0,A
ACCO_15e06beda2,NMI_df2d025267,DEVI_284a47f5e0,COMMS4D,06537#E1,Generalusage,14/05/2026 08:00:00 PM,14/05/2026 08:29:59 PM,0.001,0,A
ACCO_15e06beda2,NMI_df2d025267,DEVI_284a47f5e0,COMMS4D,06537#B1,Solar,14/05/2026 08:30:00 PM,14/05/2026 08:59:59 PM,0.002,0,A
ACCO_15e06beda2,NMI_df2d025267,DEVI_284a47f5e0,COMMS4D,06537#E1,Generalusage,14/05/2026 08:30:00 PM,14/05/2026 08:59:59 PM,0,0,A
ACCO_15e06beda2,NMI_df2d025267,DEVI_284a47f5e0,COMMS4D,06537#B1,Solar,14/05/2026 09:00:00 PM,14/05/2026 09:29:59 PM,0.003,0,A
ACCO_15e06beda2,NMI_df2d025267,DEVI_284a47f5e0,COMMS4D,06537#E1,Generalusage,14/05/2026 09:00:00 PM,14/05/2026 09:29:59 PM,0.001,0,A
ACCO_15e06beda2,NMI_df2d025267,DEVI_284a47f5e0,COMMS4D,06537#B1,Solar,14/05/2026 09:30:00 PM,14/05/2026 09:59:59 PM,0.002,0,A
ACCO_15e06beda2,NMI_df2d025267,DEVI_284a47f5e0,COMMS4D,06537#E1,Generalusage,14/05/2026 09:30:00 PM,14/05/2026 09:59:59 PM,0.001,0,A
ACCO_15e06beda2,NMI_df2d025267,DEVI_284a47f5e0,COMMS4D,06537#B1,Solar,14/05/2026 10:00:00 PM,14/05/2026 10:29:59 PM,0.003,0,A
ACCO_15e06beda2,NMI_df2d025267,DEVI_284a47f5e0,COMMS4D,06537#E1,Generalusage,14/05/2026 10:00:00 PM,14/05/2026 10:29:59 PM,0.001,0,A
ACCO_15e06beda2,NMI_df2d025267,DEVI_284a47f5e0,COMMS4D,06537#B1,Solar,14/05/2026 10:30:00 PM,14/05/2026 10:59:59 PM,0.003,0,A
ACCO_15e06beda2,NMI_df2d025267,DEVI_284a47f5e0,COMMS4D,06537#E1,Generalusage,14/05/2026 10:30:00 PM,14/05/2026 10:59:59 PM,0.001,0,A
ACCO_15e06beda2,NMI_df2d025267,DEVI_284a47f5e0,COMMS4D,06537#B1,Solar,14/05/2026 11:00:00 PM,14/05/2026 11:29:59 PM,0.002,0,A
ACCO_15e06beda2,NMI_df2d025267,DEVI_284a47f5e0,COMMS4D,06537#E1,Generalusage,14/05/2026 11:00:00 PM,14/05/2026 11:29:59 PM,0.001,0,A
ACCO_15e06beda2,NMI_df2d025267,DEVI_284a47f5e0,COMMS4D,06537#B1,Solar,14/05/2026 11:30:00 PM,14/05/2026 11:59:59 PM,0.002,0,A
ACCO_15e06beda2,NMI_df2d025267,DEVI_284a47f5e0,COMMS4D,06537#E1,Generalusage,14/05/2026 11:30:00 PM,14/05/2026 11:59:59 PM,0,0,A
ACCO_15e06beda2,NMI_df2d025267,DEVI_284a47f5e0,COMMS4D,06537#B1,Solar,15/05/2026 12:00:00 AM,15/05/2026 12:29:59 AM,0.002,0,A
ACCO_15e06beda2,NMI_df2d025267,DEVI_284a47f5e0,COMMS4D,06537#E1,Generalusage,15/05/2026 12:00:00 AM,15/05/2026 12:29:59 AM,0.001,0,A
ACCO_15e06beda2,NMI_df2d025267,DEVI_284a47f5e0,COMMS4D,06537#B1,Solar,15/05/2026 12:30:00 AM,15/05/2026 12:59:59 AM,0.003,0,A
ACCO_15e06beda2,NMI_df2d025267,DEVI_284a47f5e0,COMMS4D,06537#E1,Generalusage,15/05/2026 12:30:00 AM,15/05/2026 12:59:59 AM,0.001,0,A
ACCO_15e06beda2,NMI_df2d025267,DEVI_284a47f5e0,COMMS4D,06537#B1,Solar,15/05/2026 01:00:00 AM,15/05/2026 01:29:59 AM,0.002,0,A
ACCO_15e06beda2,NMI_df2d025267,DEVI_284a47f5e0,COMMS4D,06537#E1,Generalusage,15/05/2026 01:00:00 AM,15/05/2026 01:29:59 AM,0.001,0,A
ACCO_15e06beda2,NMI_df2d025267,DEVI_284a47f5e0,COMMS4D,06537#B1,Solar,15/05/2026 01:30:00 AM,15/05/2026 01:59:59 AM,0.001,0,A
ACCO_15e06beda2,NMI_df2d025267,DEVI_284a47f5e0,COMMS4D,06537#E1,Generalusage,15/05/2026 01:30:00 AM,15/05/2026 01:59:59 AM,0.001,0,A
ACCO_15e06beda2,NMI_df2d025267,DEVI_284a47f5e0,COMMS4D,06537#B1,Solar,15/05/2026 02:00:00 AM,15/05/2026 02:29:59 AM,0.002,0,A
ACCO_15e06beda2,NMI_df2d025267,DEVI_284a47f5e0,COMMS4D,06537#E1,Generalusage,15/05/2026 02:00:00 AM,15/05/2026 02:29:59 AM,0.001,0,A
ACCO_15e06beda2,NMI_df2d025267,DEVI_284a47f5e0,COMMS4D,06537#B1,Solar,15/05/2026 02:30:00 AM,15/05/2026 02:59:59 AM,0.001,0,A
ACCO_15e06beda2,NMI_df2d025267,DEVI_284a47f5e0,COMMS4D,06537#E1,Generalusage,15/05/2026 02:30:00 AM,15/05/2026 02:59:59 AM,0.002,0,A
ACCO_15e06beda2,NMI_df2d025267,DEVI_284a47f5e0,COMMS4D,06537#B1,Solar,15/05/2026 03:00:00 AM,15/05/2026 03:29:59 AM,0.001,0,A
ACCO_15e06beda2,NMI_df2d025267,DEVI_284a47f5e0,COMMS4D,06537#E1,Generalusage,15/05/2026 03:00:00 AM,15/05/2026 03:29:59 AM,0.001,0,A
ACCO_15e06beda2,NMI_df2d025267,DEVI_284a47f5e0,COMMS4D,06537#B1,Solar,15/05/2026 03:30:00 AM,15/05/2026 03:59:59 AM,0.002,0,A
ACCO_15e06beda2,NMI_df2d025267,DEVI_284a47f5e0,COMMS4D,06537#E1,Generalusage,15/05/2026 03:30:00 AM,15/05/2026 03:59:59 AM,0.001,0,A
ACCO_15e06beda2,NMI_df2d025267,DEVI_284a47f5e0,COMMS4D,06537#B1,Solar,15/05/2026 04:00:00 AM,15/05/2026 04:29:59 AM,0.001,0,A
ACCO_15e06beda2,NMI_df2d025267,DEVI_284a47f5e0,COMMS4D,06537#E1,Generalusage,15/05/2026 04:00:00 AM,15/05/2026 04:29:59 AM,0.001,0,A
ACCO_15e06beda2,NMI_df2d025267,DEVI_284a47f5e0,COMMS4D,06537#B1,Solar,15/05/2026 04:30:00 AM,15/05/2026 04:59:59 AM,0.002,0,A
ACCO_15e06beda2,NMI_df2d025267,DEVI_284a47f5e0,COMMS4D,06537#E1,Generalusage,15/05/2026 04:30:00 AM,15/05/2026 04:59:59 AM,0.001,0,A
ACCO_15e06beda2,NMI_df2d025267,DEVI_284a47f5e0,COMMS4D,06537#B1,Solar,15/05/2026 05:00:00 AM,15/05/2026 05:29:59 AM,0.002,0,A
ACCO_15e06beda2,NMI_df2d025267,DEVI_284a47f5e0,COMMS4D,06537#E1,Generalusage,15/05/2026 05:00:00 AM,15/05/2026 05:29:59 AM,0.001,0,A
ACCO_15e06beda2,NMI_df2d025267,DEVI_284a47f5e0,COMMS4D,06537#B1,Solar,15/05/2026 05:30:00 AM,15/05/2026 05:59:59 AM,0.002,0,A
ACCO_15e06beda2,NMI_df2d025267,DEVI_284a47f5e0,COMMS4D,06537#E1,Generalusage,15/05/2026 05:30:00 AM,15/05/2026 05:59:59 AM,0.001,0,A
ACCO_15e06beda2,NMI_df2d025267,DEVI_284a47f5e0,COMMS4D,06537#B1,Solar,15/05/2026 06:00:00 AM,15/05/2026 06:29:59 AM,0.002,0,A
ACCO_15e06beda2,NMI_df2d025267,DEVI_284a47f5e0,COMMS4D,06537#E1,Generalusage,15/05/2026 06:00:00 AM,15/05/2026 06:29:59 AM,0.001,0,A
ACCO_15e06beda2,NMI_df2d025267,DEVI_284a47f5e0,COMMS4D,06537#B1,Solar,15/05/2026 06:30:00 AM,15/05/2026 06:59:59 AM,0.003,0,A
ACCO_15e06beda2,NMI_df2d025267,DEVI_284a47f5e0,COMMS4D,06537#E1,Generalusage,15/05/2026 06:30:00 AM,15/05/2026 06:59:59 AM,0.001,0,A
ACCO_15e06beda2,NMI_df2d025267,DEVI_284a47f5e0,COMMS4D,06537#B1,Solar,15/05/2026 07:00:00 AM,15/05/2026 07:29:59 AM,0.002,0,A
ACCO_15e06beda2,NMI_df2d025267,DEVI_284a47f5e0,COMMS4D,06537#E1,Generalusage,15/05/2026 07:00:00 AM,15/05/2026 07:29:59 AM,0.001,0,A
ACCO_15e06beda2,NMI_df2d025267,DEVI_284a47f5e0,COMMS4D,06537#B1,Solar,15/05/2026 07:30:00 AM,15/05/2026 07:59:59 AM,0.002,0,A
ACCO_15e06beda2,NMI_df2d025267,DEVI_284a47f5e0,COMMS4D,06537#E1,Generalusage,15/05/2026 07:30:00 AM,15/05/2026 07:59:59 AM,0.001,0,A
ACCO_15e06beda2,NMI_df2d025267,DEVI_284a47f5e0,COMMS4D,06537#B1,Solar,15/05/2026 08:00:00 AM,15/05/2026 08:29:59 AM,0.002,0,A
ACCO_15e06beda2,NMI_df2d025267,DEVI_284a47f5e0,COMMS4D,06537#E1,Generalusage,15/05/2026 08:00:00 AM,15/05/2026 08:29:59 AM,0,0,A
ACCO_15e06beda2,NMI_df2d025267,DEVI_284a47f5e0,COMMS4D,06537#B1,Solar,15/05/2026 08:30:00 AM,15/05/2026 08:59:59 AM,0.003,0,A
ACCO_15e06beda2,NMI_df2d025267,DEVI_284a47f5e0,COMMS4D,06537#E1,Generalusage,15/05/2026 08:30:00 AM,15/05/2026 08:59:59 AM,0.001,0,A
ACCO_15e06beda2,NMI_df2d025267,DEVI_284a47f5e0,COMMS4D,06537#B1,Solar,15/05/2026 09:00:00 AM,15/05/2026 09:29:59 AM,0.002,0,A
ACCO_15e06beda2,NMI_df2d025267,DEVI_284a47f5e0,COMMS4D,06537#E1,Generalusage,15/05/2026 09:00:00 AM,15/05/2026 09:29:59 AM,0.001,0,A
ACCO_15e06beda2,NMI_df2d025267,DEVI_284a47f5e0,COMMS4D,06537#B1,Solar,15/05/2026 09:30:00 AM,15/05/2026 09:59:59 AM,0.003,0,A
ACCO_15e06beda2,NMI_df2d025267,DEVI_284a47f5e0,COMMS4D,06537#E1,Generalusage,15/05/2026 09:30:00 AM,15/05/2026 09:59:59 AM,0.001,0,A
ACCO_15e06beda2,NMI_df2d025267,DEVI_284a47f5e0,COMMS4D,06537#B1,Solar,15/05/2026 10:00:00 AM,15/05/2026 10:29:59 AM,0.002,0,A
ACCO_15e06beda2,NMI_df2d025267,DEVI_284a47f5e0,COMMS4D,06537#E1,Generalusage,15/05/2026 10:00:00 AM,15/05/2026 10:29:59 AM,0.001,0,A
ACCO_15e06beda2,NMI_df2d025267,DEVI_284a47f5e0,COMMS4D,06537#B1,Solar,15/05/2026 10:30:00 AM,15/05/2026 10:59:59 AM,0.003,0,A
ACCO_15e06beda2,NMI_df2d025267,DEVI_284a47f5e0,COMMS4D,06537#E1,Generalusage,15/05/2026 10:30:00 AM,15/05/2026 10:59:59 AM,0.001,0,A
ACCO_15e06beda2,NMI_df2d025267,DEVI_284a47f5e0,COMMS4D,06537#B1,Solar,15/05/2026 11:00:00 AM,15/05/2026 11:29:59 AM,0.003,0,A
ACCO_15e06beda2,NMI_df2d025267,DEVI_284a47f5e0,COMMS4D,06537#E1,Generalusage,15/05/2026 11:00:00 AM,15/05/2026 11:29:59 AM,0.001,0,A
ACCO_15e06beda2,NMI_df2d025267,DEVI_284a47f5e0,COMMS4D,06537#B1,Solar,15/05/2026 11:30:00 AM,15/05/2026 11:59:59 AM,0.772,0,A
ACCO_15e06beda2,NMI_df2d025267,DEVI_284a47f5e0,COMMS4D,06537#E1,Generalusage,15/05/2026 11:30:00 AM,15/05/2026 11:59:59 AM,0.001,0,A
ACCO_15e06beda2,NMI_df2d025267,DEVI_284a47f5e0,COMMS4D,06537#B1,Solar,15/05/2026 12:00:00 PM,15/05/2026 12:29:59 PM,2.103,0,A
ACCO_15e06beda2,NMI_df2d025267,DEVI_284a47f5e0,COMMS4D,06537#E1,Generalusage,15/05/2026 12:00:00 PM,15/05/2026 12:29:59 PM,0,0,A
ACCO_15e06beda2,NMI_df2d025267,DEVI_284a47f5e0,COMMS4D,06537#B1,Solar,15/05/2026 12:30:00 PM,15/05/2026 12:59:59 PM,2.647,0,A
ACCO_15e06beda2,NMI_df2d025267,DEVI_284a47f5e0,COMMS4D,06537#E1,Generalusage,15/05/2026 12:30:00 PM,15/05/2026 12:59:59 PM,0.001,0,A
ACCO_15e06beda2,NMI_df2d025267,DEVI_284a47f5e0,COMMS4D,06537#B1,Solar,15/05/2026 01:00:00 PM,15/05/2026 01:29:59 PM,0.724,0,A
ACCO_15e06beda2,NMI_df2d025267,DEVI_284a47f5e0,COMMS4D,06537#E1,Generalusage,15/05/2026 01:00:00 PM,15/05/2026 01:29:59 PM,0,0,A
ACCO_15e06beda2,NMI_df2d025267,DEVI_284a47f5e0,COMMS4D,06537#B1,Solar,15/05/2026 01:30:00 PM,15/05/2026 01:59:59 PM,1.605,0,A
ACCO_15e06beda2,NMI_df2d025267,DEVI_284a47f5e0,COMMS4D,06537#E1,Generalusage,15/05/2026 01:30:00 PM,15/05/2026 01:59:59 PM,0.002,0,A
ACCO_15e06beda2,NMI_df2d025267,DEVI_284a47f5e0,COMMS4D,06537#B1,Solar,15/05/2026 02:00:00 PM,15/05/2026 02:29:59 PM,0.691,0,A
ACCO_15e06beda2,NMI_df2d025267,DEVI_284a47f5e0,COMMS4D,06537#E1,Generalusage,15/05/2026 02:00:00 PM,15/05/2026 02:29:59 PM,0,0,A
ACCO_15e06beda2,NMI_df2d025267,DEVI_284a47f5e0,COMMS4D,06537#B1,Solar,15/05/2026 02:30:00 PM,15/05/2026 02:59:59 PM,0.553,0,A
ACCO_15e06beda2,NMI_df2d025267,DEVI_284a47f5e0,COMMS4D,06537#E1,Generalusage,15/05/2026 02:30:00 PM,15/05/2026 02:59:59 PM,0,0,A
ACCO_15e06beda2,NMI_df2d025267,DEVI_284a47f5e0,COMMS4D,06537#B1,Solar,15/05/2026 03:00:00 PM,15/05/2026 03:29:59 PM,0.341,0,A
ACCO_15e06beda2,NMI_df2d025267,DEVI_284a47f5e0,COMMS4D,06537#E1,Generalusage,15/05/2026 03:00:00 PM,15/05/2026 03:29:59 PM,0.001,0,A
ACCO_15e06beda2,NMI_df2d025267,DEVI_284a47f5e0,COMMS4D,06537#B1,Solar,15/05/2026 03:30:00 PM,15/05/2026 03:59:59 PM,0.322,0,A
ACCO_15e06beda2,NMI_df2d025267,DEVI_284a47f5e0,COMMS4D,06537#E1,Generalusage,15/05/2026 03:30:00 PM,15/05/2026 03:59:59 PM,0,0,A
ACCO_15e06beda2,NMI_df2d025267,DEVI_284a47f5e0,COMMS4D,06537#B1,Solar,15/05/2026 04:00:00 PM,15/05/2026 04:29:59 PM,0.078,0,A
ACCO_15e06beda2,NMI_df2d025267,DEVI_284a47f5e0,COMMS4D,06537#E1,Generalusage,15/05/2026 04:00:00 PM,15/05/2026 04:29:59 PM,0.001,0,A
ACCO_15e06beda2,NMI_df2d025267,DEVI_284a47f5e0,COMMS4D,06537#B1,Solar,15/05/2026 04:30:00 PM,15/05/2026 04:59:59 PM,0.003,0,A
ACCO_15e06beda2,NMI_df2d025267,DEVI_284a47f5e0,COMMS4D,06537#E1,Generalusage,15/05/2026 04:30:00 PM,15/05/2026 04:59:59 PM,0.002,0,A
ACCO_15e06beda2,NMI_df2d025267,DEVI_284a47f5e0,COMMS4D,06537#B1,Solar,15/05/2026 05:00:00 PM,15/05/2026 05:29:59 PM,0.002,0,A
ACCO_15e06beda2,NMI_df2d025267,DEVI_284a47f5e0,COMMS4D,06537#E1,Generalusage,15/05/2026 05:00:00 PM,15/05/2026 05:29:59 PM,0.001,0,A
ACCO_15e06beda2,NMI_df2d025267,DEVI_284a47f5e0,COMMS4D,06537#B1,Solar,15/05/2026 05:30:00 PM,15/05/2026 05:59:59 PM,0.003,0,A
ACCO_15e06beda2,NMI_df2d025267,DEVI_284a47f5e0,COMMS4D,06537#E1,Generalusage,15/05/2026 05:30:00 PM,15/05/2026 05:59:59 PM,0.001,0,A
ACCO_15e06beda2,NMI_df2d025267,DEVI_284a47f5e0,COMMS4D,06537#B1,Solar,15/05/2026 06:00:00 PM,15/05/2026 06:29:59 PM,0.002,0,A
ACCO_15e06beda2,NMI_df2d025267,DEVI_284a47f5e0,COMMS4D,06537#E1,Generalusage,15/05/2026 06:00:00 PM,15/05/2026 06:29:59 PM,0.001,0,A
ACCO_15e06beda2,NMI_df2d025267,DEVI_284a47f5e0,COMMS4D,06537#B1,Solar,15/05/2026 06:30:00 PM,15/05/2026 06:59:59 PM,0.003,0,A
ACCO_15e06beda2,NMI_df2d025267,DEVI_284a47f5e0,COMMS4D,06537#E1,Generalusage,15/05/2026 06:30:00 PM,15/05/2026 06:59:59 PM,0.001,0,A
ACCO_15e06beda2,NMI_df2d025267,DEVI_284a47f5e0,COMMS4D,06537#B1,Solar,15/05/2026 07:00:00 PM,15/05/2026 07:29:59 PM,0.003,0,A
ACCO_15e06beda2,NMI_df2d025267,DEVI_284a47f5e0,COMMS4D,06537#E1,Generalusage,15/05/2026 07:00:00 PM,15/05/2026 07:29:59 PM,0.002,0,A
ACCO_15e06beda2,NMI_df2d025267,DEVI_284a47f5e0,COMMS4D,06537#B1,Solar,15/05/2026 07:30:00 PM,15/05/2026 07:59:59 PM,0.003,0,A
ACCO_15e06beda2,NMI_df2d025267,DEVI_284a47f5e0,COMMS4D,06537#E1,Generalusage,15/05/2026 07:30:00 PM,15/05/2026 07:59:59 PM,0.001,0,A
ACCO_15e06beda2,NMI_df2d025267,DEVI_284a47f5e0,COMMS4D,06537#B1,Solar,15/05/2026 08:00:00 PM,15/05/2026 08:29:59 PM,0.002,0,A
ACCO_15e06beda2,NMI_df2d025267,DEVI_284a47f5e0,COMMS4D,06537#E1,Generalusage,15/05/2026 08:00:00 PM,15/05/2026 08:29:59 PM,0.001,0,A
ACCO_15e06beda2,NMI_df2d025267,DEVI_284a47f5e0,COMMS4D,06537#B1,Solar,15/05/2026 08:30:00 PM,15/05/2026 08:59:59 PM,0.003,0,A
ACCO_15e06beda2,NMI_df2d025267,DEVI_284a47f5e0,COMMS4D,06537#E1,Generalusage,15/05/2026 08:30:00 PM,15/05/2026 08:59:59 PM,0.001,0,A
ACCO_15e06beda2,NMI_df2d025267,DEVI_284a47f5e0,COMMS4D,06537#B1,Solar,15/05/2026 09:00:00 PM,15/05/2026 09:29:59 PM,0.003,0,A
ACCO_15e06beda2,NMI_df2d025267,DEVI_284a47f5e0,COMMS4D,06537#E1,Generalusage,15/05/2026 09:00:00 PM,15/05/2026 09:29:59 PM,0.001,0,A
ACCO_15e06beda2,NMI_df2d025267,DEVI_284a47f5e0,COMMS4D,06537#B1,Solar,15/05/2026 09:30:00 PM,15/05/2026 09:59:59 PM,0.002,0,A
ACCO_15e06beda2,NMI_df2d025267,DEVI_284a47f5e0,COMMS4D,06537#E1,Generalusage,15/05/2026 09:30:00 PM,15/05/2026 09:59:59 PM,0.001,0,A
ACCO_15e06beda2,NMI_df2d025267,DEVI_284a47f5e0,COMMS4D,06537#B1,Solar,15/05/2026 10:00:00 PM,15/05/2026 10:29:59 PM,0.003,0,A
ACCO_15e06beda2,NMI_df2d025267,DEVI_284a47f5e0,COMMS4D,06537#E1,Generalusage,15/05/2026 10:00:00 PM,15/05/2026 10:29:59 PM,0.043,0,A
ACCO_15e06beda2,NMI_df2d025267,DEVI_284a47f5e0,COMMS4D,06537#B1,Solar,15/05/2026 10:30:00 PM,15/05/2026 10:59:59 PM,0.003,0,A
ACCO_15e06beda2,NMI_df2d025267,DEVI_284a47f5e0,COMMS4D,06537#E1,Generalusage,15/05/2026 10:30:00 PM,15/05/2026 10:59:59 PM,0.001,0,A
ACCO_15e06beda2,NMI_df2d025267,DEVI_284a47f5e0,COMMS4D,06537#B1,Solar,15/05/2026 11:00:00 PM,15/05/2026 11:29:59 PM,0.002,0,A
ACCO_15e06beda2,NMI_df2d025267,DEVI_284a47f5e0,COMMS4D,06537#E1,Generalusage,15/05/2026 11:00:00 PM,15/05/2026 11:29:59 PM,0.001,0,A
ACCO_15e06beda2,NMI_df2d025267,DEVI_284a47f5e0,COMMS4D,06537#B1,Solar,15/05/2026 11:30:00 PM,15/05/2026 11:59:59 PM,0.004,0,A
ACCO_15e06beda2,NMI_df2d025267,DEVI_284a47f5e0,COMMS4D,06537#E1,Generalusage,15/05/2026 11:30:00 PM,15/05/2026 11:59:59 PM,0,0,A
ACCO_15e06beda2,NMI_df2d025267,DEVI_284a47f5e0,COMMS4D,06537#B1,Solar,16/05/2026 12:00:00 AM,16/05/2026 12:29:59 AM,0.002,0,A
ACCO_15e06beda2,NMI_df2d025267,DEVI_284a47f5e0,COMMS4D,06537#E1,Generalusage,16/05/2026 12:00:00 AM,16/05/2026 12:29:59 AM,0.001,0,A
ACCO_15e06beda2,NMI_df2d025267,DEVI_284a47f5e0,COMMS4D,06537#B1,Solar,16/05/2026 12:30:00 AM,16/05/2026 12:59:59 AM,0.002,0,A
ACCO_15e06beda2,NMI_df2d025267,DEVI_284a47f5e0,COMMS4D,06537#E1,Generalusage,16/05/2026 12:30:00 AM,16/05/2026 12:59:59 AM,0.001,0,A
ACCO_15e06beda2,NMI_df2d025267,DEVI_284a47f5e0,COMMS4D,06537#B1,Solar,16/05/2026 01:00:00 AM,16/05/2026 01:29:59 AM,0.002,0,A
ACCO_15e06beda2,NMI_df2d025267,DEVI_284a47f5e0,COMMS4D,06537#E1,Generalusage,16/05/2026 01:00:00 AM,16/05/2026 01:29:59 AM,0.001,0,A
ACCO_15e06beda2,NMI_df2d025267,DEVI_284a47f5e0,COMMS4D,06537#B1,Solar,16/05/2026 01:30:00 AM,16/05/2026 01:59:59 AM,0.002,0,A
ACCO_15e06beda2,NMI_df2d025267,DEVI_284a47f5e0,COMMS4D,06537#E1,Generalusage,16/05/2026 01:30:00 AM,16/05/2026 01:59:59 AM,0,0,A
ACCO_15e06beda2,NMI_df2d025267,DEVI_284a47f5e0,COMMS4D,06537#B1,Solar,16/05/2026 02:00:00 AM,16/05/2026 02:29:59 AM,0.002,0,A
ACCO_15e06beda2,NMI_df2d025267,DEVI_284a47f5e0,COMMS4D,06537#E1,Generalusage,16/05/2026 02:00:00 AM,16/05/2026 02:29:59 AM,0.001,0,A
ACCO_15e06beda2,NMI_df2d025267,DEVI_284a47f5e0,COMMS4D,06537#B1,Solar,16/05/2026 02:30:00 AM,16/05/2026 02:59:59 AM,0.002,0,A
ACCO_15e06beda2,NMI_df2d025267,DEVI_284a47f5e0,COMMS4D,06537#E1,Generalusage,16/05/2026 02:30:00 AM,16/05/2026 02:59:59 AM,0.001,0,A
ACCO_15e06beda2,NMI_df2d025267,DEVI_284a47f5e0,COMMS4D,06537#B1,Solar,16/05/2026 03:00:00 AM,16/05/2026 03:29:59 AM,0.001,0,A
ACCO_15e06beda2,NMI_df2d025267,DEVI_284a47f5e0,COMMS4D,06537#E1,Generalusage,16/05/2026 03:00:00 AM,16/05/2026 03:29:59 AM,0.001,0,A
ACCO_15e06beda2,NMI_df2d025267,DEVI_284a47f5e0,COMMS4D,06537#B1,Solar,16/05/2026 03:30:00 AM,16/05/2026 03:59:59 AM,0.002,0,A
ACCO_15e06beda2,NMI_df2d025267,DEVI_284a47f5e0,COMMS4D,06537#E1,Generalusage,16/05/2026 03:30:00 AM,16/05/2026 03:59:59 AM,0.001,0,A
ACCO_15e06beda2,NMI_df2d025267,DEVI_284a47f5e0,COMMS4D,06537#B1,Solar,16/05/2026 04:00:00 AM,16/05/2026 04:29:59 AM,0.002,0,A
ACCO_15e06beda2,NMI_df2d025267,DEVI_284a47f5e0,COMMS4D,06537#E1,Generalusage,16/05/2026 04:00:00 AM,16/05/2026 04:29:59 AM,0.001,0,A
ACCO_15e06beda2,NMI_df2d025267,DEVI_284a47f5e0,COMMS4D,06537#B1,Solar,16/05/2026 04:30:00 AM,16/05/2026 04:59:59 AM,0.002,0,A
ACCO_15e06beda2,NMI_df2d025267,DEVI_284a47f5e0,COMMS4D,06537#E1,Generalusage,16/05/2026 04:30:00 AM,16/05/2026 04:59:59 AM,0.001,0,A
ACCO_15e06beda2,NMI_df2d025267,DEVI_284a47f5e0,COMMS4D,06537#B1,Solar,16/05/2026 05:00:00 AM,16/05/2026 05:29:59 AM,0.002,0,A
ACCO_15e06beda2,NMI_df2d025267,DEVI_284a47f5e0,COMMS4D,06537#E1,Generalusage,16/05/2026 05:00:00 AM,16/05/2026 05:29:59 AM,0.001,0,A
ACCO_15e06beda2,NMI_df2d025267,DEVI_284a47f5e0,COMMS4D,06537#B1,Solar,16/05/2026 05:30:00 AM,16/05/2026 05:59:59 AM,0.001,0,A
ACCO_15e06beda2,NMI_df2d025267,DEVI_284a47f5e0,COMMS4D,06537#E1,Generalusage,16/05/2026 05:30:00 AM,16/05/2026 05:59:59 AM,0.001,0,A
ACCO_15e06beda2,NMI_df2d025267,DEVI_284a47f5e0,COMMS4D,06537#B1,Solar,16/05/2026 06:00:00 AM,16/05/2026 06:29:59 AM,0.002,0,A
ACCO_15e06beda2,NMI_df2d025267,DEVI_284a47f5e0,COMMS4D,06537#E1,Generalusage,16/05/2026 06:00:00 AM,16/05/2026 06:29:59 AM,0.001,0,A
ACCO_15e06beda2,NMI_df2d025267,DEVI_284a47f5e0,COMMS4D,06537#B1,Solar,16/05/2026 06:30:00 AM,16/05/2026 06:59:59 AM,0.002,0,A
ACCO_15e06beda2,NMI_df2d025267,DEVI_284a47f5e0,COMMS4D,06537#E1,Generalusage,16/05/2026 06:30:00 AM,16/05/2026 06:59:59 AM,0.001,0,A
ACCO_15e06beda2,NMI_df2d025267,DEVI_284a47f5e0,COMMS4D,06537#B1,Solar,16/05/2026 07:00:00 AM,16/05/2026 07:29:59 AM,0.003,0,A
ACCO_15e06beda2,NMI_df2d025267,DEVI_284a47f5e0,COMMS4D,06537#E1,Generalusage,16/05/2026 07:00:00 AM,16/05/2026 07:29:59 AM,0.001,0,A
ACCO_15e06beda2,NMI_df2d025267,DEVI_284a47f5e0,COMMS4D,06537#B1,Solar,16/05/2026 07:30:00 AM,16/05/2026 07:59:59 AM,0.002,0,A
ACCO_15e06beda2,NMI_df2d025267,DEVI_284a47f5e0,COMMS4D,06537#E1,Generalusage,16/05/2026 07:30:00 AM,16/05/2026 07:59:59 AM,0.001,0,A
ACCO_15e06beda2,NMI_df2d025267,DEVI_284a47f5e0,COMMS4D,06537#B1,Solar,16/05/2026 08:00:00 AM,16/05/2026 08:29:59 AM,0.002,0,A
ACCO_15e06beda2,NMI_df2d025267,DEVI_284a47f5e0,COMMS4D,06537#E1,Generalusage,16/05/2026 08:00:00 AM,16/05/2026 08:29:59 AM,0.001,0,A
ACCO_15e06beda2,NMI_df2d025267,DEVI_284a47f5e0,COMMS4D,06537#B1,Solar,16/05/2026 08:30:00 AM,16/05/2026 08:59:59 AM,0.002,0,A
ACCO_15e06beda2,NMI_df2d025267,DEVI_284a47f5e0,COMMS4D,06537#E1,Generalusage,16/05/2026 08:30:00 AM,16/05/2026 08:59:59 AM,0.001,0,A
ACCO_15e06beda2,NMI_df2d025267,DEVI_284a47f5e0,COMMS4D,06537#B1,Solar,16/05/2026 09:00:00 AM,16/05/2026 09:29:59 AM,0.003,0,A
ACCO_15e06beda2,NMI_df2d025267,DEVI_284a47f5e0,COMMS4D,06537#E1,Generalusage,16/05/2026 09:00:00 AM,16/05/2026 09:29:59 AM,0.002,0,A
ACCO_15e06beda2,NMI_df2d025267,DEVI_284a47f5e0,COMMS4D,06537#B1,Solar,16/05/2026 09:30:00 AM,16/05/2026 09:59:59 AM,0.003,0,A
ACCO_15e06beda2,NMI_df2d025267,DEVI_284a47f5e0,COMMS4D,06537#E1,Generalusage,16/05/2026 09:30:00 AM,16/05/2026 09:59:59 AM,0.002,0,A
ACCO_15e06beda2,NMI_df2d025267,DEVI_284a47f5e0,COMMS4D,06537#B1,Solar,16/05/2026 10:00:00 AM,16/05/2026 10:29:59 AM,0.003,0,A
ACCO_15e06beda2,NMI_df2d025267,DEVI_284a47f5e0,COMMS4D,06537#E1,Generalusage,16/05/2026 10:00:00 AM,16/05/2026 10:29:59 AM,0.001,0,A
ACCO_15e06beda2,NMI_df2d025267,DEVI_284a47f5e0,COMMS4D,06537#B1,Solar,16/05/2026 10:30:00 AM,16/05/2026 10:59:59 AM,0.002,0,A
ACCO_15e06beda2,NMI_df2d025267,DEVI_284a47f5e0,COMMS4D,06537#E1,Generalusage,16/05/2026 10:30:00 AM,16/05/2026 10:59:59 AM,0.001,0,A
ACCO_15e06beda2,NMI_df2d025267,DEVI_284a47f5e0,COMMS4D,06537#B1,Solar,16/05/2026 11:00:00 AM,16/05/2026 11:29:59 AM,0.245,0,A
ACCO_15e06beda2,NMI_df2d025267,DEVI_284a47f5e0,COMMS4D,06537#E1,Generalusage,16/05/2026 11:00:00 AM,16/05/2026 11:29:59 AM,0.002,0,A
ACCO_15e06beda2,NMI_df2d025267,DEVI_284a47f5e0,COMMS4D,06537#B1,Solar,16/05/2026 11:30:00 AM,16/05/2026 11:59:59 AM,0.994,0,A
ACCO_15e06beda2,NMI_df2d025267,DEVI_284a47f5e0,COMMS4D,06537#E1,Generalusage,16/05/2026 11:30:00 AM,16/05/2026 11:59:59 AM,0.003,0,A
ACCO_15e06beda2,NMI_df2d025267,DEVI_284a47f5e0,COMMS4D,06537#B1,Solar,16/05/2026 12:00:00 PM,16/05/2026 12:29:59 PM,1.152,0,A
ACCO_15e06beda2,NMI_df2d025267,DEVI_284a47f5e0,COMMS4D,06537#E1,Generalusage,16/05/2026 12:00:00 PM,16/05/2026 12:29:59 PM,0.002,0,A
ACCO_15e06beda2,NMI_df2d025267,DEVI_284a47f5e0,COMMS4D,06537#B1,Solar,16/05/2026 12:30:00 PM,16/05/2026 12:59:59 PM,0.141,0,A
ACCO_15e06beda2,NMI_df2d025267,DEVI_284a47f5e0,COMMS4D,06537#E1,Generalusage,16/05/2026 12:30:00 PM,16/05/2026 12:59:59 PM,0.002,0,A
ACCO_15e06beda2,NMI_df2d025267,DEVI_284a47f5e0,COMMS4D,06537#B1,Solar,16/05/2026 01:00:00 PM,16/05/2026 01:29:59 PM,0.806,0,A
ACCO_15e06beda2,NMI_df2d025267,DEVI_284a47f5e0,COMMS4D,06537#E1,Generalusage,16/05/2026 01:00:00 PM,16/05/2026 01:29:59 PM,0.001,0,A
ACCO_15e06beda2,NMI_df2d025267,DEVI_284a47f5e0,COMMS4D,06537#B1,Solar,16/05/2026 01:30:00 PM,16/05/2026 01:59:59 PM,0.415,0,A
ACCO_15e06beda2,NMI_df2d025267,DEVI_284a47f5e0,COMMS4D,06537#E1,Generalusage,16/05/2026 01:30:00 PM,16/05/2026 01:59:59 PM,0.002,0,A
ACCO_15e06beda2,NMI_df2d025267,DEVI_284a47f5e0,COMMS4D,06537#B1,Solar,16/05/2026 02:00:00 PM,16/05/2026 02:29:59 PM,0.003,0,A
ACCO_15e06beda2,NMI_df2d025267,DEVI_284a47f5e0,COMMS4D,06537#E1,Generalusage,16/05/2026 02:00:00 PM,16/05/2026 02:29:59 PM,0.001,0,A
ACCO_15e06beda2,NMI_df2d025267,DEVI_284a47f5e0,COMMS4D,06537#B1,Solar,16/05/2026 02:30:00 PM,16/05/2026 02:59:59 PM,0.003,0,A
ACCO_15e06beda2,NMI_df2d025267,DEVI_284a47f5e0,COMMS4D,06537#E1,Generalusage,16/05/2026 02:30:00 PM,16/05/2026 02:59:59 PM,0.001,0,A
ACCO_15e06beda2,NMI_df2d025267,DEVI_284a47f5e0,COMMS4D,06537#B1,Solar,16/05/2026 03:00:00 PM,16/05/2026 03:29:59 PM,0.085,0,A
ACCO_15e06beda2,NMI_df2d025267,DEVI_284a47f5e0,COMMS4D,06537#E1,Generalusage,16/05/2026 03:00:00 PM,16/05/2026 03:29:59 PM,0.001,0,A
ACCO_15e06beda2,NMI_df2d025267,DEVI_284a47f5e0,COMMS4D,06537#B1,Solar,16/05/2026 03:30:00 PM,16/05/2026 03:59:59 PM,0.075,0,A
ACCO_15e06beda2,NMI_df2d025267,DEVI_284a47f5e0,COMMS4D,06537#E1,Generalusage,16/05/2026 03:30:00 PM,16/05/2026 03:59:59 PM,0.002,0,A
ACCO_15e06beda2,NMI_df2d025267,DEVI_284a47f5e0,COMMS4D,06537#B1,Solar,16/05/2026 04:00:00 PM,16/05/2026 04:29:59 PM,0.009,0,A
ACCO_15e06beda2,NMI_df2d025267,DEVI_284a47f5e0,COMMS4D,06537#E1,Generalusage,16/05/2026 04:00:00 PM,16/05/2026 04:29:59 PM,0.001,0,A
ACCO_15e06beda2,NMI_df2d025267,DEVI_284a47f5e0,COMMS4D,06537#B1,Solar,16/05/2026 04:30:00 PM,16/05/2026 04:59:59 PM,0.003,0,A
ACCO_15e06beda2,NMI_df2d025267,DEVI_284a47f5e0,COMMS4D,06537#E1,Generalusage,16/05/2026 04:30:00 PM,16/05/2026 04:59:59 PM,0.001,0,A
ACCO_15e06beda2,NMI_df2d025267,DEVI_284a47f5e0,COMMS4D,06537#B1,Solar,16/05/2026 05:00:00 PM,16/05/2026 05:29:59 PM,0.005,0,A
ACCO_15e06beda2,NMI_df2d025267,DEVI_284a47f5e0,COMMS4D,06537#E1,Generalusage,16/05/2026 05:00:00 PM,16/05/2026 05:29:59 PM,0.001,0,A
ACCO_15e06beda2,NMI_df2d025267,DEVI_284a47f5e0,COMMS4D,06537#B1,Solar,16/05/2026 05:30:00 PM,16/05/2026 05:59:59 PM,0.003,0,A
ACCO_15e06beda2,NMI_df2d025267,DEVI_284a47f5e0,COMMS4D,06537#E1,Generalusage,16/05/2026 05:30:00 PM,16/05/2026 05:59:59 PM,0.001,0,A
ACCO_15e06beda2,NMI_df2d025267,DEVI_284a47f5e0,COMMS4D,06537#B1,Solar,16/05/2026 06:00:00 PM,16/05/2026 06:29:59 PM,0.002,0,A
ACCO_15e06beda2,NMI_df2d025267,DEVI_284a47f5e0,COMMS4D,06537#E1,Generalusage,16/05/2026 06:00:00 PM,16/05/2026 06:29:59 PM,0.002,0,A
ACCO_15e06beda2,NMI_df2d025267,DEVI_284a47f5e0,COMMS4D,06537#B1,Solar,16/05/2026 06:30:00 PM,16/05/2026 06:59:59 PM,0.002,0,A
ACCO_15e06beda2,NMI_df2d025267,DEVI_284a47f5e0,COMMS4D,06537#E1,Generalusage,16/05/2026 06:30:00 PM,16/05/2026 06:59:59 PM,0.001,0,A
ACCO_15e06beda2,NMI_df2d025267,DEVI_284a47f5e0,COMMS4D,06537#B1,Solar,16/05/2026 07:00:00 PM,16/05/2026 07:29:59 PM,0.003,0,A
ACCO_15e06beda2,NMI_df2d025267,DEVI_284a47f5e0,COMMS4D,06537#E1,Generalusage,16/05/2026 07:00:00 PM,16/05/2026 07:29:59 PM,0.001,0,A
ACCO_15e06beda2,NMI_df2d025267,DEVI_284a47f5e0,COMMS4D,06537#B1,Solar,16/05/2026 07:30:00 PM,16/05/2026 07:59:59 PM,0.002,0,A
ACCO_15e06beda2,NMI_df2d025267,DEVI_284a47f5e0,COMMS4D,06537#E1,Generalusage,16/05/2026 07:30:00 PM,16/05/2026 07:59:59 PM,0.001,0,A
ACCO_15e06beda2,NMI_df2d025267,DEVI_284a47f5e0,COMMS4D,06537#B1,Solar,16/05/2026 08:00:00 PM,16/05/2026 08:29:59 PM,0.002,0,A
ACCO_15e06beda2,NMI_df2d025267,DEVI_284a47f5e0,COMMS4D,06537#E1,Generalusage,16/05/2026 08:00:00 PM,16/05/2026 08:29:59 PM,0.001,0,A
ACCO_15e06beda2,NMI_df2d025267,DEVI_284a47f5e0,COMMS4D,06537#B1,Solar,16/05/2026 08:30:00 PM,16/05/2026 08:59:59 PM,0.003,0,A
ACCO_15e06beda2,NMI_df2d025267,DEVI_284a47f5e0,COMMS4D,06537#E1,Generalusage,16/05/2026 08:30:00 PM,16/05/2026 08:59:59 PM,0.001,0,A
ACCO_15e06beda2,NMI_df2d025267,DEVI_284a47f5e0,COMMS4D,06537#B1,Solar,16/05/2026 09:00:00 PM,16/05/2026 09:29:59 PM,0.002,0,A
ACCO_15e06beda2,NMI_df2d025267,DEVI_284a47f5e0,COMMS4D,06537#E1,Generalusage,16/05/2026 09:00:00 PM,16/05/2026 09:29:59 PM,0.001,0,A
ACCO_15e06beda2,NMI_df2d025267,DEVI_284a47f5e0,COMMS4D,06537#B1,Solar,16/05/2026 09:30:00 PM,16/05/2026 09:59:59 PM,0.003,0,A
ACCO_15e06beda2,NMI_df2d025267,DEVI_284a47f5e0,COMMS4D,06537#E1,Generalusage,16/05/2026 09:30:00 PM,16/05/2026 09:59:59 PM,0.001,0,A
ACCO_15e06beda2,NMI_df2d025267,DEVI_284a47f5e0,COMMS4D,06537#B1,Solar,16/05/2026 10:00:00 PM,16/05/2026 10:29:59 PM,0.003,0,A
ACCO_15e06beda2,NMI_df2d025267,DEVI_284a47f5e0,COMMS4D,06537#E1,Generalusage,16/05/2026 10:00:00 PM,16/05/2026 10:29:59 PM,0.001,0,A
ACCO_15e06beda2,NMI_df2d025267,DEVI_284a47f5e0,COMMS4D,06537#B1,Solar,16/05/2026 10:30:00 PM,16/05/2026 10:59:59 PM,0.002,0,A
ACCO_15e06beda2,NMI_df2d025267,DEVI_284a47f5e0,COMMS4D,06537#E1,Generalusage,16/05/2026 10:30:00 PM,16/05/2026 10:59:59 PM,0.001,0,A
ACCO_15e06beda2,NMI_df2d025267,DEVI_284a47f5e0,COMMS4D,06537#B1,Solar,16/05/2026 11:00:00 PM,16/05/2026 11:29:59 PM,0.003,0,A
ACCO_15e06beda2,NMI_df2d025267,DEVI_284a47f5e0,COMMS4D,06537#E1,Generalusage,16/05/2026 11:00:00 PM,16/05/2026 11:29:59 PM,0,0,A
ACCO_15e06beda2,NMI_df2d025267,DEVI_284a47f5e0,COMMS4D,06537#B1,Solar,16/05/2026 11:30:00 PM,16/05/2026 11:59:59 PM,0.002,0,A
ACCO_15e06beda2,NMI_df2d025267,DEVI_284a47f5e0,COMMS4D,06537#E1,Generalusage,16/05/2026 11:30:00 PM,16/05/2026 11:59:59 PM,0.001,0,A
ACCO_15e06beda2,NMI_df2d025267,DEVI_284a47f5e0,COMMS4D,06537#B1,Solar,17/05/2026 12:00:00 AM,17/05/2026 12:29:59 AM,0.002,0,A
ACCO_15e06beda2,NMI_df2d025267,DEVI_284a47f5e0,COMMS4D,06537#E1,Generalusage,17/05/2026 12:00:00 AM,17/05/2026 12:29:59 AM,0.001,0,A
ACCO_15e06beda2,NMI_df2d025267,DEVI_284a47f5e0,COMMS4D,06537#B1,Solar,17/05/2026 12:30:00 AM,17/05/2026 12:59:59 AM,0.003,0,A
ACCO_15e06beda2,NMI_df2d025267,DEVI_284a47f5e0,COMMS4D,06537#E1,Generalusage,17/05/2026 12:30:00 AM,17/05/2026 12:59:59 AM,0,0,A
ACCO_15e06beda2,NMI_df2d025267,DEVI_284a47f5e0,COMMS4D,06537#B1,Solar,17/05/2026 01:00:00 AM,17/05/2026 01:29:59 AM,0.001,0,A
ACCO_15e06beda2,NMI_df2d025267,DEVI_284a47f5e0,COMMS4D,06537#E1,Generalusage,17/05/2026 01:00:00 AM,17/05/2026 01:29:59 AM,0.001,0,A
ACCO_15e06beda2,NMI_df2d025267,DEVI_284a47f5e0,COMMS4D,06537#B1,Solar,17/05/2026 01:30:00 AM,17/05/2026 01:59:59 AM,0.002,0,A
ACCO_15e06beda2,NMI_df2d025267,DEVI_284a47f5e0,COMMS4D,06537#E1,Generalusage,17/05/2026 01:30:00 AM,17/05/2026 01:59:59 AM,0.001,0,A
ACCO_15e06beda2,NMI_df2d025267,DEVI_284a47f5e0,COMMS4D,06537#B1,Solar,17/05/2026 02:00:00 AM,17/05/2026 02:29:59 AM,0.002,0,A
ACCO_15e06beda2,NMI_df2d025267,DEVI_284a47f5e0,COMMS4D,06537#E1,Generalusage,17/05/2026 02:00:00 AM,17/05/2026 02:29:59 AM,0.001,0,A
ACCO_15e06beda2,NMI_df2d025267,DEVI_284a47f5e0,COMMS4D,06537#B1,Solar,17/05/2026 02:30:00 AM,17/05/2026 02:59:59 AM,0.002,0,A
ACCO_15e06beda2,NMI_df2d025267,DEVI_284a47f5e0,COMMS4D,06537#E1,Generalusage,17/05/2026 02:30:00 AM,17/05/2026 02:59:59 AM,0.001,0,A
ACCO_15e06beda2,NMI_df2d025267,DEVI_284a47f5e0,COMMS4D,06537#B1,Solar,17/05/2026 03:00:00 AM,17/05/2026 03:29:59 AM,0.001,0,A
ACCO_15e06beda2,NMI_df2d025267,DEVI_284a47f5e0,COMMS4D,06537#E1,Generalusage,17/05/2026 03:00:00 AM,17/05/2026 03:29:59 AM,0.001,0,A
ACCO_15e06beda2,NMI_df2d025267,DEVI_284a47f5e0,COMMS4D,06537#B1,Solar,17/05/2026 03:30:00 AM,17/05/2026 03:59:59 AM,0.002,0,A
ACCO_15e06beda2,NMI_df2d025267,DEVI_284a47f5e0,COMMS4D,06537#E1,Generalusage,17/05/2026 03:30:00 AM,17/05/2026 03:59:59 AM,0.001,0,A
ACCO_15e06beda2,NMI_df2d025267,DEVI_284a47f5e0,COMMS4D,06537#B1,Solar,17/05/2026 04:00:00 AM,17/05/2026 04:29:59 AM,0.002,0,A
ACCO_15e06beda2,NMI_df2d025267,DEVI_284a47f5e0,COMMS4D,06537#E1,Generalusage,17/05/2026 04:00:00 AM,17/05/2026 04:29:59 AM,0.001,0,A
ACCO_15e06beda2,NMI_df2d025267,DEVI_284a47f5e0,COMMS4D,06537#B1,Solar,17/05/2026 04:30:00 AM,17/05/2026 04:59:59 AM,0.002,0,A
ACCO_15e06beda2,NMI_df2d025267,DEVI_284a47f5e0,COMMS4D,06537#E1,Generalusage,17/05/2026 04:30:00 AM,17/05/2026 04:59:59 AM,0.001,0,A
ACCO_15e06beda2,NMI_df2d025267,DEVI_284a47f5e0,COMMS4D,06537#B1,Solar,17/05/2026 05:00:00 AM,17/05/2026 05:29:59 AM,0.002,0,A
ACCO_15e06beda2,NMI_df2d025267,DEVI_284a47f5e0,COMMS4D,06537#E1,Generalusage,17/05/2026 05:00:00 AM,17/05/2026 05:29:59 AM,0,0,A
ACCO_15e06beda2,NMI_df2d025267,DEVI_284a47f5e0,COMMS4D,06537#B1,Solar,17/05/2026 05:30:00 AM,17/05/2026 05:59:59 AM,0.002,0,A
ACCO_15e06beda2,NMI_df2d025267,DEVI_284a47f5e0,COMMS4D,06537#E1,Generalusage,17/05/2026 05:30:00 AM,17/05/2026 05:59:59 AM,0.001,0,A
ACCO_15e06beda2,NMI_df2d025267,DEVI_284a47f5e0,COMMS4D,06537#B1,Solar,17/05/2026 06:00:00 AM,17/05/2026 06:29:59 AM,0.002,0,A
ACCO_15e06beda2,NMI_df2d025267,DEVI_284a47f5e0,COMMS4D,06537#E1,Generalusage,17/05/2026 06:00:00 AM,17/05/2026 06:29:59 AM,0.001,0,A
ACCO_15e06beda2,NMI_df2d025267,DEVI_284a47f5e0,COMMS4D,06537#B1,Solar,17/05/2026 06:30:00 AM,17/05/2026 06:59:59 AM,0.001,0,A
ACCO_15e06beda2,NMI_df2d025267,DEVI_284a47f5e0,COMMS4D,06537#E1,Generalusage,17/05/2026 06:30:00 AM,17/05/2026 06:59:59 AM,0.001,0,A
ACCO_15e06beda2,NMI_df2d025267,DEVI_284a47f5e0,COMMS4D,06537#B1,Solar,17/05/2026 07:00:00 AM,17/05/2026 07:29:59 AM,0.001,0,A
ACCO_15e06beda2,NMI_df2d025267,DEVI_284a47f5e0,COMMS4D,06537#E1,Generalusage,17/05/2026 07:00:00 AM,17/05/2026 07:29:59 AM,0.002,0,A
ACCO_15e06beda2,NMI_df2d025267,DEVI_284a47f5e0,COMMS4D,06537#B1,Solar,17/05/2026 07:30:00 AM,17/05/2026 07:59:59 AM,0.002,0,A
ACCO_15e06beda2,NMI_df2d025267,DEVI_284a47f5e0,COMMS4D,06537#E1,Generalusage,17/05/2026 07:30:00 AM,17/05/2026 07:59:59 AM,0.001,0,A
ACCO_15e06beda2,NMI_df2d025267,DEVI_284a47f5e0,COMMS4D,06537#B1,Solar,17/05/2026 08:00:00 AM,17/05/2026 08:29:59 AM,0.002,0,A
ACCO_15e06beda2,NMI_df2d025267,DEVI_284a47f5e0,COMMS4D,06537#E1,Generalusage,17/05/2026 08:00:00 AM,17/05/2026 08:29:59 AM,0.001,0,A
ACCO_15e06beda2,NMI_df2d025267,DEVI_284a47f5e0,COMMS4D,06537#B1,Solar,17/05/2026 08:30:00 AM,17/05/2026 08:59:59 AM,0.003,0,A
ACCO_15e06beda2,NMI_df2d025267,DEVI_284a47f5e0,COMMS4D,06537#E1,Generalusage,17/05/2026 08:30:00 AM,17/05/2026 08:59:59 AM,0.002,0,A
ACCO_15e06beda2,NMI_df2d025267,DEVI_284a47f5e0,COMMS4D,06537#B1,Solar,17/05/2026 09:00:00 AM,17/05/2026 09:29:59 AM,0.004,0,A
ACCO_15e06beda2,NMI_df2d025267,DEVI_284a47f5e0,COMMS4D,06537#E1,Generalusage,17/05/2026 09:00:00 AM,17/05/2026 09:29:59 AM,0.002,0,A
ACCO_15e06beda2,NMI_df2d025267,DEVI_284a47f5e0,COMMS4D,06537#B1,Solar,17/05/2026 09:30:00 AM,17/05/2026 09:59:59 AM,0.003,0,A
ACCO_15e06beda2,NMI_df2d025267,DEVI_284a47f5e0,COMMS4D,06537#E1,Generalusage,17/05/2026 09:30:00 AM,17/05/2026 09:59:59 AM,0.001,0,A
ACCO_15e06beda2,NMI_df2d025267,DEVI_284a47f5e0,COMMS4D,06537#B1,Solar,17/05/2026 10:00:00 AM,17/05/2026 10:29:59 AM,0.002,0,A
ACCO_15e06beda2,NMI_df2d025267,DEVI_284a47f5e0,COMMS4D,06537#E1,Generalusage,17/05/2026 10:00:00 AM,17/05/2026 10:29:59 AM,0.001,0,A
ACCO_15e06beda2,NMI_df2d025267,DEVI_284a47f5e0,COMMS4D,06537#B1,Solar,17/05/2026 10:30:00 AM,17/05/2026 10:59:59 AM,0.004,0,A
ACCO_15e06beda2,NMI_df2d025267,DEVI_284a47f5e0,COMMS4D,06537#E1,Generalusage,17/05/2026 10:30:00 AM,17/05/2026 10:59:59 AM,0.002,0,A
ACCO_15e06beda2,NMI_df2d025267,DEVI_284a47f5e0,COMMS4D,06537#B1,Solar,17/05/2026 11:00:00 AM,17/05/2026 11:29:59 AM,0.003,0,A
ACCO_15e06beda2,NMI_df2d025267,DEVI_284a47f5e0,COMMS4D,06537#E1,Generalusage,17/05/2026 11:00:00 AM,17/05/2026 11:29:59 AM,0.002,0,A
ACCO_15e06beda2,NMI_df2d025267,DEVI_284a47f5e0,COMMS4D,06537#B1,Solar,17/05/2026 11:30:00 AM,17/05/2026 11:59:59 AM,0.003,0,A
ACCO_15e06beda2,NMI_df2d025267,DEVI_284a47f5e0,COMMS4D,06537#E1,Generalusage,17/05/2026 11:30:00 AM,17/05/2026 11:59:59 AM,0.001,0,A
ACCO_15e06beda2,NMI_df2d025267,DEVI_284a47f5e0,COMMS4D,06537#B1,Solar,17/05/2026 12:00:00 PM,17/05/2026 12:29:59 PM,0.003,0,A
ACCO_15e06beda2,NMI_df2d025267,DEVI_284a47f5e0,COMMS4D,06537#E1,Generalusage,17/05/2026 12:00:00 PM,17/05/2026 12:29:59 PM,0.001,0,A
ACCO_15e06beda2,NMI_df2d025267,DEVI_284a47f5e0,COMMS4D,06537#B1,Solar,17/05/2026 12:30:00 PM,17/05/2026 12:59:59 PM,0.004,0,A
ACCO_15e06beda2,NMI_df2d025267,DEVI_284a47f5e0,COMMS4D,06537#E1,Generalusage,17/05/2026 12:30:00 PM,17/05/2026 12:59:59 PM,0.001,0,A
ACCO_15e06beda2,NMI_df2d025267,DEVI_284a47f5e0,COMMS4D,06537#B1,Solar,17/05/2026 01:00:00 PM,17/05/2026 01:29:59 PM,0.002,0,A
ACCO_15e06beda2,NMI_df2d025267,DEVI_284a47f5e0,COMMS4D,06537#E1,Generalusage,17/05/2026 01:00:00 PM,17/05/2026 01:29:59 PM,0.001,0,A
ACCO_15e06beda2,NMI_df2d025267,DEVI_284a47f5e0,COMMS4D,06537#B1,Solar,17/05/2026 01:30:00 PM,17/05/2026 01:59:59 PM,0.004,0,A
ACCO_15e06beda2,NMI_df2d025267,DEVI_284a47f5e0,COMMS4D,06537#E1,Generalusage,17/05/2026 01:30:00 PM,17/05/2026 01:59:59 PM,0.001,0,A
ACCO_15e06beda2,NMI_df2d025267,DEVI_284a47f5e0,COMMS4D,06537#B1,Solar,17/05/2026 02:00:00 PM,17/05/2026 02:29:59 PM,0.003,0,A
ACCO_15e06beda2,NMI_df2d025267,DEVI_284a47f5e0,COMMS4D,06537#E1,Generalusage,17/05/2026 02:00:00 PM,17/05/2026 02:29:59 PM,0.001,0,A
ACCO_15e06beda2,NMI_df2d025267,DEVI_284a47f5e0,COMMS4D,06537#B1,Solar,17/05/2026 02:30:00 PM,17/05/2026 02:59:59 PM,0.003,0,A
ACCO_15e06beda2,NMI_df2d025267,DEVI_284a47f5e0,COMMS4D,06537#E1,Generalusage,17/05/2026 02:30:00 PM,17/05/2026 02:59:59 PM,0.001,0,A
ACCO_15e06beda2,NMI_df2d025267,DEVI_284a47f5e0,COMMS4D,06537#B1,Solar,17/05/2026 03:00:00 PM,17/05/2026 03:29:59 PM,0.003,0,A
ACCO_15e06beda2,NMI_df2d025267,DEVI_284a47f5e0,COMMS4D,06537#E1,Generalusage,17/05/2026 03:00:00 PM,17/05/2026 03:29:59 PM,0.002,0,A
ACCO_15e06beda2,NMI_df2d025267,DEVI_284a47f5e0,COMMS4D,06537#B1,Solar,17/05/2026 03:30:00 PM,17/05/2026 03:59:59 PM,0.002,0,A
ACCO_15e06beda2,NMI_df2d025267,DEVI_284a47f5e0,COMMS4D,06537#E1,Generalusage,17/05/2026 03:30:00 PM,17/05/2026 03:59:59 PM,0.001,0,A
ACCO_15e06beda2,NMI_df2d025267,DEVI_284a47f5e0,COMMS4D,06537#B1,Solar,17/05/2026 04:00:00 PM,17/05/2026 04:29:59 PM,0.003,0,A
ACCO_15e06beda2,NMI_df2d025267,DEVI_284a47f5e0,COMMS4D,06537#E1,Generalusage,17/05/2026 04:00:00 PM,17/05/2026 04:29:59 PM,0.001,0,A
ACCO_15e06beda2,NMI_df2d025267,DEVI_284a47f5e0,COMMS4D,06537#B1,Solar,17/05/2026 04:30:00 PM,17/05/2026 04:59:59 PM,0.002,0,A
ACCO_15e06beda2,NMI_df2d025267,DEVI_284a47f5e0,COMMS4D,06537#E1,Generalusage,17/05/2026 04:30:00 PM,17/05/2026 04:59:59 PM,0.001,0,A
ACCO_15e06beda2,NMI_df2d025267,DEVI_284a47f5e0,COMMS4D,06537#B1,Solar,17/05/2026 05:00:00 PM,17/05/2026 05:29:59 PM,0.003,0,A
ACCO_15e06beda2,NMI_df2d025267,DEVI_284a47f5e0,COMMS4D,06537#E1,Generalusage,17/05/2026 05:00:00 PM,17/05/2026 05:29:59 PM,0.001,0,A
ACCO_15e06beda2,NMI_df2d025267,DEVI_284a47f5e0,COMMS4D,06537#B1,Solar,17/05/2026 05:30:00 PM,17/05/2026 05:59:59 PM,0.006,0,A
ACCO_15e06beda2,NMI_df2d025267,DEVI_284a47f5e0,COMMS4D,06537#E1,Generalusage,17/05/2026 05:30:00 PM,17/05/2026 05:59:59 PM,0.005,0,A
ACCO_15e06beda2,NMI_df2d025267,DEVI_284a47f5e0,COMMS4D,06537#B1,Solar,17/05/2026 06:00:00 PM,17/05/2026 06:29:59 PM,0.005,0,A
ACCO_15e06beda2,NMI_df2d025267,DEVI_284a47f5e0,COMMS4D,06537#E1,Generalusage,17/05/2026 06:00:00 PM,17/05/2026 06:29:59 PM,0.003,0,A
ACCO_15e06beda2,NMI_df2d025267,DEVI_284a47f5e0,COMMS4D,06537#B1,Solar,17/05/2026 06:30:00 PM,17/05/2026 06:59:59 PM,0.005,0,A
ACCO_15e06beda2,NMI_df2d025267,DEVI_284a47f5e0,COMMS4D,06537#E1,Generalusage,17/05/2026 06:30:00 PM,17/05/2026 06:59:59 PM,0.003,0,A
ACCO_15e06beda2,NMI_df2d025267,DEVI_284a47f5e0,COMMS4D,06537#B1,Solar,17/05/2026 07:00:00 PM,17/05/2026 07:29:59 PM,0.003,0,A
ACCO_15e06beda2,NMI_df2d025267,DEVI_284a47f5e0,COMMS4D,06537#E1,Generalusage,17/05/2026 07:00:00 PM,17/05/2026 07:29:59 PM,0.001,0,A
ACCO_15e06beda2,NMI_df2d025267,DEVI_284a47f5e0,COMMS4D,06537#B1,Solar,17/05/2026 07:30:00 PM,17/05/2026 07:59:59 PM,0.002,0,A
ACCO_15e06beda2,NMI_df2d025267,DEVI_284a47f5e0,COMMS4D,06537#E1,Generalusage,17/05/2026 07:30:00 PM,17/05/2026 07:59:59 PM,0.001,0,A
ACCO_15e06beda2,NMI_df2d025267,DEVI_284a47f5e0,COMMS4D,06537#B1,Solar,17/05/2026 08:00:00 PM,17/05/2026 08:29:59 PM,0.003,0,A
ACCO_15e06beda2,NMI_df2d025267,DEVI_284a47f5e0,COMMS4D,06537#E1,Generalusage,17/05/2026 08:00:00 PM,17/05/2026 08:29:59 PM,0.001,0,A
ACCO_15e06beda2,NMI_df2d025267,DEVI_284a47f5e0,COMMS4D,06537#B1,Solar,17/05/2026 08:30:00 PM,17/05/2026 08:59:59 PM,0.003,0,A
ACCO_15e06beda2,NMI_df2d025267,DEVI_284a47f5e0,COMMS4D,06537#E1,Generalusage,17/05/2026 08:30:00 PM,17/05/2026 08:59:59 PM,0.001,0,A
ACCO_15e06beda2,NMI_df2d025267,DEVI_284a47f5e0,COMMS4D,06537#B1,Solar,17/05/2026 09:00:00 PM,17/05/2026 09:29:59 PM,0.003,0,A
ACCO_15e06beda2,NMI_df2d025267,DEVI_284a47f5e0,COMMS4D,06537#E1,Generalusage,17/05/2026 09:00:00 PM,17/05/2026 09:29:59 PM,0.001,0,A
ACCO_15e06beda2,NMI_df2d025267,DEVI_284a47f5e0,COMMS4D,06537#B1,Solar,17/05/2026 09:30:00 PM,17/05/2026 09:59:59 PM,0.003,0,A
ACCO_15e06beda2,NMI_df2d025267,DEVI_284a47f5e0,COMMS4D,06537#E1,Generalusage,17/05/2026 09:30:00 PM,17/05/2026 09:59:59 PM,0.001,0,A
ACCO_15e06beda2,NMI_df2d025267,DEVI_284a47f5e0,COMMS4D,06537#B1,Solar,17/05/2026 10:00:00 PM,17/05/2026 10:29:59 PM,0.003,0,A
ACCO_15e06beda2,NMI_df2d025267,DEVI_284a47f5e0,COMMS4D,06537#E1,Generalusage,17/05/2026 10:00:00 PM,17/05/2026 10:29:59 PM,0,0,A
ACCO_15e06beda2,NMI_df2d025267,DEVI_284a47f5e0,COMMS4D,06537#B1,Solar,17/05/2026 10:30:00 PM,17/05/2026 10:59:59 PM,0.003,0,A
ACCO_15e06beda2,NMI_df2d025267,DEVI_284a47f5e0,COMMS4D,06537#E1,Generalusage,17/05/2026 10:30:00 PM,17/05/2026 10:59:59 PM,0.001,0,A
ACCO_15e06beda2,NMI_df2d025267,DEVI_284a47f5e0,COMMS4D,06537#B1,Solar,17/05/2026 11:00:00 PM,17/05/2026 11:29:59 PM,0.002,0,A
ACCO_15e06beda2,NMI_df2d025267,DEVI_284a47f5e0,COMMS4D,06537#E1,Generalusage,17/05/2026 11:00:00 PM,17/05/2026 11:29:59 PM,0.001,0,A
ACCO_15e06beda2,NMI_df2d025267,DEVI_284a47f5e0,COMMS4D,06537#B1,Solar,17/05/2026 11:30:00 PM,17/05/2026 11:59:59 PM,0.002,0,A
ACCO_15e06beda2,NMI_df2d025267,DEVI_284a47f5e0,COMMS4D,06537#E1,Generalusage,17/05/2026 11:30:00 PM,17/05/2026 11:59:59 PM,0.001,0,A
ACCO_15e06beda2,NMI_df2d025267,DEVI_284a47f5e0,COMMS4D,06537#B1,Solar,18/05/2026 12:00:00 AM,18/05/2026 12:29:59 AM,0.002,0,A
ACCO_15e06beda2,NMI_df2d025267,DEVI_284a47f5e0,COMMS4D,06537#E1,Generalusage,18/05/2026 12:00:00 AM,18/05/2026 12:29:59 AM,0.001,0,A
ACCO_15e06beda2,NMI_df2d025267,DEVI_284a47f5e0,COMMS4D,06537#B1,Solar,18/05/2026 12:30:00 AM,18/05/2026 12:59:59 AM,0.002,0,A
ACCO_15e06beda2,NMI_df2d025267,DEVI_284a47f5e0,COMMS4D,06537#E1,Generalusage,18/05/2026 12:30:00 AM,18/05/2026 12:59:59 AM,0,0,A
ACCO_15e06beda2,NMI_df2d025267,DEVI_284a47f5e0,COMMS4D,06537#B1,Solar,18/05/2026 01:00:00 AM,18/05/2026 01:29:59 AM,0.002,0,A
ACCO_15e06beda2,NMI_df2d025267,DEVI_284a47f5e0,COMMS4D,06537#E1,Generalusage,18/05/2026 01:00:00 AM,18/05/2026 01:29:59 AM,0.001,0,A
ACCO_15e06beda2,NMI_df2d025267,DEVI_284a47f5e0,COMMS4D,06537#B1,Solar,18/05/2026 01:30:00 AM,18/05/2026 01:59:59 AM,0.002,0,A
ACCO_15e06beda2,NMI_df2d025267,DEVI_284a47f5e0,COMMS4D,06537#E1,Generalusage,18/05/2026 01:30:00 AM,18/05/2026 01:59:59 AM,0.001,0,A
ACCO_15e06beda2,NMI_df2d025267,DEVI_284a47f5e0,COMMS4D,06537#B1,Solar,18/05/2026 02:00:00 AM,18/05/2026 02:29:59 AM,0.001,0,A
ACCO_15e06beda2,NMI_df2d025267,DEVI_284a47f5e0,COMMS4D,06537#E1,Generalusage,18/05/2026 02:00:00 AM,18/05/2026 02:29:59 AM,0.001,0,A
ACCO_15e06beda2,NMI_df2d025267,DEVI_284a47f5e0,COMMS4D,06537#B1,Solar,18/05/2026 02:30:00 AM,18/05/2026 02:59:59 AM,0.002,0,A
ACCO_15e06beda2,NMI_df2d025267,DEVI_284a47f5e0,COMMS4D,06537#E1,Generalusage,18/05/2026 02:30:00 AM,18/05/2026 02:59:59 AM,0.001,0,A
ACCO_15e06beda2,NMI_df2d025267,DEVI_284a47f5e0,COMMS4D,06537#B1,Solar,18/05/2026 03:00:00 AM,18/05/2026 03:29:59 AM,0.001,0,A
ACCO_15e06beda2,NMI_df2d025267,DEVI_284a47f5e0,COMMS4D,06537#E1,Generalusage,18/05/2026 03:00:00 AM,18/05/2026 03:29:59 AM,0.002,0,A
ACCO_15e06beda2,NMI_df2d025267,DEVI_284a47f5e0,COMMS4D,06537#B1,Solar,18/05/2026 03:30:00 AM,18/05/2026 03:59:59 AM,0.001,0,A
ACCO_15e06beda2,NMI_df2d025267,DEVI_284a47f5e0,COMMS4D,06537#E1,Generalusage,18/05/2026 03:30:00 AM,18/05/2026 03:59:59 AM,0.001,0,A
ACCO_15e06beda2,NMI_df2d025267,DEVI_284a47f5e0,COMMS4D,06537#B1,Solar,18/05/2026 04:00:00 AM,18/05/2026 04:29:59 AM,0.002,0,A
ACCO_15e06beda2,NMI_df2d025267,DEVI_284a47f5e0,COMMS4D,06537#E1,Generalusage,18/05/2026 04:00:00 AM,18/05/2026 04:29:59 AM,0.001,0,A
ACCO_15e06beda2,NMI_df2d025267,DEVI_284a47f5e0,COMMS4D,06537#B1,Solar,18/05/2026 04:30:00 AM,18/05/2026 04:59:59 AM,0.001,0,A
ACCO_15e06beda2,NMI_df2d025267,DEVI_284a47f5e0,COMMS4D,06537#E1,Generalusage,18/05/2026 04:30:00 AM,18/05/2026 04:59:59 AM,0.001,0,A
ACCO_15e06beda2,NMI_df2d025267,DEVI_284a47f5e0,COMMS4D,06537#B1,Solar,18/05/2026 05:00:00 AM,18/05/2026 05:29:59 AM,0.002,0,A
ACCO_15e06beda2,NMI_df2d025267,DEVI_284a47f5e0,COMMS4D,06537#E1,Generalusage,18/05/2026 05:00:00 AM,18/05/2026 05:29:59 AM,0.001,0,A
ACCO_15e06beda2,NMI_df2d025267,DEVI_284a47f5e0,COMMS4D,06537#B1,Solar,18/05/2026 05:30:00 AM,18/05/2026 05:59:59 AM,0.002,0,A
ACCO_15e06beda2,NMI_df2d025267,DEVI_284a47f5e0,COMMS4D,06537#E1,Generalusage,18/05/2026 05:30:00 AM,18/05/2026 05:59:59 AM,0.001,0,A
ACCO_15e06beda2,NMI_df2d025267,DEVI_284a47f5e0,COMMS4D,06537#B1,Solar,18/05/2026 06:00:00 AM,18/05/2026 06:29:59 AM,0.003,0,A
ACCO_15e06beda2,NMI_df2d025267,DEVI_284a47f5e0,COMMS4D,06537#E1,Generalusage,18/05/2026 06:00:00 AM,18/05/2026 06:29:59 AM,0.001,0,A
ACCO_15e06beda2,NMI_df2d025267,DEVI_284a47f5e0,COMMS4D,06537#B1,Solar,18/05/2026 06:30:00 AM,18/05/2026 06:59:59 AM,0.003,0,A
ACCO_15e06beda2,NMI_df2d025267,DEVI_284a47f5e0,COMMS4D,06537#E1,Generalusage,18/05/2026 06:30:00 AM,18/05/2026 06:59:59 AM,0.001,0,A
ACCO_15e06beda2,NMI_df2d025267,DEVI_284a47f5e0,COMMS4D,06537#B1,Solar,18/05/2026 07:00:00 AM,18/05/2026 07:29:59 AM,0.002,0,A
ACCO_15e06beda2,NMI_df2d025267,DEVI_284a47f5e0,COMMS4D,06537#E1,Generalusage,18/05/2026 07:00:00 AM,18/05/2026 07:29:59 AM,0.001,0,A
ACCO_15e06beda2,NMI_df2d025267,DEVI_284a47f5e0,COMMS4D,06537#B1,Solar,18/05/2026 07:30:00 AM,18/05/2026 07:59:59 AM,0.002,0,A
ACCO_15e06beda2,NMI_df2d025267,DEVI_284a47f5e0,COMMS4D,06537#E1,Generalusage,18/05/2026 07:30:00 AM,18/05/2026 07:59:59 AM,0.001,0,A
ACCO_15e06beda2,NMI_df2d025267,DEVI_284a47f5e0,COMMS4D,06537#B1,Solar,18/05/2026 08:00:00 AM,18/05/2026 08:29:59 AM,0.002,0,A
ACCO_15e06beda2,NMI_df2d025267,DEVI_284a47f5e0,COMMS4D,06537#E1,Generalusage,18/05/2026 08:00:00 AM,18/05/2026 08:29:59 AM,0.002,0,A
ACCO_15e06beda2,NMI_df2d025267,DEVI_284a47f5e0,COMMS4D,06537#B1,Solar,18/05/2026 08:30:00 AM,18/05/2026 08:59:59 AM,0.002,0,A
ACCO_15e06beda2,NMI_df2d025267,DEVI_284a47f5e0,COMMS4D,06537#E1,Generalusage,18/05/2026 08:30:00 AM,18/05/2026 08:59:59 AM,0.001,0,A
ACCO_15e06beda2,NMI_df2d025267,DEVI_284a47f5e0,COMMS4D,06537#B1,Solar,18/05/2026 09:00:00 AM,18/05/2026 09:29:59 AM,0.003,0,A
ACCO_15e06beda2,NMI_df2d025267,DEVI_284a47f5e0,COMMS4D,06537#E1,Generalusage,18/05/2026 09:00:00 AM,18/05/2026 09:29:59 AM,0.001,0,A
ACCO_15e06beda2,NMI_df2d025267,DEVI_284a47f5e0,COMMS4D,06537#B1,Solar,18/05/2026 09:30:00 AM,18/05/2026 09:59:59 AM,0.002,0,A
ACCO_15e06beda2,NMI_df2d025267,DEVI_284a47f5e0,COMMS4D,06537#E1,Generalusage,18/05/2026 09:30:00 AM,18/05/2026 09:59:59 AM,0,0,A
ACCO_15e06beda2,NMI_df2d025267,DEVI_284a47f5e0,COMMS4D,06537#B1,Solar,18/05/2026 10:00:00 AM,18/05/2026 10:29:59 AM,0.003,0,A
ACCO_15e06beda2,NMI_df2d025267,DEVI_284a47f5e0,COMMS4D,06537#E1,Generalusage,18/05/2026 10:00:00 AM,18/05/2026 10:29:59 AM,0.001,0,A
ACCO_15e06beda2,NMI_df2d025267,DEVI_284a47f5e0,COMMS4D,06537#B1,Solar,18/05/2026 10:30:00 AM,18/05/2026 10:59:59 AM,0.002,0,A
ACCO_15e06beda2,NMI_df2d025267,DEVI_284a47f5e0,COMMS4D,06537#E1,Generalusage,18/05/2026 10:30:00 AM,18/05/2026 10:59:59 AM,0.001,0,A
ACCO_15e06beda2,NMI_df2d025267,DEVI_284a47f5e0,COMMS4D,06537#B1,Solar,18/05/2026 11:00:00 AM,18/05/2026 11:29:59 AM,0.003,0,A
ACCO_15e06beda2,NMI_df2d025267,DEVI_284a47f5e0,COMMS4D,06537#E1,Generalusage,18/05/2026 11:00:00 AM,18/05/2026 11:29:59 AM,0.001,0,A
ACCO_15e06beda2,NMI_df2d025267,DEVI_284a47f5e0,COMMS4D,06537#B1,Solar,18/05/2026 11:30:00 AM,18/05/2026 11:59:59 AM,0.002,0,A
ACCO_15e06beda2,NMI_df2d025267,DEVI_284a47f5e0,COMMS4D,06537#E1,Generalusage,18/05/2026 11:30:00 AM,18/05/2026 11:59:59 AM,0.001,0,A
ACCO_15e06beda2,NMI_df2d025267,DEVI_284a47f5e0,COMMS4D,06537#B1,Solar,18/05/2026 12:00:00 PM,18/05/2026 12:29:59 PM,0.003,0,A
ACCO_15e06beda2,NMI_df2d025267,DEVI_284a47f5e0,COMMS4D,06537#E1,Generalusage,18/05/2026 12:00:00 PM,18/05/2026 12:29:59 PM,0.001,0,A
ACCO_15e06beda2,NMI_df2d025267,DEVI_284a47f5e0,COMMS4D,06537#B1,Solar,18/05/2026 12:30:00 PM,18/05/2026 12:59:59 PM,0.003,0,A
ACCO_15e06beda2,NMI_df2d025267,DEVI_284a47f5e0,COMMS4D,06537#E1,Generalusage,18/05/2026 12:30:00 PM,18/05/2026 12:59:59 PM,0,0,A
ACCO_15e06beda2,NMI_df2d025267,DEVI_284a47f5e0,COMMS4D,06537#B1,Solar,18/05/2026 01:00:00 PM,18/05/2026 01:29:59 PM,0.002,0,A
ACCO_15e06beda2,NMI_df2d025267,DEVI_284a47f5e0,COMMS4D,06537#E1,Generalusage,18/05/2026 01:00:00 PM,18/05/2026 01:29:59 PM,0.001,0,A
ACCO_15e06beda2,NMI_df2d025267,DEVI_284a47f5e0,COMMS4D,06537#B1,Solar,18/05/2026 01:30:00 PM,18/05/2026 01:59:59 PM,0.003,0,A
ACCO_15e06beda2,NMI_df2d025267,DEVI_284a47f5e0,COMMS4D,06537#E1,Generalusage,18/05/2026 01:30:00 PM,18/05/2026 01:59:59 PM,0.001,0,A
ACCO_15e06beda2,NMI_df2d025267,DEVI_284a47f5e0,COMMS4D,06537#B1,Solar,18/05/2026 02:00:00 PM,18/05/2026 02:29:59 PM,0.003,0,A
ACCO_15e06beda2,NMI_df2d025267,DEVI_284a47f5e0,COMMS4D,06537#E1,Generalusage,18/05/2026 02:00:00 PM,18/05/2026 02:29:59 PM,0.001,0,A
ACCO_15e06beda2,NMI_df2d025267,DEVI_284a47f5e0,COMMS4D,06537#B1,Solar,18/05/2026 02:30:00 PM,18/05/2026 02:59:59 PM,0.003,0,A
ACCO_15e06beda2,NMI_df2d025267,DEVI_284a47f5e0,COMMS4D,06537#E1,Generalusage,18/05/2026 02:30:00 PM,18/05/2026 02:59:59 PM,0.001,0,A
ACCO_15e06beda2,NMI_df2d025267,DEVI_284a47f5e0,COMMS4D,06537#B1,Solar,18/05/2026 03:00:00 PM,18/05/2026 03:29:59 PM,0.003,0,A
ACCO_15e06beda2,NMI_df2d025267,DEVI_284a47f5e0,COMMS4D,06537#E1,Generalusage,18/05/2026 03:00:00 PM,18/05/2026 03:29:59 PM,0.001,0,A
ACCO_15e06beda2,NMI_df2d025267,DEVI_284a47f5e0,COMMS4D,06537#B1,Solar,18/05/2026 03:30:00 PM,18/05/2026 03:59:59 PM,0.002,0,A
ACCO_15e06beda2,NMI_df2d025267,DEVI_284a47f5e0,COMMS4D,06537#E1,Generalusage,18/05/2026 03:30:00 PM,18/05/2026 03:59:59 PM,0.001,0,A
ACCO_15e06beda2,NMI_df2d025267,DEVI_284a47f5e0,COMMS4D,06537#B1,Solar,18/05/2026 04:00:00 PM,18/05/2026 04:29:59 PM,0.003,0,A
ACCO_15e06beda2,NMI_df2d025267,DEVI_284a47f5e0,COMMS4D,06537#E1,Generalusage,18/05/2026 04:00:00 PM,18/05/2026 04:29:59 PM,0.001,0,A
ACCO_15e06beda2,NMI_df2d025267,DEVI_284a47f5e0,COMMS4D,06537#B1,Solar,18/05/2026 04:30:00 PM,18/05/2026 04:59:59 PM,0.004,0,A
ACCO_15e06beda2,NMI_df2d025267,DEVI_284a47f5e0,COMMS4D,06537#E1,Generalusage,18/05/2026 04:30:00 PM,18/05/2026 04:59:59 PM,0.001,0,A
ACCO_15e06beda2,NMI_df2d025267,DEVI_284a47f5e0,COMMS4D,06537#B1,Solar,18/05/2026 05:00:00 PM,18/05/2026 05:29:59 PM,0.003,0,A
ACCO_15e06beda2,NMI_df2d025267,DEVI_284a47f5e0,COMMS4D,06537#E1,Generalusage,18/05/2026 05:00:00 PM,18/05/2026 05:29:59 PM,0,0,A
ACCO_15e06beda2,NMI_df2d025267,DEVI_284a47f5e0,COMMS4D,06537#B1,Solar,18/05/2026 05:30:00 PM,18/05/2026 05:59:59 PM,0.005,0,A
ACCO_15e06beda2,NMI_df2d025267,DEVI_284a47f5e0,COMMS4D,06537#E1,Generalusage,18/05/2026 05:30:00 PM,18/05/2026 05:59:59 PM,0.004,0,A
ACCO_15e06beda2,NMI_df2d025267,DEVI_284a47f5e0,COMMS4D,06537#B1,Solar,18/05/2026 06:00:00 PM,18/05/2026 06:29:59 PM,0.003,0,A
ACCO_15e06beda2,NMI_df2d025267,DEVI_284a47f5e0,COMMS4D,06537#E1,Generalusage,18/05/2026 06:00:00 PM,18/05/2026 06:29:59 PM,0.002,0,A
ACCO_15e06beda2,NMI_df2d025267,DEVI_284a47f5e0,COMMS4D,06537#B1,Solar,18/05/2026 06:30:00 PM,18/05/2026 06:59:59 PM,0.004,0,A
ACCO_15e06beda2,NMI_df2d025267,DEVI_284a47f5e0,COMMS4D,06537#E1,Generalusage,18/05/2026 06:30:00 PM,18/05/2026 06:59:59 PM,0.001,0,A
ACCO_15e06beda2,NMI_df2d025267,DEVI_284a47f5e0,COMMS4D,06537#B1,Solar,18/05/2026 07:00:00 PM,18/05/2026 07:29:59 PM,0.003,0,A
ACCO_15e06beda2,NMI_df2d025267,DEVI_284a47f5e0,COMMS4D,06537#E1,Generalusage,18/05/2026 07:00:00 PM,18/05/2026 07:29:59 PM,0.001,0,A
ACCO_15e06beda2,NMI_df2d025267,DEVI_284a47f5e0,COMMS4D,06537#B1,Solar,18/05/2026 07:30:00 PM,18/05/2026 07:59:59 PM,0.003,0,A
ACCO_15e06beda2,NMI_df2d025267,DEVI_284a47f5e0,COMMS4D,06537#E1,Generalusage,18/05/2026 07:30:00 PM,18/05/2026 07:59:59 PM,0.001,0,A
ACCO_15e06beda2,NMI_df2d025267,DEVI_284a47f5e0,COMMS4D,06537#B1,Solar,18/05/2026 08:00:00 PM,18/05/2026 08:29:59 PM,0.003,0,A
ACCO_15e06beda2,NMI_df2d025267,DEVI_284a47f5e0,COMMS4D,06537#E1,Generalusage,18/05/2026 08:00:00 PM,18/05/2026 08:29:59 PM,0.001,0,A
ACCO_15e06beda2,NMI_df2d025267,DEVI_284a47f5e0,COMMS4D,06537#B1,Solar,18/05/2026 08:30:00 PM,18/05/2026 08:59:59 PM,0.002,0,A
ACCO_15e06beda2,NMI_df2d025267,DEVI_284a47f5e0,COMMS4D,06537#E1,Generalusage,18/05/2026 08:30:00 PM,18/05/2026 08:59:59 PM,0.001,0,A
ACCO_15e06beda2,NMI_df2d025267,DEVI_284a47f5e0,COMMS4D,06537#B1,Solar,18/05/2026 09:00:00 PM,18/05/2026 09:29:59 PM,0.003,0,A
ACCO_15e06beda2,NMI_df2d025267,DEVI_284a47f5e0,COMMS4D,06537#E1,Generalusage,18/05/2026 09:00:00 PM,18/05/2026 09:29:59 PM,0.001,0,A
ACCO_15e06beda2,NMI_df2d025267,DEVI_284a47f5e0,COMMS4D,06537#B1,Solar,18/05/2026 09:30:00 PM,18/05/2026 09:59:59 PM,0.001,0,A
ACCO_15e06beda2,NMI_df2d025267,DEVI_284a47f5e0,COMMS4D,06537#E1,Generalusage,18/05/2026 09:30:00 PM,18/05/2026 09:59:59 PM,0.303,0,A
ACCO_15e06beda2,NMI_df2d025267,DEVI_284a47f5e0,COMMS4D,06537#B1,Solar,18/05/2026 10:00:00 PM,18/05/2026 10:29:59 PM,0,0,A
ACCO_15e06beda2,NMI_df2d025267,DEVI_284a47f5e0,COMMS4D,06537#E1,Generalusage,18/05/2026 10:00:00 PM,18/05/2026 10:29:59 PM,0.331,0,A
ACCO_15e06beda2,NMI_df2d025267,DEVI_284a47f5e0,COMMS4D,06537#B1,Solar,18/05/2026 10:30:00 PM,18/05/2026 10:59:59 PM,0,0,A
ACCO_15e06beda2,NMI_df2d025267,DEVI_284a47f5e0,COMMS4D,06537#E1,Generalusage,18/05/2026 10:30:00 PM,18/05/2026 10:59:59 PM,0.275,0,A
ACCO_15e06beda2,NMI_df2d025267,DEVI_284a47f5e0,COMMS4D,06537#B1,Solar,18/05/2026 11:00:00 PM,18/05/2026 11:29:59 PM,0,0,A
ACCO_15e06beda2,NMI_df2d025267,DEVI_284a47f5e0,COMMS4D,06537#E1,Generalusage,18/05/2026 11:00:00 PM,18/05/2026 11:29:59 PM,0.252,0,A
ACCO_15e06beda2,NMI_df2d025267,DEVI_284a47f5e0,COMMS4D,06537#B1,Solar,18/05/2026 11:30:00 PM,18/05/2026 11:59:59 PM,0,0,A
ACCO_15e06beda2,NMI_df2d025267,DEVI_284a47f5e0,COMMS4D,06537#E1,Generalusage,18/05/2026 11:30:00 PM,18/05/2026 11:59:59 PM,0.243,0,A
ACCO_15e06beda2,NMI_df2d025267,DEVI_284a47f5e0,COMMS4D,06537#B1,Solar,19/05/2026 12:00:00 AM,19/05/2026 12:29:59 AM,0,0,A
ACCO_15e06beda2,NMI_df2d025267,DEVI_284a47f5e0,COMMS4D,06537#E1,Generalusage,19/05/2026 12:00:00 AM,19/05/2026 12:29:59 AM,0.24,0,A
ACCO_15e06beda2,NMI_df2d025267,DEVI_284a47f5e0,COMMS4D,06537#B1,Solar,19/05/2026 12:30:00 AM,19/05/2026 12:59:59 AM,0,0,A
ACCO_15e06beda2,NMI_df2d025267,DEVI_284a47f5e0,COMMS4D,06537#E1,Generalusage,19/05/2026 12:30:00 AM,19/05/2026 12:59:59 AM,0.254,0,A
ACCO_15e06beda2,NMI_df2d025267,DEVI_284a47f5e0,COMMS4D,06537#B1,Solar,19/05/2026 01:00:00 AM,19/05/2026 01:29:59 AM,0,0,A
ACCO_15e06beda2,NMI_df2d025267,DEVI_284a47f5e0,COMMS4D,06537#E1,Generalusage,19/05/2026 01:00:00 AM,19/05/2026 01:29:59 AM,0.232,0,A
ACCO_15e06beda2,NMI_df2d025267,DEVI_284a47f5e0,COMMS4D,06537#B1,Solar,19/05/2026 01:30:00 AM,19/05/2026 01:59:59 AM,0,0,A
ACCO_15e06beda2,NMI_df2d025267,DEVI_284a47f5e0,COMMS4D,06537#E1,Generalusage,19/05/2026 01:30:00 AM,19/05/2026 01:59:59 AM,0.277,0,A
ACCO_15e06beda2,NMI_df2d025267,DEVI_284a47f5e0,COMMS4D,06537#B1,Solar,19/05/2026 02:00:00 AM,19/05/2026 02:29:59 AM,0,0,A
ACCO_15e06beda2,NMI_df2d025267,DEVI_284a47f5e0,COMMS4D,06537#E1,Generalusage,19/05/2026 02:00:00 AM,19/05/2026 02:29:59 AM,0.216,0,A
ACCO_15e06beda2,NMI_df2d025267,DEVI_284a47f5e0,COMMS4D,06537#B1,Solar,19/05/2026 02:30:00 AM,19/05/2026 02:59:59 AM,0,0,A
ACCO_15e06beda2,NMI_df2d025267,DEVI_284a47f5e0,COMMS4D,06537#E1,Generalusage,19/05/2026 02:30:00 AM,19/05/2026 02:59:59 AM,0.222,0,A
ACCO_15e06beda2,NMI_df2d025267,DEVI_284a47f5e0,COMMS4D,06537#B1,Solar,19/05/2026 03:00:00 AM,19/05/2026 03:29:59 AM,0,0,A
ACCO_15e06beda2,NMI_df2d025267,DEVI_284a47f5e0,COMMS4D,06537#E1,Generalusage,19/05/2026 03:00:00 AM,19/05/2026 03:29:59 AM,0.221,0,A
ACCO_15e06beda2,NMI_df2d025267,DEVI_284a47f5e0,COMMS4D,06537#B1,Solar,19/05/2026 03:30:00 AM,19/05/2026 03:59:59 AM,0,0,A
ACCO_15e06beda2,NMI_df2d025267,DEVI_284a47f5e0,COMMS4D,06537#E1,Generalusage,19/05/2026 03:30:00 AM,19/05/2026 03:59:59 AM,0.218,0,A
ACCO_15e06beda2,NMI_df2d025267,DEVI_284a47f5e0,COMMS4D,06537#B1,Solar,19/05/2026 04:00:00 AM,19/05/2026 04:29:59 AM,0,0,A
ACCO_15e06beda2,NMI_df2d025267,DEVI_284a47f5e0,COMMS4D,06537#E1,Generalusage,19/05/2026 04:00:00 AM,19/05/2026 04:29:59 AM,0.22,0,A
ACCO_15e06beda2,NMI_df2d025267,DEVI_284a47f5e0,COMMS4D,06537#B1,Solar,19/05/2026 04:30:00 AM,19/05/2026 04:59:59 AM,0,0,A
ACCO_15e06beda2,NMI_df2d025267,DEVI_284a47f5e0,COMMS4D,06537#E1,Generalusage,19/05/2026 04:30:00 AM,19/05/2026 04:59:59 AM,0.227,0,A
ACCO_15e06beda2,NMI_df2d025267,DEVI_284a47f5e0,COMMS4D,06537#B1,Solar,19/05/2026 05:00:00 AM,19/05/2026 05:29:59 AM,0,0,A
ACCO_15e06beda2,NMI_df2d025267,DEVI_284a47f5e0,COMMS4D,06537#E1,Generalusage,19/05/2026 05:00:00 AM,19/05/2026 05:29:59 AM,0.246,0,A
ACCO_15e06beda2,NMI_df2d025267,DEVI_284a47f5e0,COMMS4D,06537#B1,Solar,19/05/2026 05:30:00 AM,19/05/2026 05:59:59 AM,0,0,A
ACCO_15e06beda2,NMI_df2d025267,DEVI_284a47f5e0,COMMS4D,06537#E1,Generalusage,19/05/2026 05:30:00 AM,19/05/2026 05:59:59 AM,0.238,0,A
ACCO_15e06beda2,NMI_df2d025267,DEVI_284a47f5e0,COMMS4D,06537#B1,Solar,19/05/2026 06:00:00 AM,19/05/2026 06:29:59 AM,0,0,A
ACCO_15e06beda2,NMI_df2d025267,DEVI_284a47f5e0,COMMS4D,06537#E1,Generalusage,19/05/2026 06:00:00 AM,19/05/2026 06:29:59 AM,0.241,0,A
ACCO_15e06beda2,NMI_df2d025267,DEVI_284a47f5e0,COMMS4D,06537#B1,Solar,19/05/2026 06:30:00 AM,19/05/2026 06:59:59 AM,0,0,A
ACCO_15e06beda2,NMI_df2d025267,DEVI_284a47f5e0,COMMS4D,06537#E1,Generalusage,19/05/2026 06:30:00 AM,19/05/2026 06:59:59 AM,0.317,0,A
ACCO_15e06beda2,NMI_df2d025267,DEVI_284a47f5e0,COMMS4D,06537#B1,Solar,19/05/2026 07:00:00 AM,19/05/2026 07:29:59 AM,0,0,A
ACCO_15e06beda2,NMI_df2d025267,DEVI_284a47f5e0,COMMS4D,06537#E1,Generalusage,19/05/2026 07:00:00 AM,19/05/2026 07:29:59 AM,0.289,0,A
ACCO_15e06beda2,NMI_df2d025267,DEVI_284a47f5e0,COMMS4D,06537#B1,Solar,19/05/2026 07:30:00 AM,19/05/2026 07:59:59 AM,0.001,0,A
ACCO_15e06beda2,NMI_df2d025267,DEVI_284a47f5e0,COMMS4D,06537#E1,Generalusage,19/05/2026 07:30:00 AM,19/05/2026 07:59:59 AM,0.155,0,A
ACCO_15e06beda2,NMI_df2d025267,DEVI_284a47f5e0,COMMS4D,06537#B1,Solar,19/05/2026 08:00:00 AM,19/05/2026 08:29:59 AM,0.003,0,A
ACCO_15e06beda2,NMI_df2d025267,DEVI_284a47f5e0,COMMS4D,06537#E1,Generalusage,19/05/2026 08:00:00 AM,19/05/2026 08:29:59 AM,0,0,A
ACCO_15e06beda2,NMI_df2d025267,DEVI_284a47f5e0,COMMS4D,06537#B1,Solar,19/05/2026 08:30:00 AM,19/05/2026 08:59:59 AM,0.002,0,A
ACCO_15e06beda2,NMI_df2d025267,DEVI_284a47f5e0,COMMS4D,06537#E1,Generalusage,19/05/2026 08:30:00 AM,19/05/2026 08:59:59 AM,0.001,0,A
ACCO_15e06beda2,NMI_df2d025267,DEVI_284a47f5e0,COMMS4D,06537#B1,Solar,19/05/2026 09:00:00 AM,19/05/2026 09:29:59 AM,0.003,0,A
ACCO_15e06beda2,NMI_df2d025267,DEVI_284a47f5e0,COMMS4D,06537#E1,Generalusage,19/05/2026 09:00:00 AM,19/05/2026 09:29:59 AM,0.001,0,A
ACCO_15e06beda2,NMI_df2d025267,DEVI_284a47f5e0,COMMS4D,06537#B1,Solar,19/05/2026 09:30:00 AM,19/05/2026 09:59:59 AM,0.002,0,A
ACCO_15e06beda2,NMI_df2d025267,DEVI_284a47f5e0,COMMS4D,06537#E1,Generalusage,19/05/2026 09:30:00 AM,19/05/2026 09:59:59 AM,0.001,0,A
ACCO_15e06beda2,NMI_df2d025267,DEVI_284a47f5e0,COMMS4D,06537#B1,Solar,19/05/2026 10:00:00 AM,19/05/2026 10:29:59 AM,0.002,0,A
ACCO_15e06beda2,NMI_df2d025267,DEVI_284a47f5e0,COMMS4D,06537#E1,Generalusage,19/05/2026 10:00:00 AM,19/05/2026 10:29:59 AM,0.001,0,A
ACCO_15e06beda2,NMI_df2d025267,DEVI_284a47f5e0,COMMS4D,06537#B1,Solar,19/05/2026 10:30:00 AM,19/05/2026 10:59:59 AM,0.003,0,A
ACCO_15e06beda2,NMI_df2d025267,DEVI_284a47f5e0,COMMS4D,06537#E1,Generalusage,19/05/2026 10:30:00 AM,19/05/2026 10:59:59 AM,0.001,0,A
ACCO_15e06beda2,NMI_df2d025267,DEVI_284a47f5e0,COMMS4D,06537#B1,Solar,19/05/2026 11:00:00 AM,19/05/2026 11:29:59 AM,0.003,0,A
ACCO_15e06beda2,NMI_df2d025267,DEVI_284a47f5e0,COMMS4D,06537#E1,Generalusage,19/05/2026 11:00:00 AM,19/05/2026 11:29:59 AM,0,0,A
ACCO_15e06beda2,NMI_df2d025267,DEVI_284a47f5e0,COMMS4D,06537#B1,Solar,19/05/2026 11:30:00 AM,19/05/2026 11:59:59 AM,0.002,0,A
ACCO_15e06beda2,NMI_df2d025267,DEVI_284a47f5e0,COMMS4D,06537#E1,Generalusage,19/05/2026 11:30:00 AM,19/05/2026 11:59:59 AM,0.001,0,A
ACCO_15e06beda2,NMI_df2d025267,DEVI_284a47f5e0,COMMS4D,06537#B1,Solar,19/05/2026 12:00:00 PM,19/05/2026 12:29:59 PM,0.003,0,A
ACCO_15e06beda2,NMI_df2d025267,DEVI_284a47f5e0,COMMS4D,06537#E1,Generalusage,19/05/2026 12:00:00 PM,19/05/2026 12:29:59 PM,0.001,0,A
ACCO_15e06beda2,NMI_df2d025267,DEVI_284a47f5e0,COMMS4D,06537#B1,Solar,19/05/2026 12:30:00 PM,19/05/2026 12:59:59 PM,0.003,0,A
ACCO_15e06beda2,NMI_df2d025267,DEVI_284a47f5e0,COMMS4D,06537#E1,Generalusage,19/05/2026 12:30:00 PM,19/05/2026 12:59:59 PM,0.001,0,A
ACCO_15e06beda2,NMI_df2d025267,DEVI_284a47f5e0,COMMS4D,06537#B1,Solar,19/05/2026 01:00:00 PM,19/05/2026 01:29:59 PM,0.002,0,A
ACCO_15e06beda2,NMI_df2d025267,DEVI_284a47f5e0,COMMS4D,06537#E1,Generalusage,19/05/2026 01:00:00 PM,19/05/2026 01:29:59 PM,0.001,0,A
ACCO_15e06beda2,NMI_df2d025267,DEVI_284a47f5e0,COMMS4D,06537#B1,Solar,19/05/2026 01:30:00 PM,19/05/2026 01:59:59 PM,0.003,0,A
ACCO_15e06beda2,NMI_df2d025267,DEVI_284a47f5e0,COMMS4D,06537#E1,Generalusage,19/05/2026 01:30:00 PM,19/05/2026 01:59:59 PM,0.001,0,A
ACCO_15e06beda2,NMI_df2d025267,DEVI_284a47f5e0,COMMS4D,06537#B1,Solar,19/05/2026 02:00:00 PM,19/05/2026 02:29:59 PM,0.002,0,A
ACCO_15e06beda2,NMI_df2d025267,DEVI_284a47f5e0,COMMS4D,06537#E1,Generalusage,19/05/2026 02:00:00 PM,19/05/2026 02:29:59 PM,0.001,0,A
ACCO_15e06beda2,NMI_df2d025267,DEVI_284a47f5e0,COMMS4D,06537#B1,Solar,19/05/2026 02:30:00 PM,19/05/2026 02:59:59 PM,0.003,0,A
ACCO_15e06beda2,NMI_df2d025267,DEVI_284a47f5e0,COMMS4D,06537#E1,Generalusage,19/05/2026 02:30:00 PM,19/05/2026 02:59:59 PM,0,0,A
ACCO_15e06beda2,NMI_df2d025267,DEVI_284a47f5e0,COMMS4D,06537#B1,Solar,19/05/2026 03:00:00 PM,19/05/2026 03:29:59 PM,0.003,0,A
ACCO_15e06beda2,NMI_df2d025267,DEVI_284a47f5e0,COMMS4D,06537#E1,Generalusage,19/05/2026 03:00:00 PM,19/05/2026 03:29:59 PM,0.001,0,A
ACCO_15e06beda2,NMI_df2d025267,DEVI_284a47f5e0,COMMS4D,06537#B1,Solar,19/05/2026 03:30:00 PM,19/05/2026 03:59:59 PM,0.003,0,A
ACCO_15e06beda2,NMI_df2d025267,DEVI_284a47f5e0,COMMS4D,06537#E1,Generalusage,19/05/2026 03:30:00 PM,19/05/2026 03:59:59 PM,0.001,0,A
ACCO_15e06beda2,NMI_df2d025267,DEVI_284a47f5e0,COMMS4D,06537#B1,Solar,19/05/2026 04:00:00 PM,19/05/2026 04:29:59 PM,0.002,0,A
ACCO_15e06beda2,NMI_df2d025267,DEVI_284a47f5e0,COMMS4D,06537#E1,Generalusage,19/05/2026 04:00:00 PM,19/05/2026 04:29:59 PM,0.001,0,A
ACCO_15e06beda2,NMI_df2d025267,DEVI_284a47f5e0,COMMS4D,06537#B1,Solar,19/05/2026 04:30:00 PM,19/05/2026 04:59:59 PM,0.003,0,A
ACCO_15e06beda2,NMI_df2d025267,DEVI_284a47f5e0,COMMS4D,06537#E1,Generalusage,19/05/2026 04:30:00 PM,19/05/2026 04:59:59 PM,0.001,0,A
ACCO_15e06beda2,NMI_df2d025267,DEVI_284a47f5e0,COMMS4D,06537#B1,Solar,19/05/2026 05:00:00 PM,19/05/2026 05:29:59 PM,0.003,0,A
ACCO_15e06beda2,NMI_df2d025267,DEVI_284a47f5e0,COMMS4D,06537#E1,Generalusage,19/05/2026 05:00:00 PM,19/05/2026 05:29:59 PM,0.001,0,A
ACCO_15e06beda2,NMI_df2d025267,DEVI_284a47f5e0,COMMS4D,06537#B1,Solar,19/05/2026 05:30:00 PM,19/05/2026 05:59:59 PM,0.002,0,A
ACCO_15e06beda2,NMI_df2d025267,DEVI_284a47f5e0,COMMS4D,06537#E1,Generalusage,19/05/2026 05:30:00 PM,19/05/2026 05:59:59 PM,0.001,0,A
ACCO_15e06beda2,NMI_df2d025267,DEVI_284a47f5e0,COMMS4D,06537#B1,Solar,19/05/2026 06:00:00 PM,19/05/2026 06:29:59 PM,0.003,0,A
ACCO_15e06beda2,NMI_df2d025267,DEVI_284a47f5e0,COMMS4D,06537#E1,Generalusage,19/05/2026 06:00:00 PM,19/05/2026 06:29:59 PM,0.001,0,A
ACCO_15e06beda2,NMI_df2d025267,DEVI_284a47f5e0,COMMS4D,06537#B1,Solar,19/05/2026 06:30:00 PM,19/05/2026 06:59:59 PM,0.001,0,A
ACCO_15e06beda2,NMI_df2d025267,DEVI_284a47f5e0,COMMS4D,06537#E1,Generalusage,19/05/2026 06:30:00 PM,19/05/2026 06:59:59 PM,0.643,0,A
ACCO_15e06beda2,NMI_df2d025267,DEVI_284a47f5e0,COMMS4D,06537#B1,Solar,19/05/2026 07:00:00 PM,19/05/2026 07:29:59 PM,0,0,A
ACCO_15e06beda2,NMI_df2d025267,DEVI_284a47f5e0,COMMS4D,06537#E1,Generalusage,19/05/2026 07:00:00 PM,19/05/2026 07:29:59 PM,0.641,0,A
ACCO_15e06beda2,NMI_df2d025267,DEVI_284a47f5e0,COMMS4D,06537#B1,Solar,19/05/2026 07:30:00 PM,19/05/2026 07:59:59 PM,0,0,A
ACCO_15e06beda2,NMI_df2d025267,DEVI_284a47f5e0,COMMS4D,06537#E1,Generalusage,19/05/2026 07:30:00 PM,19/05/2026 07:59:59 PM,0.319,0,A
ACCO_15e06beda2,NMI_df2d025267,DEVI_284a47f5e0,COMMS4D,06537#B1,Solar,19/05/2026 08:00:00 PM,19/05/2026 08:29:59 PM,0,0,A
ACCO_15e06beda2,NMI_df2d025267,DEVI_284a47f5e0,COMMS4D,06537#E1,Generalusage,19/05/2026 08:00:00 PM,19/05/2026 08:29:59 PM,0.404,0,A
ACCO_15e06beda2,NMI_df2d025267,DEVI_284a47f5e0,COMMS4D,06537#B1,Solar,19/05/2026 08:30:00 PM,19/05/2026 08:59:59 PM,0,0,A
ACCO_15e06beda2,NMI_df2d025267,DEVI_284a47f5e0,COMMS4D,06537#E1,Generalusage,19/05/2026 08:30:00 PM,19/05/2026 08:59:59 PM,0.3,0,A
ACCO_15e06beda2,NMI_df2d025267,DEVI_284a47f5e0,COMMS4D,06537#B1,Solar,19/05/2026 09:00:00 PM,19/05/2026 09:29:59 PM,0,0,A
ACCO_15e06beda2,NMI_df2d025267,DEVI_284a47f5e0,COMMS4D,06537#E1,Generalusage,19/05/2026 09:00:00 PM,19/05/2026 09:29:59 PM,0.351,0,A
ACCO_15e06beda2,NMI_df2d025267,DEVI_284a47f5e0,COMMS4D,06537#B1,Solar,19/05/2026 09:30:00 PM,19/05/2026 09:59:59 PM,0,0,A
ACCO_15e06beda2,NMI_df2d025267,DEVI_284a47f5e0,COMMS4D,06537#E1,Generalusage,19/05/2026 09:30:00 PM,19/05/2026 09:59:59 PM,0.386,0,A
ACCO_15e06beda2,NMI_df2d025267,DEVI_284a47f5e0,COMMS4D,06537#B1,Solar,19/05/2026 10:00:00 PM,19/05/2026 10:29:59 PM,0,0,A
ACCO_15e06beda2,NMI_df2d025267,DEVI_284a47f5e0,COMMS4D,06537#E1,Generalusage,19/05/2026 10:00:00 PM,19/05/2026 10:29:59 PM,0.253,0,A
ACCO_15e06beda2,NMI_df2d025267,DEVI_284a47f5e0,COMMS4D,06537#B1,Solar,19/05/2026 10:30:00 PM,19/05/2026 10:59:59 PM,0,0,A
ACCO_15e06beda2,NMI_df2d025267,DEVI_284a47f5e0,COMMS4D,06537#E1,Generalusage,19/05/2026 10:30:00 PM,19/05/2026 10:59:59 PM,0.233,0,A
ACCO_15e06beda2,NMI_df2d025267,DEVI_284a47f5e0,COMMS4D,06537#B1,Solar,19/05/2026 11:00:00 PM,19/05/2026 11:29:59 PM,0,0,A
ACCO_15e06beda2,NMI_df2d025267,DEVI_284a47f5e0,COMMS4D,06537#E1,Generalusage,19/05/2026 11:00:00 PM,19/05/2026 11:29:59 PM,0.25,0,A
ACCO_15e06beda2,NMI_df2d025267,DEVI_284a47f5e0,COMMS4D,06537#B1,Solar,19/05/2026 11:30:00 PM,19/05/2026 11:59:59 PM,0,0,A
ACCO_15e06beda2,NMI_df2d025267,DEVI_284a47f5e0,COMMS4D,06537#E1,Generalusage,19/05/2026 11:30:00 PM,19/05/2026 11:59:59 PM,0.24,0,A
ACCO_15e06beda2,NMI_df2d025267,DEVI_284a47f5e0,COMMS4D,06537#B1,Solar,20/05/2026 12:00:00 AM,20/05/2026 12:29:59 AM,0,0,A
ACCO_15e06beda2,NMI_df2d025267,DEVI_284a47f5e0,COMMS4D,06537#E1,Generalusage,20/05/2026 12:00:00 AM,20/05/2026 12:29:59 AM,0.238,0,A
ACCO_15e06beda2,NMI_df2d025267,DEVI_284a47f5e0,COMMS4D,06537#B1,Solar,20/05/2026 12:30:00 AM,20/05/2026 12:59:59 AM,0,0,A
ACCO_15e06beda2,NMI_df2d025267,DEVI_284a47f5e0,COMMS4D,06537#E1,Generalusage,20/05/2026 12:30:00 AM,20/05/2026 12:59:59 AM,0.246,0,A
ACCO_15e06beda2,NMI_df2d025267,DEVI_284a47f5e0,COMMS4D,06537#B1,Solar,20/05/2026 01:00:00 AM,20/05/2026 01:29:59 AM,0,0,A
ACCO_15e06beda2,NMI_df2d025267,DEVI_284a47f5e0,COMMS4D,06537#E1,Generalusage,20/05/2026 01:00:00 AM,20/05/2026 01:29:59 AM,0.227,0,A
ACCO_15e06beda2,NMI_df2d025267,DEVI_284a47f5e0,COMMS4D,06537#B1,Solar,20/05/2026 01:30:00 AM,20/05/2026 01:59:59 AM,0,0,A
ACCO_15e06beda2,NMI_df2d025267,DEVI_284a47f5e0,COMMS4D,06537#E1,Generalusage,20/05/2026 01:30:00 AM,20/05/2026 01:59:59 AM,0.218,0,A
ACCO_15e06beda2,NMI_df2d025267,DEVI_284a47f5e0,COMMS4D,06537#B1,Solar,20/05/2026 02:00:00 AM,20/05/2026 02:29:59 AM,0,0,A
ACCO_15e06beda2,NMI_df2d025267,DEVI_284a47f5e0,COMMS4D,06537#E1,Generalusage,20/05/2026 02:00:00 AM,20/05/2026 02:29:59 AM,0.224,0,A
ACCO_15e06beda2,NMI_df2d025267,DEVI_284a47f5e0,COMMS4D,06537#B1,Solar,20/05/2026 02:30:00 AM,20/05/2026 02:59:59 AM,0,0,A
ACCO_15e06beda2,NMI_df2d025267,DEVI_284a47f5e0,COMMS4D,06537#E1,Generalusage,20/05/2026 02:30:00 AM,20/05/2026 02:59:59 AM,0.215,0,A
ACCO_15e06beda2,NMI_df2d025267,DEVI_284a47f5e0,COMMS4D,06537#B1,Solar,20/05/2026 03:00:00 AM,20/05/2026 03:29:59 AM,0,0,A
ACCO_15e06beda2,NMI_df2d025267,DEVI_284a47f5e0,COMMS4D,06537#E1,Generalusage,20/05/2026 03:00:00 AM,20/05/2026 03:29:59 AM,0.227,0,A
ACCO_15e06beda2,NMI_df2d025267,DEVI_284a47f5e0,COMMS4D,06537#B1,Solar,20/05/2026 03:30:00 AM,20/05/2026 03:59:59 AM,0,0,A
ACCO_15e06beda2,NMI_df2d025267,DEVI_284a47f5e0,COMMS4D,06537#E1,Generalusage,20/05/2026 03:30:00 AM,20/05/2026 03:59:59 AM,0.245,0,A
ACCO_15e06beda2,NMI_df2d025267,DEVI_284a47f5e0,COMMS4D,06537#B1,Solar,20/05/2026 04:00:00 AM,20/05/2026 04:29:59 AM,0,0,A
ACCO_15e06beda2,NMI_df2d025267,DEVI_284a47f5e0,COMMS4D,06537#E1,Generalusage,20/05/2026 04:00:00 AM,20/05/2026 04:29:59 AM,0.236,0,A
ACCO_15e06beda2,NMI_df2d025267,DEVI_284a47f5e0,COMMS4D,06537#B1,Solar,20/05/2026 04:30:00 AM,20/05/2026 04:59:59 AM,0,0,A
ACCO_15e06beda2,NMI_df2d025267,DEVI_284a47f5e0,COMMS4D,06537#E1,Generalusage,20/05/2026 04:30:00 AM,20/05/2026 04:59:59 AM,0.222,0,A
ACCO_15e06beda2,NMI_df2d025267,DEVI_284a47f5e0,COMMS4D,06537#B1,Solar,20/05/2026 05:00:00 AM,20/05/2026 05:29:59 AM,0,0,A
ACCO_15e06beda2,NMI_df2d025267,DEVI_284a47f5e0,COMMS4D,06537#E1,Generalusage,20/05/2026 05:00:00 AM,20/05/2026 05:29:59 AM,0.25,0,A
ACCO_15e06beda2,NMI_df2d025267,DEVI_284a47f5e0,COMMS4D,06537#B1,Solar,20/05/2026 05:30:00 AM,20/05/2026 05:59:59 AM,0,0,A
ACCO_15e06beda2,NMI_df2d025267,DEVI_284a47f5e0,COMMS4D,06537#E1,Generalusage,20/05/2026 05:30:00 AM,20/05/2026 05:59:59 AM,0.239,0,A
ACCO_15e06beda2,NMI_df2d025267,DEVI_284a47f5e0,COMMS4D,06537#B1,Solar,20/05/2026 06:00:00 AM,20/05/2026 06:29:59 AM,0,0,A
ACCO_15e06beda2,NMI_df2d025267,DEVI_284a47f5e0,COMMS4D,06537#E1,Generalusage,20/05/2026 06:00:00 AM,20/05/2026 06:29:59 AM,0.228,0,A
ACCO_15e06beda2,NMI_df2d025267,DEVI_284a47f5e0,COMMS4D,06537#B1,Solar,20/05/2026 06:30:00 AM,20/05/2026 06:59:59 AM,0,0,A
ACCO_15e06beda2,NMI_df2d025267,DEVI_284a47f5e0,COMMS4D,06537#E1,Generalusage,20/05/2026 06:30:00 AM,20/05/2026 06:59:59 AM,0.352,0,A
ACCO_15e06beda2,NMI_df2d025267,DEVI_284a47f5e0,COMMS4D,06537#B1,Solar,20/05/2026 07:00:00 AM,20/05/2026 07:29:59 AM,0,0,A
ACCO_15e06beda2,NMI_df2d025267,DEVI_284a47f5e0,COMMS4D,06537#E1,Generalusage,20/05/2026 07:00:00 AM,20/05/2026 07:29:59 AM,0.287,0,A
ACCO_15e06beda2,NMI_df2d025267,DEVI_284a47f5e0,COMMS4D,06537#B1,Solar,20/05/2026 07:30:00 AM,20/05/2026 07:59:59 AM,0.002,0,A
ACCO_15e06beda2,NMI_df2d025267,DEVI_284a47f5e0,COMMS4D,06537#E1,Generalusage,20/05/2026 07:30:00 AM,20/05/2026 07:59:59 AM,0.014,0,A
ACCO_15e06beda2,NMI_df2d025267,DEVI_284a47f5e0,COMMS4D,06537#B1,Solar,20/05/2026 08:00:00 AM,20/05/2026 08:29:59 AM,0.003,0,A
ACCO_15e06beda2,NMI_df2d025267,DEVI_284a47f5e0,COMMS4D,06537#E1,Generalusage,20/05/2026 08:00:00 AM,20/05/2026 08:29:59 AM,0.001,0,A
ACCO_15e06beda2,NMI_df2d025267,DEVI_284a47f5e0,COMMS4D,06537#B1,Solar,20/05/2026 08:30:00 AM,20/05/2026 08:59:59 AM,0.003,0,A
ACCO_15e06beda2,NMI_df2d025267,DEVI_284a47f5e0,COMMS4D,06537#E1,Generalusage,20/05/2026 08:30:00 AM,20/05/2026 08:59:59 AM,0,0,A
ACCO_15e06beda2,NMI_df2d025267,DEVI_284a47f5e0,COMMS4D,06537#B1,Solar,20/05/2026 09:00:00 AM,20/05/2026 09:29:59 AM,0.002,0,A
ACCO_15e06beda2,NMI_df2d025267,DEVI_284a47f5e0,COMMS4D,06537#E1,Generalusage,20/05/2026 09:00:00 AM,20/05/2026 09:29:59 AM,0.001,0,A
ACCO_15e06beda2,NMI_df2d025267,DEVI_284a47f5e0,COMMS4D,06537#B1,Solar,20/05/2026 09:30:00 AM,20/05/2026 09:59:59 AM,0.002,0,A
ACCO_15e06beda2,NMI_df2d025267,DEVI_284a47f5e0,COMMS4D,06537#E1,Generalusage,20/05/2026 09:30:00 AM,20/05/2026 09:59:59 AM,0.001,0,A
ACCO_15e06beda2,NMI_df2d025267,DEVI_284a47f5e0,COMMS4D,06537#B1,Solar,20/05/2026 10:00:00 AM,20/05/2026 10:29:59 AM,0.003,0,A
ACCO_15e06beda2,NMI_df2d025267,DEVI_284a47f5e0,COMMS4D,06537#E1,Generalusage,20/05/2026 10:00:00 AM,20/05/2026 10:29:59 AM,0.002,0,A
ACCO_15e06beda2,NMI_df2d025267,DEVI_284a47f5e0,COMMS4D,06537#B1,Solar,20/05/2026 10:30:00 AM,20/05/2026 10:59:59 AM,0.004,0,A
ACCO_15e06beda2,NMI_df2d025267,DEVI_284a47f5e0,COMMS4D,06537#E1,Generalusage,20/05/2026 10:30:00 AM,20/05/2026 10:59:59 AM,0.002,0,A
ACCO_15e06beda2,NMI_df2d025267,DEVI_284a47f5e0,COMMS4D,06537#B1,Solar,20/05/2026 11:00:00 AM,20/05/2026 11:29:59 AM,0.004,0,A
ACCO_15e06beda2,NMI_df2d025267,DEVI_284a47f5e0,COMMS4D,06537#E1,Generalusage,20/05/2026 11:00:00 AM,20/05/2026 11:29:59 AM,0.002,0,A
ACCO_15e06beda2,NMI_df2d025267,DEVI_284a47f5e0,COMMS4D,06537#B1,Solar,20/05/2026 11:30:00 AM,20/05/2026 11:59:59 AM,1.174,0,A
ACCO_15e06beda2,NMI_df2d025267,DEVI_284a47f5e0,COMMS4D,06537#E1,Generalusage,20/05/2026 11:30:00 AM,20/05/2026 11:59:59 AM,0.002,0,A
ACCO_15e06beda2,NMI_df2d025267,DEVI_284a47f5e0,COMMS4D,06537#B1,Solar,20/05/2026 12:00:00 PM,20/05/2026 12:29:59 PM,2.428,0,A
ACCO_15e06beda2,NMI_df2d025267,DEVI_284a47f5e0,COMMS4D,06537#E1,Generalusage,20/05/2026 12:00:00 PM,20/05/2026 12:29:59 PM,0.002,0,A
ACCO_15e06beda2,NMI_df2d025267,DEVI_284a47f5e0,COMMS4D,06537#B1,Solar,20/05/2026 12:30:00 PM,20/05/2026 12:59:59 PM,2.745,0,A
ACCO_15e06beda2,NMI_df2d025267,DEVI_284a47f5e0,COMMS4D,06537#E1,Generalusage,20/05/2026 12:30:00 PM,20/05/2026 12:59:59 PM,0,0,A
ACCO_15e06beda2,NMI_df2d025267,DEVI_284a47f5e0,COMMS4D,06537#B1,Solar,20/05/2026 01:00:00 PM,20/05/2026 01:29:59 PM,3.16,0,A
ACCO_15e06beda2,NMI_df2d025267,DEVI_284a47f5e0,COMMS4D,06537#E1,Generalusage,20/05/2026 01:00:00 PM,20/05/2026 01:29:59 PM,0,0,A
ACCO_15e06beda2,NMI_df2d025267,DEVI_284a47f5e0,COMMS4D,06537#B1,Solar,20/05/2026 01:30:00 PM,20/05/2026 01:59:59 PM,2.944,0,A
ACCO_15e06beda2,NMI_df2d025267,DEVI_284a47f5e0,COMMS4D,06537#E1,Generalusage,20/05/2026 01:30:00 PM,20/05/2026 01:59:59 PM,0,0,A
ACCO_15e06beda2,NMI_df2d025267,DEVI_284a47f5e0,COMMS4D,06537#B1,Solar,20/05/2026 02:00:00 PM,20/05/2026 02:29:59 PM,2.085,0,A
ACCO_15e06beda2,NMI_df2d025267,DEVI_284a47f5e0,COMMS4D,06537#E1,Generalusage,20/05/2026 02:00:00 PM,20/05/2026 02:29:59 PM,0.001,0,A
ACCO_15e06beda2,NMI_df2d025267,DEVI_284a47f5e0,COMMS4D,06537#B1,Solar,20/05/2026 02:30:00 PM,20/05/2026 02:59:59 PM,2.282,0,A
ACCO_15e06beda2,NMI_df2d025267,DEVI_284a47f5e0,COMMS4D,06537#E1,Generalusage,20/05/2026 02:30:00 PM,20/05/2026 02:59:59 PM,0,0,A
ACCO_15e06beda2,NMI_df2d025267,DEVI_284a47f5e0,COMMS4D,06537#B1,Solar,20/05/2026 03:00:00 PM,20/05/2026 03:29:59 PM,1.75,0,A
ACCO_15e06beda2,NMI_df2d025267,DEVI_284a47f5e0,COMMS4D,06537#E1,Generalusage,20/05/2026 03:00:00 PM,20/05/2026 03:29:59 PM,0,0,A
ACCO_15e06beda2,NMI_df2d025267,DEVI_284a47f5e0,COMMS4D,06537#B1,Solar,20/05/2026 03:30:00 PM,20/05/2026 03:59:59 PM,1.18,0,A
ACCO_15e06beda2,NMI_df2d025267,DEVI_284a47f5e0,COMMS4D,06537#E1,Generalusage,20/05/2026 03:30:00 PM,20/05/2026 03:59:59 PM,0,0,A
ACCO_15e06beda2,NMI_df2d025267,DEVI_284a47f5e0,COMMS4D,06537#B1,Solar,20/05/2026 04:00:00 PM,20/05/2026 04:29:59 PM,0.396,0,A
ACCO_15e06beda2,NMI_df2d025267,DEVI_284a47f5e0,COMMS4D,06537#E1,Generalusage,20/05/2026 04:00:00 PM,20/05/2026 04:29:59 PM,0.001,0,A
ACCO_15e06beda2,NMI_df2d025267,DEVI_284a47f5e0,COMMS4D,06537#B1,Solar,20/05/2026 04:30:00 PM,20/05/2026 04:59:59 PM,0.003,0,A
ACCO_15e06beda2,NMI_df2d025267,DEVI_284a47f5e0,COMMS4D,06537#E1,Generalusage,20/05/2026 04:30:00 PM,20/05/2026 04:59:59 PM,0.001,0,A
ACCO_15e06beda2,NMI_df2d025267,DEVI_284a47f5e0,COMMS4D,06537#B1,Solar,20/05/2026 05:00:00 PM,20/05/2026 05:29:59 PM,0.003,0,A
ACCO_15e06beda2,NMI_df2d025267,DEVI_284a47f5e0,COMMS4D,06537#E1,Generalusage,20/05/2026 05:00:00 PM,20/05/2026 05:29:59 PM,0.001,0,A
ACCO_15e06beda2,NMI_df2d025267,DEVI_284a47f5e0,COMMS4D,06537#B1,Solar,20/05/2026 05:30:00 PM,20/05/2026 05:59:59 PM,0.002,0,A
ACCO_15e06beda2,NMI_df2d025267,DEVI_284a47f5e0,COMMS4D,06537#E1,Generalusage,20/05/2026 05:30:00 PM,20/05/2026 05:59:59 PM,0.001,0,A
ACCO_15e06beda2,NMI_df2d025267,DEVI_284a47f5e0,COMMS4D,06537#B1,Solar,20/05/2026 06:00:00 PM,20/05/2026 06:29:59 PM,0.001,0,A
ACCO_15e06beda2,NMI_df2d025267,DEVI_284a47f5e0,COMMS4D,06537#E1,Generalusage,20/05/2026 06:00:00 PM,20/05/2026 06:29:59 PM,0.002,0,A
ACCO_15e06beda2,NMI_df2d025267,DEVI_284a47f5e0,COMMS4D,06537#B1,Solar,20/05/2026 06:30:00 PM,20/05/2026 06:59:59 PM,0.003,0,A
ACCO_15e06beda2,NMI_df2d025267,DEVI_284a47f5e0,COMMS4D,06537#E1,Generalusage,20/05/2026 06:30:00 PM,20/05/2026 06:59:59 PM,0.001,0,A
ACCO_15e06beda2,NMI_df2d025267,DEVI_284a47f5e0,COMMS4D,06537#B1,Solar,20/05/2026 07:00:00 PM,20/05/2026 07:29:59 PM,0.006,0,A
ACCO_15e06beda2,NMI_df2d025267,DEVI_284a47f5e0,COMMS4D,06537#E1,Generalusage,20/05/2026 07:00:00 PM,20/05/2026 07:29:59 PM,0.004,0,A
ACCO_15e06beda2,NMI_df2d025267,DEVI_284a47f5e0,COMMS4D,06537#B1,Solar,20/05/2026 07:30:00 PM,20/05/2026 07:59:59 PM,0.003,0,A
ACCO_15e06beda2,NMI_df2d025267,DEVI_284a47f5e0,COMMS4D,06537#E1,Generalusage,20/05/2026 07:30:00 PM,20/05/2026 07:59:59 PM,0.001,0,A
ACCO_15e06beda2,NMI_df2d025267,DEVI_284a47f5e0,COMMS4D,06537#B1,Solar,20/05/2026 08:00:00 PM,20/05/2026 08:29:59 PM,0.002,0,A
ACCO_15e06beda2,NMI_df2d025267,DEVI_284a47f5e0,COMMS4D,06537#E1,Generalusage,20/05/2026 08:00:00 PM,20/05/2026 08:29:59 PM,0.001,0,A
ACCO_15e06beda2,NMI_df2d025267,DEVI_284a47f5e0,COMMS4D,06537#B1,Solar,20/05/2026 08:30:00 PM,20/05/2026 08:59:59 PM,0.003,0,A
ACCO_15e06beda2,NMI_df2d025267,DEVI_284a47f5e0,COMMS4D,06537#E1,Generalusage,20/05/2026 08:30:00 PM,20/05/2026 08:59:59 PM,0.001,0,A
ACCO_15e06beda2,NMI_df2d025267,DEVI_284a47f5e0,COMMS4D,06537#B1,Solar,20/05/2026 09:00:00 PM,20/05/2026 09:29:59 PM,0.002,0,A
ACCO_15e06beda2,NMI_df2d025267,DEVI_284a47f5e0,COMMS4D,06537#E1,Generalusage,20/05/2026 09:00:00 PM,20/05/2026 09:29:59 PM,0,0,A
ACCO_15e06beda2,NMI_df2d025267,DEVI_284a47f5e0,COMMS4D,06537#B1,Solar,20/05/2026 09:30:00 PM,20/05/2026 09:59:59 PM,0.003,0,A
ACCO_15e06beda2,NMI_df2d025267,DEVI_284a47f5e0,COMMS4D,06537#E1,Generalusage,20/05/2026 09:30:00 PM,20/05/2026 09:59:59 PM,0.001,0,A
ACCO_15e06beda2,NMI_df2d025267,DEVI_284a47f5e0,COMMS4D,06537#B1,Solar,20/05/2026 10:00:00 PM,20/05/2026 10:29:59 PM,0.003,0,A
ACCO_15e06beda2,NMI_df2d025267,DEVI_284a47f5e0,COMMS4D,06537#E1,Generalusage,20/05/2026 10:00:00 PM,20/05/2026 10:29:59 PM,0.001,0,A
ACCO_15e06beda2,NMI_df2d025267,DEVI_284a47f5e0,COMMS4D,06537#B1,Solar,20/05/2026 10:30:00 PM,20/05/2026 10:59:59 PM,0.002,0,A
ACCO_15e06beda2,NMI_df2d025267,DEVI_284a47f5e0,COMMS4D,06537#E1,Generalusage,20/05/2026 10:30:00 PM,20/05/2026 10:59:59 PM,0,0,A
ACCO_15e06beda2,NMI_df2d025267,DEVI_284a47f5e0,COMMS4D,06537#B1,Solar,20/05/2026 11:00:00 PM,20/05/2026 11:29:59 PM,0.003,0,A
ACCO_15e06beda2,NMI_df2d025267,DEVI_284a47f5e0,COMMS4D,06537#E1,Generalusage,20/05/2026 11:00:00 PM,20/05/2026 11:29:59 PM,0.001,0,A
ACCO_15e06beda2,NMI_df2d025267,DEVI_284a47f5e0,COMMS4D,06537#B1,Solar,20/05/2026 11:30:00 PM,20/05/2026 11:59:59 PM,0.002,0,A
ACCO_15e06beda2,NMI_df2d025267,DEVI_284a47f5e0,COMMS4D,06537#E1,Generalusage,20/05/2026 11:30:00 PM,20/05/2026 11:59:59 PM,0.001,0,A
ACCO_15e06beda2,NMI_df2d025267,DEVI_284a47f5e0,COMMS4D,06537#B1,Solar,21/05/2026 12:00:00 AM,21/05/2026 12:29:59 AM,0.002,0,A
ACCO_15e06beda2,NMI_df2d025267,DEVI_284a47f5e0,COMMS4D,06537#E1,Generalusage,21/05/2026 12:00:00 AM,21/05/2026 12:29:59 AM,0.001,0,A
ACCO_15e06beda2,NMI_df2d025267,DEVI_284a47f5e0,COMMS4D,06537#B1,Solar,21/05/2026 12:30:00 AM,21/05/2026 12:59:59 AM,0.002,0,A
ACCO_15e06beda2,NMI_df2d025267,DEVI_284a47f5e0,COMMS4D,06537#E1,Generalusage,21/05/2026 12:30:00 AM,21/05/2026 12:59:59 AM,0.001,0,A
ACCO_15e06beda2,NMI_df2d025267,DEVI_284a47f5e0,COMMS4D,06537#B1,Solar,21/05/2026 01:00:00 AM,21/05/2026 01:29:59 AM,0.002,0,A
ACCO_15e06beda2,NMI_df2d025267,DEVI_284a47f5e0,COMMS4D,06537#E1,Generalusage,21/05/2026 01:00:00 AM,21/05/2026 01:29:59 AM,0,0,A
ACCO_15e06beda2,NMI_df2d025267,DEVI_284a47f5e0,COMMS4D,06537#B1,Solar,21/05/2026 01:30:00 AM,21/05/2026 01:59:59 AM,0.001,0,A
ACCO_15e06beda2,NMI_df2d025267,DEVI_284a47f5e0,COMMS4D,06537#E1,Generalusage,21/05/2026 01:30:00 AM,21/05/2026 01:59:59 AM,0.002,0,A
ACCO_15e06beda2,NMI_df2d025267,DEVI_284a47f5e0,COMMS4D,06537#B1,Solar,21/05/2026 02:00:00 AM,21/05/2026 02:29:59 AM,0.001,0,A
ACCO_15e06beda2,NMI_df2d025267,DEVI_284a47f5e0,COMMS4D,06537#E1,Generalusage,21/05/2026 02:00:00 AM,21/05/2026 02:29:59 AM,0.001,0,A
ACCO_15e06beda2,NMI_df2d025267,DEVI_284a47f5e0,COMMS4D,06537#B1,Solar,21/05/2026 02:30:00 AM,21/05/2026 02:59:59 AM,0.001,0,A
ACCO_15e06beda2,NMI_df2d025267,DEVI_284a47f5e0,COMMS4D,06537#E1,Generalusage,21/05/2026 02:30:00 AM,21/05/2026 02:59:59 AM,0.002,0,A
ACCO_15e06beda2,NMI_df2d025267,DEVI_284a47f5e0,COMMS4D,06537#B1,Solar,21/05/2026 03:00:00 AM,21/05/2026 03:29:59 AM,0.001,0,A
ACCO_15e06beda2,NMI_df2d025267,DEVI_284a47f5e0,COMMS4D,06537#E1,Generalusage,21/05/2026 03:00:00 AM,21/05/2026 03:29:59 AM,0.001,0,A
ACCO_15e06beda2,NMI_df2d025267,DEVI_284a47f5e0,COMMS4D,06537#B1,Solar,21/05/2026 03:30:00 AM,21/05/2026 03:59:59 AM,0.001,0,A
ACCO_15e06beda2,NMI_df2d025267,DEVI_284a47f5e0,COMMS4D,06537#E1,Generalusage,21/05/2026 03:30:00 AM,21/05/2026 03:59:59 AM,0.002,0,A
ACCO_15e06beda2,NMI_df2d025267,DEVI_284a47f5e0,COMMS4D,06537#B1,Solar,21/05/2026 04:00:00 AM,21/05/2026 04:29:59 AM,0.001,0,A
ACCO_15e06beda2,NMI_df2d025267,DEVI_284a47f5e0,COMMS4D,06537#E1,Generalusage,21/05/2026 04:00:00 AM,21/05/2026 04:29:59 AM,0.002,0,A
ACCO_15e06beda2,NMI_df2d025267,DEVI_284a47f5e0,COMMS4D,06537#B1,Solar,21/05/2026 04:30:00 AM,21/05/2026 04:59:59 AM,0.001,0,A
ACCO_15e06beda2,NMI_df2d025267,DEVI_284a47f5e0,COMMS4D,06537#E1,Generalusage,21/05/2026 04:30:00 AM,21/05/2026 04:59:59 AM,0.001,0,A
ACCO_15e06beda2,NMI_df2d025267,DEVI_284a47f5e0,COMMS4D,06537#B1,Solar,21/05/2026 05:00:00 AM,21/05/2026 05:29:59 AM,0.002,0,A
ACCO_15e06beda2,NMI_df2d025267,DEVI_284a47f5e0,COMMS4D,06537#E1,Generalusage,21/05/2026 05:00:00 AM,21/05/2026 05:29:59 AM,0.001,0,A
ACCO_15e06beda2,NMI_df2d025267,DEVI_284a47f5e0,COMMS4D,06537#B1,Solar,21/05/2026 05:30:00 AM,21/05/2026 05:59:59 AM,0.002,0,A
ACCO_15e06beda2,NMI_df2d025267,DEVI_284a47f5e0,COMMS4D,06537#E1,Generalusage,21/05/2026 05:30:00 AM,21/05/2026 05:59:59 AM,0.001,0,A
ACCO_15e06beda2,NMI_df2d025267,DEVI_284a47f5e0,COMMS4D,06537#B1,Solar,21/05/2026 06:00:00 AM,21/05/2026 06:29:59 AM,0.002,0,A
ACCO_15e06beda2,NMI_df2d025267,DEVI_284a47f5e0,COMMS4D,06537#E1,Generalusage,21/05/2026 06:00:00 AM,21/05/2026 06:29:59 AM,0.001,0,A
ACCO_15e06beda2,NMI_df2d025267,DEVI_284a47f5e0,COMMS4D,06537#B1,Solar,21/05/2026 06:30:00 AM,21/05/2026 06:59:59 AM,0.002,0,A
ACCO_15e06beda2,NMI_df2d025267,DEVI_284a47f5e0,COMMS4D,06537#E1,Generalusage,21/05/2026 06:30:00 AM,21/05/2026 06:59:59 AM,0.001,0,A
ACCO_15e06beda2,NMI_df2d025267,DEVI_284a47f5e0,COMMS4D,06537#B1,Solar,21/05/2026 07:00:00 AM,21/05/2026 07:29:59 AM,0.002,0,A
ACCO_15e06beda2,NMI_df2d025267,DEVI_284a47f5e0,COMMS4D,06537#E1,Generalusage,21/05/2026 07:00:00 AM,21/05/2026 07:29:59 AM,0.001,0,A
ACCO_15e06beda2,NMI_df2d025267,DEVI_284a47f5e0,COMMS4D,06537#B1,Solar,21/05/2026 07:30:00 AM,21/05/2026 07:59:59 AM,0.002,0,A
ACCO_15e06beda2,NMI_df2d025267,DEVI_284a47f5e0,COMMS4D,06537#E1,Generalusage,21/05/2026 07:30:00 AM,21/05/2026 07:59:59 AM,0.001,0,A
ACCO_15e06beda2,NMI_df2d025267,DEVI_284a47f5e0,COMMS4D,06537#B1,Solar,21/05/2026 08:00:00 AM,21/05/2026 08:29:59 AM,0.003,0,A
ACCO_15e06beda2,NMI_df2d025267,DEVI_284a47f5e0,COMMS4D,06537#E1,Generalusage,21/05/2026 08:00:00 AM,21/05/2026 08:29:59 AM,0.001,0,A
ACCO_15e06beda2,NMI_df2d025267,DEVI_284a47f5e0,COMMS4D,06537#B1,Solar,21/05/2026 08:30:00 AM,21/05/2026 08:59:59 AM,0.003,0,A
ACCO_15e06beda2,NMI_df2d025267,DEVI_284a47f5e0,COMMS4D,06537#E1,Generalusage,21/05/2026 08:30:00 AM,21/05/2026 08:59:59 AM,0,0,A
ACCO_15e06beda2,NMI_df2d025267,DEVI_284a47f5e0,COMMS4D,06537#B1,Solar,21/05/2026 09:00:00 AM,21/05/2026 09:29:59 AM,0.003,0,A
ACCO_15e06beda2,NMI_df2d025267,DEVI_284a47f5e0,COMMS4D,06537#E1,Generalusage,21/05/2026 09:00:00 AM,21/05/2026 09:29:59 AM,0.001,0,A
ACCO_15e06beda2,NMI_df2d025267,DEVI_284a47f5e0,COMMS4D,06537#B1,Solar,21/05/2026 09:30:00 AM,21/05/2026 09:59:59 AM,0.001,0,A
ACCO_15e06beda2,NMI_df2d025267,DEVI_284a47f5e0,COMMS4D,06537#E1,Generalusage,21/05/2026 09:30:00 AM,21/05/2026 09:59:59 AM,0.002,0,A
ACCO_15e06beda2,NMI_df2d025267,DEVI_284a47f5e0,COMMS4D,06537#B1,Solar,21/05/2026 10:00:00 AM,21/05/2026 10:29:59 AM,0.004,0,A
ACCO_15e06beda2,NMI_df2d025267,DEVI_284a47f5e0,COMMS4D,06537#E1,Generalusage,21/05/2026 10:00:00 AM,21/05/2026 10:29:59 AM,0.003,0,A
ACCO_15e06beda2,NMI_df2d025267,DEVI_284a47f5e0,COMMS4D,06537#B1,Solar,21/05/2026 10:30:00 AM,21/05/2026 10:59:59 AM,1.629,0,A
ACCO_15e06beda2,NMI_df2d025267,DEVI_284a47f5e0,COMMS4D,06537#E1,Generalusage,21/05/2026 10:30:00 AM,21/05/2026 10:59:59 AM,0,0,A
ACCO_15e06beda2,NMI_df2d025267,DEVI_284a47f5e0,COMMS4D,06537#B1,Solar,21/05/2026 11:00:00 AM,21/05/2026 11:29:59 AM,3.12,0,A
ACCO_15e06beda2,NMI_df2d025267,DEVI_284a47f5e0,COMMS4D,06537#E1,Generalusage,21/05/2026 11:00:00 AM,21/05/2026 11:29:59 AM,0,0,A
ACCO_15e06beda2,NMI_df2d025267,DEVI_284a47f5e0,COMMS4D,06537#B1,Solar,21/05/2026 11:30:00 AM,21/05/2026 11:59:59 AM,3.273,0,A
ACCO_15e06beda2,NMI_df2d025267,DEVI_284a47f5e0,COMMS4D,06537#E1,Generalusage,21/05/2026 11:30:00 AM,21/05/2026 11:59:59 AM,0,0,A
ACCO_15e06beda2,NMI_df2d025267,DEVI_284a47f5e0,COMMS4D,06537#B1,Solar,21/05/2026 12:00:00 PM,21/05/2026 12:29:59 PM,3.293,0,A
ACCO_15e06beda2,NMI_df2d025267,DEVI_284a47f5e0,COMMS4D,06537#E1,Generalusage,21/05/2026 12:00:00 PM,21/05/2026 12:29:59 PM,0,0,A
ACCO_15e06beda2,NMI_df2d025267,DEVI_284a47f5e0,COMMS4D,06537#B1,Solar,21/05/2026 12:30:00 PM,21/05/2026 12:59:59 PM,2.719,0,A
ACCO_15e06beda2,NMI_df2d025267,DEVI_284a47f5e0,COMMS4D,06537#E1,Generalusage,21/05/2026 12:30:00 PM,21/05/2026 12:59:59 PM,0,0,A
ACCO_15e06beda2,NMI_df2d025267,DEVI_284a47f5e0,COMMS4D,06537#B1,Solar,21/05/2026 01:00:00 PM,21/05/2026 01:29:59 PM,2.971,0,A
ACCO_15e06beda2,NMI_df2d025267,DEVI_284a47f5e0,COMMS4D,06537#E1,Generalusage,21/05/2026 01:00:00 PM,21/05/2026 01:29:59 PM,0,0,A
ACCO_15e06beda2,NMI_df2d025267,DEVI_284a47f5e0,COMMS4D,06537#B1,Solar,21/05/2026 01:30:00 PM,21/05/2026 01:59:59 PM,2.464,0,A
ACCO_15e06beda2,NMI_df2d025267,DEVI_284a47f5e0,COMMS4D,06537#E1,Generalusage,21/05/2026 01:30:00 PM,21/05/2026 01:59:59 PM,0.001,0,A
ACCO_15e06beda2,NMI_df2d025267,DEVI_284a47f5e0,COMMS4D,06537#B1,Solar,21/05/2026 02:00:00 PM,21/05/2026 02:29:59 PM,1.632,0,A
ACCO_15e06beda2,NMI_df2d025267,DEVI_284a47f5e0,COMMS4D,06537#E1,Generalusage,21/05/2026 02:00:00 PM,21/05/2026 02:29:59 PM,0.001,0,A
ACCO_15e06beda2,NMI_df2d025267,DEVI_284a47f5e0,COMMS4D,06537#B1,Solar,21/05/2026 02:30:00 PM,21/05/2026 02:59:59 PM,2.329,0,A
ACCO_15e06beda2,NMI_df2d025267,DEVI_284a47f5e0,COMMS4D,06537#E1,Generalusage,21/05/2026 02:30:00 PM,21/05/2026 02:59:59 PM,0,0,A
ACCO_15e06beda2,NMI_df2d025267,DEVI_284a47f5e0,COMMS4D,06537#B1,Solar,21/05/2026 03:00:00 PM,21/05/2026 03:29:59 PM,1.674,0,A
ACCO_15e06beda2,NMI_df2d025267,DEVI_284a47f5e0,COMMS4D,06537#E1,Generalusage,21/05/2026 03:00:00 PM,21/05/2026 03:29:59 PM,0,0,A
ACCO_15e06beda2,NMI_df2d025267,DEVI_284a47f5e0,COMMS4D,06537#B1,Solar,21/05/2026 03:30:00 PM,21/05/2026 03:59:59 PM,1.11,0,A
ACCO_15e06beda2,NMI_df2d025267,DEVI_284a47f5e0,COMMS4D,06537#E1,Generalusage,21/05/2026 03:30:00 PM,21/05/2026 03:59:59 PM,0,0,A
ACCO_15e06beda2,NMI_df2d025267,DEVI_284a47f5e0,COMMS4D,06537#B1,Solar,21/05/2026 04:00:00 PM,21/05/2026 04:29:59 PM,0.446,0,A
ACCO_15e06beda2,NMI_df2d025267,DEVI_284a47f5e0,COMMS4D,06537#E1,Generalusage,21/05/2026 04:00:00 PM,21/05/2026 04:29:59 PM,0.001,0,A
ACCO_15e06beda2,NMI_df2d025267,DEVI_284a47f5e0,COMMS4D,06537#B1,Solar,21/05/2026 04:30:00 PM,21/05/2026 04:59:59 PM,0.003,0,A
ACCO_15e06beda2,NMI_df2d025267,DEVI_284a47f5e0,COMMS4D,06537#E1,Generalusage,21/05/2026 04:30:00 PM,21/05/2026 04:59:59 PM,0.001,0,A
ACCO_15e06beda2,NMI_df2d025267,DEVI_284a47f5e0,COMMS4D,06537#B1,Solar,21/05/2026 05:00:00 PM,21/05/2026 05:29:59 PM,0.004,0,A
ACCO_15e06beda2,NMI_df2d025267,DEVI_284a47f5e0,COMMS4D,06537#E1,Generalusage,21/05/2026 05:00:00 PM,21/05/2026 05:29:59 PM,0.002,0,A
ACCO_15e06beda2,NMI_df2d025267,DEVI_284a47f5e0,COMMS4D,06537#B1,Solar,21/05/2026 05:30:00 PM,21/05/2026 05:59:59 PM,0.002,0,A
ACCO_15e06beda2,NMI_df2d025267,DEVI_284a47f5e0,COMMS4D,06537#E1,Generalusage,21/05/2026 05:30:00 PM,21/05/2026 05:59:59 PM,0.001,0,A
ACCO_15e06beda2,NMI_df2d025267,DEVI_284a47f5e0,COMMS4D,06537#B1,Solar,21/05/2026 06:00:00 PM,21/05/2026 06:29:59 PM,0.003,0,A
ACCO_15e06beda2,NMI_df2d025267,DEVI_284a47f5e0,COMMS4D,06537#E1,Generalusage,21/05/2026 06:00:00 PM,21/05/2026 06:29:59 PM,0.001,0,A
ACCO_15e06beda2,NMI_df2d025267,DEVI_284a47f5e0,COMMS4D,06537#B1,Solar,21/05/2026 06:30:00 PM,21/05/2026 06:59:59 PM,0.003,0,A
ACCO_15e06beda2,NMI_df2d025267,DEVI_284a47f5e0,COMMS4D,06537#E1,Generalusage,21/05/2026 06:30:00 PM,21/05/2026 06:59:59 PM,0.001,0,A
ACCO_15e06beda2,NMI_df2d025267,DEVI_284a47f5e0,COMMS4D,06537#B1,Solar,21/05/2026 07:00:00 PM,21/05/2026 07:29:59 PM,0.003,0,A
ACCO_15e06beda2,NMI_df2d025267,DEVI_284a47f5e0,COMMS4D,06537#E1,Generalusage,21/05/2026 07:00:00 PM,21/05/2026 07:29:59 PM,0.001,0,A
ACCO_15e06beda2,NMI_df2d025267,DEVI_284a47f5e0,COMMS4D,06537#B1,Solar,21/05/2026 07:30:00 PM,21/05/2026 07:59:59 PM,0.004,0,A
ACCO_15e06beda2,NMI_df2d025267,DEVI_284a47f5e0,COMMS4D,06537#E1,Generalusage,21/05/2026 07:30:00 PM,21/05/2026 07:59:59 PM,0.001,0,A
ACCO_15e06beda2,NMI_df2d025267,DEVI_284a47f5e0,COMMS4D,06537#B1,Solar,21/05/2026 08:00:00 PM,21/05/2026 08:29:59 PM,0.003,0,A
ACCO_15e06beda2,NMI_df2d025267,DEVI_284a47f5e0,COMMS4D,06537#E1,Generalusage,21/05/2026 08:00:00 PM,21/05/2026 08:29:59 PM,0.001,0,A
ACCO_15e06beda2,NMI_df2d025267,DEVI_284a47f5e0,COMMS4D,06537#B1,Solar,21/05/2026 08:30:00 PM,21/05/2026 08:59:59 PM,0.002,0,A
ACCO_15e06beda2,NMI_df2d025267,DEVI_284a47f5e0,COMMS4D,06537#E1,Generalusage,21/05/2026 08:30:00 PM,21/05/2026 08:59:59 PM,0.001,0,A
ACCO_15e06beda2,NMI_df2d025267,DEVI_284a47f5e0,COMMS4D,06537#B1,Solar,21/05/2026 09:00:00 PM,21/05/2026 09:29:59 PM,0.003,0,A
ACCO_15e06beda2,NMI_df2d025267,DEVI_284a47f5e0,COMMS4D,06537#E1,Generalusage,21/05/2026 09:00:00 PM,21/05/2026 09:29:59 PM,0.001,0,A
ACCO_15e06beda2,NMI_df2d025267,DEVI_284a47f5e0,COMMS4D,06537#B1,Solar,21/05/2026 09:30:00 PM,21/05/2026 09:59:59 PM,0.003,0,A
ACCO_15e06beda2,NMI_df2d025267,DEVI_284a47f5e0,COMMS4D,06537#E1,Generalusage,21/05/2026 09:30:00 PM,21/05/2026 09:59:59 PM,0.001,0,A
ACCO_15e06beda2,NMI_df2d025267,DEVI_284a47f5e0,COMMS4D,06537#B1,Solar,21/05/2026 10:00:00 PM,21/05/2026 10:29:59 PM,0.002,0,A
ACCO_15e06beda2,NMI_df2d025267,DEVI_284a47f5e0,COMMS4D,06537#E1,Generalusage,21/05/2026 10:00:00 PM,21/05/2026 10:29:59 PM,0,0,A
ACCO_15e06beda2,NMI_df2d025267,DEVI_284a47f5e0,COMMS4D,06537#B1,Solar,21/05/2026 10:30:00 PM,21/05/2026 10:59:59 PM,0.003,0,A
ACCO_15e06beda2,NMI_df2d025267,DEVI_284a47f5e0,COMMS4D,06537#E1,Generalusage,21/05/2026 10:30:00 PM,21/05/2026 10:59:59 PM,0.001,0,A
ACCO_15e06beda2,NMI_df2d025267,DEVI_284a47f5e0,COMMS4D,06537#B1,Solar,21/05/2026 11:00:00 PM,21/05/2026 11:29:59 PM,0.003,0,A
ACCO_15e06beda2,NMI_df2d025267,DEVI_284a47f5e0,COMMS4D,06537#E1,Generalusage,21/05/2026 11:00:00 PM,21/05/2026 11:29:59 PM,0.001,0,A
ACCO_15e06beda2,NMI_df2d025267,DEVI_284a47f5e0,COMMS4D,06537#B1,Solar,21/05/2026 11:30:00 PM,21/05/2026 11:59:59 PM,0.003,0,A
ACCO_15e06beda2,NMI_df2d025267,DEVI_284a47f5e0,COMMS4D,06537#E1,Generalusage,21/05/2026 11:30:00 PM,21/05/2026 11:59:59 PM,0,0,A
ACCO_15e06beda2,NMI_df2d025267,DEVI_284a47f5e0,COMMS4D,06537#B1,Solar,22/05/2026 12:00:00 AM,22/05/2026 12:29:59 AM,0.003,0,A
ACCO_15e06beda2,NMI_df2d025267,DEVI_284a47f5e0,COMMS4D,06537#E1,Generalusage,22/05/2026 12:00:00 AM,22/05/2026 12:29:59 AM,0.001,0,A
ACCO_15e06beda2,NMI_df2d025267,DEVI_284a47f5e0,COMMS4D,06537#B1,Solar,22/05/2026 12:30:00 AM,22/05/2026 12:59:59 AM,0.002,0,A
ACCO_15e06beda2,NMI_df2d025267,DEVI_284a47f5e0,COMMS4D,06537#E1,Generalusage,22/05/2026 12:30:00 AM,22/05/2026 12:59:59 AM,0.001,0,A
ACCO_15e06beda2,NMI_df2d025267,DEVI_284a47f5e0,COMMS4D,06537#B1,Solar,22/05/2026 01:00:00 AM,22/05/2026 01:29:59 AM,0.002,0,A
ACCO_15e06beda2,NMI_df2d025267,DEVI_284a47f5e0,COMMS4D,06537#E1,Generalusage,22/05/2026 01:00:00 AM,22/05/2026 01:29:59 AM,0,0,A
ACCO_15e06beda2,NMI_df2d025267,DEVI_284a47f5e0,COMMS4D,06537#B1,Solar,22/05/2026 01:30:00 AM,22/05/2026 01:59:59 AM,0.002,0,A
ACCO_15e06beda2,NMI_df2d025267,DEVI_284a47f5e0,COMMS4D,06537#E1,Generalusage,22/05/2026 01:30:00 AM,22/05/2026 01:59:59 AM,0.001,0,A
ACCO_15e06beda2,NMI_df2d025267,DEVI_284a47f5e0,COMMS4D,06537#B1,Solar,22/05/2026 02:00:00 AM,22/05/2026 02:29:59 AM,0.002,0,A
ACCO_15e06beda2,NMI_df2d025267,DEVI_284a47f5e0,COMMS4D,06537#E1,Generalusage,22/05/2026 02:00:00 AM,22/05/2026 02:29:59 AM,0.001,0,A
ACCO_15e06beda2,NMI_df2d025267,DEVI_284a47f5e0,COMMS4D,06537#B1,Solar,22/05/2026 02:30:00 AM,22/05/2026 02:59:59 AM,0.002,0,A
ACCO_15e06beda2,NMI_df2d025267,DEVI_284a47f5e0,COMMS4D,06537#E1,Generalusage,22/05/2026 02:30:00 AM,22/05/2026 02:59:59 AM,0.001,0,A
ACCO_15e06beda2,NMI_df2d025267,DEVI_284a47f5e0,COMMS4D,06537#B1,Solar,22/05/2026 03:00:00 AM,22/05/2026 03:29:59 AM,0.002,0,A
ACCO_15e06beda2,NMI_df2d025267,DEVI_284a47f5e0,COMMS4D,06537#E1,Generalusage,22/05/2026 03:00:00 AM,22/05/2026 03:29:59 AM,0.001,0,A
ACCO_15e06beda2,NMI_df2d025267,DEVI_284a47f5e0,COMMS4D,06537#B1,Solar,22/05/2026 03:30:00 AM,22/05/2026 03:59:59 AM,0.001,0,A
ACCO_15e06beda2,NMI_df2d025267,DEVI_284a47f5e0,COMMS4D,06537#E1,Generalusage,22/05/2026 03:30:00 AM,22/05/2026 03:59:59 AM,0.001,0,A
ACCO_15e06beda2,NMI_df2d025267,DEVI_284a47f5e0,COMMS4D,06537#B1,Solar,22/05/2026 04:00:00 AM,22/05/2026 04:29:59 AM,0.002,0,A
ACCO_15e06beda2,NMI_df2d025267,DEVI_284a47f5e0,COMMS4D,06537#E1,Generalusage,22/05/2026 04:00:00 AM,22/05/2026 04:29:59 AM,0.001,0,A
ACCO_15e06beda2,NMI_df2d025267,DEVI_284a47f5e0,COMMS4D,06537#B1,Solar,22/05/2026 04:30:00 AM,22/05/2026 04:59:59 AM,0.001,0,A
ACCO_15e06beda2,NMI_df2d025267,DEVI_284a47f5e0,COMMS4D,06537#E1,Generalusage,22/05/2026 04:30:00 AM,22/05/2026 04:59:59 AM,0.001,0,A
ACCO_15e06beda2,NMI_df2d025267,DEVI_284a47f5e0,COMMS4D,06537#B1,Solar,22/05/2026 05:00:00 AM,22/05/2026 05:29:59 AM,0.003,0,A
ACCO_15e06beda2,NMI_df2d025267,DEVI_284a47f5e0,COMMS4D,06537#E1,Generalusage,22/05/2026 05:00:00 AM,22/05/2026 05:29:59 AM,0,0,A
ACCO_15e06beda2,NMI_df2d025267,DEVI_284a47f5e0,COMMS4D,06537#B1,Solar,22/05/2026 05:30:00 AM,22/05/2026 05:59:59 AM,0.002,0,A
ACCO_15e06beda2,NMI_df2d025267,DEVI_284a47f5e0,COMMS4D,06537#E1,Generalusage,22/05/2026 05:30:00 AM,22/05/2026 05:59:59 AM,0.001,0,A
ACCO_15e06beda2,NMI_df2d025267,DEVI_284a47f5e0,COMMS4D,06537#B1,Solar,22/05/2026 06:00:00 AM,22/05/2026 06:29:59 AM,0.002,0,A
ACCO_15e06beda2,NMI_df2d025267,DEVI_284a47f5e0,COMMS4D,06537#E1,Generalusage,22/05/2026 06:00:00 AM,22/05/2026 06:29:59 AM,0.001,0,A
ACCO_15e06beda2,NMI_df2d025267,DEVI_284a47f5e0,COMMS4D,06537#B1,Solar,22/05/2026 06:30:00 AM,22/05/2026 06:59:59 AM,0.003,0,A
ACCO_15e06beda2,NMI_df2d025267,DEVI_284a47f5e0,COMMS4D,06537#E1,Generalusage,22/05/2026 06:30:00 AM,22/05/2026 06:59:59 AM,0.001,0,A
ACCO_15e06beda2,NMI_df2d025267,DEVI_284a47f5e0,COMMS4D,06537#B1,Solar,22/05/2026 07:00:00 AM,22/05/2026 07:29:59 AM,0.003,0,A
ACCO_15e06beda2,NMI_df2d025267,DEVI_284a47f5e0,COMMS4D,06537#E1,Generalusage,22/05/2026 07:00:00 AM,22/05/2026 07:29:59 AM,0.001,0,A
ACCO_15e06beda2,NMI_df2d025267,DEVI_284a47f5e0,COMMS4D,06537#B1,Solar,22/05/2026 07:30:00 AM,22/05/2026 07:59:59 AM,0.002,0,A
ACCO_15e06beda2,NMI_df2d025267,DEVI_284a47f5e0,COMMS4D,06537#E1,Generalusage,22/05/2026 07:30:00 AM,22/05/2026 07:59:59 AM,0.001,0,A
ACCO_15e06beda2,NMI_df2d025267,DEVI_284a47f5e0,COMMS4D,06537#B1,Solar,22/05/2026 08:00:00 AM,22/05/2026 08:29:59 AM,0.002,0,A
ACCO_15e06beda2,NMI_df2d025267,DEVI_284a47f5e0,COMMS4D,06537#E1,Generalusage,22/05/2026 08:00:00 AM,22/05/2026 08:29:59 AM,0.001,0,A
ACCO_15e06beda2,NMI_df2d025267,DEVI_284a47f5e0,COMMS4D,06537#B1,Solar,22/05/2026 08:30:00 AM,22/05/2026 08:59:59 AM,0.002,0,A
ACCO_15e06beda2,NMI_df2d025267,DEVI_284a47f5e0,COMMS4D,06537#E1,Generalusage,22/05/2026 08:30:00 AM,22/05/2026 08:59:59 AM,0.001,0,A
ACCO_15e06beda2,NMI_df2d025267,DEVI_284a47f5e0,COMMS4D,06537#B1,Solar,22/05/2026 09:00:00 AM,22/05/2026 09:29:59 AM,0.003,0,A
ACCO_15e06beda2,NMI_df2d025267,DEVI_284a47f5e0,COMMS4D,06537#E1,Generalusage,22/05/2026 09:00:00 AM,22/05/2026 09:29:59 AM,0.001,0,A
ACCO_15e06beda2,NMI_df2d025267,DEVI_284a47f5e0,COMMS4D,06537#B1,Solar,22/05/2026 09:30:00 AM,22/05/2026 09:59:59 AM,0.002,0,A
ACCO_15e06beda2,NMI_df2d025267,DEVI_284a47f5e0,COMMS4D,06537#E1,Generalusage,22/05/2026 09:30:00 AM,22/05/2026 09:59:59 AM,0.001,0,A
ACCO_15e06beda2,NMI_df2d025267,DEVI_284a47f5e0,COMMS4D,06537#B1,Solar,22/05/2026 10:00:00 AM,22/05/2026 10:29:59 AM,0.004,0,A
ACCO_15e06beda2,NMI_df2d025267,DEVI_284a47f5e0,COMMS4D,06537#E1,Generalusage,22/05/2026 10:00:00 AM,22/05/2026 10:29:59 AM,0.001,0,A
ACCO_15e06beda2,NMI_df2d025267,DEVI_284a47f5e0,COMMS4D,06537#B1,Solar,22/05/2026 10:30:00 AM,22/05/2026 10:59:59 AM,0.004,0,A
ACCO_15e06beda2,NMI_df2d025267,DEVI_284a47f5e0,COMMS4D,06537#E1,Generalusage,22/05/2026 10:30:00 AM,22/05/2026 10:59:59 AM,0.002,0,A
ACCO_15e06beda2,NMI_df2d025267,DEVI_284a47f5e0,COMMS4D,06537#B1,Solar,22/05/2026 11:00:00 AM,22/05/2026 11:29:59 AM,0.004,0,A
ACCO_15e06beda2,NMI_df2d025267,DEVI_284a47f5e0,COMMS4D,06537#E1,Generalusage,22/05/2026 11:00:00 AM,22/05/2026 11:29:59 AM,0.001,0,A
ACCO_15e06beda2,NMI_df2d025267,DEVI_284a47f5e0,COMMS4D,06537#B1,Solar,22/05/2026 11:30:00 AM,22/05/2026 11:59:59 AM,0.001,0,A
ACCO_15e06beda2,NMI_df2d025267,DEVI_284a47f5e0,COMMS4D,06537#E1,Generalusage,22/05/2026 11:30:00 AM,22/05/2026 11:59:59 AM,0.002,0,A
ACCO_15e06beda2,NMI_df2d025267,DEVI_284a47f5e0,COMMS4D,06537#B1,Solar,22/05/2026 12:00:00 PM,22/05/2026 12:29:59 PM,0.35,0,A
ACCO_15e06beda2,NMI_df2d025267,DEVI_284a47f5e0,COMMS4D,06537#E1,Generalusage,22/05/2026 12:00:00 PM,22/05/2026 12:29:59 PM,0.002,0,A
ACCO_15e06beda2,NMI_df2d025267,DEVI_284a47f5e0,COMMS4D,06537#B1,Solar,22/05/2026 12:30:00 PM,22/05/2026 12:59:59 PM,1.567,0,A
ACCO_15e06beda2,NMI_df2d025267,DEVI_284a47f5e0,COMMS4D,06537#E1,Generalusage,22/05/2026 12:30:00 PM,22/05/2026 12:59:59 PM,0.004,0,A
ACCO_15e06beda2,NMI_df2d025267,DEVI_284a47f5e0,COMMS4D,06537#B1,Solar,22/05/2026 01:00:00 PM,22/05/2026 01:29:59 PM,2.088,0,A
ACCO_15e06beda2,NMI_df2d025267,DEVI_284a47f5e0,COMMS4D,06537#E1,Generalusage,22/05/2026 01:00:00 PM,22/05/2026 01:29:59 PM,0,0,A
ACCO_15e06beda2,NMI_df2d025267,DEVI_284a47f5e0,COMMS4D,06537#B1,Solar,22/05/2026 01:30:00 PM,22/05/2026 01:59:59 PM,1.586,0,A
ACCO_15e06beda2,NMI_df2d025267,DEVI_284a47f5e0,COMMS4D,06537#E1,Generalusage,22/05/2026 01:30:00 PM,22/05/2026 01:59:59 PM,0,0,A
ACCO_15e06beda2,NMI_df2d025267,DEVI_284a47f5e0,COMMS4D,06537#B1,Solar,22/05/2026 02:00:00 PM,22/05/2026 02:29:59 PM,0.082,0,A
ACCO_15e06beda2,NMI_df2d025267,DEVI_284a47f5e0,COMMS4D,06537#E1,Generalusage,22/05/2026 02:00:00 PM,22/05/2026 02:29:59 PM,0.001,0,A
ACCO_15e06beda2,NMI_df2d025267,DEVI_284a47f5e0,COMMS4D,06537#B1,Solar,22/05/2026 02:30:00 PM,22/05/2026 02:59:59 PM,0.637,0,A
ACCO_15e06beda2,NMI_df2d025267,DEVI_284a47f5e0,COMMS4D,06537#E1,Generalusage,22/05/2026 02:30:00 PM,22/05/2026 02:59:59 PM,0,0,A
ACCO_15e06beda2,NMI_df2d025267,DEVI_284a47f5e0,COMMS4D,06537#B1,Solar,22/05/2026 03:00:00 PM,22/05/2026 03:29:59 PM,0.286,0,A
ACCO_15e06beda2,NMI_df2d025267,DEVI_284a47f5e0,COMMS4D,06537#E1,Generalusage,22/05/2026 03:00:00 PM,22/05/2026 03:29:59 PM,0.001,0,A
ACCO_15e06beda2,NMI_df2d025267,DEVI_284a47f5e0,COMMS4D,06537#B1,Solar,22/05/2026 03:30:00 PM,22/05/2026 03:59:59 PM,0.15,0,A
ACCO_15e06beda2,NMI_df2d025267,DEVI_284a47f5e0,COMMS4D,06537#E1,Generalusage,22/05/2026 03:30:00 PM,22/05/2026 03:59:59 PM,0.001,0,A
ACCO_15e06beda2,NMI_df2d025267,DEVI_284a47f5e0,COMMS4D,06537#B1,Solar,22/05/2026 04:00:00 PM,22/05/2026 04:29:59 PM,0.003,0,A
ACCO_15e06beda2,NMI_df2d025267,DEVI_284a47f5e0,COMMS4D,06537#E1,Generalusage,22/05/2026 04:00:00 PM,22/05/2026 04:29:59 PM,0.001,0,A
ACCO_15e06beda2,NMI_df2d025267,DEVI_284a47f5e0,COMMS4D,06537#B1,Solar,22/05/2026 04:30:00 PM,22/05/2026 04:59:59 PM,0.003,0,A
ACCO_15e06beda2,NMI_df2d025267,DEVI_284a47f5e0,COMMS4D,06537#E1,Generalusage,22/05/2026 04:30:00 PM,22/05/2026 04:59:59 PM,0.002,0,A
ACCO_15e06beda2,NMI_df2d025267,DEVI_284a47f5e0,COMMS4D,06537#B1,Solar,22/05/2026 05:00:00 PM,22/05/2026 05:29:59 PM,0.002,0,A
ACCO_15e06beda2,NMI_df2d025267,DEVI_284a47f5e0,COMMS4D,06537#E1,Generalusage,22/05/2026 05:00:00 PM,22/05/2026 05:29:59 PM,0.001,0,A
ACCO_15e06beda2,NMI_df2d025267,DEVI_284a47f5e0,COMMS4D,06537#B1,Solar,22/05/2026 05:30:00 PM,22/05/2026 05:59:59 PM,0.002,0,A
ACCO_15e06beda2,NMI_df2d025267,DEVI_284a47f5e0,COMMS4D,06537#E1,Generalusage,22/05/2026 05:30:00 PM,22/05/2026 05:59:59 PM,0.001,0,A
ACCO_15e06beda2,NMI_df2d025267,DEVI_284a47f5e0,COMMS4D,06537#B1,Solar,22/05/2026 06:00:00 PM,22/05/2026 06:29:59 PM,0.002,0,A
ACCO_15e06beda2,NMI_df2d025267,DEVI_284a47f5e0,COMMS4D,06537#E1,Generalusage,22/05/2026 06:00:00 PM,22/05/2026 06:29:59 PM,0.001,0,A
ACCO_15e06beda2,NMI_df2d025267,DEVI_284a47f5e0,COMMS4D,06537#B1,Solar,22/05/2026 06:30:00 PM,22/05/2026 06:59:59 PM,0.002,0,A
ACCO_15e06beda2,NMI_df2d025267,DEVI_284a47f5e0,COMMS4D,06537#E1,Generalusage,22/05/2026 06:30:00 PM,22/05/2026 06:59:59 PM,0.001,0,A
ACCO_15e06beda2,NMI_df2d025267,DEVI_284a47f5e0,COMMS4D,06537#B1,Solar,22/05/2026 07:00:00 PM,22/05/2026 07:29:59 PM,0.002,0,A
ACCO_15e06beda2,NMI_df2d025267,DEVI_284a47f5e0,COMMS4D,06537#E1,Generalusage,22/05/2026 07:00:00 PM,22/05/2026 07:29:59 PM,0.001,0,A
ACCO_15e06beda2,NMI_df2d025267,DEVI_284a47f5e0,COMMS4D,06537#B1,Solar,22/05/2026 07:30:00 PM,22/05/2026 07:59:59 PM,0.002,0,A
ACCO_15e06beda2,NMI_df2d025267,DEVI_284a47f5e0,COMMS4D,06537#E1,Generalusage,22/05/2026 07:30:00 PM,22/05/2026 07:59:59 PM,0.001,0,A
ACCO_15e06beda2,NMI_df2d025267,DEVI_284a47f5e0,COMMS4D,06537#B1,Solar,22/05/2026 08:00:00 PM,22/05/2026 08:29:59 PM,0.003,0,A
ACCO_15e06beda2,NMI_df2d025267,DEVI_284a47f5e0,COMMS4D,06537#E1,Generalusage,22/05/2026 08:00:00 PM,22/05/2026 08:29:59 PM,0.001,0,A
ACCO_15e06beda2,NMI_df2d025267,DEVI_284a47f5e0,COMMS4D,06537#B1,Solar,22/05/2026 08:30:00 PM,22/05/2026 08:59:59 PM,0.002,0,A
ACCO_15e06beda2,NMI_df2d025267,DEVI_284a47f5e0,COMMS4D,06537#E1,Generalusage,22/05/2026 08:30:00 PM,22/05/2026 08:59:59 PM,0.001,0,A
ACCO_15e06beda2,NMI_df2d025267,DEVI_284a47f5e0,COMMS4D,06537#B1,Solar,22/05/2026 09:00:00 PM,22/05/2026 09:29:59 PM,0.002,0,A
ACCO_15e06beda2,NMI_df2d025267,DEVI_284a47f5e0,COMMS4D,06537#E1,Generalusage,22/05/2026 09:00:00 PM,22/05/2026 09:29:59 PM,0.001,0,A
ACCO_15e06beda2,NMI_df2d025267,DEVI_284a47f5e0,COMMS4D,06537#B1,Solar,22/05/2026 09:30:00 PM,22/05/2026 09:59:59 PM,0.003,0,A
ACCO_15e06beda2,NMI_df2d025267,DEVI_284a47f5e0,COMMS4D,06537#E1,Generalusage,22/05/2026 09:30:00 PM,22/05/2026 09:59:59 PM,0.001,0,A
ACCO_15e06beda2,NMI_df2d025267,DEVI_284a47f5e0,COMMS4D,06537#B1,Solar,22/05/2026 10:00:00 PM,22/05/2026 10:29:59 PM,0.002,0,A
ACCO_15e06beda2,NMI_df2d025267,DEVI_284a47f5e0,COMMS4D,06537#E1,Generalusage,22/05/2026 10:00:00 PM,22/05/2026 10:29:59 PM,0.001,0,A
ACCO_15e06beda2,NMI_df2d025267,DEVI_284a47f5e0,COMMS4D,06537#B1,Solar,22/05/2026 10:30:00 PM,22/05/2026 10:59:59 PM,0.003,0,A
ACCO_15e06beda2,NMI_df2d025267,DEVI_284a47f5e0,COMMS4D,06537#E1,Generalusage,22/05/2026 10:30:00 PM,22/05/2026 10:59:59 PM,0.001,0,A
ACCO_15e06beda2,NMI_df2d025267,DEVI_284a47f5e0,COMMS4D,06537#B1,Solar,22/05/2026 11:00:00 PM,22/05/2026 11:29:59 PM,0.003,0,A
ACCO_15e06beda2,NMI_df2d025267,DEVI_284a47f5e0,COMMS4D,06537#E1,Generalusage,22/05/2026 11:00:00 PM,22/05/2026 11:29:59 PM,0,0,A
ACCO_15e06beda2,NMI_df2d025267,DEVI_284a47f5e0,COMMS4D,06537#B1,Solar,22/05/2026 11:30:00 PM,22/05/2026 11:59:59 PM,0.002,0,A
ACCO_15e06beda2,NMI_df2d025267,DEVI_284a47f5e0,COMMS4D,06537#E1,Generalusage,22/05/2026 11:30:00 PM,22/05/2026 11:59:59 PM,0.001,0,A
ACCO_15e06beda2,NMI_df2d025267,DEVI_284a47f5e0,COMMS4D,06537#B1,Solar,23/05/2026 12:00:00 AM,23/05/2026 12:29:59 AM,0.002,0,A
ACCO_15e06beda2,NMI_df2d025267,DEVI_284a47f5e0,COMMS4D,06537#E1,Generalusage,23/05/2026 12:00:00 AM,23/05/2026 12:29:59 AM,0.001,0,A
ACCO_15e06beda2,NMI_df2d025267,DEVI_284a47f5e0,COMMS4D,06537#B1,Solar,23/05/2026 12:30:00 AM,23/05/2026 12:59:59 AM,0.002,0,A
ACCO_15e06beda2,NMI_df2d025267,DEVI_284a47f5e0,COMMS4D,06537#E1,Generalusage,23/05/2026 12:30:00 AM,23/05/2026 12:59:59 AM,0.001,0,A
ACCO_15e06beda2,NMI_df2d025267,DEVI_284a47f5e0,COMMS4D,06537#B1,Solar,23/05/2026 01:00:00 AM,23/05/2026 01:29:59 AM,0.002,0,A
ACCO_15e06beda2,NMI_df2d025267,DEVI_284a47f5e0,COMMS4D,06537#E1,Generalusage,23/05/2026 01:00:00 AM,23/05/2026 01:29:59 AM,0.001,0,A
ACCO_15e06beda2,NMI_df2d025267,DEVI_284a47f5e0,COMMS4D,06537#B1,Solar,23/05/2026 01:30:00 AM,23/05/2026 01:59:59 AM,0.002,0,A
ACCO_15e06beda2,NMI_df2d025267,DEVI_284a47f5e0,COMMS4D,06537#E1,Generalusage,23/05/2026 01:30:00 AM,23/05/2026 01:59:59 AM,0.001,0,A
ACCO_15e06beda2,NMI_df2d025267,DEVI_284a47f5e0,COMMS4D,06537#B1,Solar,23/05/2026 02:00:00 AM,23/05/2026 02:29:59 AM,0.002,0,A
ACCO_15e06beda2,NMI_df2d025267,DEVI_284a47f5e0,COMMS4D,06537#E1,Generalusage,23/05/2026 02:00:00 AM,23/05/2026 02:29:59 AM,0.001,0,A
ACCO_15e06beda2,NMI_df2d025267,DEVI_284a47f5e0,COMMS4D,06537#B1,Solar,23/05/2026 02:30:00 AM,23/05/2026 02:59:59 AM,0.002,0,A
ACCO_15e06beda2,NMI_df2d025267,DEVI_284a47f5e0,COMMS4D,06537#E1,Generalusage,23/05/2026 02:30:00 AM,23/05/2026 02:59:59 AM,0.001,0,A
ACCO_15e06beda2,NMI_df2d025267,DEVI_284a47f5e0,COMMS4D,06537#B1,Solar,23/05/2026 03:00:00 AM,23/05/2026 03:29:59 AM,0.001,0,A
ACCO_15e06beda2,NMI_df2d025267,DEVI_284a47f5e0,COMMS4D,06537#E1,Generalusage,23/05/2026 03:00:00 AM,23/05/2026 03:29:59 AM,0.001,0,A
ACCO_15e06beda2,NMI_df2d025267,DEVI_284a47f5e0,COMMS4D,06537#B1,Solar,23/05/2026 03:30:00 AM,23/05/2026 03:59:59 AM,0.001,0,A
ACCO_15e06beda2,NMI_df2d025267,DEVI_284a47f5e0,COMMS4D,06537#E1,Generalusage,23/05/2026 03:30:00 AM,23/05/2026 03:59:59 AM,0.001,0,A
ACCO_15e06beda2,NMI_df2d025267,DEVI_284a47f5e0,COMMS4D,06537#B1,Solar,23/05/2026 04:00:00 AM,23/05/2026 04:29:59 AM,0.002,0,A
ACCO_15e06beda2,NMI_df2d025267,DEVI_284a47f5e0,COMMS4D,06537#E1,Generalusage,23/05/2026 04:00:00 AM,23/05/2026 04:29:59 AM,0.001,0,A
ACCO_15e06beda2,NMI_df2d025267,DEVI_284a47f5e0,COMMS4D,06537#B1,Solar,23/05/2026 04:30:00 AM,23/05/2026 04:59:59 AM,0.002,0,A
ACCO_15e06beda2,NMI_df2d025267,DEVI_284a47f5e0,COMMS4D,06537#E1,Generalusage,23/05/2026 04:30:00 AM,23/05/2026 04:59:59 AM,0.001,0,A
ACCO_15e06beda2,NMI_df2d025267,DEVI_284a47f5e0,COMMS4D,06537#B1,Solar,23/05/2026 05:00:00 AM,23/05/2026 05:29:59 AM,0.002,0,A
ACCO_15e06beda2,NMI_df2d025267,DEVI_284a47f5e0,COMMS4D,06537#E1,Generalusage,23/05/2026 05:00:00 AM,23/05/2026 05:29:59 AM,0.001,0,A
ACCO_15e06beda2,NMI_df2d025267,DEVI_284a47f5e0,COMMS4D,06537#B1,Solar,23/05/2026 05:30:00 AM,23/05/2026 05:59:59 AM,0.002,0,A
ACCO_15e06beda2,NMI_df2d025267,DEVI_284a47f5e0,COMMS4D,06537#E1,Generalusage,23/05/2026 05:30:00 AM,23/05/2026 05:59:59 AM,0,0,A
ACCO_15e06beda2,NMI_df2d025267,DEVI_284a47f5e0,COMMS4D,06537#B1,Solar,23/05/2026 06:00:00 AM,23/05/2026 06:29:59 AM,0.002,0,A
ACCO_15e06beda2,NMI_df2d025267,DEVI_284a47f5e0,COMMS4D,06537#E1,Generalusage,23/05/2026 06:00:00 AM,23/05/2026 06:29:59 AM,0.002,0,A
ACCO_15e06beda2,NMI_df2d025267,DEVI_284a47f5e0,COMMS4D,06537#B1,Solar,23/05/2026 06:30:00 AM,23/05/2026 06:59:59 AM,0.001,0,A
ACCO_15e06beda2,NMI_df2d025267,DEVI_284a47f5e0,COMMS4D,06537#E1,Generalusage,23/05/2026 06:30:00 AM,23/05/2026 06:59:59 AM,0.001,0,A
ACCO_15e06beda2,NMI_df2d025267,DEVI_284a47f5e0,COMMS4D,06537#B1,Solar,23/05/2026 07:00:00 AM,23/05/2026 07:29:59 AM,0.002,0,A
ACCO_15e06beda2,NMI_df2d025267,DEVI_284a47f5e0,COMMS4D,06537#E1,Generalusage,23/05/2026 07:00:00 AM,23/05/2026 07:29:59 AM,0.001,0,A
ACCO_15e06beda2,NMI_df2d025267,DEVI_284a47f5e0,COMMS4D,06537#B1,Solar,23/05/2026 07:30:00 AM,23/05/2026 07:59:59 AM,0.003,0,A
ACCO_15e06beda2,NMI_df2d025267,DEVI_284a47f5e0,COMMS4D,06537#E1,Generalusage,23/05/2026 07:30:00 AM,23/05/2026 07:59:59 AM,0.002,0,A
ACCO_15e06beda2,NMI_df2d025267,DEVI_284a47f5e0,COMMS4D,06537#B1,Solar,23/05/2026 08:00:00 AM,23/05/2026 08:29:59 AM,0.003,0,A
ACCO_15e06beda2,NMI_df2d025267,DEVI_284a47f5e0,COMMS4D,06537#E1,Generalusage,23/05/2026 08:00:00 AM,23/05/2026 08:29:59 AM,0.001,0,A
ACCO_15e06beda2,NMI_df2d025267,DEVI_284a47f5e0,COMMS4D,06537#B1,Solar,23/05/2026 08:30:00 AM,23/05/2026 08:59:59 AM,0.003,0,A
ACCO_15e06beda2,NMI_df2d025267,DEVI_284a47f5e0,COMMS4D,06537#E1,Generalusage,23/05/2026 08:30:00 AM,23/05/2026 08:59:59 AM,0.001,0,A
ACCO_15e06beda2,NMI_df2d025267,DEVI_284a47f5e0,COMMS4D,06537#B1,Solar,23/05/2026 09:00:00 AM,23/05/2026 09:29:59 AM,0.002,0,A
ACCO_15e06beda2,NMI_df2d025267,DEVI_284a47f5e0,COMMS4D,06537#E1,Generalusage,23/05/2026 09:00:00 AM,23/05/2026 09:29:59 AM,0.001,0,A
ACCO_15e06beda2,NMI_df2d025267,DEVI_284a47f5e0,COMMS4D,06537#B1,Solar,23/05/2026 09:30:00 AM,23/05/2026 09:59:59 AM,0.003,0,A
ACCO_15e06beda2,NMI_df2d025267,DEVI_284a47f5e0,COMMS4D,06537#E1,Generalusage,23/05/2026 09:30:00 AM,23/05/2026 09:59:59 AM,0.001,0,A
ACCO_15e06beda2,NMI_df2d025267,DEVI_284a47f5e0,COMMS4D,06537#B1,Solar,23/05/2026 10:00:00 AM,23/05/2026 10:29:59 AM,0.003,0,A
ACCO_15e06beda2,NMI_df2d025267,DEVI_284a47f5e0,COMMS4D,06537#E1,Generalusage,23/05/2026 10:00:00 AM,23/05/2026 10:29:59 AM,0.001,0,A
ACCO_15e06beda2,NMI_df2d025267,DEVI_284a47f5e0,COMMS4D,06537#B1,Solar,23/05/2026 10:30:00 AM,23/05/2026 10:59:59 AM,0.003,0,A
ACCO_15e06beda2,NMI_df2d025267,DEVI_284a47f5e0,COMMS4D,06537#E1,Generalusage,23/05/2026 10:30:00 AM,23/05/2026 10:59:59 AM,0.001,0,A
ACCO_15e06beda2,NMI_df2d025267,DEVI_284a47f5e0,COMMS4D,06537#B1,Solar,23/05/2026 11:00:00 AM,23/05/2026 11:29:59 AM,0.002,0,A
ACCO_15e06beda2,NMI_df2d025267,DEVI_284a47f5e0,COMMS4D,06537#E1,Generalusage,23/05/2026 11:00:00 AM,23/05/2026 11:29:59 AM,0.001,0,A
ACCO_15e06beda2,NMI_df2d025267,DEVI_284a47f5e0,COMMS4D,06537#B1,Solar,23/05/2026 11:30:00 AM,23/05/2026 11:59:59 AM,0.003,0,A
ACCO_15e06beda2,NMI_df2d025267,DEVI_284a47f5e0,COMMS4D,06537#E1,Generalusage,23/05/2026 11:30:00 AM,23/05/2026 11:59:59 AM,0,0,A
ACCO_15e06beda2,NMI_df2d025267,DEVI_284a47f5e0,COMMS4D,06537#B1,Solar,23/05/2026 12:00:00 PM,23/05/2026 12:29:59 PM,0.155,0,A
ACCO_15e06beda2,NMI_df2d025267,DEVI_284a47f5e0,COMMS4D,06537#E1,Generalusage,23/05/2026 12:00:00 PM,23/05/2026 12:29:59 PM,0.002,0,A
ACCO_15e06beda2,NMI_df2d025267,DEVI_284a47f5e0,COMMS4D,06537#B1,Solar,23/05/2026 12:30:00 PM,23/05/2026 12:59:59 PM,0.526,0,A
ACCO_15e06beda2,NMI_df2d025267,DEVI_284a47f5e0,COMMS4D,06537#E1,Generalusage,23/05/2026 12:30:00 PM,23/05/2026 12:59:59 PM,0.001,0,A
ACCO_15e06beda2,NMI_df2d025267,DEVI_284a47f5e0,COMMS4D,06537#B1,Solar,23/05/2026 01:00:00 PM,23/05/2026 01:29:59 PM,0.614,0,A
ACCO_15e06beda2,NMI_df2d025267,DEVI_284a47f5e0,COMMS4D,06537#E1,Generalusage,23/05/2026 01:00:00 PM,23/05/2026 01:29:59 PM,0,0,A
ACCO_15e06beda2,NMI_df2d025267,DEVI_284a47f5e0,COMMS4D,06537#B1,Solar,23/05/2026 01:30:00 PM,23/05/2026 01:59:59 PM,0.411,0,A
ACCO_15e06beda2,NMI_df2d025267,DEVI_284a47f5e0,COMMS4D,06537#E1,Generalusage,23/05/2026 01:30:00 PM,23/05/2026 01:59:59 PM,0.001,0,A
ACCO_15e06beda2,NMI_df2d025267,DEVI_284a47f5e0,COMMS4D,06537#B1,Solar,23/05/2026 02:00:00 PM,23/05/2026 02:29:59 PM,0.004,0,A
ACCO_15e06beda2,NMI_df2d025267,DEVI_284a47f5e0,COMMS4D,06537#E1,Generalusage,23/05/2026 02:00:00 PM,23/05/2026 02:29:59 PM,0.001,0,A
ACCO_15e06beda2,NMI_df2d025267,DEVI_284a47f5e0,COMMS4D,06537#B1,Solar,23/05/2026 02:30:00 PM,23/05/2026 02:59:59 PM,0.004,0,A
ACCO_15e06beda2,NMI_df2d025267,DEVI_284a47f5e0,COMMS4D,06537#E1,Generalusage,23/05/2026 02:30:00 PM,23/05/2026 02:59:59 PM,0.002,0,A
ACCO_15e06beda2,NMI_df2d025267,DEVI_284a47f5e0,COMMS4D,06537#B1,Solar,23/05/2026 03:00:00 PM,23/05/2026 03:29:59 PM,0.003,0,A
ACCO_15e06beda2,NMI_df2d025267,DEVI_284a47f5e0,COMMS4D,06537#E1,Generalusage,23/05/2026 03:00:00 PM,23/05/2026 03:29:59 PM,0.002,0,A
ACCO_15e06beda2,NMI_df2d025267,DEVI_284a47f5e0,COMMS4D,06537#B1,Solar,23/05/2026 03:30:00 PM,23/05/2026 03:59:59 PM,0.003,0,A
ACCO_15e06beda2,NMI_df2d025267,DEVI_284a47f5e0,COMMS4D,06537#E1,Generalusage,23/05/2026 03:30:00 PM,23/05/2026 03:59:59 PM,0.002,0,A
ACCO_15e06beda2,NMI_df2d025267,DEVI_284a47f5e0,COMMS4D,06537#B1,Solar,23/05/2026 04:00:00 PM,23/05/2026 04:29:59 PM,0.003,0,A
ACCO_15e06beda2,NMI_df2d025267,DEVI_284a47f5e0,COMMS4D,06537#E1,Generalusage,23/05/2026 04:00:00 PM,23/05/2026 04:29:59 PM,0.001,0,A
ACCO_15e06beda2,NMI_df2d025267,DEVI_284a47f5e0,COMMS4D,06537#B1,Solar,23/05/2026 04:30:00 PM,23/05/2026 04:59:59 PM,0.005,0,A
ACCO_15e06beda2,NMI_df2d025267,DEVI_284a47f5e0,COMMS4D,06537#E1,Generalusage,23/05/2026 04:30:00 PM,23/05/2026 04:59:59 PM,0.001,0,A
ACCO_15e06beda2,NMI_df2d025267,DEVI_284a47f5e0,COMMS4D,06537#B1,Solar,23/05/2026 05:00:00 PM,23/05/2026 05:29:59 PM,0.003,0,A
ACCO_15e06beda2,NMI_df2d025267,DEVI_284a47f5e0,COMMS4D,06537#E1,Generalusage,23/05/2026 05:00:00 PM,23/05/2026 05:29:59 PM,0.001,0,A
ACCO_15e06beda2,NMI_df2d025267,DEVI_284a47f5e0,COMMS4D,06537#B1,Solar,23/05/2026 05:30:00 PM,23/05/2026 05:59:59 PM,0.003,0,A
ACCO_15e06beda2,NMI_df2d025267,DEVI_284a47f5e0,COMMS4D,06537#E1,Generalusage,23/05/2026 05:30:00 PM,23/05/2026 05:59:59 PM,0.001,0,A
ACCO_15e06beda2,NMI_df2d025267,DEVI_284a47f5e0,COMMS4D,06537#B1,Solar,23/05/2026 06:00:00 PM,23/05/2026 06:29:59 PM,0.003,0,A
ACCO_15e06beda2,NMI_df2d025267,DEVI_284a47f5e0,COMMS4D,06537#E1,Generalusage,23/05/2026 06:00:00 PM,23/05/2026 06:29:59 PM,0.001,0,A
ACCO_15e06beda2,NMI_df2d025267,DEVI_284a47f5e0,COMMS4D,06537#B1,Solar,23/05/2026 06:30:00 PM,23/05/2026 06:59:59 PM,0.003,0,A
ACCO_15e06beda2,NMI_df2d025267,DEVI_284a47f5e0,COMMS4D,06537#E1,Generalusage,23/05/2026 06:30:00 PM,23/05/2026 06:59:59 PM,0.001,0,A
ACCO_15e06beda2,NMI_df2d025267,DEVI_284a47f5e0,COMMS4D,06537#B1,Solar,23/05/2026 07:00:00 PM,23/05/2026 07:29:59 PM,0.002,0,A
ACCO_15e06beda2,NMI_df2d025267,DEVI_284a47f5e0,COMMS4D,06537#E1,Generalusage,23/05/2026 07:00:00 PM,23/05/2026 07:29:59 PM,0.001,0,A
ACCO_15e06beda2,NMI_df2d025267,DEVI_284a47f5e0,COMMS4D,06537#B1,Solar,23/05/2026 07:30:00 PM,23/05/2026 07:59:59 PM,0.003,0,A
ACCO_15e06beda2,NMI_df2d025267,DEVI_284a47f5e0,COMMS4D,06537#E1,Generalusage,23/05/2026 07:30:00 PM,23/05/2026 07:59:59 PM,0.001,0,A
ACCO_15e06beda2,NMI_df2d025267,DEVI_284a47f5e0,COMMS4D,06537#B1,Solar,23/05/2026 08:00:00 PM,23/05/2026 08:29:59 PM,0.003,0,A
ACCO_15e06beda2,NMI_df2d025267,DEVI_284a47f5e0,COMMS4D,06537#E1,Generalusage,23/05/2026 08:00:00 PM,23/05/2026 08:29:59 PM,0.001,0,A
ACCO_15e06beda2,NMI_df2d025267,DEVI_284a47f5e0,COMMS4D,06537#B1,Solar,23/05/2026 08:30:00 PM,23/05/2026 08:59:59 PM,0.002,0,A
ACCO_15e06beda2,NMI_df2d025267,DEVI_284a47f5e0,COMMS4D,06537#E1,Generalusage,23/05/2026 08:30:00 PM,23/05/2026 08:59:59 PM,0.001,0,A
ACCO_15e06beda2,NMI_df2d025267,DEVI_284a47f5e0,COMMS4D,06537#B1,Solar,23/05/2026 09:00:00 PM,23/05/2026 09:29:59 PM,0.002,0,A
ACCO_15e06beda2,NMI_df2d025267,DEVI_284a47f5e0,COMMS4D,06537#E1,Generalusage,23/05/2026 09:00:00 PM,23/05/2026 09:29:59 PM,0.001,0,A
ACCO_15e06beda2,NMI_df2d025267,DEVI_284a47f5e0,COMMS4D,06537#B1,Solar,23/05/2026 09:30:00 PM,23/05/2026 09:59:59 PM,0.002,0,A
ACCO_15e06beda2,NMI_df2d025267,DEVI_284a47f5e0,COMMS4D,06537#E1,Generalusage,23/05/2026 09:30:00 PM,23/05/2026 09:59:59 PM,0.001,0,A
ACCO_15e06beda2,NMI_df2d025267,DEVI_284a47f5e0,COMMS4D,06537#B1,Solar,23/05/2026 10:00:00 PM,23/05/2026 10:29:59 PM,0.003,0,A
ACCO_15e06beda2,NMI_df2d025267,DEVI_284a47f5e0,COMMS4D,06537#E1,Generalusage,23/05/2026 10:00:00 PM,23/05/2026 10:29:59 PM,0.001,0,A
ACCO_15e06beda2,NMI_df2d025267,DEVI_284a47f5e0,COMMS4D,06537#B1,Solar,23/05/2026 10:30:00 PM,23/05/2026 10:59:59 PM,0.002,0,A
ACCO_15e06beda2,NMI_df2d025267,DEVI_284a47f5e0,COMMS4D,06537#E1,Generalusage,23/05/2026 10:30:00 PM,23/05/2026 10:59:59 PM,0.001,0,A
ACCO_15e06beda2,NMI_df2d025267,DEVI_284a47f5e0,COMMS4D,06537#B1,Solar,23/05/2026 11:00:00 PM,23/05/2026 11:29:59 PM,0.003,0,A
ACCO_15e06beda2,NMI_df2d025267,DEVI_284a47f5e0,COMMS4D,06537#E1,Generalusage,23/05/2026 11:00:00 PM,23/05/2026 11:29:59 PM,0,0,A
ACCO_15e06beda2,NMI_df2d025267,DEVI_284a47f5e0,COMMS4D,06537#B1,Solar,23/05/2026 11:30:00 PM,23/05/2026 11:59:59 PM,0.002,0,A
ACCO_15e06beda2,NMI_df2d025267,DEVI_284a47f5e0,COMMS4D,06537#E1,Generalusage,23/05/2026 11:30:00 PM,23/05/2026 11:59:59 PM,0.001,0,A
ACCO_15e06beda2,NMI_df2d025267,DEVI_284a47f5e0,COMMS4D,06537#B1,Solar,24/05/2026 12:00:00 AM,24/05/2026 12:29:59 AM,0.003,0,A
ACCO_15e06beda2,NMI_df2d025267,DEVI_284a47f5e0,COMMS4D,06537#E1,Generalusage,24/05/2026 12:00:00 AM,24/05/2026 12:29:59 AM,0.001,0,A
ACCO_15e06beda2,NMI_df2d025267,DEVI_284a47f5e0,COMMS4D,06537#B1,Solar,24/05/2026 12:30:00 AM,24/05/2026 12:59:59 AM,0.002,0,A
ACCO_15e06beda2,NMI_df2d025267,DEVI_284a47f5e0,COMMS4D,06537#E1,Generalusage,24/05/2026 12:30:00 AM,24/05/2026 12:59:59 AM,0.001,0,A
ACCO_15e06beda2,NMI_df2d025267,DEVI_284a47f5e0,COMMS4D,06537#B1,Solar,24/05/2026 01:00:00 AM,24/05/2026 01:29:59 AM,0.001,0,A
ACCO_15e06beda2,NMI_df2d025267,DEVI_284a47f5e0,COMMS4D,06537#E1,Generalusage,24/05/2026 01:00:00 AM,24/05/2026 01:29:59 AM,0.001,0,A
ACCO_15e06beda2,NMI_df2d025267,DEVI_284a47f5e0,COMMS4D,06537#B1,Solar,24/05/2026 01:30:00 AM,24/05/2026 01:59:59 AM,0.002,0,A
ACCO_15e06beda2,NMI_df2d025267,DEVI_284a47f5e0,COMMS4D,06537#E1,Generalusage,24/05/2026 01:30:00 AM,24/05/2026 01:59:59 AM,0.001,0,A
ACCO_15e06beda2,NMI_df2d025267,DEVI_284a47f5e0,COMMS4D,06537#B1,Solar,24/05/2026 02:00:00 AM,24/05/2026 02:29:59 AM,0.001,0,A
ACCO_15e06beda2,NMI_df2d025267,DEVI_284a47f5e0,COMMS4D,06537#E1,Generalusage,24/05/2026 02:00:00 AM,24/05/2026 02:29:59 AM,0.001,0,A
ACCO_15e06beda2,NMI_df2d025267,DEVI_284a47f5e0,COMMS4D,06537#B1,Solar,24/05/2026 02:30:00 AM,24/05/2026 02:59:59 AM,0.002,0,A
ACCO_15e06beda2,NMI_df2d025267,DEVI_284a47f5e0,COMMS4D,06537#E1,Generalusage,24/05/2026 02:30:00 AM,24/05/2026 02:59:59 AM,0.001,0,A
ACCO_15e06beda2,NMI_df2d025267,DEVI_284a47f5e0,COMMS4D,06537#B1,Solar,24/05/2026 03:00:00 AM,24/05/2026 03:29:59 AM,0.001,0,A
ACCO_15e06beda2,NMI_df2d025267,DEVI_284a47f5e0,COMMS4D,06537#E1,Generalusage,24/05/2026 03:00:00 AM,24/05/2026 03:29:59 AM,0.002,0,A
ACCO_15e06beda2,NMI_df2d025267,DEVI_284a47f5e0,COMMS4D,06537#B1,Solar,24/05/2026 03:30:00 AM,24/05/2026 03:59:59 AM,0.002,0,A
ACCO_15e06beda2,NMI_df2d025267,DEVI_284a47f5e0,COMMS4D,06537#E1,Generalusage,24/05/2026 03:30:00 AM,24/05/2026 03:59:59 AM,0.001,0,A
ACCO_15e06beda2,NMI_df2d025267,DEVI_284a47f5e0,COMMS4D,06537#B1,Solar,24/05/2026 04:00:00 AM,24/05/2026 04:29:59 AM,0.001,0,A
ACCO_15e06beda2,NMI_df2d025267,DEVI_284a47f5e0,COMMS4D,06537#E1,Generalusage,24/05/2026 04:00:00 AM,24/05/2026 04:29:59 AM,0.001,0,A
ACCO_15e06beda2,NMI_df2d025267,DEVI_284a47f5e0,COMMS4D,06537#B1,Solar,24/05/2026 04:30:00 AM,24/05/2026 04:59:59 AM,0.002,0,A
ACCO_15e06beda2,NMI_df2d025267,DEVI_284a47f5e0,COMMS4D,06537#E1,Generalusage,24/05/2026 04:30:00 AM,24/05/2026 04:59:59 AM,0.001,0,A
ACCO_15e06beda2,NMI_df2d025267,DEVI_284a47f5e0,COMMS4D,06537#B1,Solar,24/05/2026 05:00:00 AM,24/05/2026 05:29:59 AM,0.002,0,A
ACCO_15e06beda2,NMI_df2d025267,DEVI_284a47f5e0,COMMS4D,06537#E1,Generalusage,24/05/2026 05:00:00 AM,24/05/2026 05:29:59 AM,0,0,A
ACCO_15e06beda2,NMI_df2d025267,DEVI_284a47f5e0,COMMS4D,06537#B1,Solar,24/05/2026 05:30:00 AM,24/05/2026 05:59:59 AM,0.002,0,A
ACCO_15e06beda2,NMI_df2d025267,DEVI_284a47f5e0,COMMS4D,06537#E1,Generalusage,24/05/2026 05:30:00 AM,24/05/2026 05:59:59 AM,0.001,0,A
ACCO_15e06beda2,NMI_df2d025267,DEVI_284a47f5e0,COMMS4D,06537#B1,Solar,24/05/2026 06:00:00 AM,24/05/2026 06:29:59 AM,0.002,0,A
ACCO_15e06beda2,NMI_df2d025267,DEVI_284a47f5e0,COMMS4D,06537#E1,Generalusage,24/05/2026 06:00:00 AM,24/05/2026 06:29:59 AM,0.001,0,A
ACCO_15e06beda2,NMI_df2d025267,DEVI_284a47f5e0,COMMS4D,06537#B1,Solar,24/05/2026 06:30:00 AM,24/05/2026 06:59:59 AM,0.003,0,A
ACCO_15e06beda2,NMI_df2d025267,DEVI_284a47f5e0,COMMS4D,06537#E1,Generalusage,24/05/2026 06:30:00 AM,24/05/2026 06:59:59 AM,0.001,0,A
ACCO_15e06beda2,NMI_df2d025267,DEVI_284a47f5e0,COMMS4D,06537#B1,Solar,24/05/2026 07:00:00 AM,24/05/2026 07:29:59 AM,0.003,0,A
ACCO_15e06beda2,NMI_df2d025267,DEVI_284a47f5e0,COMMS4D,06537#E1,Generalusage,24/05/2026 07:00:00 AM,24/05/2026 07:29:59 AM,0.001,0,A
ACCO_15e06beda2,NMI_df2d025267,DEVI_284a47f5e0,COMMS4D,06537#B1,Solar,24/05/2026 07:30:00 AM,24/05/2026 07:59:59 AM,0.003,0,A
ACCO_15e06beda2,NMI_df2d025267,DEVI_284a47f5e0,COMMS4D,06537#E1,Generalusage,24/05/2026 07:30:00 AM,24/05/2026 07:59:59 AM,0.002,0,A
ACCO_15e06beda2,NMI_df2d025267,DEVI_284a47f5e0,COMMS4D,06537#B1,Solar,24/05/2026 08:00:00 AM,24/05/2026 08:29:59 AM,0.002,0,A
ACCO_15e06beda2,NMI_df2d025267,DEVI_284a47f5e0,COMMS4D,06537#E1,Generalusage,24/05/2026 08:00:00 AM,24/05/2026 08:29:59 AM,0.001,0,A
ACCO_15e06beda2,NMI_df2d025267,DEVI_284a47f5e0,COMMS4D,06537#B1,Solar,24/05/2026 08:30:00 AM,24/05/2026 08:59:59 AM,0.002,0,A
ACCO_15e06beda2,NMI_df2d025267,DEVI_284a47f5e0,COMMS4D,06537#E1,Generalusage,24/05/2026 08:30:00 AM,24/05/2026 08:59:59 AM,0.001,0,A
ACCO_15e06beda2,NMI_df2d025267,DEVI_284a47f5e0,COMMS4D,06537#B1,Solar,24/05/2026 09:00:00 AM,24/05/2026 09:29:59 AM,0.002,0,A
ACCO_15e06beda2,NMI_df2d025267,DEVI_284a47f5e0,COMMS4D,06537#E1,Generalusage,24/05/2026 09:00:00 AM,24/05/2026 09:29:59 AM,0,0,A
ACCO_15e06beda2,NMI_df2d025267,DEVI_284a47f5e0,COMMS4D,06537#B1,Solar,24/05/2026 09:30:00 AM,24/05/2026 09:59:59 AM,0.002,0,A
ACCO_15e06beda2,NMI_df2d025267,DEVI_284a47f5e0,COMMS4D,06537#E1,Generalusage,24/05/2026 09:30:00 AM,24/05/2026 09:59:59 AM,0.001,0,A
ACCO_15e06beda2,NMI_df2d025267,DEVI_284a47f5e0,COMMS4D,06537#B1,Solar,24/05/2026 10:00:00 AM,24/05/2026 10:29:59 AM,0.002,0,A
ACCO_15e06beda2,NMI_df2d025267,DEVI_284a47f5e0,COMMS4D,06537#E1,Generalusage,24/05/2026 10:00:00 AM,24/05/2026 10:29:59 AM,0.001,0,A
ACCO_15e06beda2,NMI_df2d025267,DEVI_284a47f5e0,COMMS4D,06537#B1,Solar,24/05/2026 10:30:00 AM,24/05/2026 10:59:59 AM,0.001,0,A
ACCO_15e06beda2,NMI_df2d025267,DEVI_284a47f5e0,COMMS4D,06537#E1,Generalusage,24/05/2026 10:30:00 AM,24/05/2026 10:59:59 AM,0.002,0,A
ACCO_15e06beda2,NMI_df2d025267,DEVI_284a47f5e0,COMMS4D,06537#B1,Solar,24/05/2026 11:00:00 AM,24/05/2026 11:29:59 AM,0.567,0,A
ACCO_15e06beda2,NMI_df2d025267,DEVI_284a47f5e0,COMMS4D,06537#E1,Generalusage,24/05/2026 11:00:00 AM,24/05/2026 11:29:59 AM,0.001,0,A
ACCO_15e06beda2,NMI_df2d025267,DEVI_284a47f5e0,COMMS4D,06537#B1,Solar,24/05/2026 11:30:00 AM,24/05/2026 11:59:59 AM,1.387,0,A
ACCO_15e06beda2,NMI_df2d025267,DEVI_284a47f5e0,COMMS4D,06537#E1,Generalusage,24/05/2026 11:30:00 AM,24/05/2026 11:59:59 AM,0,0,A
ACCO_15e06beda2,NMI_df2d025267,DEVI_284a47f5e0,COMMS4D,06537#B1,Solar,24/05/2026 12:00:00 PM,24/05/2026 12:29:59 PM,1.382,0,A
ACCO_15e06beda2,NMI_df2d025267,DEVI_284a47f5e0,COMMS4D,06537#E1,Generalusage,24/05/2026 12:00:00 PM,24/05/2026 12:29:59 PM,0,0,A
ACCO_15e06beda2,NMI_df2d025267,DEVI_284a47f5e0,COMMS4D,06537#B1,Solar,24/05/2026 12:30:00 PM,24/05/2026 12:59:59 PM,0.485,0,A
ACCO_15e06beda2,NMI_df2d025267,DEVI_284a47f5e0,COMMS4D,06537#E1,Generalusage,24/05/2026 12:30:00 PM,24/05/2026 12:59:59 PM,0,0,A
ACCO_15e06beda2,NMI_df2d025267,DEVI_284a47f5e0,COMMS4D,06537#B1,Solar,24/05/2026 01:00:00 PM,24/05/2026 01:29:59 PM,0.434,0,A
ACCO_15e06beda2,NMI_df2d025267,DEVI_284a47f5e0,COMMS4D,06537#E1,Generalusage,24/05/2026 01:00:00 PM,24/05/2026 01:29:59 PM,0,0,A
ACCO_15e06beda2,NMI_df2d025267,DEVI_284a47f5e0,COMMS4D,06537#B1,Solar,24/05/2026 01:30:00 PM,24/05/2026 01:59:59 PM,0.469,0,A
ACCO_15e06beda2,NMI_df2d025267,DEVI_284a47f5e0,COMMS4D,06537#E1,Generalusage,24/05/2026 01:30:00 PM,24/05/2026 01:59:59 PM,0,0,A
ACCO_15e06beda2,NMI_df2d025267,DEVI_284a47f5e0,COMMS4D,06537#B1,Solar,24/05/2026 02:00:00 PM,24/05/2026 02:29:59 PM,0.169,0,A
ACCO_15e06beda2,NMI_df2d025267,DEVI_284a47f5e0,COMMS4D,06537#E1,Generalusage,24/05/2026 02:00:00 PM,24/05/2026 02:29:59 PM,0,0,A
ACCO_15e06beda2,NMI_df2d025267,DEVI_284a47f5e0,COMMS4D,06537#B1,Solar,24/05/2026 02:30:00 PM,24/05/2026 02:59:59 PM,0.547,0,A
ACCO_15e06beda2,NMI_df2d025267,DEVI_284a47f5e0,COMMS4D,06537#E1,Generalusage,24/05/2026 02:30:00 PM,24/05/2026 02:59:59 PM,0,0,A
ACCO_15e06beda2,NMI_df2d025267,DEVI_284a47f5e0,COMMS4D,06537#B1,Solar,24/05/2026 03:00:00 PM,24/05/2026 03:29:59 PM,0.044,0,A
ACCO_15e06beda2,NMI_df2d025267,DEVI_284a47f5e0,COMMS4D,06537#E1,Generalusage,24/05/2026 03:00:00 PM,24/05/2026 03:29:59 PM,0.001,0,A
ACCO_15e06beda2,NMI_df2d025267,DEVI_284a47f5e0,COMMS4D,06537#B1,Solar,24/05/2026 03:30:00 PM,24/05/2026 03:59:59 PM,0.009,0,A
ACCO_15e06beda2,NMI_df2d025267,DEVI_284a47f5e0,COMMS4D,06537#E1,Generalusage,24/05/2026 03:30:00 PM,24/05/2026 03:59:59 PM,0.001,0,A
ACCO_15e06beda2,NMI_df2d025267,DEVI_284a47f5e0,COMMS4D,06537#B1,Solar,24/05/2026 04:00:00 PM,24/05/2026 04:29:59 PM,0.002,0,A
ACCO_15e06beda2,NMI_df2d025267,DEVI_284a47f5e0,COMMS4D,06537#E1,Generalusage,24/05/2026 04:00:00 PM,24/05/2026 04:29:59 PM,0.001,0,A
ACCO_15e06beda2,NMI_df2d025267,DEVI_284a47f5e0,COMMS4D,06537#B1,Solar,24/05/2026 04:30:00 PM,24/05/2026 04:59:59 PM,0.003,0,A
ACCO_15e06beda2,NMI_df2d025267,DEVI_284a47f5e0,COMMS4D,06537#E1,Generalusage,24/05/2026 04:30:00 PM,24/05/2026 04:59:59 PM,0.001,0,A
ACCO_15e06beda2,NMI_df2d025267,DEVI_284a47f5e0,COMMS4D,06537#B1,Solar,24/05/2026 05:00:00 PM,24/05/2026 05:29:59 PM,0.002,0,A
ACCO_15e06beda2,NMI_df2d025267,DEVI_284a47f5e0,COMMS4D,06537#E1,Generalusage,24/05/2026 05:00:00 PM,24/05/2026 05:29:59 PM,0.001,0,A
ACCO_15e06beda2,NMI_df2d025267,DEVI_284a47f5e0,COMMS4D,06537#B1,Solar,24/05/2026 05:30:00 PM,24/05/2026 05:59:59 PM,0.002,0,A
ACCO_15e06beda2,NMI_df2d025267,DEVI_284a47f5e0,COMMS4D,06537#E1,Generalusage,24/05/2026 05:30:00 PM,24/05/2026 05:59:59 PM,0.001,0,A
ACCO_15e06beda2,NMI_df2d025267,DEVI_284a47f5e0,COMMS4D,06537#B1,Solar,24/05/2026 06:00:00 PM,24/05/2026 06:29:59 PM,0.003,0,A
ACCO_15e06beda2,NMI_df2d025267,DEVI_284a47f5e0,COMMS4D,06537#E1,Generalusage,24/05/2026 06:00:00 PM,24/05/2026 06:29:59 PM,0.001,0,A
ACCO_15e06beda2,NMI_df2d025267,DEVI_284a47f5e0,COMMS4D,06537#B1,Solar,24/05/2026 06:30:00 PM,24/05/2026 06:59:59 PM,0.001,0,A
ACCO_15e06beda2,NMI_df2d025267,DEVI_284a47f5e0,COMMS4D,06537#E1,Generalusage,24/05/2026 06:30:00 PM,24/05/2026 06:59:59 PM,0.002,0,A
ACCO_15e06beda2,NMI_df2d025267,DEVI_284a47f5e0,COMMS4D,06537#B1,Solar,24/05/2026 07:00:00 PM,24/05/2026 07:29:59 PM,0.002,0,A
ACCO_15e06beda2,NMI_df2d025267,DEVI_284a47f5e0,COMMS4D,06537#E1,Generalusage,24/05/2026 07:00:00 PM,24/05/2026 07:29:59 PM,0.001,0,A
ACCO_15e06beda2,NMI_df2d025267,DEVI_284a47f5e0,COMMS4D,06537#B1,Solar,24/05/2026 07:30:00 PM,24/05/2026 07:59:59 PM,0.001,0,A
ACCO_15e06beda2,NMI_df2d025267,DEVI_284a47f5e0,COMMS4D,06537#E1,Generalusage,24/05/2026 07:30:00 PM,24/05/2026 07:59:59 PM,0.001,0,A
ACCO_15e06beda2,NMI_df2d025267,DEVI_284a47f5e0,COMMS4D,06537#B1,Solar,24/05/2026 08:00:00 PM,24/05/2026 08:29:59 PM,0.002,0,A
ACCO_15e06beda2,NMI_df2d025267,DEVI_284a47f5e0,COMMS4D,06537#E1,Generalusage,24/05/2026 08:00:00 PM,24/05/2026 08:29:59 PM,0.002,0,A
ACCO_15e06beda2,NMI_df2d025267,DEVI_284a47f5e0,COMMS4D,06537#B1,Solar,24/05/2026 08:30:00 PM,24/05/2026 08:59:59 PM,0.001,0,A
ACCO_15e06beda2,NMI_df2d025267,DEVI_284a47f5e0,COMMS4D,06537#E1,Generalusage,24/05/2026 08:30:00 PM,24/05/2026 08:59:59 PM,0.001,0,A
ACCO_15e06beda2,NMI_df2d025267,DEVI_284a47f5e0,COMMS4D,06537#B1,Solar,24/05/2026 09:00:00 PM,24/05/2026 09:29:59 PM,0.001,0,A
ACCO_15e06beda2,NMI_df2d025267,DEVI_284a47f5e0,COMMS4D,06537#E1,Generalusage,24/05/2026 09:00:00 PM,24/05/2026 09:29:59 PM,0.001,0,A
ACCO_15e06beda2,NMI_df2d025267,DEVI_284a47f5e0,COMMS4D,06537#B1,Solar,24/05/2026 09:30:00 PM,24/05/2026 09:59:59 PM,0.001,0,A
ACCO_15e06beda2,NMI_df2d025267,DEVI_284a47f5e0,COMMS4D,06537#E1,Generalusage,24/05/2026 09:30:00 PM,24/05/2026 09:59:59 PM,0.002,0,A
ACCO_15e06beda2,NMI_df2d025267,DEVI_284a47f5e0,COMMS4D,06537#B1,Solar,24/05/2026 10:00:00 PM,24/05/2026 10:29:59 PM,0.002,0,A
ACCO_15e06beda2,NMI_df2d025267,DEVI_284a47f5e0,COMMS4D,06537#E1,Generalusage,24/05/2026 10:00:00 PM,24/05/2026 10:29:59 PM,0.001,0,A
ACCO_15e06beda2,NMI_df2d025267,DEVI_284a47f5e0,COMMS4D,06537#B1,Solar,24/05/2026 10:30:00 PM,24/05/2026 10:59:59 PM,0.002,0,A
ACCO_15e06beda2,NMI_df2d025267,DEVI_284a47f5e0,COMMS4D,06537#E1,Generalusage,24/05/2026 10:30:00 PM,24/05/2026 10:59:59 PM,0.001,0,A
ACCO_15e06beda2,NMI_df2d025267,DEVI_284a47f5e0,COMMS4D,06537#B1,Solar,24/05/2026 11:00:00 PM,24/05/2026 11:29:59 PM,0.001,0,A
ACCO_15e06beda2,NMI_df2d025267,DEVI_284a47f5e0,COMMS4D,06537#E1,Generalusage,24/05/2026 11:00:00 PM,24/05/2026 11:29:59 PM,0.002,0,A
ACCO_15e06beda2,NMI_df2d025267,DEVI_284a47f5e0,COMMS4D,06537#B1,Solar,24/05/2026 11:30:00 PM,24/05/2026 11:59:59 PM,0.003,0,A
ACCO_15e06beda2,NMI_df2d025267,DEVI_284a47f5e0,COMMS4D,06537#E1,Generalusage,24/05/2026 11:30:00 PM,24/05/2026 11:59:59 PM,0,0,A
ACCO_15e06beda2,NMI_df2d025267,DEVI_284a47f5e0,COMMS4D,06537#B1,Solar,25/05/2026 12:00:00 AM,25/05/2026 12:29:59 AM,0.002,0,A
ACCO_15e06beda2,NMI_df2d025267,DEVI_284a47f5e0,COMMS4D,06537#E1,Generalusage,25/05/2026 12:00:00 AM,25/05/2026 12:29:59 AM,0.001,0,A
ACCO_15e06beda2,NMI_df2d025267,DEVI_284a47f5e0,COMMS4D,06537#B1,Solar,25/05/2026 12:30:00 AM,25/05/2026 12:59:59 AM,0.002,0,A
ACCO_15e06beda2,NMI_df2d025267,DEVI_284a47f5e0,COMMS4D,06537#E1,Generalusage,25/05/2026 12:30:00 AM,25/05/2026 12:59:59 AM,0,0,A
ACCO_15e06beda2,NMI_df2d025267,DEVI_284a47f5e0,COMMS4D,06537#B1,Solar,25/05/2026 01:00:00 AM,25/05/2026 01:29:59 AM,0.002,0,A
ACCO_15e06beda2,NMI_df2d025267,DEVI_284a47f5e0,COMMS4D,06537#E1,Generalusage,25/05/2026 01:00:00 AM,25/05/2026 01:29:59 AM,0.002,0,A
ACCO_15e06beda2,NMI_df2d025267,DEVI_284a47f5e0,COMMS4D,06537#B1,Solar,25/05/2026 01:30:00 AM,25/05/2026 01:59:59 AM,0.001,0,A
ACCO_15e06beda2,NMI_df2d025267,DEVI_284a47f5e0,COMMS4D,06537#E1,Generalusage,25/05/2026 01:30:00 AM,25/05/2026 01:59:59 AM,0.001,0,A
ACCO_15e06beda2,NMI_df2d025267,DEVI_284a47f5e0,COMMS4D,06537#B1,Solar,25/05/2026 02:00:00 AM,25/05/2026 02:29:59 AM,0.001,0,A
ACCO_15e06beda2,NMI_df2d025267,DEVI_284a47f5e0,COMMS4D,06537#E1,Generalusage,25/05/2026 02:00:00 AM,25/05/2026 02:29:59 AM,0.001,0,A
ACCO_15e06beda2,NMI_df2d025267,DEVI_284a47f5e0,COMMS4D,06537#B1,Solar,25/05/2026 02:30:00 AM,25/05/2026 02:59:59 AM,0.001,0,A
ACCO_15e06beda2,NMI_df2d025267,DEVI_284a47f5e0,COMMS4D,06537#E1,Generalusage,25/05/2026 02:30:00 AM,25/05/2026 02:59:59 AM,0.001,0,A
ACCO_15e06beda2,NMI_df2d025267,DEVI_284a47f5e0,COMMS4D,06537#B1,Solar,25/05/2026 03:00:00 AM,25/05/2026 03:29:59 AM,0.001,0,A
ACCO_15e06beda2,NMI_df2d025267,DEVI_284a47f5e0,COMMS4D,06537#E1,Generalusage,25/05/2026 03:00:00 AM,25/05/2026 03:29:59 AM,0.002,0,A
ACCO_15e06beda2,NMI_df2d025267,DEVI_284a47f5e0,COMMS4D,06537#B1,Solar,25/05/2026 03:30:00 AM,25/05/2026 03:59:59 AM,0.001,0,A
ACCO_15e06beda2,NMI_df2d025267,DEVI_284a47f5e0,COMMS4D,06537#E1,Generalusage,25/05/2026 03:30:00 AM,25/05/2026 03:59:59 AM,0.002,0,A
ACCO_15e06beda2,NMI_df2d025267,DEVI_284a47f5e0,COMMS4D,06537#B1,Solar,25/05/2026 04:00:00 AM,25/05/2026 04:29:59 AM,0.001,0,A
ACCO_15e06beda2,NMI_df2d025267,DEVI_284a47f5e0,COMMS4D,06537#E1,Generalusage,25/05/2026 04:00:00 AM,25/05/2026 04:29:59 AM,0.001,0,A
ACCO_15e06beda2,NMI_df2d025267,DEVI_284a47f5e0,COMMS4D,06537#B1,Solar,25/05/2026 04:30:00 AM,25/05/2026 04:59:59 AM,0.003,0,A
ACCO_15e06beda2,NMI_df2d025267,DEVI_284a47f5e0,COMMS4D,06537#E1,Generalusage,25/05/2026 04:30:00 AM,25/05/2026 04:59:59 AM,0.001,0,A
ACCO_15e06beda2,NMI_df2d025267,DEVI_284a47f5e0,COMMS4D,06537#B1,Solar,25/05/2026 05:00:00 AM,25/05/2026 05:29:59 AM,0.002,0,A
ACCO_15e06beda2,NMI_df2d025267,DEVI_284a47f5e0,COMMS4D,06537#E1,Generalusage,25/05/2026 05:00:00 AM,25/05/2026 05:29:59 AM,0.001,0,A
ACCO_15e06beda2,NMI_df2d025267,DEVI_284a47f5e0,COMMS4D,06537#B1,Solar,25/05/2026 05:30:00 AM,25/05/2026 05:59:59 AM,0.002,0,A
ACCO_15e06beda2,NMI_df2d025267,DEVI_284a47f5e0,COMMS4D,06537#E1,Generalusage,25/05/2026 05:30:00 AM,25/05/2026 05:59:59 AM,0.001,0,A
ACCO_15e06beda2,NMI_df2d025267,DEVI_284a47f5e0,COMMS4D,06537#B1,Solar,25/05/2026 06:00:00 AM,25/05/2026 06:29:59 AM,0.001,0,A
ACCO_15e06beda2,NMI_df2d025267,DEVI_284a47f5e0,COMMS4D,06537#E1,Generalusage,25/05/2026 06:00:00 AM,25/05/2026 06:29:59 AM,0.001,0,A
ACCO_15e06beda2,NMI_df2d025267,DEVI_284a47f5e0,COMMS4D,06537#B1,Solar,25/05/2026 06:30:00 AM,25/05/2026 06:59:59 AM,0.001,0,A
ACCO_15e06beda2,NMI_df2d025267,DEVI_284a47f5e0,COMMS4D,06537#E1,Generalusage,25/05/2026 06:30:00 AM,25/05/2026 06:59:59 AM,0.001,0,A
ACCO_15e06beda2,NMI_df2d025267,DEVI_284a47f5e0,COMMS4D,06537#B1,Solar,25/05/2026 07:00:00 AM,25/05/2026 07:29:59 AM,0.002,0,A
ACCO_15e06beda2,NMI_df2d025267,DEVI_284a47f5e0,COMMS4D,06537#E1,Generalusage,25/05/2026 07:00:00 AM,25/05/2026 07:29:59 AM,0.002,0,A
ACCO_15e06beda2,NMI_df2d025267,DEVI_284a47f5e0,COMMS4D,06537#B1,Solar,25/05/2026 07:30:00 AM,25/05/2026 07:59:59 AM,0.001,0,A
ACCO_15e06beda2,NMI_df2d025267,DEVI_284a47f5e0,COMMS4D,06537#E1,Generalusage,25/05/2026 07:30:00 AM,25/05/2026 07:59:59 AM,0.001,0,A
ACCO_15e06beda2,NMI_df2d025267,DEVI_284a47f5e0,COMMS4D,06537#B1,Solar,25/05/2026 08:00:00 AM,25/05/2026 08:29:59 AM,0.001,0,A
ACCO_15e06beda2,NMI_df2d025267,DEVI_284a47f5e0,COMMS4D,06537#E1,Generalusage,25/05/2026 08:00:00 AM,25/05/2026 08:29:59 AM,0.002,0,A
ACCO_15e06beda2,NMI_df2d025267,DEVI_284a47f5e0,COMMS4D,06537#B1,Solar,25/05/2026 08:30:00 AM,25/05/2026 08:59:59 AM,0.001,0,A
ACCO_15e06beda2,NMI_df2d025267,DEVI_284a47f5e0,COMMS4D,06537#E1,Generalusage,25/05/2026 08:30:00 AM,25/05/2026 08:59:59 AM,0.001,0,A
ACCO_15e06beda2,NMI_df2d025267,DEVI_284a47f5e0,COMMS4D,06537#B1,Solar,25/05/2026 09:00:00 AM,25/05/2026 09:29:59 AM,0.001,0,A
ACCO_15e06beda2,NMI_df2d025267,DEVI_284a47f5e0,COMMS4D,06537#E1,Generalusage,25/05/2026 09:00:00 AM,25/05/2026 09:29:59 AM,0.002,0,A
ACCO_15e06beda2,NMI_df2d025267,DEVI_284a47f5e0,COMMS4D,06537#B1,Solar,25/05/2026 09:30:00 AM,25/05/2026 09:59:59 AM,0.001,0,A
ACCO_15e06beda2,NMI_df2d025267,DEVI_284a47f5e0,COMMS4D,06537#E1,Generalusage,25/05/2026 09:30:00 AM,25/05/2026 09:59:59 AM,0.001,0,A
ACCO_15e06beda2,NMI_df2d025267,DEVI_284a47f5e0,COMMS4D,06537#B1,Solar,25/05/2026 10:00:00 AM,25/05/2026 10:29:59 AM,0.002,0,A
ACCO_15e06beda2,NMI_df2d025267,DEVI_284a47f5e0,COMMS4D,06537#E1,Generalusage,25/05/2026 10:00:00 AM,25/05/2026 10:29:59 AM,0.002,0,A
ACCO_15e06beda2,NMI_df2d025267,DEVI_284a47f5e0,COMMS4D,06537#B1,Solar,25/05/2026 10:30:00 AM,25/05/2026 10:59:59 AM,0.485,0,A
ACCO_15e06beda2,NMI_df2d025267,DEVI_284a47f5e0,COMMS4D,06537#E1,Generalusage,25/05/2026 10:30:00 AM,25/05/2026 10:59:59 AM,0.001,0,A
ACCO_15e06beda2,NMI_df2d025267,DEVI_284a47f5e0,COMMS4D,06537#B1,Solar,25/05/2026 11:00:00 AM,25/05/2026 11:29:59 AM,1.65,0,A
ACCO_15e06beda2,NMI_df2d025267,DEVI_284a47f5e0,COMMS4D,06537#E1,Generalusage,25/05/2026 11:00:00 AM,25/05/2026 11:29:59 AM,0,0,A
ACCO_15e06beda2,NMI_df2d025267,DEVI_284a47f5e0,COMMS4D,06537#B1,Solar,25/05/2026 11:30:00 AM,25/05/2026 11:59:59 AM,0.978,0,A
ACCO_15e06beda2,NMI_df2d025267,DEVI_284a47f5e0,COMMS4D,06537#E1,Generalusage,25/05/2026 11:30:00 AM,25/05/2026 11:59:59 AM,0,0,A
ACCO_15e06beda2,NMI_df2d025267,DEVI_284a47f5e0,COMMS4D,06537#B1,Solar,25/05/2026 12:00:00 PM,25/05/2026 12:29:59 PM,0.914,0,A
ACCO_15e06beda2,NMI_df2d025267,DEVI_284a47f5e0,COMMS4D,06537#E1,Generalusage,25/05/2026 12:00:00 PM,25/05/2026 12:29:59 PM,0,0,A
ACCO_15e06beda2,NMI_df2d025267,DEVI_284a47f5e0,COMMS4D,06537#B1,Solar,25/05/2026 12:30:00 PM,25/05/2026 12:59:59 PM,0.743,0,A
ACCO_15e06beda2,NMI_df2d025267,DEVI_284a47f5e0,COMMS4D,06537#E1,Generalusage,25/05/2026 12:30:00 PM,25/05/2026 12:59:59 PM,0,0,A
ACCO_15e06beda2,NMI_df2d025267,DEVI_284a47f5e0,COMMS4D,06537#B1,Solar,25/05/2026 01:00:00 PM,25/05/2026 01:29:59 PM,0.384,0,A
ACCO_15e06beda2,NMI_df2d025267,DEVI_284a47f5e0,COMMS4D,06537#E1,Generalusage,25/05/2026 01:00:00 PM,25/05/2026 01:29:59 PM,0,0,A
ACCO_15e06beda2,NMI_df2d025267,DEVI_284a47f5e0,COMMS4D,06537#B1,Solar,25/05/2026 01:30:00 PM,25/05/2026 01:59:59 PM,0.251,0,A
ACCO_15e06beda2,NMI_df2d025267,DEVI_284a47f5e0,COMMS4D,06537#E1,Generalusage,25/05/2026 01:30:00 PM,25/05/2026 01:59:59 PM,0,0,A
ACCO_15e06beda2,NMI_df2d025267,DEVI_284a47f5e0,COMMS4D,06537#B1,Solar,25/05/2026 02:00:00 PM,25/05/2026 02:29:59 PM,0.214,0,A
ACCO_15e06beda2,NMI_df2d025267,DEVI_284a47f5e0,COMMS4D,06537#E1,Generalusage,25/05/2026 02:00:00 PM,25/05/2026 02:29:59 PM,0,0,A
ACCO_15e06beda2,NMI_df2d025267,DEVI_284a47f5e0,COMMS4D,06537#B1,Solar,25/05/2026 02:30:00 PM,25/05/2026 02:59:59 PM,0.48,0,A
ACCO_15e06beda2,NMI_df2d025267,DEVI_284a47f5e0,COMMS4D,06537#E1,Generalusage,25/05/2026 02:30:00 PM,25/05/2026 02:59:59 PM,0,0,A
ACCO_15e06beda2,NMI_df2d025267,DEVI_284a47f5e0,COMMS4D,06537#B1,Solar,25/05/2026 03:00:00 PM,25/05/2026 03:29:59 PM,0.059,0,A
ACCO_15e06beda2,NMI_df2d025267,DEVI_284a47f5e0,COMMS4D,06537#E1,Generalusage,25/05/2026 03:00:00 PM,25/05/2026 03:29:59 PM,0.001,0,A
ACCO_15e06beda2,NMI_df2d025267,DEVI_284a47f5e0,COMMS4D,06537#B1,Solar,25/05/2026 03:30:00 PM,25/05/2026 03:59:59 PM,0.017,0,A
ACCO_15e06beda2,NMI_df2d025267,DEVI_284a47f5e0,COMMS4D,06537#E1,Generalusage,25/05/2026 03:30:00 PM,25/05/2026 03:59:59 PM,0.002,0,A
ACCO_15e06beda2,NMI_df2d025267,DEVI_284a47f5e0,COMMS4D,06537#B1,Solar,25/05/2026 04:00:00 PM,25/05/2026 04:29:59 PM,0.001,0,A
ACCO_15e06beda2,NMI_df2d025267,DEVI_284a47f5e0,COMMS4D,06537#E1,Generalusage,25/05/2026 04:00:00 PM,25/05/2026 04:29:59 PM,0.001,0,A
ACCO_15e06beda2,NMI_df2d025267,DEVI_284a47f5e0,COMMS4D,06537#B1,Solar,25/05/2026 04:30:00 PM,25/05/2026 04:59:59 PM,0.001,0,A
ACCO_15e06beda2,NMI_df2d025267,DEVI_284a47f5e0,COMMS4D,06537#E1,Generalusage,25/05/2026 04:30:00 PM,25/05/2026 04:59:59 PM,0.002,0,A
ACCO_15e06beda2,NMI_df2d025267,DEVI_284a47f5e0,COMMS4D,06537#B1,Solar,25/05/2026 05:00:00 PM,25/05/2026 05:29:59 PM,0.002,0,A
ACCO_15e06beda2,NMI_df2d025267,DEVI_284a47f5e0,COMMS4D,06537#E1,Generalusage,25/05/2026 05:00:00 PM,25/05/2026 05:29:59 PM,0,0,A
ACCO_15e06beda2,NMI_df2d025267,DEVI_284a47f5e0,COMMS4D,06537#B1,Solar,25/05/2026 05:30:00 PM,25/05/2026 05:59:59 PM,0.003,0,A
ACCO_15e06beda2,NMI_df2d025267,DEVI_284a47f5e0,COMMS4D,06537#E1,Generalusage,25/05/2026 05:30:00 PM,25/05/2026 05:59:59 PM,0.002,0,A
ACCO_15e06beda2,NMI_df2d025267,DEVI_284a47f5e0,COMMS4D,06537#B1,Solar,25/05/2026 06:00:00 PM,25/05/2026 06:29:59 PM,0.002,0,A
ACCO_15e06beda2,NMI_df2d025267,DEVI_284a47f5e0,COMMS4D,06537#E1,Generalusage,25/05/2026 06:00:00 PM,25/05/2026 06:29:59 PM,0.002,0,A
ACCO_15e06beda2,NMI_df2d025267,DEVI_284a47f5e0,COMMS4D,06537#B1,Solar,25/05/2026 06:30:00 PM,25/05/2026 06:59:59 PM,0.004,0,A
ACCO_15e06beda2,NMI_df2d025267,DEVI_284a47f5e0,COMMS4D,06537#E1,Generalusage,25/05/2026 06:30:00 PM,25/05/2026 06:59:59 PM,0.003,0,A
ACCO_15e06beda2,NMI_df2d025267,DEVI_284a47f5e0,COMMS4D,06537#B1,Solar,25/05/2026 07:00:00 PM,25/05/2026 07:29:59 PM,0.003,0,A
ACCO_15e06beda2,NMI_df2d025267,DEVI_284a47f5e0,COMMS4D,06537#E1,Generalusage,25/05/2026 07:00:00 PM,25/05/2026 07:29:59 PM,0.001,0,A
ACCO_15e06beda2,NMI_df2d025267,DEVI_284a47f5e0,COMMS4D,06537#B1,Solar,25/05/2026 07:30:00 PM,25/05/2026 07:59:59 PM,0.002,0,A
ACCO_15e06beda2,NMI_df2d025267,DEVI_284a47f5e0,COMMS4D,06537#E1,Generalusage,25/05/2026 07:30:00 PM,25/05/2026 07:59:59 PM,0.001,0,A
ACCO_15e06beda2,NMI_df2d025267,DEVI_284a47f5e0,COMMS4D,06537#B1,Solar,25/05/2026 08:00:00 PM,25/05/2026 08:29:59 PM,0.003,0,A
ACCO_15e06beda2,NMI_df2d025267,DEVI_284a47f5e0,COMMS4D,06537#E1,Generalusage,25/05/2026 08:00:00 PM,25/05/2026 08:29:59 PM,0.001,0,A
ACCO_15e06beda2,NMI_df2d025267,DEVI_284a47f5e0,COMMS4D,06537#B1,Solar,25/05/2026 08:30:00 PM,25/05/2026 08:59:59 PM,0.002,0,A
ACCO_15e06beda2,NMI_df2d025267,DEVI_284a47f5e0,COMMS4D,06537#E1,Generalusage,25/05/2026 08:30:00 PM,25/05/2026 08:59:59 PM,0.001,0,A
ACCO_15e06beda2,NMI_df2d025267,DEVI_284a47f5e0,COMMS4D,06537#B1,Solar,25/05/2026 09:00:00 PM,25/05/2026 09:29:59 PM,0.003,0,A
ACCO_15e06beda2,NMI_df2d025267,DEVI_284a47f5e0,COMMS4D,06537#E1,Generalusage,25/05/2026 09:00:00 PM,25/05/2026 09:29:59 PM,0,0,A
ACCO_15e06beda2,NMI_df2d025267,DEVI_284a47f5e0,COMMS4D,06537#B1,Solar,25/05/2026 09:30:00 PM,25/05/2026 09:59:59 PM,0.002,0,A
ACCO_15e06beda2,NMI_df2d025267,DEVI_284a47f5e0,COMMS4D,06537#E1,Generalusage,25/05/2026 09:30:00 PM,25/05/2026 09:59:59 PM,0.001,0,A
ACCO_15e06beda2,NMI_df2d025267,DEVI_284a47f5e0,COMMS4D,06537#B1,Solar,25/05/2026 10:00:00 PM,25/05/2026 10:29:59 PM,0.002,0,A
ACCO_15e06beda2,NMI_df2d025267,DEVI_284a47f5e0,COMMS4D,06537#E1,Generalusage,25/05/2026 10:00:00 PM,25/05/2026 10:29:59 PM,0.001,0,A
ACCO_15e06beda2,NMI_df2d025267,DEVI_284a47f5e0,COMMS4D,06537#B1,Solar,25/05/2026 10:30:00 PM,25/05/2026 10:59:59 PM,0.002,0,A
ACCO_15e06beda2,NMI_df2d025267,DEVI_284a47f5e0,COMMS4D,06537#E1,Generalusage,25/05/2026 10:30:00 PM,25/05/2026 10:59:59 PM,0.001,0,A
ACCO_15e06beda2,NMI_df2d025267,DEVI_284a47f5e0,COMMS4D,06537#B1,Solar,25/05/2026 11:00:00 PM,25/05/2026 11:29:59 PM,0.002,0,A
ACCO_15e06beda2,NMI_df2d025267,DEVI_284a47f5e0,COMMS4D,06537#E1,Generalusage,25/05/2026 11:00:00 PM,25/05/2026 11:29:59 PM,0.001,0,A
ACCO_15e06beda2,NMI_df2d025267,DEVI_284a47f5e0,COMMS4D,06537#B1,Solar,25/05/2026 11:30:00 PM,25/05/2026 11:59:59 PM,0.002,0,A
ACCO_15e06beda2,NMI_df2d025267,DEVI_284a47f5e0,COMMS4D,06537#E1,Generalusage,25/05/2026 11:30:00 PM,25/05/2026 11:59:59 PM,0,0,A
ACCO_15e06beda2,NMI_df2d025267,DEVI_284a47f5e0,COMMS4D,06537#B1,Solar,26/05/2026 12:00:00 AM,26/05/2026 12:29:59 AM,0.002,0,A
ACCO_15e06beda2,NMI_df2d025267,DEVI_284a47f5e0,COMMS4D,06537#E1,Generalusage,26/05/2026 12:00:00 AM,26/05/2026 12:29:59 AM,0.001,0,A
ACCO_15e06beda2,NMI_df2d025267,DEVI_284a47f5e0,COMMS4D,06537#B1,Solar,26/05/2026 12:30:00 AM,26/05/2026 12:59:59 AM,0.003,0,A
ACCO_15e06beda2,NMI_df2d025267,DEVI_284a47f5e0,COMMS4D,06537#E1,Generalusage,26/05/2026 12:30:00 AM,26/05/2026 12:59:59 AM,0.001,0,A
ACCO_15e06beda2,NMI_df2d025267,DEVI_284a47f5e0,COMMS4D,06537#B1,Solar,26/05/2026 01:00:00 AM,26/05/2026 01:29:59 AM,0.001,0,A
ACCO_15e06beda2,NMI_df2d025267,DEVI_284a47f5e0,COMMS4D,06537#E1,Generalusage,26/05/2026 01:00:00 AM,26/05/2026 01:29:59 AM,0.001,0,A
ACCO_15e06beda2,NMI_df2d025267,DEVI_284a47f5e0,COMMS4D,06537#B1,Solar,26/05/2026 01:30:00 AM,26/05/2026 01:59:59 AM,0.002,0,A
ACCO_15e06beda2,NMI_df2d025267,DEVI_284a47f5e0,COMMS4D,06537#E1,Generalusage,26/05/2026 01:30:00 AM,26/05/2026 01:59:59 AM,0.001,0,A
ACCO_15e06beda2,NMI_df2d025267,DEVI_284a47f5e0,COMMS4D,06537#B1,Solar,26/05/2026 02:00:00 AM,26/05/2026 02:29:59 AM,0.001,0,A
ACCO_15e06beda2,NMI_df2d025267,DEVI_284a47f5e0,COMMS4D,06537#E1,Generalusage,26/05/2026 02:00:00 AM,26/05/2026 02:29:59 AM,0.001,0,A
ACCO_15e06beda2,NMI_df2d025267,DEVI_284a47f5e0,COMMS4D,06537#B1,Solar,26/05/2026 02:30:00 AM,26/05/2026 02:59:59 AM,0.002,0,A
ACCO_15e06beda2,NMI_df2d025267,DEVI_284a47f5e0,COMMS4D,06537#E1,Generalusage,26/05/2026 02:30:00 AM,26/05/2026 02:59:59 AM,0.001,0,A
ACCO_15e06beda2,NMI_df2d025267,DEVI_284a47f5e0,COMMS4D,06537#B1,Solar,26/05/2026 03:00:00 AM,26/05/2026 03:29:59 AM,0.001,0,A
ACCO_15e06beda2,NMI_df2d025267,DEVI_284a47f5e0,COMMS4D,06537#E1,Generalusage,26/05/2026 03:00:00 AM,26/05/2026 03:29:59 AM,0.001,0,A
ACCO_15e06beda2,NMI_df2d025267,DEVI_284a47f5e0,COMMS4D,06537#B1,Solar,26/05/2026 03:30:00 AM,26/05/2026 03:59:59 AM,0.001,0,A
ACCO_15e06beda2,NMI_df2d025267,DEVI_284a47f5e0,COMMS4D,06537#E1,Generalusage,26/05/2026 03:30:00 AM,26/05/2026 03:59:59 AM,0.002,0,A
ACCO_15e06beda2,NMI_df2d025267,DEVI_284a47f5e0,COMMS4D,06537#B1,Solar,26/05/2026 04:00:00 AM,26/05/2026 04:29:59 AM,0.002,0,A
ACCO_15e06beda2,NMI_df2d025267,DEVI_284a47f5e0,COMMS4D,06537#E1,Generalusage,26/05/2026 04:00:00 AM,26/05/2026 04:29:59 AM,0.001,0,A
ACCO_15e06beda2,NMI_df2d025267,DEVI_284a47f5e0,COMMS4D,06537#B1,Solar,26/05/2026 04:30:00 AM,26/05/2026 04:59:59 AM,0.002,0,A
ACCO_15e06beda2,NMI_df2d025267,DEVI_284a47f5e0,COMMS4D,06537#E1,Generalusage,26/05/2026 04:30:00 AM,26/05/2026 04:59:59 AM,0.001,0,A
ACCO_15e06beda2,NMI_df2d025267,DEVI_284a47f5e0,COMMS4D,06537#B1,Solar,26/05/2026 05:00:00 AM,26/05/2026 05:29:59 AM,0.001,0,A
ACCO_15e06beda2,NMI_df2d025267,DEVI_284a47f5e0,COMMS4D,06537#E1,Generalusage,26/05/2026 05:00:00 AM,26/05/2026 05:29:59 AM,0.001,0,A
ACCO_15e06beda2,NMI_df2d025267,DEVI_284a47f5e0,COMMS4D,06537#B1,Solar,26/05/2026 05:30:00 AM,26/05/2026 05:59:59 AM,0.002,0,A
ACCO_15e06beda2,NMI_df2d025267,DEVI_284a47f5e0,COMMS4D,06537#E1,Generalusage,26/05/2026 05:30:00 AM,26/05/2026 05:59:59 AM,0.001,0,A
ACCO_15e06beda2,NMI_df2d025267,DEVI_284a47f5e0,COMMS4D,06537#B1,Solar,26/05/2026 06:00:00 AM,26/05/2026 06:29:59 AM,0.003,0,A
ACCO_15e06beda2,NMI_df2d025267,DEVI_284a47f5e0,COMMS4D,06537#E1,Generalusage,26/05/2026 06:00:00 AM,26/05/2026 06:29:59 AM,0,0,A
ACCO_15e06beda2,NMI_df2d025267,DEVI_284a47f5e0,COMMS4D,06537#B1,Solar,26/05/2026 06:30:00 AM,26/05/2026 06:59:59 AM,0.003,0,A
ACCO_15e06beda2,NMI_df2d025267,DEVI_284a47f5e0,COMMS4D,06537#E1,Generalusage,26/05/2026 06:30:00 AM,26/05/2026 06:59:59 AM,0.001,0,A
ACCO_15e06beda2,NMI_df2d025267,DEVI_284a47f5e0,COMMS4D,06537#B1,Solar,26/05/2026 07:00:00 AM,26/05/2026 07:29:59 AM,0.003,0,A
ACCO_15e06beda2,NMI_df2d025267,DEVI_284a47f5e0,COMMS4D,06537#E1,Generalusage,26/05/2026 07:00:00 AM,26/05/2026 07:29:59 AM,0.002,0,A
ACCO_15e06beda2,NMI_df2d025267,DEVI_284a47f5e0,COMMS4D,06537#B1,Solar,26/05/2026 07:30:00 AM,26/05/2026 07:59:59 AM,0.003,0,A
ACCO_15e06beda2,NMI_df2d025267,DEVI_284a47f5e0,COMMS4D,06537#E1,Generalusage,26/05/2026 07:30:00 AM,26/05/2026 07:59:59 AM,0,0,A
ACCO_15e06beda2,NMI_df2d025267,DEVI_284a47f5e0,COMMS4D,06537#B1,Solar,26/05/2026 08:00:00 AM,26/05/2026 08:29:59 AM,0.002,0,A
ACCO_15e06beda2,NMI_df2d025267,DEVI_284a47f5e0,COMMS4D,06537#E1,Generalusage,26/05/2026 08:00:00 AM,26/05/2026 08:29:59 AM,0.001,0,A
ACCO_15e06beda2,NMI_df2d025267,DEVI_284a47f5e0,COMMS4D,06537#B1,Solar,26/05/2026 08:30:00 AM,26/05/2026 08:59:59 AM,0.003,0,A
ACCO_15e06beda2,NMI_df2d025267,DEVI_284a47f5e0,COMMS4D,06537#E1,Generalusage,26/05/2026 08:30:00 AM,26/05/2026 08:59:59 AM,0.001,0,A
ACCO_15e06beda2,NMI_df2d025267,DEVI_284a47f5e0,COMMS4D,06537#B1,Solar,26/05/2026 09:00:00 AM,26/05/2026 09:29:59 AM,0.003,0,A
ACCO_15e06beda2,NMI_df2d025267,DEVI_284a47f5e0,COMMS4D,06537#E1,Generalusage,26/05/2026 09:00:00 AM,26/05/2026 09:29:59 AM,0.001,0,A
ACCO_15e06beda2,NMI_df2d025267,DEVI_284a47f5e0,COMMS4D,06537#B1,Solar,26/05/2026 09:30:00 AM,26/05/2026 09:59:59 AM,0.002,0,A
ACCO_15e06beda2,NMI_df2d025267,DEVI_284a47f5e0,COMMS4D,06537#E1,Generalusage,26/05/2026 09:30:00 AM,26/05/2026 09:59:59 AM,0.001,0,A
ACCO_15e06beda2,NMI_df2d025267,DEVI_284a47f5e0,COMMS4D,06537#B1,Solar,26/05/2026 10:00:00 AM,26/05/2026 10:29:59 AM,0.004,0,A
ACCO_15e06beda2,NMI_df2d025267,DEVI_284a47f5e0,COMMS4D,06537#E1,Generalusage,26/05/2026 10:00:00 AM,26/05/2026 10:29:59 AM,0.001,0,A
ACCO_15e06beda2,NMI_df2d025267,DEVI_284a47f5e0,COMMS4D,06537#B1,Solar,26/05/2026 10:30:00 AM,26/05/2026 10:59:59 AM,0.002,0,A
ACCO_15e06beda2,NMI_df2d025267,DEVI_284a47f5e0,COMMS4D,06537#E1,Generalusage,26/05/2026 10:30:00 AM,26/05/2026 10:59:59 AM,0.001,0,A
ACCO_15e06beda2,NMI_df2d025267,DEVI_284a47f5e0,COMMS4D,06537#B1,Solar,26/05/2026 11:00:00 AM,26/05/2026 11:29:59 AM,0.003,0,A
ACCO_15e06beda2,NMI_df2d025267,DEVI_284a47f5e0,COMMS4D,06537#E1,Generalusage,26/05/2026 11:00:00 AM,26/05/2026 11:29:59 AM,0.001,0,A
ACCO_15e06beda2,NMI_df2d025267,DEVI_284a47f5e0,COMMS4D,06537#B1,Solar,26/05/2026 11:30:00 AM,26/05/2026 11:59:59 AM,0.003,0,A
ACCO_15e06beda2,NMI_df2d025267,DEVI_284a47f5e0,COMMS4D,06537#E1,Generalusage,26/05/2026 11:30:00 AM,26/05/2026 11:59:59 AM,0.001,0,A
ACCO_15e06beda2,NMI_df2d025267,DEVI_284a47f5e0,COMMS4D,06537#B1,Solar,26/05/2026 12:00:00 PM,26/05/2026 12:29:59 PM,0.003,0,A
ACCO_15e06beda2,NMI_df2d025267,DEVI_284a47f5e0,COMMS4D,06537#E1,Generalusage,26/05/2026 12:00:00 PM,26/05/2026 12:29:59 PM,0.001,0,A
ACCO_15e06beda2,NMI_df2d025267,DEVI_284a47f5e0,COMMS4D,06537#B1,Solar,26/05/2026 12:30:00 PM,26/05/2026 12:59:59 PM,0.003,0,A
ACCO_15e06beda2,NMI_df2d025267,DEVI_284a47f5e0,COMMS4D,06537#E1,Generalusage,26/05/2026 12:30:00 PM,26/05/2026 12:59:59 PM,0.001,0,A
ACCO_15e06beda2,NMI_df2d025267,DEVI_284a47f5e0,COMMS4D,06537#B1,Solar,26/05/2026 01:00:00 PM,26/05/2026 01:29:59 PM,0.003,0,A
ACCO_15e06beda2,NMI_df2d025267,DEVI_284a47f5e0,COMMS4D,06537#E1,Generalusage,26/05/2026 01:00:00 PM,26/05/2026 01:29:59 PM,0.001,0,A
ACCO_15e06beda2,NMI_df2d025267,DEVI_284a47f5e0,COMMS4D,06537#B1,Solar,26/05/2026 01:30:00 PM,26/05/2026 01:59:59 PM,0.003,0,A
ACCO_15e06beda2,NMI_df2d025267,DEVI_284a47f5e0,COMMS4D,06537#E1,Generalusage,26/05/2026 01:30:00 PM,26/05/2026 01:59:59 PM,0.001,0,A
ACCO_15e06beda2,NMI_df2d025267,DEVI_284a47f5e0,COMMS4D,06537#B1,Solar,26/05/2026 02:00:00 PM,26/05/2026 02:29:59 PM,0.003,0,A
ACCO_15e06beda2,NMI_df2d025267,DEVI_284a47f5e0,COMMS4D,06537#E1,Generalusage,26/05/2026 02:00:00 PM,26/05/2026 02:29:59 PM,0,0,A
ACCO_15e06beda2,NMI_df2d025267,DEVI_284a47f5e0,COMMS4D,06537#B1,Solar,26/05/2026 02:30:00 PM,26/05/2026 02:59:59 PM,0.003,0,A
ACCO_15e06beda2,NMI_df2d025267,DEVI_284a47f5e0,COMMS4D,06537#E1,Generalusage,26/05/2026 02:30:00 PM,26/05/2026 02:59:59 PM,0.001,0,A
ACCO_15e06beda2,NMI_df2d025267,DEVI_284a47f5e0,COMMS4D,06537#B1,Solar,26/05/2026 03:00:00 PM,26/05/2026 03:29:59 PM,0.002,0,A
ACCO_15e06beda2,NMI_df2d025267,DEVI_284a47f5e0,COMMS4D,06537#E1,Generalusage,26/05/2026 03:00:00 PM,26/05/2026 03:29:59 PM,0.002,0,A
ACCO_15e06beda2,NMI_df2d025267,DEVI_284a47f5e0,COMMS4D,06537#B1,Solar,26/05/2026 03:30:00 PM,26/05/2026 03:59:59 PM,0.002,0,A
ACCO_15e06beda2,NMI_df2d025267,DEVI_284a47f5e0,COMMS4D,06537#E1,Generalusage,26/05/2026 03:30:00 PM,26/05/2026 03:59:59 PM,0,0,A
ACCO_15e06beda2,NMI_df2d025267,DEVI_284a47f5e0,COMMS4D,06537#B1,Solar,26/05/2026 04:00:00 PM,26/05/2026 04:29:59 PM,0.003,0,A
ACCO_15e06beda2,NMI_df2d025267,DEVI_284a47f5e0,COMMS4D,06537#E1,Generalusage,26/05/2026 04:00:00 PM,26/05/2026 04:29:59 PM,0.001,0,A
ACCO_15e06beda2,NMI_df2d025267,DEVI_284a47f5e0,COMMS4D,06537#B1,Solar,26/05/2026 04:30:00 PM,26/05/2026 04:59:59 PM,0.002,0,A
ACCO_15e06beda2,NMI_df2d025267,DEVI_284a47f5e0,COMMS4D,06537#E1,Generalusage,26/05/2026 04:30:00 PM,26/05/2026 04:59:59 PM,0.001,0,A
ACCO_15e06beda2,NMI_df2d025267,DEVI_284a47f5e0,COMMS4D,06537#B1,Solar,26/05/2026 05:00:00 PM,26/05/2026 05:29:59 PM,0.003,0,A
ACCO_15e06beda2,NMI_df2d025267,DEVI_284a47f5e0,COMMS4D,06537#E1,Generalusage,26/05/2026 05:00:00 PM,26/05/2026 05:29:59 PM,0.001,0,A
ACCO_15e06beda2,NMI_df2d025267,DEVI_284a47f5e0,COMMS4D,06537#B1,Solar,26/05/2026 05:30:00 PM,26/05/2026 05:59:59 PM,0.003,0,A
ACCO_15e06beda2,NMI_df2d025267,DEVI_284a47f5e0,COMMS4D,06537#E1,Generalusage,26/05/2026 05:30:00 PM,26/05/2026 05:59:59 PM,0.001,0,A
ACCO_15e06beda2,NMI_df2d025267,DEVI_284a47f5e0,COMMS4D,06537#B1,Solar,26/05/2026 06:00:00 PM,26/05/2026 06:29:59 PM,0.003,0,A
ACCO_15e06beda2,NMI_df2d025267,DEVI_284a47f5e0,COMMS4D,06537#E1,Generalusage,26/05/2026 06:00:00 PM,26/05/2026 06:29:59 PM,0,0,A
ACCO_15e06beda2,NMI_df2d025267,DEVI_284a47f5e0,COMMS4D,06537#B1,Solar,26/05/2026 06:30:00 PM,26/05/2026 06:59:59 PM,0.002,0,A
ACCO_15e06beda2,NMI_df2d025267,DEVI_284a47f5e0,COMMS4D,06537#E1,Generalusage,26/05/2026 06:30:00 PM,26/05/2026 06:59:59 PM,0.001,0,A
ACCO_15e06beda2,NMI_df2d025267,DEVI_284a47f5e0,COMMS4D,06537#B1,Solar,26/05/2026 07:00:00 PM,26/05/2026 07:29:59 PM,0.004,0,A
ACCO_15e06beda2,NMI_df2d025267,DEVI_284a47f5e0,COMMS4D,06537#E1,Generalusage,26/05/2026 07:00:00 PM,26/05/2026 07:29:59 PM,0.002,0,A
ACCO_15e06beda2,NMI_df2d025267,DEVI_284a47f5e0,COMMS4D,06537#B1,Solar,26/05/2026 07:30:00 PM,26/05/2026 07:59:59 PM,0.002,0,A
ACCO_15e06beda2,NMI_df2d025267,DEVI_284a47f5e0,COMMS4D,06537#E1,Generalusage,26/05/2026 07:30:00 PM,26/05/2026 07:59:59 PM,0.001,0,A
ACCO_15e06beda2,NMI_df2d025267,DEVI_284a47f5e0,COMMS4D,06537#B1,Solar,26/05/2026 08:00:00 PM,26/05/2026 08:29:59 PM,0.003,0,A
ACCO_15e06beda2,NMI_df2d025267,DEVI_284a47f5e0,COMMS4D,06537#E1,Generalusage,26/05/2026 08:00:00 PM,26/05/2026 08:29:59 PM,0.001,0,A
ACCO_15e06beda2,NMI_df2d025267,DEVI_284a47f5e0,COMMS4D,06537#B1,Solar,26/05/2026 08:30:00 PM,26/05/2026 08:59:59 PM,0.004,0,A
ACCO_15e06beda2,NMI_df2d025267,DEVI_284a47f5e0,COMMS4D,06537#E1,Generalusage,26/05/2026 08:30:00 PM,26/05/2026 08:59:59 PM,0.001,0,A
ACCO_15e06beda2,NMI_df2d025267,DEVI_284a47f5e0,COMMS4D,06537#B1,Solar,26/05/2026 09:00:00 PM,26/05/2026 09:29:59 PM,0.003,0,A
ACCO_15e06beda2,NMI_df2d025267,DEVI_284a47f5e0,COMMS4D,06537#E1,Generalusage,26/05/2026 09:00:00 PM,26/05/2026 09:29:59 PM,0,0,A
ACCO_15e06beda2,NMI_df2d025267,DEVI_284a47f5e0,COMMS4D,06537#B1,Solar,26/05/2026 09:30:00 PM,26/05/2026 09:59:59 PM,0.002,0,A
ACCO_15e06beda2,NMI_df2d025267,DEVI_284a47f5e0,COMMS4D,06537#E1,Generalusage,26/05/2026 09:30:00 PM,26/05/2026 09:59:59 PM,0.001,0,A
ACCO_15e06beda2,NMI_df2d025267,DEVI_284a47f5e0,COMMS4D,06537#B1,Solar,26/05/2026 10:00:00 PM,26/05/2026 10:29:59 PM,0.002,0,A
ACCO_15e06beda2,NMI_df2d025267,DEVI_284a47f5e0,COMMS4D,06537#E1,Generalusage,26/05/2026 10:00:00 PM,26/05/2026 10:29:59 PM,0.153,0,A
ACCO_15e06beda2,NMI_df2d025267,DEVI_284a47f5e0,COMMS4D,06537#B1,Solar,26/05/2026 10:30:00 PM,26/05/2026 10:59:59 PM,0,0,A
ACCO_15e06beda2,NMI_df2d025267,DEVI_284a47f5e0,COMMS4D,06537#E1,Generalusage,26/05/2026 10:30:00 PM,26/05/2026 10:59:59 PM,0.278,0,A
ACCO_15e06beda2,NMI_df2d025267,DEVI_284a47f5e0,COMMS4D,06537#B1,Solar,26/05/2026 11:00:00 PM,26/05/2026 11:29:59 PM,0,0,A
ACCO_15e06beda2,NMI_df2d025267,DEVI_284a47f5e0,COMMS4D,06537#E1,Generalusage,26/05/2026 11:00:00 PM,26/05/2026 11:29:59 PM,0.341,0,A
ACCO_15e06beda2,NMI_df2d025267,DEVI_284a47f5e0,COMMS4D,06537#B1,Solar,26/05/2026 11:30:00 PM,26/05/2026 11:59:59 PM,0,0,A
ACCO_15e06beda2,NMI_df2d025267,DEVI_284a47f5e0,COMMS4D,06537#E1,Generalusage,26/05/2026 11:30:00 PM,26/05/2026 11:59:59 PM,0.35,0,A
ACCO_15e06beda2,NMI_df2d025267,DEVI_284a47f5e0,COMMS4D,06537#B1,Solar,27/05/2026 12:00:00 AM,27/05/2026 12:29:59 AM,0,0,A
ACCO_15e06beda2,NMI_df2d025267,DEVI_284a47f5e0,COMMS4D,06537#E1,Generalusage,27/05/2026 12:00:00 AM,27/05/2026 12:29:59 AM,0.246,0,A
ACCO_15e06beda2,NMI_df2d025267,DEVI_284a47f5e0,COMMS4D,06537#B1,Solar,27/05/2026 12:30:00 AM,27/05/2026 12:59:59 AM,0,0,A
ACCO_15e06beda2,NMI_df2d025267,DEVI_284a47f5e0,COMMS4D,06537#E1,Generalusage,27/05/2026 12:30:00 AM,27/05/2026 12:59:59 AM,0.244,0,A
ACCO_15e06beda2,NMI_df2d025267,DEVI_284a47f5e0,COMMS4D,06537#B1,Solar,27/05/2026 01:00:00 AM,27/05/2026 01:29:59 AM,0,0,A
ACCO_15e06beda2,NMI_df2d025267,DEVI_284a47f5e0,COMMS4D,06537#E1,Generalusage,27/05/2026 01:00:00 AM,27/05/2026 01:29:59 AM,0.229,0,A
ACCO_15e06beda2,NMI_df2d025267,DEVI_284a47f5e0,COMMS4D,06537#B1,Solar,27/05/2026 01:30:00 AM,27/05/2026 01:59:59 AM,0,0,A
ACCO_15e06beda2,NMI_df2d025267,DEVI_284a47f5e0,COMMS4D,06537#E1,Generalusage,27/05/2026 01:30:00 AM,27/05/2026 01:59:59 AM,0.22,0,A
ACCO_15e06beda2,NMI_df2d025267,DEVI_284a47f5e0,COMMS4D,06537#B1,Solar,27/05/2026 02:00:00 AM,27/05/2026 02:29:59 AM,0,0,A
ACCO_15e06beda2,NMI_df2d025267,DEVI_284a47f5e0,COMMS4D,06537#E1,Generalusage,27/05/2026 02:00:00 AM,27/05/2026 02:29:59 AM,0.218,0,A
ACCO_15e06beda2,NMI_df2d025267,DEVI_284a47f5e0,COMMS4D,06537#B1,Solar,27/05/2026 02:30:00 AM,27/05/2026 02:59:59 AM,0,0,A
ACCO_15e06beda2,NMI_df2d025267,DEVI_284a47f5e0,COMMS4D,06537#E1,Generalusage,27/05/2026 02:30:00 AM,27/05/2026 02:59:59 AM,0.219,0,A
ACCO_15e06beda2,NMI_df2d025267,DEVI_284a47f5e0,COMMS4D,06537#B1,Solar,27/05/2026 03:00:00 AM,27/05/2026 03:29:59 AM,0,0,A
ACCO_15e06beda2,NMI_df2d025267,DEVI_284a47f5e0,COMMS4D,06537#E1,Generalusage,27/05/2026 03:00:00 AM,27/05/2026 03:29:59 AM,0.224,0,A
ACCO_15e06beda2,NMI_df2d025267,DEVI_284a47f5e0,COMMS4D,06537#B1,Solar,27/05/2026 03:30:00 AM,27/05/2026 03:59:59 AM,0,0,A
ACCO_15e06beda2,NMI_df2d025267,DEVI_284a47f5e0,COMMS4D,06537#E1,Generalusage,27/05/2026 03:30:00 AM,27/05/2026 03:59:59 AM,0.214,0,A
ACCO_15e06beda2,NMI_df2d025267,DEVI_284a47f5e0,COMMS4D,06537#B1,Solar,27/05/2026 04:00:00 AM,27/05/2026 04:29:59 AM,0,0,A
ACCO_15e06beda2,NMI_df2d025267,DEVI_284a47f5e0,COMMS4D,06537#E1,Generalusage,27/05/2026 04:00:00 AM,27/05/2026 04:29:59 AM,0.213,0,A
ACCO_15e06beda2,NMI_df2d025267,DEVI_284a47f5e0,COMMS4D,06537#B1,Solar,27/05/2026 04:30:00 AM,27/05/2026 04:59:59 AM,0,0,A
ACCO_15e06beda2,NMI_df2d025267,DEVI_284a47f5e0,COMMS4D,06537#E1,Generalusage,27/05/2026 04:30:00 AM,27/05/2026 04:59:59 AM,0.216,0,A
ACCO_15e06beda2,NMI_df2d025267,DEVI_284a47f5e0,COMMS4D,06537#B1,Solar,27/05/2026 05:00:00 AM,27/05/2026 05:29:59 AM,0,0,A
ACCO_15e06beda2,NMI_df2d025267,DEVI_284a47f5e0,COMMS4D,06537#E1,Generalusage,27/05/2026 05:00:00 AM,27/05/2026 05:29:59 AM,0.237,0,A
ACCO_15e06beda2,NMI_df2d025267,DEVI_284a47f5e0,COMMS4D,06537#B1,Solar,27/05/2026 05:30:00 AM,27/05/2026 05:59:59 AM,0,0,A
ACCO_15e06beda2,NMI_df2d025267,DEVI_284a47f5e0,COMMS4D,06537#E1,Generalusage,27/05/2026 05:30:00 AM,27/05/2026 05:59:59 AM,0.244,0,A
ACCO_15e06beda2,NMI_df2d025267,DEVI_284a47f5e0,COMMS4D,06537#B1,Solar,27/05/2026 06:00:00 AM,27/05/2026 06:29:59 AM,0,0,A
ACCO_15e06beda2,NMI_df2d025267,DEVI_284a47f5e0,COMMS4D,06537#E1,Generalusage,27/05/2026 06:00:00 AM,27/05/2026 06:29:59 AM,0.228,0,A
ACCO_15e06beda2,NMI_df2d025267,DEVI_284a47f5e0,COMMS4D,06537#B1,Solar,27/05/2026 06:30:00 AM,27/05/2026 06:59:59 AM,0,0,A
ACCO_15e06beda2,NMI_df2d025267,DEVI_284a47f5e0,COMMS4D,06537#E1,Generalusage,27/05/2026 06:30:00 AM,27/05/2026 06:59:59 AM,0.215,0,A
ACCO_15e06beda2,NMI_df2d025267,DEVI_284a47f5e0,COMMS4D,06537#B1,Solar,27/05/2026 07:00:00 AM,27/05/2026 07:29:59 AM,0,0,A
ACCO_15e06beda2,NMI_df2d025267,DEVI_284a47f5e0,COMMS4D,06537#E1,Generalusage,27/05/2026 07:00:00 AM,27/05/2026 07:29:59 AM,0.154,0,A
ACCO_15e06beda2,NMI_df2d025267,DEVI_284a47f5e0,COMMS4D,06537#B1,Solar,27/05/2026 07:30:00 AM,27/05/2026 07:59:59 AM,0.001,0,A
ACCO_15e06beda2,NMI_df2d025267,DEVI_284a47f5e0,COMMS4D,06537#E1,Generalusage,27/05/2026 07:30:00 AM,27/05/2026 07:59:59 AM,0.168,0,A
ACCO_15e06beda2,NMI_df2d025267,DEVI_284a47f5e0,COMMS4D,06537#B1,Solar,27/05/2026 08:00:00 AM,27/05/2026 08:29:59 AM,0.003,0,A
ACCO_15e06beda2,NMI_df2d025267,DEVI_284a47f5e0,COMMS4D,06537#E1,Generalusage,27/05/2026 08:00:00 AM,27/05/2026 08:29:59 AM,0,0,A
ACCO_15e06beda2,NMI_df2d025267,DEVI_284a47f5e0,COMMS4D,06537#B1,Solar,27/05/2026 08:30:00 AM,27/05/2026 08:59:59 AM,0.002,0,A
ACCO_15e06beda2,NMI_df2d025267,DEVI_284a47f5e0,COMMS4D,06537#E1,Generalusage,27/05/2026 08:30:00 AM,27/05/2026 08:59:59 AM,0.002,0,A
ACCO_15e06beda2,NMI_df2d025267,DEVI_284a47f5e0,COMMS4D,06537#B1,Solar,27/05/2026 09:00:00 AM,27/05/2026 09:29:59 AM,0.002,0,A
ACCO_15e06beda2,NMI_df2d025267,DEVI_284a47f5e0,COMMS4D,06537#E1,Generalusage,27/05/2026 09:00:00 AM,27/05/2026 09:29:59 AM,0.001,0,A
ACCO_15e06beda2,NMI_df2d025267,DEVI_284a47f5e0,COMMS4D,06537#B1,Solar,27/05/2026 09:30:00 AM,27/05/2026 09:59:59 AM,0.004,0,A
ACCO_15e06beda2,NMI_df2d025267,DEVI_284a47f5e0,COMMS4D,06537#E1,Generalusage,27/05/2026 09:30:00 AM,27/05/2026 09:59:59 AM,0.002,0,A
ACCO_15e06beda2,NMI_df2d025267,DEVI_284a47f5e0,COMMS4D,06537#B1,Solar,27/05/2026 10:00:00 AM,27/05/2026 10:29:59 AM,0.004,0,A
ACCO_15e06beda2,NMI_df2d025267,DEVI_284a47f5e0,COMMS4D,06537#E1,Generalusage,27/05/2026 10:00:00 AM,27/05/2026 10:29:59 AM,0.001,0,A
ACCO_15e06beda2,NMI_df2d025267,DEVI_284a47f5e0,COMMS4D,06537#B1,Solar,27/05/2026 10:30:00 AM,27/05/2026 10:59:59 AM,0.002,0,A
ACCO_15e06beda2,NMI_df2d025267,DEVI_284a47f5e0,COMMS4D,06537#E1,Generalusage,27/05/2026 10:30:00 AM,27/05/2026 10:59:59 AM,0.002,0,A
ACCO_15e06beda2,NMI_df2d025267,DEVI_284a47f5e0,COMMS4D,06537#B1,Solar,27/05/2026 11:00:00 AM,27/05/2026 11:29:59 AM,0.003,0,A
ACCO_15e06beda2,NMI_df2d025267,DEVI_284a47f5e0,COMMS4D,06537#E1,Generalusage,27/05/2026 11:00:00 AM,27/05/2026 11:29:59 AM,0.002,0,A
ACCO_15e06beda2,NMI_df2d025267,DEVI_284a47f5e0,COMMS4D,06537#B1,Solar,27/05/2026 11:30:00 AM,27/05/2026 11:59:59 AM,0.083,0,A
ACCO_15e06beda2,NMI_df2d025267,DEVI_284a47f5e0,COMMS4D,06537#E1,Generalusage,27/05/2026 11:30:00 AM,27/05/2026 11:59:59 AM,0.001,0,A
ACCO_15e06beda2,NMI_df2d025267,DEVI_284a47f5e0,COMMS4D,06537#B1,Solar,27/05/2026 12:00:00 PM,27/05/2026 12:29:59 PM,1.321,0,A
ACCO_15e06beda2,NMI_df2d025267,DEVI_284a47f5e0,COMMS4D,06537#E1,Generalusage,27/05/2026 12:00:00 PM,27/05/2026 12:29:59 PM,0,0,A
ACCO_15e06beda2,NMI_df2d025267,DEVI_284a47f5e0,COMMS4D,06537#B1,Solar,27/05/2026 12:30:00 PM,27/05/2026 12:59:59 PM,1.7,0,A
ACCO_15e06beda2,NMI_df2d025267,DEVI_284a47f5e0,COMMS4D,06537#E1,Generalusage,27/05/2026 12:30:00 PM,27/05/2026 12:59:59 PM,0,0,A
ACCO_15e06beda2,NMI_df2d025267,DEVI_284a47f5e0,COMMS4D,06537#B1,Solar,27/05/2026 01:00:00 PM,27/05/2026 01:29:59 PM,1.831,0,A
ACCO_15e06beda2,NMI_df2d025267,DEVI_284a47f5e0,COMMS4D,06537#E1,Generalusage,27/05/2026 01:00:00 PM,27/05/2026 01:29:59 PM,0,0,A
ACCO_15e06beda2,NMI_df2d025267,DEVI_284a47f5e0,COMMS4D,06537#B1,Solar,27/05/2026 01:30:00 PM,27/05/2026 01:59:59 PM,1.427,0,A
ACCO_15e06beda2,NMI_df2d025267,DEVI_284a47f5e0,COMMS4D,06537#E1,Generalusage,27/05/2026 01:30:00 PM,27/05/2026 01:59:59 PM,0.001,0,A
ACCO_15e06beda2,NMI_df2d025267,DEVI_284a47f5e0,COMMS4D,06537#B1,Solar,27/05/2026 02:00:00 PM,27/05/2026 02:29:59 PM,1.238,0,A
ACCO_15e06beda2,NMI_df2d025267,DEVI_284a47f5e0,COMMS4D,06537#E1,Generalusage,27/05/2026 02:00:00 PM,27/05/2026 02:29:59 PM,0.001,0,A
ACCO_15e06beda2,NMI_df2d025267,DEVI_284a47f5e0,COMMS4D,06537#B1,Solar,27/05/2026 02:30:00 PM,27/05/2026 02:59:59 PM,1.411,0,A
ACCO_15e06beda2,NMI_df2d025267,DEVI_284a47f5e0,COMMS4D,06537#E1,Generalusage,27/05/2026 02:30:00 PM,27/05/2026 02:59:59 PM,0,0,A
ACCO_15e06beda2,NMI_df2d025267,DEVI_284a47f5e0,COMMS4D,06537#B1,Solar,27/05/2026 03:00:00 PM,27/05/2026 03:29:59 PM,1.326,0,A
ACCO_15e06beda2,NMI_df2d025267,DEVI_284a47f5e0,COMMS4D,06537#E1,Generalusage,27/05/2026 03:00:00 PM,27/05/2026 03:29:59 PM,0,0,A
ACCO_15e06beda2,NMI_df2d025267,DEVI_284a47f5e0,COMMS4D,06537#B1,Solar,27/05/2026 03:30:00 PM,27/05/2026 03:59:59 PM,0.741,0,A
ACCO_15e06beda2,NMI_df2d025267,DEVI_284a47f5e0,COMMS4D,06537#E1,Generalusage,27/05/2026 03:30:00 PM,27/05/2026 03:59:59 PM,0.001,0,A
ACCO_15e06beda2,NMI_df2d025267,DEVI_284a47f5e0,COMMS4D,06537#B1,Solar,27/05/2026 04:00:00 PM,27/05/2026 04:29:59 PM,0.193,0,A
ACCO_15e06beda2,NMI_df2d025267,DEVI_284a47f5e0,COMMS4D,06537#E1,Generalusage,27/05/2026 04:00:00 PM,27/05/2026 04:29:59 PM,0.001,0,A
ACCO_15e06beda2,NMI_df2d025267,DEVI_284a47f5e0,COMMS4D,06537#B1,Solar,27/05/2026 04:30:00 PM,27/05/2026 04:59:59 PM,0.002,0,A
ACCO_15e06beda2,NMI_df2d025267,DEVI_284a47f5e0,COMMS4D,06537#E1,Generalusage,27/05/2026 04:30:00 PM,27/05/2026 04:59:59 PM,0.001,0,A
ACCO_15e06beda2,NMI_df2d025267,DEVI_284a47f5e0,COMMS4D,06537#B1,Solar,27/05/2026 05:00:00 PM,27/05/2026 05:29:59 PM,0.003,0,A
ACCO_15e06beda2,NMI_df2d025267,DEVI_284a47f5e0,COMMS4D,06537#E1,Generalusage,27/05/2026 05:00:00 PM,27/05/2026 05:29:59 PM,0.001,0,A
ACCO_15e06beda2,NMI_df2d025267,DEVI_284a47f5e0,COMMS4D,06537#B1,Solar,27/05/2026 05:30:00 PM,27/05/2026 05:59:59 PM,0.002,0,A
ACCO_15e06beda2,NMI_df2d025267,DEVI_284a47f5e0,COMMS4D,06537#E1,Generalusage,27/05/2026 05:30:00 PM,27/05/2026 05:59:59 PM,0.001,0,A
ACCO_15e06beda2,NMI_df2d025267,DEVI_284a47f5e0,COMMS4D,06537#B1,Solar,27/05/2026 06:00:00 PM,27/05/2026 06:29:59 PM,0.003,0,A
ACCO_15e06beda2,NMI_df2d025267,DEVI_284a47f5e0,COMMS4D,06537#E1,Generalusage,27/05/2026 06:00:00 PM,27/05/2026 06:29:59 PM,0.001,0,A
ACCO_15e06beda2,NMI_df2d025267,DEVI_284a47f5e0,COMMS4D,06537#B1,Solar,27/05/2026 06:30:00 PM,27/05/2026 06:59:59 PM,0.003,0,A
ACCO_15e06beda2,NMI_df2d025267,DEVI_284a47f5e0,COMMS4D,06537#E1,Generalusage,27/05/2026 06:30:00 PM,27/05/2026 06:59:59 PM,0.001,0,A
ACCO_15e06beda2,NMI_df2d025267,DEVI_284a47f5e0,COMMS4D,06537#B1,Solar,27/05/2026 07:00:00 PM,27/05/2026 07:29:59 PM,0.002,0,A
ACCO_15e06beda2,NMI_df2d025267,DEVI_284a47f5e0,COMMS4D,06537#E1,Generalusage,27/05/2026 07:00:00 PM,27/05/2026 07:29:59 PM,0.001,0,A
ACCO_15e06beda2,NMI_df2d025267,DEVI_284a47f5e0,COMMS4D,06537#B1,Solar,27/05/2026 07:30:00 PM,27/05/2026 07:59:59 PM,0.003,0,A
ACCO_15e06beda2,NMI_df2d025267,DEVI_284a47f5e0,COMMS4D,06537#E1,Generalusage,27/05/2026 07:30:00 PM,27/05/2026 07:59:59 PM,0.001,0,A
ACCO_15e06beda2,NMI_df2d025267,DEVI_284a47f5e0,COMMS4D,06537#B1,Solar,27/05/2026 08:00:00 PM,27/05/2026 08:29:59 PM,0.002,0,A
ACCO_15e06beda2,NMI_df2d025267,DEVI_284a47f5e0,COMMS4D,06537#E1,Generalusage,27/05/2026 08:00:00 PM,27/05/2026 08:29:59 PM,0.001,0,A
ACCO_15e06beda2,NMI_df2d025267,DEVI_284a47f5e0,COMMS4D,06537#B1,Solar,27/05/2026 08:30:00 PM,27/05/2026 08:59:59 PM,0.003,0,A
ACCO_15e06beda2,NMI_df2d025267,DEVI_284a47f5e0,COMMS4D,06537#E1,Generalusage,27/05/2026 08:30:00 PM,27/05/2026 08:59:59 PM,0.001,0,A
ACCO_15e06beda2,NMI_df2d025267,DEVI_284a47f5e0,COMMS4D,06537#B1,Solar,27/05/2026 09:00:00 PM,27/05/2026 09:29:59 PM,0.002,0,A
ACCO_15e06beda2,NMI_df2d025267,DEVI_284a47f5e0,COMMS4D,06537#E1,Generalusage,27/05/2026 09:00:00 PM,27/05/2026 09:29:59 PM,0.001,0,A
ACCO_15e06beda2,NMI_df2d025267,DEVI_284a47f5e0,COMMS4D,06537#B1,Solar,27/05/2026 09:30:00 PM,27/05/2026 09:59:59 PM,0.003,0,A
ACCO_15e06beda2,NMI_df2d025267,DEVI_284a47f5e0,COMMS4D,06537#E1,Generalusage,27/05/2026 09:30:00 PM,27/05/2026 09:59:59 PM,0.001,0,A
ACCO_15e06beda2,NMI_df2d025267,DEVI_284a47f5e0,COMMS4D,06537#B1,Solar,27/05/2026 10:00:00 PM,27/05/2026 10:29:59 PM,0.002,0,A
ACCO_15e06beda2,NMI_df2d025267,DEVI_284a47f5e0,COMMS4D,06537#E1,Generalusage,27/05/2026 10:00:00 PM,27/05/2026 10:29:59 PM,0.001,0,A
ACCO_15e06beda2,NMI_df2d025267,DEVI_284a47f5e0,COMMS4D,06537#B1,Solar,27/05/2026 10:30:00 PM,27/05/2026 10:59:59 PM,0.003,0,A
ACCO_15e06beda2,NMI_df2d025267,DEVI_284a47f5e0,COMMS4D,06537#E1,Generalusage,27/05/2026 10:30:00 PM,27/05/2026 10:59:59 PM,0,0,A
ACCO_15e06beda2,NMI_df2d025267,DEVI_284a47f5e0,COMMS4D,06537#B1,Solar,27/05/2026 11:00:00 PM,27/05/2026 11:29:59 PM,0.003,0,A
ACCO_15e06beda2,NMI_df2d025267,DEVI_284a47f5e0,COMMS4D,06537#E1,Generalusage,27/05/2026 11:00:00 PM,27/05/2026 11:29:59 PM,0.001,0,A
ACCO_15e06beda2,NMI_df2d025267,DEVI_284a47f5e0,COMMS4D,06537#B1,Solar,27/05/2026 11:30:00 PM,27/05/2026 11:59:59 PM,0.002,0,A
ACCO_15e06beda2,NMI_df2d025267,DEVI_284a47f5e0,COMMS4D,06537#E1,Generalusage,27/05/2026 11:30:00 PM,27/05/2026 11:59:59 PM,0.001,0,A
ACCO_15e06beda2,NMI_df2d025267,DEVI_284a47f5e0,COMMS4D,06537#B1,Solar,28/05/2026 12:00:00 AM,28/05/2026 12:29:59 AM,0.003,0,A
ACCO_15e06beda2,NMI_df2d025267,DEVI_284a47f5e0,COMMS4D,06537#E1,Generalusage,28/05/2026 12:00:00 AM,28/05/2026 12:29:59 AM,0,0,A
ACCO_15e06beda2,NMI_df2d025267,DEVI_284a47f5e0,COMMS4D,06537#B1,Solar,28/05/2026 12:30:00 AM,28/05/2026 12:59:59 AM,0.002,0,A
ACCO_15e06beda2,NMI_df2d025267,DEVI_284a47f5e0,COMMS4D,06537#E1,Generalusage,28/05/2026 12:30:00 AM,28/05/2026 12:59:59 AM,0.001,0,A
ACCO_15e06beda2,NMI_df2d025267,DEVI_284a47f5e0,COMMS4D,06537#B1,Solar,28/05/2026 01:00:00 AM,28/05/2026 01:29:59 AM,0.002,0,A
ACCO_15e06beda2,NMI_df2d025267,DEVI_284a47f5e0,COMMS4D,06537#E1,Generalusage,28/05/2026 01:00:00 AM,28/05/2026 01:29:59 AM,0.001,0,A
ACCO_15e06beda2,NMI_df2d025267,DEVI_284a47f5e0,COMMS4D,06537#B1,Solar,28/05/2026 01:30:00 AM,28/05/2026 01:59:59 AM,0.003,0,A
ACCO_15e06beda2,NMI_df2d025267,DEVI_284a47f5e0,COMMS4D,06537#E1,Generalusage,28/05/2026 01:30:00 AM,28/05/2026 01:59:59 AM,0,0,A
ACCO_15e06beda2,NMI_df2d025267,DEVI_284a47f5e0,COMMS4D,06537#B1,Solar,28/05/2026 02:00:00 AM,28/05/2026 02:29:59 AM,0.002,0,A
ACCO_15e06beda2,NMI_df2d025267,DEVI_284a47f5e0,COMMS4D,06537#E1,Generalusage,28/05/2026 02:00:00 AM,28/05/2026 02:29:59 AM,0.001,0,A
ACCO_15e06beda2,NMI_df2d025267,DEVI_284a47f5e0,COMMS4D,06537#B1,Solar,28/05/2026 02:30:00 AM,28/05/2026 02:59:59 AM,0.003,0,A
ACCO_15e06beda2,NMI_df2d025267,DEVI_284a47f5e0,COMMS4D,06537#E1,Generalusage,28/05/2026 02:30:00 AM,28/05/2026 02:59:59 AM,0.001,0,A
ACCO_15e06beda2,NMI_df2d025267,DEVI_284a47f5e0,COMMS4D,06537#B1,Solar,28/05/2026 03:00:00 AM,28/05/2026 03:29:59 AM,0.003,0,A
ACCO_15e06beda2,NMI_df2d025267,DEVI_284a47f5e0,COMMS4D,06537#E1,Generalusage,28/05/2026 03:00:00 AM,28/05/2026 03:29:59 AM,0,0,A
ACCO_15e06beda2,NMI_df2d025267,DEVI_284a47f5e0,COMMS4D,06537#B1,Solar,28/05/2026 03:30:00 AM,28/05/2026 03:59:59 AM,0.002,0,A
ACCO_15e06beda2,NMI_df2d025267,DEVI_284a47f5e0,COMMS4D,06537#E1,Generalusage,28/05/2026 03:30:00 AM,28/05/2026 03:59:59 AM,0.001,0,A
ACCO_15e06beda2,NMI_df2d025267,DEVI_284a47f5e0,COMMS4D,06537#B1,Solar,28/05/2026 04:00:00 AM,28/05/2026 04:29:59 AM,0.004,0,A
ACCO_15e06beda2,NMI_df2d025267,DEVI_284a47f5e0,COMMS4D,06537#E1,Generalusage,28/05/2026 04:00:00 AM,28/05/2026 04:29:59 AM,0.001,0,A
ACCO_15e06beda2,NMI_df2d025267,DEVI_284a47f5e0,COMMS4D,06537#B1,Solar,28/05/2026 04:30:00 AM,28/05/2026 04:59:59 AM,0.003,0,A
ACCO_15e06beda2,NMI_df2d025267,DEVI_284a47f5e0,COMMS4D,06537#E1,Generalusage,28/05/2026 04:30:00 AM,28/05/2026 04:59:59 AM,0,0,A
ACCO_15e06beda2,NMI_df2d025267,DEVI_284a47f5e0,COMMS4D,06537#B1,Solar,28/05/2026 05:00:00 AM,28/05/2026 05:29:59 AM,0.002,0,A
ACCO_15e06beda2,NMI_df2d025267,DEVI_284a47f5e0,COMMS4D,06537#E1,Generalusage,28/05/2026 05:00:00 AM,28/05/2026 05:29:59 AM,0.001,0,A
ACCO_15e06beda2,NMI_df2d025267,DEVI_284a47f5e0,COMMS4D,06537#B1,Solar,28/05/2026 05:30:00 AM,28/05/2026 05:59:59 AM,0.002,0,A
ACCO_15e06beda2,NMI_df2d025267,DEVI_284a47f5e0,COMMS4D,06537#E1,Generalusage,28/05/2026 05:30:00 AM,28/05/2026 05:59:59 AM,0.001,0,A
ACCO_15e06beda2,NMI_df2d025267,DEVI_284a47f5e0,COMMS4D,06537#B1,Solar,28/05/2026 06:00:00 AM,28/05/2026 06:29:59 AM,0.003,0,A
ACCO_15e06beda2,NMI_df2d025267,DEVI_284a47f5e0,COMMS4D,06537#E1,Generalusage,28/05/2026 06:00:00 AM,28/05/2026 06:29:59 AM,0,0,A
ACCO_15e06beda2,NMI_df2d025267,DEVI_284a47f5e0,COMMS4D,06537#B1,Solar,28/05/2026 06:30:00 AM,28/05/2026 06:59:59 AM,0.003,0,A
ACCO_15e06beda2,NMI_df2d025267,DEVI_284a47f5e0,COMMS4D,06537#E1,Generalusage,28/05/2026 06:30:00 AM,28/05/2026 06:59:59 AM,0.001,0,A
ACCO_15e06beda2,NMI_df2d025267,DEVI_284a47f5e0,COMMS4D,06537#B1,Solar,28/05/2026 07:00:00 AM,28/05/2026 07:29:59 AM,0.003,0,A
ACCO_15e06beda2,NMI_df2d025267,DEVI_284a47f5e0,COMMS4D,06537#E1,Generalusage,28/05/2026 07:00:00 AM,28/05/2026 07:29:59 AM,0.001,0,A
ACCO_15e06beda2,NMI_df2d025267,DEVI_284a47f5e0,COMMS4D,06537#B1,Solar,28/05/2026 07:30:00 AM,28/05/2026 07:59:59 AM,0.002,0,A
ACCO_15e06beda2,NMI_df2d025267,DEVI_284a47f5e0,COMMS4D,06537#E1,Generalusage,28/05/2026 07:30:00 AM,28/05/2026 07:59:59 AM,0.001,0,A
ACCO_15e06beda2,NMI_df2d025267,DEVI_284a47f5e0,COMMS4D,06537#B1,Solar,28/05/2026 08:00:00 AM,28/05/2026 08:29:59 AM,0.002,0,A
ACCO_15e06beda2,NMI_df2d025267,DEVI_284a47f5e0,COMMS4D,06537#E1,Generalusage,28/05/2026 08:00:00 AM,28/05/2026 08:29:59 AM,0.001,0,A
ACCO_15e06beda2,NMI_df2d025267,DEVI_284a47f5e0,COMMS4D,06537#B1,Solar,28/05/2026 08:30:00 AM,28/05/2026 08:59:59 AM,0.003,0,A
ACCO_15e06beda2,NMI_df2d025267,DEVI_284a47f5e0,COMMS4D,06537#E1,Generalusage,28/05/2026 08:30:00 AM,28/05/2026 08:59:59 AM,0.001,0,A
ACCO_15e06beda2,NMI_df2d025267,DEVI_284a47f5e0,COMMS4D,06537#B1,Solar,28/05/2026 09:00:00 AM,28/05/2026 09:29:59 AM,0.002,0,A
ACCO_15e06beda2,NMI_df2d025267,DEVI_284a47f5e0,COMMS4D,06537#E1,Generalusage,28/05/2026 09:00:00 AM,28/05/2026 09:29:59 AM,0.001,0,A
ACCO_15e06beda2,NMI_df2d025267,DEVI_284a47f5e0,COMMS4D,06537#B1,Solar,28/05/2026 09:30:00 AM,28/05/2026 09:59:59 AM,0.004,0,A
ACCO_15e06beda2,NMI_df2d025267,DEVI_284a47f5e0,COMMS4D,06537#E1,Generalusage,28/05/2026 09:30:00 AM,28/05/2026 09:59:59 AM,0.001,0,A
ACCO_15e06beda2,NMI_df2d025267,DEVI_284a47f5e0,COMMS4D,06537#B1,Solar,28/05/2026 10:00:00 AM,28/05/2026 10:29:59 AM,0.003,0,A
ACCO_15e06beda2,NMI_df2d025267,DEVI_284a47f5e0,COMMS4D,06537#E1,Generalusage,28/05/2026 10:00:00 AM,28/05/2026 10:29:59 AM,0.002,0,A
ACCO_15e06beda2,NMI_df2d025267,DEVI_284a47f5e0,COMMS4D,06537#B1,Solar,28/05/2026 10:30:00 AM,28/05/2026 10:59:59 AM,0.003,0,A
ACCO_15e06beda2,NMI_df2d025267,DEVI_284a47f5e0,COMMS4D,06537#E1,Generalusage,28/05/2026 10:30:00 AM,28/05/2026 10:59:59 AM,0.001,0,A
ACCO_15e06beda2,NMI_df2d025267,DEVI_284a47f5e0,COMMS4D,06537#B1,Solar,28/05/2026 11:00:00 AM,28/05/2026 11:29:59 AM,0.003,0,A
ACCO_15e06beda2,NMI_df2d025267,DEVI_284a47f5e0,COMMS4D,06537#E1,Generalusage,28/05/2026 11:00:00 AM,28/05/2026 11:29:59 AM,0.001,0,A
ACCO_15e06beda2,NMI_df2d025267,DEVI_284a47f5e0,COMMS4D,06537#B1,Solar,28/05/2026 11:30:00 AM,28/05/2026 11:59:59 AM,0.002,0,A
ACCO_15e06beda2,NMI_df2d025267,DEVI_284a47f5e0,COMMS4D,06537#E1,Generalusage,28/05/2026 11:30:00 AM,28/05/2026 11:59:59 AM,0.001,0,A
ACCO_15e06beda2,NMI_df2d025267,DEVI_284a47f5e0,COMMS4D,06537#B1,Solar,28/05/2026 12:00:00 PM,28/05/2026 12:29:59 PM,0.003,0,A
ACCO_15e06beda2,NMI_df2d025267,DEVI_284a47f5e0,COMMS4D,06537#E1,Generalusage,28/05/2026 12:00:00 PM,28/05/2026 12:29:59 PM,0.001,0,A
ACCO_15e06beda2,NMI_df2d025267,DEVI_284a47f5e0,COMMS4D,06537#B1,Solar,28/05/2026 12:30:00 PM,28/05/2026 12:59:59 PM,0.003,0,A
ACCO_15e06beda2,NMI_df2d025267,DEVI_284a47f5e0,COMMS4D,06537#E1,Generalusage,28/05/2026 12:30:00 PM,28/05/2026 12:59:59 PM,0.001,0,A
ACCO_15e06beda2,NMI_df2d025267,DEVI_284a47f5e0,COMMS4D,06537#B1,Solar,28/05/2026 01:00:00 PM,28/05/2026 01:29:59 PM,0.003,0,A
ACCO_15e06beda2,NMI_df2d025267,DEVI_284a47f5e0,COMMS4D,06537#E1,Generalusage,28/05/2026 01:00:00 PM,28/05/2026 01:29:59 PM,0,0,A
ACCO_15e06beda2,NMI_df2d025267,DEVI_284a47f5e0,COMMS4D,06537#B1,Solar,28/05/2026 01:30:00 PM,28/05/2026 01:59:59 PM,0.002,0,A
ACCO_15e06beda2,NMI_df2d025267,DEVI_284a47f5e0,COMMS4D,06537#E1,Generalusage,28/05/2026 01:30:00 PM,28/05/2026 01:59:59 PM,0.001,0,A
ACCO_15e06beda2,NMI_df2d025267,DEVI_284a47f5e0,COMMS4D,06537#B1,Solar,28/05/2026 02:00:00 PM,28/05/2026 02:29:59 PM,0.003,0,A
ACCO_15e06beda2,NMI_df2d025267,DEVI_284a47f5e0,COMMS4D,06537#E1,Generalusage,28/05/2026 02:00:00 PM,28/05/2026 02:29:59 PM,0.001,0,A
ACCO_15e06beda2,NMI_df2d025267,DEVI_284a47f5e0,COMMS4D,06537#B1,Solar,28/05/2026 02:30:00 PM,28/05/2026 02:59:59 PM,0.003,0,A
ACCO_15e06beda2,NMI_df2d025267,DEVI_284a47f5e0,COMMS4D,06537#E1,Generalusage,28/05/2026 02:30:00 PM,28/05/2026 02:59:59 PM,0.001,0,A
ACCO_15e06beda2,NMI_df2d025267,DEVI_284a47f5e0,COMMS4D,06537#B1,Solar,28/05/2026 03:00:00 PM,28/05/2026 03:29:59 PM,0.003,0,A
ACCO_15e06beda2,NMI_df2d025267,DEVI_284a47f5e0,COMMS4D,06537#E1,Generalusage,28/05/2026 03:00:00 PM,28/05/2026 03:29:59 PM,0.001,0,A
ACCO_15e06beda2,NMI_df2d025267,DEVI_284a47f5e0,COMMS4D,06537#B1,Solar,28/05/2026 03:30:00 PM,28/05/2026 03:59:59 PM,0.003,0,A
ACCO_15e06beda2,NMI_df2d025267,DEVI_284a47f5e0,COMMS4D,06537#E1,Generalusage,28/05/2026 03:30:00 PM,28/05/2026 03:59:59 PM,0.001,0,A
ACCO_15e06beda2,NMI_df2d025267,DEVI_284a47f5e0,COMMS4D,06537#B1,Solar,28/05/2026 04:00:00 PM,28/05/2026 04:29:59 PM,0.003,0,A
ACCO_15e06beda2,NMI_df2d025267,DEVI_284a47f5e0,COMMS4D,06537#E1,Generalusage,28/05/2026 04:00:00 PM,28/05/2026 04:29:59 PM,0.001,0,A
ACCO_15e06beda2,NMI_df2d025267,DEVI_284a47f5e0,COMMS4D,06537#B1,Solar,28/05/2026 04:30:00 PM,28/05/2026 04:59:59 PM,0.003,0,A
ACCO_15e06beda2,NMI_df2d025267,DEVI_284a47f5e0,COMMS4D,06537#E1,Generalusage,28/05/2026 04:30:00 PM,28/05/2026 04:59:59 PM,0.001,0,A
ACCO_15e06beda2,NMI_df2d025267,DEVI_284a47f5e0,COMMS4D,06537#B1,Solar,28/05/2026 05:00:00 PM,28/05/2026 05:29:59 PM,0.003,0,A
ACCO_15e06beda2,NMI_df2d025267,DEVI_284a47f5e0,COMMS4D,06537#E1,Generalusage,28/05/2026 05:00:00 PM,28/05/2026 05:29:59 PM,0.001,0,A
ACCO_15e06beda2,NMI_df2d025267,DEVI_284a47f5e0,COMMS4D,06537#B1,Solar,28/05/2026 05:30:00 PM,28/05/2026 05:59:59 PM,0.003,0,A
ACCO_15e06beda2,NMI_df2d025267,DEVI_284a47f5e0,COMMS4D,06537#E1,Generalusage,28/05/2026 05:30:00 PM,28/05/2026 05:59:59 PM,0.002,0,A
ACCO_15e06beda2,NMI_df2d025267,DEVI_284a47f5e0,COMMS4D,06537#B1,Solar,28/05/2026 06:00:00 PM,28/05/2026 06:29:59 PM,0.007,0,A
ACCO_15e06beda2,NMI_df2d025267,DEVI_284a47f5e0,COMMS4D,06537#E1,Generalusage,28/05/2026 06:00:00 PM,28/05/2026 06:29:59 PM,0.004,0,A
ACCO_15e06beda2,NMI_df2d025267,DEVI_284a47f5e0,COMMS4D,06537#B1,Solar,28/05/2026 06:30:00 PM,28/05/2026 06:59:59 PM,0.003,0,A
ACCO_15e06beda2,NMI_df2d025267,DEVI_284a47f5e0,COMMS4D,06537#E1,Generalusage,28/05/2026 06:30:00 PM,28/05/2026 06:59:59 PM,0.002,0,A
ACCO_15e06beda2,NMI_df2d025267,DEVI_284a47f5e0,COMMS4D,06537#B1,Solar,28/05/2026 07:00:00 PM,28/05/2026 07:29:59 PM,0.003,0,A
ACCO_15e06beda2,NMI_df2d025267,DEVI_284a47f5e0,COMMS4D,06537#E1,Generalusage,28/05/2026 07:00:00 PM,28/05/2026 07:29:59 PM,0.001,0,A
ACCO_15e06beda2,NMI_df2d025267,DEVI_284a47f5e0,COMMS4D,06537#B1,Solar,28/05/2026 07:30:00 PM,28/05/2026 07:59:59 PM,0.003,0,A
ACCO_15e06beda2,NMI_df2d025267,DEVI_284a47f5e0,COMMS4D,06537#E1,Generalusage,28/05/2026 07:30:00 PM,28/05/2026 07:59:59 PM,0.001,0,A
ACCO_15e06beda2,NMI_df2d025267,DEVI_284a47f5e0,COMMS4D,06537#B1,Solar,28/05/2026 08:00:00 PM,28/05/2026 08:29:59 PM,0.002,0,A
ACCO_15e06beda2,NMI_df2d025267,DEVI_284a47f5e0,COMMS4D,06537#E1,Generalusage,28/05/2026 08:00:00 PM,28/05/2026 08:29:59 PM,0.001,0,A
ACCO_15e06beda2,NMI_df2d025267,DEVI_284a47f5e0,COMMS4D,06537#B1,Solar,28/05/2026 08:30:00 PM,28/05/2026 08:59:59 PM,0.003,0,A
ACCO_15e06beda2,NMI_df2d025267,DEVI_284a47f5e0,COMMS4D,06537#E1,Generalusage,28/05/2026 08:30:00 PM,28/05/2026 08:59:59 PM,0.001,0,A
ACCO_15e06beda2,NMI_df2d025267,DEVI_284a47f5e0,COMMS4D,06537#B1,Solar,28/05/2026 09:00:00 PM,28/05/2026 09:29:59 PM,0.002,0,A
ACCO_15e06beda2,NMI_df2d025267,DEVI_284a47f5e0,COMMS4D,06537#E1,Generalusage,28/05/2026 09:00:00 PM,28/05/2026 09:29:59 PM,0.001,0,A
ACCO_15e06beda2,NMI_df2d025267,DEVI_284a47f5e0,COMMS4D,06537#B1,Solar,28/05/2026 09:30:00 PM,28/05/2026 09:59:59 PM,0.003,0,A
ACCO_15e06beda2,NMI_df2d025267,DEVI_284a47f5e0,COMMS4D,06537#E1,Generalusage,28/05/2026 09:30:00 PM,28/05/2026 09:59:59 PM,0.001,0,A
ACCO_15e06beda2,NMI_df2d025267,DEVI_284a47f5e0,COMMS4D,06537#B1,Solar,28/05/2026 10:00:00 PM,28/05/2026 10:29:59 PM,0.002,0,A
ACCO_15e06beda2,NMI_df2d025267,DEVI_284a47f5e0,COMMS4D,06537#E1,Generalusage,28/05/2026 10:00:00 PM,28/05/2026 10:29:59 PM,0.001,0,A
ACCO_15e06beda2,NMI_df2d025267,DEVI_284a47f5e0,COMMS4D,06537#B1,Solar,28/05/2026 10:30:00 PM,28/05/2026 10:59:59 PM,0.003,0,A
ACCO_15e06beda2,NMI_df2d025267,DEVI_284a47f5e0,COMMS4D,06537#E1,Generalusage,28/05/2026 10:30:00 PM,28/05/2026 10:59:59 PM,0.001,0,A
ACCO_15e06beda2,NMI_df2d025267,DEVI_284a47f5e0,COMMS4D,06537#B1,Solar,28/05/2026 11:00:00 PM,28/05/2026 11:29:59 PM,0.002,0,A
ACCO_15e06beda2,NMI_df2d025267,DEVI_284a47f5e0,COMMS4D,06537#E1,Generalusage,28/05/2026 11:00:00 PM,28/05/2026 11:29:59 PM,0,0,A
ACCO_15e06beda2,NMI_df2d025267,DEVI_284a47f5e0,COMMS4D,06537#B1,Solar,28/05/2026 11:30:00 PM,28/05/2026 11:59:59 PM,0.002,0,A
ACCO_15e06beda2,NMI_df2d025267,DEVI_284a47f5e0,COMMS4D,06537#E1,Generalusage,28/05/2026 11:30:00 PM,28/05/2026 11:59:59 PM,0.001,0,A
ACCO_15e06beda2,NMI_df2d025267,DEVI_284a47f5e0,COMMS4D,06537#B1,Solar,29/05/2026 12:00:00 AM,29/05/2026 12:29:59 AM,0.002,0,A
ACCO_15e06beda2,NMI_df2d025267,DEVI_284a47f5e0,COMMS4D,06537#E1,Generalusage,29/05/2026 12:00:00 AM,29/05/2026 12:29:59 AM,0.001,0,A
ACCO_15e06beda2,NMI_df2d025267,DEVI_284a47f5e0,COMMS4D,06537#B1,Solar,29/05/2026 12:30:00 AM,29/05/2026 12:59:59 AM,0.002,0,A
ACCO_15e06beda2,NMI_df2d025267,DEVI_284a47f5e0,COMMS4D,06537#E1,Generalusage,29/05/2026 12:30:00 AM,29/05/2026 12:59:59 AM,0.001,0,A
ACCO_15e06beda2,NMI_df2d025267,DEVI_284a47f5e0,COMMS4D,06537#B1,Solar,29/05/2026 01:00:00 AM,29/05/2026 01:29:59 AM,0.002,0,A
ACCO_15e06beda2,NMI_df2d025267,DEVI_284a47f5e0,COMMS4D,06537#E1,Generalusage,29/05/2026 01:00:00 AM,29/05/2026 01:29:59 AM,0.001,0,A
ACCO_15e06beda2,NMI_df2d025267,DEVI_284a47f5e0,COMMS4D,06537#B1,Solar,29/05/2026 01:30:00 AM,29/05/2026 01:59:59 AM,0.002,0,A
ACCO_15e06beda2,NMI_df2d025267,DEVI_284a47f5e0,COMMS4D,06537#E1,Generalusage,29/05/2026 01:30:00 AM,29/05/2026 01:59:59 AM,0.001,0,A
ACCO_15e06beda2,NMI_df2d025267,DEVI_284a47f5e0,COMMS4D,06537#B1,Solar,29/05/2026 02:00:00 AM,29/05/2026 02:29:59 AM,0.002,0,A
ACCO_15e06beda2,NMI_df2d025267,DEVI_284a47f5e0,COMMS4D,06537#E1,Generalusage,29/05/2026 02:00:00 AM,29/05/2026 02:29:59 AM,0,0,A
ACCO_15e06beda2,NMI_df2d025267,DEVI_284a47f5e0,COMMS4D,06537#B1,Solar,29/05/2026 02:30:00 AM,29/05/2026 02:59:59 AM,0.002,0,A
ACCO_15e06beda2,NMI_df2d025267,DEVI_284a47f5e0,COMMS4D,06537#E1,Generalusage,29/05/2026 02:30:00 AM,29/05/2026 02:59:59 AM,0.001,0,A
ACCO_15e06beda2,NMI_df2d025267,DEVI_284a47f5e0,COMMS4D,06537#B1,Solar,29/05/2026 03:00:00 AM,29/05/2026 03:29:59 AM,0.002,0,A
ACCO_15e06beda2,NMI_df2d025267,DEVI_284a47f5e0,COMMS4D,06537#E1,Generalusage,29/05/2026 03:00:00 AM,29/05/2026 03:29:59 AM,0.001,0,A
ACCO_15e06beda2,NMI_df2d025267,DEVI_284a47f5e0,COMMS4D,06537#B1,Solar,29/05/2026 03:30:00 AM,29/05/2026 03:59:59 AM,0.002,0,A
ACCO_15e06beda2,NMI_df2d025267,DEVI_284a47f5e0,COMMS4D,06537#E1,Generalusage,29/05/2026 03:30:00 AM,29/05/2026 03:59:59 AM,0.001,0,A
ACCO_15e06beda2,NMI_df2d025267,DEVI_284a47f5e0,COMMS4D,06537#B1,Solar,29/05/2026 04:00:00 AM,29/05/2026 04:29:59 AM,0.001,0,A
ACCO_15e06beda2,NMI_df2d025267,DEVI_284a47f5e0,COMMS4D,06537#E1,Generalusage,29/05/2026 04:00:00 AM,29/05/2026 04:29:59 AM,0.001,0,A
ACCO_15e06beda2,NMI_df2d025267,DEVI_284a47f5e0,COMMS4D,06537#B1,Solar,29/05/2026 04:30:00 AM,29/05/2026 04:59:59 AM,0.002,0,A
ACCO_15e06beda2,NMI_df2d025267,DEVI_284a47f5e0,COMMS4D,06537#E1,Generalusage,29/05/2026 04:30:00 AM,29/05/2026 04:59:59 AM,0.001,0,A
ACCO_15e06beda2,NMI_df2d025267,DEVI_284a47f5e0,COMMS4D,06537#B1,Solar,29/05/2026 05:00:00 AM,29/05/2026 05:29:59 AM,0.001,0,A
ACCO_15e06beda2,NMI_df2d025267,DEVI_284a47f5e0,COMMS4D,06537#E1,Generalusage,29/05/2026 05:00:00 AM,29/05/2026 05:29:59 AM,0.001,0,A
ACCO_15e06beda2,NMI_df2d025267,DEVI_284a47f5e0,COMMS4D,06537#B1,Solar,29/05/2026 05:30:00 AM,29/05/2026 05:59:59 AM,0.002,0,A
ACCO_15e06beda2,NMI_df2d025267,DEVI_284a47f5e0,COMMS4D,06537#E1,Generalusage,29/05/2026 05:30:00 AM,29/05/2026 05:59:59 AM,0.001,0,A
ACCO_15e06beda2,NMI_df2d025267,DEVI_284a47f5e0,COMMS4D,06537#B1,Solar,29/05/2026 06:00:00 AM,29/05/2026 06:29:59 AM,0.003,0,A
ACCO_15e06beda2,NMI_df2d025267,DEVI_284a47f5e0,COMMS4D,06537#E1,Generalusage,29/05/2026 06:00:00 AM,29/05/2026 06:29:59 AM,0.001,0,A
ACCO_15e06beda2,NMI_df2d025267,DEVI_284a47f5e0,COMMS4D,06537#B1,Solar,29/05/2026 06:30:00 AM,29/05/2026 06:59:59 AM,0,0,A
ACCO_15e06beda2,NMI_df2d025267,DEVI_284a47f5e0,COMMS4D,06537#E1,Generalusage,29/05/2026 06:30:00 AM,29/05/2026 06:59:59 AM,0.301,0,A
ACCO_15e06beda2,NMI_df2d025267,DEVI_284a47f5e0,COMMS4D,06537#B1,Solar,29/05/2026 07:00:00 AM,29/05/2026 07:29:59 AM,0,0,A
ACCO_15e06beda2,NMI_df2d025267,DEVI_284a47f5e0,COMMS4D,06537#E1,Generalusage,29/05/2026 07:00:00 AM,29/05/2026 07:29:59 AM,0.324,0,A
ACCO_15e06beda2,NMI_df2d025267,DEVI_284a47f5e0,COMMS4D,06537#B1,Solar,29/05/2026 07:30:00 AM,29/05/2026 07:59:59 AM,0,0,A
ACCO_15e06beda2,NMI_df2d025267,DEVI_284a47f5e0,COMMS4D,06537#E1,Generalusage,29/05/2026 07:30:00 AM,29/05/2026 07:59:59 AM,0.17,0,A
ACCO_15e06beda2,NMI_df2d025267,DEVI_284a47f5e0,COMMS4D,06537#B1,Solar,29/05/2026 08:00:00 AM,29/05/2026 08:29:59 AM,0,0,A
ACCO_15e06beda2,NMI_df2d025267,DEVI_284a47f5e0,COMMS4D,06537#E1,Generalusage,29/05/2026 08:00:00 AM,29/05/2026 08:29:59 AM,0.163,0,A
ACCO_15e06beda2,NMI_df2d025267,DEVI_284a47f5e0,COMMS4D,06537#B1,Solar,29/05/2026 08:30:00 AM,29/05/2026 08:59:59 AM,0.002,0,A
ACCO_15e06beda2,NMI_df2d025267,DEVI_284a47f5e0,COMMS4D,06537#E1,Generalusage,29/05/2026 08:30:00 AM,29/05/2026 08:59:59 AM,0.037,0,A
ACCO_15e06beda2,NMI_df2d025267,DEVI_284a47f5e0,COMMS4D,06537#B1,Solar,29/05/2026 09:00:00 AM,29/05/2026 09:29:59 AM,0.003,0,A
ACCO_15e06beda2,NMI_df2d025267,DEVI_284a47f5e0,COMMS4D,06537#E1,Generalusage,29/05/2026 09:00:00 AM,29/05/2026 09:29:59 AM,0.001,0,A
ACCO_15e06beda2,NMI_df2d025267,DEVI_284a47f5e0,COMMS4D,06537#B1,Solar,29/05/2026 09:30:00 AM,29/05/2026 09:59:59 AM,0.002,0,A
ACCO_15e06beda2,NMI_df2d025267,DEVI_284a47f5e0,COMMS4D,06537#E1,Generalusage,29/05/2026 09:30:00 AM,29/05/2026 09:59:59 AM,0.001,0,A
ACCO_15e06beda2,NMI_df2d025267,DEVI_284a47f5e0,COMMS4D,06537#B1,Solar,29/05/2026 10:00:00 AM,29/05/2026 10:29:59 AM,0.004,0,A
ACCO_15e06beda2,NMI_df2d025267,DEVI_284a47f5e0,COMMS4D,06537#E1,Generalusage,29/05/2026 10:00:00 AM,29/05/2026 10:29:59 AM,0.001,0,A
ACCO_15e06beda2,NMI_df2d025267,DEVI_284a47f5e0,COMMS4D,06537#B1,Solar,29/05/2026 10:30:00 AM,29/05/2026 10:59:59 AM,0.004,0,A
ACCO_15e06beda2,NMI_df2d025267,DEVI_284a47f5e0,COMMS4D,06537#E1,Generalusage,29/05/2026 10:30:00 AM,29/05/2026 10:59:59 AM,0.002,0,A
ACCO_15e06beda2,NMI_df2d025267,DEVI_284a47f5e0,COMMS4D,06537#B1,Solar,29/05/2026 11:00:00 AM,29/05/2026 11:29:59 AM,0.003,0,A
ACCO_15e06beda2,NMI_df2d025267,DEVI_284a47f5e0,COMMS4D,06537#E1,Generalusage,29/05/2026 11:00:00 AM,29/05/2026 11:29:59 AM,0.002,0,A
ACCO_15e06beda2,NMI_df2d025267,DEVI_284a47f5e0,COMMS4D,06537#B1,Solar,29/05/2026 11:30:00 AM,29/05/2026 11:59:59 AM,0.003,0,A
ACCO_15e06beda2,NMI_df2d025267,DEVI_284a47f5e0,COMMS4D,06537#E1,Generalusage,29/05/2026 11:30:00 AM,29/05/2026 11:59:59 AM,0.001,0,A
ACCO_15e06beda2,NMI_df2d025267,DEVI_284a47f5e0,COMMS4D,06537#B1,Solar,29/05/2026 12:00:00 PM,29/05/2026 12:29:59 PM,0.003,0,A
ACCO_15e06beda2,NMI_df2d025267,DEVI_284a47f5e0,COMMS4D,06537#E1,Generalusage,29/05/2026 12:00:00 PM,29/05/2026 12:29:59 PM,0.001,0,A
ACCO_15e06beda2,NMI_df2d025267,DEVI_284a47f5e0,COMMS4D,06537#B1,Solar,29/05/2026 12:30:00 PM,29/05/2026 12:59:59 PM,0.003,0,A
ACCO_15e06beda2,NMI_df2d025267,DEVI_284a47f5e0,COMMS4D,06537#E1,Generalusage,29/05/2026 12:30:00 PM,29/05/2026 12:59:59 PM,0,0,A
ACCO_15e06beda2,NMI_df2d025267,DEVI_284a47f5e0,COMMS4D,06537#B1,Solar,29/05/2026 01:00:00 PM,29/05/2026 01:29:59 PM,0.002,0,A
ACCO_15e06beda2,NMI_df2d025267,DEVI_284a47f5e0,COMMS4D,06537#E1,Generalusage,29/05/2026 01:00:00 PM,29/05/2026 01:29:59 PM,0.001,0,A
ACCO_15e06beda2,NMI_df2d025267,DEVI_284a47f5e0,COMMS4D,06537#B1,Solar,29/05/2026 01:30:00 PM,29/05/2026 01:59:59 PM,0.003,0,A
ACCO_15e06beda2,NMI_df2d025267,DEVI_284a47f5e0,COMMS4D,06537#E1,Generalusage,29/05/2026 01:30:00 PM,29/05/2026 01:59:59 PM,0.001,0,A
ACCO_15e06beda2,NMI_df2d025267,DEVI_284a47f5e0,COMMS4D,06537#B1,Solar,29/05/2026 02:00:00 PM,29/05/2026 02:29:59 PM,0.003,0,A
ACCO_15e06beda2,NMI_df2d025267,DEVI_284a47f5e0,COMMS4D,06537#E1,Generalusage,29/05/2026 02:00:00 PM,29/05/2026 02:29:59 PM,0.001,0,A
ACCO_15e06beda2,NMI_df2d025267,DEVI_284a47f5e0,COMMS4D,06537#B1,Solar,29/05/2026 02:30:00 PM,29/05/2026 02:59:59 PM,0.004,0,A
ACCO_15e06beda2,NMI_df2d025267,DEVI_284a47f5e0,COMMS4D,06537#E1,Generalusage,29/05/2026 02:30:00 PM,29/05/2026 02:59:59 PM,0.002,0,A
ACCO_15e06beda2,NMI_df2d025267,DEVI_284a47f5e0,COMMS4D,06537#B1,Solar,29/05/2026 03:00:00 PM,29/05/2026 03:29:59 PM,0.003,0,A
ACCO_15e06beda2,NMI_df2d025267,DEVI_284a47f5e0,COMMS4D,06537#E1,Generalusage,29/05/2026 03:00:00 PM,29/05/2026 03:29:59 PM,0.001,0,A
ACCO_15e06beda2,NMI_df2d025267,DEVI_284a47f5e0,COMMS4D,06537#B1,Solar,29/05/2026 03:30:00 PM,29/05/2026 03:59:59 PM,0.577,0,A
ACCO_15e06beda2,NMI_df2d025267,DEVI_284a47f5e0,COMMS4D,06537#E1,Generalusage,29/05/2026 03:30:00 PM,29/05/2026 03:59:59 PM,0,0,A
ACCO_15e06beda2,NMI_df2d025267,DEVI_284a47f5e0,COMMS4D,06537#B1,Solar,29/05/2026 04:00:00 PM,29/05/2026 04:29:59 PM,0.139,0,A
ACCO_15e06beda2,NMI_df2d025267,DEVI_284a47f5e0,COMMS4D,06537#E1,Generalusage,29/05/2026 04:00:00 PM,29/05/2026 04:29:59 PM,0.001,0,A
ACCO_15e06beda2,NMI_df2d025267,DEVI_284a47f5e0,COMMS4D,06537#B1,Solar,29/05/2026 04:30:00 PM,29/05/2026 04:59:59 PM,0.004,0,A
ACCO_15e06beda2,NMI_df2d025267,DEVI_284a47f5e0,COMMS4D,06537#E1,Generalusage,29/05/2026 04:30:00 PM,29/05/2026 04:59:59 PM,0.002,0,A
ACCO_15e06beda2,NMI_df2d025267,DEVI_284a47f5e0,COMMS4D,06537#B1,Solar,29/05/2026 05:00:00 PM,29/05/2026 05:29:59 PM,0.003,0,A
ACCO_15e06beda2,NMI_df2d025267,DEVI_284a47f5e0,COMMS4D,06537#E1,Generalusage,29/05/2026 05:00:00 PM,29/05/2026 05:29:59 PM,0.001,0,A
ACCO_15e06beda2,NMI_df2d025267,DEVI_284a47f5e0,COMMS4D,06537#B1,Solar,29/05/2026 05:30:00 PM,29/05/2026 05:59:59 PM,0.002,0,A
ACCO_15e06beda2,NMI_df2d025267,DEVI_284a47f5e0,COMMS4D,06537#E1,Generalusage,29/05/2026 05:30:00 PM,29/05/2026 05:59:59 PM,0.001,0,A
ACCO_15e06beda2,NMI_df2d025267,DEVI_284a47f5e0,COMMS4D,06537#B1,Solar,29/05/2026 06:00:00 PM,29/05/2026 06:29:59 PM,0.002,0,A
ACCO_15e06beda2,NMI_df2d025267,DEVI_284a47f5e0,COMMS4D,06537#E1,Generalusage,29/05/2026 06:00:00 PM,29/05/2026 06:29:59 PM,0.001,0,A
ACCO_15e06beda2,NMI_df2d025267,DEVI_284a47f5e0,COMMS4D,06537#B1,Solar,29/05/2026 06:30:00 PM,29/05/2026 06:59:59 PM,0.002,0,A
ACCO_15e06beda2,NMI_df2d025267,DEVI_284a47f5e0,COMMS4D,06537#E1,Generalusage,29/05/2026 06:30:00 PM,29/05/2026 06:59:59 PM,0.002,0,A
ACCO_15e06beda2,NMI_df2d025267,DEVI_284a47f5e0,COMMS4D,06537#B1,Solar,29/05/2026 07:00:00 PM,29/05/2026 07:29:59 PM,0.002,0,A
ACCO_15e06beda2,NMI_df2d025267,DEVI_284a47f5e0,COMMS4D,06537#E1,Generalusage,29/05/2026 07:00:00 PM,29/05/2026 07:29:59 PM,0.001,0,A
ACCO_15e06beda2,NMI_df2d025267,DEVI_284a47f5e0,COMMS4D,06537#B1,Solar,29/05/2026 07:30:00 PM,29/05/2026 07:59:59 PM,0.002,0,A
ACCO_15e06beda2,NMI_df2d025267,DEVI_284a47f5e0,COMMS4D,06537#E1,Generalusage,29/05/2026 07:30:00 PM,29/05/2026 07:59:59 PM,0.001,0,A
ACCO_15e06beda2,NMI_df2d025267,DEVI_284a47f5e0,COMMS4D,06537#B1,Solar,29/05/2026 08:00:00 PM,29/05/2026 08:29:59 PM,0.002,0,A
ACCO_15e06beda2,NMI_df2d025267,DEVI_284a47f5e0,COMMS4D,06537#E1,Generalusage,29/05/2026 08:00:00 PM,29/05/2026 08:29:59 PM,0.001,0,A
ACCO_15e06beda2,NMI_df2d025267,DEVI_284a47f5e0,COMMS4D,06537#B1,Solar,29/05/2026 08:30:00 PM,29/05/2026 08:59:59 PM,0.002,0,A
ACCO_15e06beda2,NMI_df2d025267,DEVI_284a47f5e0,COMMS4D,06537#E1,Generalusage,29/05/2026 08:30:00 PM,29/05/2026 08:59:59 PM,0.001,0,A
ACCO_15e06beda2,NMI_df2d025267,DEVI_284a47f5e0,COMMS4D,06537#B1,Solar,29/05/2026 09:00:00 PM,29/05/2026 09:29:59 PM,0.003,0,A
ACCO_15e06beda2,NMI_df2d025267,DEVI_284a47f5e0,COMMS4D,06537#E1,Generalusage,29/05/2026 09:00:00 PM,29/05/2026 09:29:59 PM,0.001,0,A
ACCO_15e06beda2,NMI_df2d025267,DEVI_284a47f5e0,COMMS4D,06537#B1,Solar,29/05/2026 09:30:00 PM,29/05/2026 09:59:59 PM,0.002,0,A
ACCO_15e06beda2,NMI_df2d025267,DEVI_284a47f5e0,COMMS4D,06537#E1,Generalusage,29/05/2026 09:30:00 PM,29/05/2026 09:59:59 PM,0.001,0,A
ACCO_15e06beda2,NMI_df2d025267,DEVI_284a47f5e0,COMMS4D,06537#B1,Solar,29/05/2026 10:00:00 PM,29/05/2026 10:29:59 PM,0.002,0,A
ACCO_15e06beda2,NMI_df2d025267,DEVI_284a47f5e0,COMMS4D,06537#E1,Generalusage,29/05/2026 10:00:00 PM,29/05/2026 10:29:59 PM,0.001,0,A
ACCO_15e06beda2,NMI_df2d025267,DEVI_284a47f5e0,COMMS4D,06537#B1,Solar,29/05/2026 10:30:00 PM,29/05/2026 10:59:59 PM,0.003,0,A
ACCO_15e06beda2,NMI_df2d025267,DEVI_284a47f5e0,COMMS4D,06537#E1,Generalusage,29/05/2026 10:30:00 PM,29/05/2026 10:59:59 PM,0,0,A
ACCO_15e06beda2,NMI_df2d025267,DEVI_284a47f5e0,COMMS4D,06537#B1,Solar,29/05/2026 11:00:00 PM,29/05/2026 11:29:59 PM,0.002,0,A
ACCO_15e06beda2,NMI_df2d025267,DEVI_284a47f5e0,COMMS4D,06537#E1,Generalusage,29/05/2026 11:00:00 PM,29/05/2026 11:29:59 PM,0.001,0,A
ACCO_15e06beda2,NMI_df2d025267,DEVI_284a47f5e0,COMMS4D,06537#B1,Solar,29/05/2026 11:30:00 PM,29/05/2026 11:59:59 PM,0.002,0,A
ACCO_15e06beda2,NMI_df2d025267,DEVI_284a47f5e0,COMMS4D,06537#E1,Generalusage,29/05/2026 11:30:00 PM,29/05/2026 11:59:59 PM,0.001,0,A
ACCO_15e06beda2,NMI_df2d025267,DEVI_284a47f5e0,COMMS4D,06537#B1,Solar,30/05/2026 12:00:00 AM,30/05/2026 12:29:59 AM,0.002,0,A
ACCO_15e06beda2,NMI_df2d025267,DEVI_284a47f5e0,COMMS4D,06537#E1,Generalusage,30/05/2026 12:00:00 AM,30/05/2026 12:29:59 AM,0.001,0,A
ACCO_15e06beda2,NMI_df2d025267,DEVI_284a47f5e0,COMMS4D,06537#B1,Solar,30/05/2026 12:30:00 AM,30/05/2026 12:59:59 AM,0.001,0,A
ACCO_15e06beda2,NMI_df2d025267,DEVI_284a47f5e0,COMMS4D,06537#E1,Generalusage,30/05/2026 12:30:00 AM,30/05/2026 12:59:59 AM,0.002,0,A
ACCO_15e06beda2,NMI_df2d025267,DEVI_284a47f5e0,COMMS4D,06537#B1,Solar,30/05/2026 01:00:00 AM,30/05/2026 01:29:59 AM,0.003,0,A
ACCO_15e06beda2,NMI_df2d025267,DEVI_284a47f5e0,COMMS4D,06537#E1,Generalusage,30/05/2026 01:00:00 AM,30/05/2026 01:29:59 AM,0.001,0,A
ACCO_15e06beda2,NMI_df2d025267,DEVI_284a47f5e0,COMMS4D,06537#B1,Solar,30/05/2026 01:30:00 AM,30/05/2026 01:59:59 AM,0.002,0,A
ACCO_15e06beda2,NMI_df2d025267,DEVI_284a47f5e0,COMMS4D,06537#E1,Generalusage,30/05/2026 01:30:00 AM,30/05/2026 01:59:59 AM,0,0,A
ACCO_15e06beda2,NMI_df2d025267,DEVI_284a47f5e0,COMMS4D,06537#B1,Solar,30/05/2026 02:00:00 AM,30/05/2026 02:29:59 AM,0.001,0,A
ACCO_15e06beda2,NMI_df2d025267,DEVI_284a47f5e0,COMMS4D,06537#E1,Generalusage,30/05/2026 02:00:00 AM,30/05/2026 02:29:59 AM,0.001,0,A
ACCO_15e06beda2,NMI_df2d025267,DEVI_284a47f5e0,COMMS4D,06537#B1,Solar,30/05/2026 02:30:00 AM,30/05/2026 02:59:59 AM,0.002,0,A
ACCO_15e06beda2,NMI_df2d025267,DEVI_284a47f5e0,COMMS4D,06537#E1,Generalusage,30/05/2026 02:30:00 AM,30/05/2026 02:59:59 AM,0.001,0,A
ACCO_15e06beda2,NMI_df2d025267,DEVI_284a47f5e0,COMMS4D,06537#B1,Solar,30/05/2026 03:00:00 AM,30/05/2026 03:29:59 AM,0.001,0,A
ACCO_15e06beda2,NMI_df2d025267,DEVI_284a47f5e0,COMMS4D,06537#E1,Generalusage,30/05/2026 03:00:00 AM,30/05/2026 03:29:59 AM,0.002,0,A
ACCO_15e06beda2,NMI_df2d025267,DEVI_284a47f5e0,COMMS4D,06537#B1,Solar,30/05/2026 03:30:00 AM,30/05/2026 03:59:59 AM,0.001,0,A
ACCO_15e06beda2,NMI_df2d025267,DEVI_284a47f5e0,COMMS4D,06537#E1,Generalusage,30/05/2026 03:30:00 AM,30/05/2026 03:59:59 AM,0.001,0,A
ACCO_15e06beda2,NMI_df2d025267,DEVI_284a47f5e0,COMMS4D,06537#B1,Solar,30/05/2026 04:00:00 AM,30/05/2026 04:29:59 AM,0.002,0,A
ACCO_15e06beda2,NMI_df2d025267,DEVI_284a47f5e0,COMMS4D,06537#E1,Generalusage,30/05/2026 04:00:00 AM,30/05/2026 04:29:59 AM,0.001,0,A
ACCO_15e06beda2,NMI_df2d025267,DEVI_284a47f5e0,COMMS4D,06537#B1,Solar,30/05/2026 04:30:00 AM,30/05/2026 04:59:59 AM,0.003,0,A
ACCO_15e06beda2,NMI_df2d025267,DEVI_284a47f5e0,COMMS4D,06537#E1,Generalusage,30/05/2026 04:30:00 AM,30/05/2026 04:59:59 AM,0.001,0,A
ACCO_15e06beda2,NMI_df2d025267,DEVI_284a47f5e0,COMMS4D,06537#B1,Solar,30/05/2026 05:00:00 AM,30/05/2026 05:29:59 AM,0.002,0,A
ACCO_15e06beda2,NMI_df2d025267,DEVI_284a47f5e0,COMMS4D,06537#E1,Generalusage,30/05/2026 05:00:00 AM,30/05/2026 05:29:59 AM,0,0,A
ACCO_15e06beda2,NMI_df2d025267,DEVI_284a47f5e0,COMMS4D,06537#B1,Solar,30/05/2026 05:30:00 AM,30/05/2026 05:59:59 AM,0.002,0,A
ACCO_15e06beda2,NMI_df2d025267,DEVI_284a47f5e0,COMMS4D,06537#E1,Generalusage,30/05/2026 05:30:00 AM,30/05/2026 05:59:59 AM,0.001,0,A
ACCO_15e06beda2,NMI_df2d025267,DEVI_284a47f5e0,COMMS4D,06537#B1,Solar,30/05/2026 06:00:00 AM,30/05/2026 06:29:59 AM,0.001,0,A
ACCO_15e06beda2,NMI_df2d025267,DEVI_284a47f5e0,COMMS4D,06537#E1,Generalusage,30/05/2026 06:00:00 AM,30/05/2026 06:29:59 AM,0.001,0,A
ACCO_15e06beda2,NMI_df2d025267,DEVI_284a47f5e0,COMMS4D,06537#B1,Solar,30/05/2026 06:30:00 AM,30/05/2026 06:59:59 AM,0.002,0,A
ACCO_15e06beda2,NMI_df2d025267,DEVI_284a47f5e0,COMMS4D,06537#E1,Generalusage,30/05/2026 06:30:00 AM,30/05/2026 06:59:59 AM,0.001,0,A
ACCO_15e06beda2,NMI_df2d025267,DEVI_284a47f5e0,COMMS4D,06537#B1,Solar,30/05/2026 07:00:00 AM,30/05/2026 07:29:59 AM,0.003,0,A
ACCO_15e06beda2,NMI_df2d025267,DEVI_284a47f5e0,COMMS4D,06537#E1,Generalusage,30/05/2026 07:00:00 AM,30/05/2026 07:29:59 AM,0.001,0,A
ACCO_15e06beda2,NMI_df2d025267,DEVI_284a47f5e0,COMMS4D,06537#B1,Solar,30/05/2026 07:30:00 AM,30/05/2026 07:59:59 AM,0.003,0,A
ACCO_15e06beda2,NMI_df2d025267,DEVI_284a47f5e0,COMMS4D,06537#E1,Generalusage,30/05/2026 07:30:00 AM,30/05/2026 07:59:59 AM,0.002,0,A
ACCO_15e06beda2,NMI_df2d025267,DEVI_284a47f5e0,COMMS4D,06537#B1,Solar,30/05/2026 08:00:00 AM,30/05/2026 08:29:59 AM,0.002,0,A
ACCO_15e06beda2,NMI_df2d025267,DEVI_284a47f5e0,COMMS4D,06537#E1,Generalusage,30/05/2026 08:00:00 AM,30/05/2026 08:29:59 AM,0.001,0,A
ACCO_15e06beda2,NMI_df2d025267,DEVI_284a47f5e0,COMMS4D,06537#B1,Solar,30/05/2026 08:30:00 AM,30/05/2026 08:59:59 AM,0.002,0,A
ACCO_15e06beda2,NMI_df2d025267,DEVI_284a47f5e0,COMMS4D,06537#E1,Generalusage,30/05/2026 08:30:00 AM,30/05/2026 08:59:59 AM,0.001,0,A
ACCO_15e06beda2,NMI_df2d025267,DEVI_284a47f5e0,COMMS4D,06537#B1,Solar,30/05/2026 09:00:00 AM,30/05/2026 09:29:59 AM,0.003,0,A
ACCO_15e06beda2,NMI_df2d025267,DEVI_284a47f5e0,COMMS4D,06537#E1,Generalusage,30/05/2026 09:00:00 AM,30/05/2026 09:29:59 AM,0.001,0,A
ACCO_15e06beda2,NMI_df2d025267,DEVI_284a47f5e0,COMMS4D,06537#B1,Solar,30/05/2026 09:30:00 AM,30/05/2026 09:59:59 AM,0.002,0,A
ACCO_15e06beda2,NMI_df2d025267,DEVI_284a47f5e0,COMMS4D,06537#E1,Generalusage,30/05/2026 09:30:00 AM,30/05/2026 09:59:59 AM,0.001,0,A
ACCO_15e06beda2,NMI_df2d025267,DEVI_284a47f5e0,COMMS4D,06537#B1,Solar,30/05/2026 10:00:00 AM,30/05/2026 10:29:59 AM,0.003,0,A
ACCO_15e06beda2,NMI_df2d025267,DEVI_284a47f5e0,COMMS4D,06537#E1,Generalusage,30/05/2026 10:00:00 AM,30/05/2026 10:29:59 AM,0.001,0,A
ACCO_15e06beda2,NMI_df2d025267,DEVI_284a47f5e0,COMMS4D,06537#B1,Solar,30/05/2026 10:30:00 AM,30/05/2026 10:59:59 AM,0.001,0,A
ACCO_15e06beda2,NMI_df2d025267,DEVI_284a47f5e0,COMMS4D,06537#E1,Generalusage,30/05/2026 10:30:00 AM,30/05/2026 10:59:59 AM,0.001,0,A
ACCO_15e06beda2,NMI_df2d025267,DEVI_284a47f5e0,COMMS4D,06537#B1,Solar,30/05/2026 11:00:00 AM,30/05/2026 11:29:59 AM,0.342,0,A
ACCO_15e06beda2,NMI_df2d025267,DEVI_284a47f5e0,COMMS4D,06537#E1,Generalusage,30/05/2026 11:00:00 AM,30/05/2026 11:29:59 AM,0.001,0,A
ACCO_15e06beda2,NMI_df2d025267,DEVI_284a47f5e0,COMMS4D,06537#B1,Solar,30/05/2026 11:30:00 AM,30/05/2026 11:59:59 AM,2.522,0,A
ACCO_15e06beda2,NMI_df2d025267,DEVI_284a47f5e0,COMMS4D,06537#E1,Generalusage,30/05/2026 11:30:00 AM,30/05/2026 11:59:59 AM,0,0,A
ACCO_15e06beda2,NMI_df2d025267,DEVI_284a47f5e0,COMMS4D,06537#B1,Solar,30/05/2026 12:00:00 PM,30/05/2026 12:29:59 PM,3.197,0,A
ACCO_15e06beda2,NMI_df2d025267,DEVI_284a47f5e0,COMMS4D,06537#E1,Generalusage,30/05/2026 12:00:00 PM,30/05/2026 12:29:59 PM,0,0,A
ACCO_15e06beda2,NMI_df2d025267,DEVI_284a47f5e0,COMMS4D,06537#B1,Solar,30/05/2026 12:30:00 PM,30/05/2026 12:59:59 PM,2.664,0,A
ACCO_15e06beda2,NMI_df2d025267,DEVI_284a47f5e0,COMMS4D,06537#E1,Generalusage,30/05/2026 12:30:00 PM,30/05/2026 12:59:59 PM,0,0,A
ACCO_15e06beda2,NMI_df2d025267,DEVI_284a47f5e0,COMMS4D,06537#B1,Solar,30/05/2026 01:00:00 PM,30/05/2026 01:29:59 PM,3.036,0,A
ACCO_15e06beda2,NMI_df2d025267,DEVI_284a47f5e0,COMMS4D,06537#E1,Generalusage,30/05/2026 01:00:00 PM,30/05/2026 01:29:59 PM,0,0,A
ACCO_15e06beda2,NMI_df2d025267,DEVI_284a47f5e0,COMMS4D,06537#B1,Solar,30/05/2026 01:30:00 PM,30/05/2026 01:59:59 PM,2.409,0,A
ACCO_15e06beda2,NMI_df2d025267,DEVI_284a47f5e0,COMMS4D,06537#E1,Generalusage,30/05/2026 01:30:00 PM,30/05/2026 01:59:59 PM,0,0,A
ACCO_15e06beda2,NMI_df2d025267,DEVI_284a47f5e0,COMMS4D,06537#B1,Solar,30/05/2026 02:00:00 PM,30/05/2026 02:29:59 PM,2.495,0,A
ACCO_15e06beda2,NMI_df2d025267,DEVI_284a47f5e0,COMMS4D,06537#E1,Generalusage,30/05/2026 02:00:00 PM,30/05/2026 02:29:59 PM,0,0,A
ACCO_15e06beda2,NMI_df2d025267,DEVI_284a47f5e0,COMMS4D,06537#B1,Solar,30/05/2026 02:30:00 PM,30/05/2026 02:59:59 PM,2.13,0,A
ACCO_15e06beda2,NMI_df2d025267,DEVI_284a47f5e0,COMMS4D,06537#E1,Generalusage,30/05/2026 02:30:00 PM,30/05/2026 02:59:59 PM,0,0,A
ACCO_15e06beda2,NMI_df2d025267,DEVI_284a47f5e0,COMMS4D,06537#B1,Solar,30/05/2026 03:00:00 PM,30/05/2026 03:29:59 PM,1.698,0,A
ACCO_15e06beda2,NMI_df2d025267,DEVI_284a47f5e0,COMMS4D,06537#E1,Generalusage,30/05/2026 03:00:00 PM,30/05/2026 03:29:59 PM,0,0,A
ACCO_15e06beda2,NMI_df2d025267,DEVI_284a47f5e0,COMMS4D,06537#B1,Solar,30/05/2026 03:30:00 PM,30/05/2026 03:59:59 PM,1.151,0,A
ACCO_15e06beda2,NMI_df2d025267,DEVI_284a47f5e0,COMMS4D,06537#E1,Generalusage,30/05/2026 03:30:00 PM,30/05/2026 03:59:59 PM,0,0,A
ACCO_15e06beda2,NMI_df2d025267,DEVI_284a47f5e0,COMMS4D,06537#B1,Solar,30/05/2026 04:00:00 PM,30/05/2026 04:29:59 PM,0.292,0,A
ACCO_15e06beda2,NMI_df2d025267,DEVI_284a47f5e0,COMMS4D,06537#E1,Generalusage,30/05/2026 04:00:00 PM,30/05/2026 04:29:59 PM,0.001,0,A
ACCO_15e06beda2,NMI_df2d025267,DEVI_284a47f5e0,COMMS4D,06537#B1,Solar,30/05/2026 04:30:00 PM,30/05/2026 04:59:59 PM,0.004,0,A
ACCO_15e06beda2,NMI_df2d025267,DEVI_284a47f5e0,COMMS4D,06537#E1,Generalusage,30/05/2026 04:30:00 PM,30/05/2026 04:59:59 PM,0.002,0,A
ACCO_15e06beda2,NMI_df2d025267,DEVI_284a47f5e0,COMMS4D,06537#B1,Solar,30/05/2026 05:00:00 PM,30/05/2026 05:29:59 PM,0.003,0,A
ACCO_15e06beda2,NMI_df2d025267,DEVI_284a47f5e0,COMMS4D,06537#E1,Generalusage,30/05/2026 05:00:00 PM,30/05/2026 05:29:59 PM,0.002,0,A
ACCO_15e06beda2,NMI_df2d025267,DEVI_284a47f5e0,COMMS4D,06537#B1,Solar,30/05/2026 05:30:00 PM,30/05/2026 05:59:59 PM,0.004,0,A
ACCO_15e06beda2,NMI_df2d025267,DEVI_284a47f5e0,COMMS4D,06537#E1,Generalusage,30/05/2026 05:30:00 PM,30/05/2026 05:59:59 PM,0.001,0,A
ACCO_15e06beda2,NMI_df2d025267,DEVI_284a47f5e0,COMMS4D,06537#B1,Solar,30/05/2026 06:00:00 PM,30/05/2026 06:29:59 PM,0.003,0,A
ACCO_15e06beda2,NMI_df2d025267,DEVI_284a47f5e0,COMMS4D,06537#E1,Generalusage,30/05/2026 06:00:00 PM,30/05/2026 06:29:59 PM,0.001,0,A
ACCO_15e06beda2,NMI_df2d025267,DEVI_284a47f5e0,COMMS4D,06537#B1,Solar,30/05/2026 06:30:00 PM,30/05/2026 06:59:59 PM,0.003,0,A
ACCO_15e06beda2,NMI_df2d025267,DEVI_284a47f5e0,COMMS4D,06537#E1,Generalusage,30/05/2026 06:30:00 PM,30/05/2026 06:59:59 PM,0.001,0,A
ACCO_15e06beda2,NMI_df2d025267,DEVI_284a47f5e0,COMMS4D,06537#B1,Solar,30/05/2026 07:00:00 PM,30/05/2026 07:29:59 PM,0.002,0,A
ACCO_15e06beda2,NMI_df2d025267,DEVI_284a47f5e0,COMMS4D,06537#E1,Generalusage,30/05/2026 07:00:00 PM,30/05/2026 07:29:59 PM,0.001,0,A
ACCO_15e06beda2,NMI_df2d025267,DEVI_284a47f5e0,COMMS4D,06537#B1,Solar,30/05/2026 07:30:00 PM,30/05/2026 07:59:59 PM,0.002,0,A
ACCO_15e06beda2,NMI_df2d025267,DEVI_284a47f5e0,COMMS4D,06537#E1,Generalusage,30/05/2026 07:30:00 PM,30/05/2026 07:59:59 PM,0.001,0,A
ACCO_15e06beda2,NMI_df2d025267,DEVI_284a47f5e0,COMMS4D,06537#B1,Solar,30/05/2026 08:00:00 PM,30/05/2026 08:29:59 PM,0.003,0,A
ACCO_15e06beda2,NMI_df2d025267,DEVI_284a47f5e0,COMMS4D,06537#E1,Generalusage,30/05/2026 08:00:00 PM,30/05/2026 08:29:59 PM,0.001,0,A
ACCO_15e06beda2,NMI_df2d025267,DEVI_284a47f5e0,COMMS4D,06537#B1,Solar,30/05/2026 08:30:00 PM,30/05/2026 08:59:59 PM,0.002,0,A
ACCO_15e06beda2,NMI_df2d025267,DEVI_284a47f5e0,COMMS4D,06537#E1,Generalusage,30/05/2026 08:30:00 PM,30/05/2026 08:59:59 PM,0.001,0,A
ACCO_15e06beda2,NMI_df2d025267,DEVI_284a47f5e0,COMMS4D,06537#B1,Solar,30/05/2026 09:00:00 PM,30/05/2026 09:29:59 PM,0.003,0,A
ACCO_15e06beda2,NMI_df2d025267,DEVI_284a47f5e0,COMMS4D,06537#E1,Generalusage,30/05/2026 09:00:00 PM,30/05/2026 09:29:59 PM,0,0,A
ACCO_15e06beda2,NMI_df2d025267,DEVI_284a47f5e0,COMMS4D,06537#B1,Solar,30/05/2026 09:30:00 PM,30/05/2026 09:59:59 PM,0.002,0,A
ACCO_15e06beda2,NMI_df2d025267,DEVI_284a47f5e0,COMMS4D,06537#E1,Generalusage,30/05/2026 09:30:00 PM,30/05/2026 09:59:59 PM,0.001,0,A
ACCO_15e06beda2,NMI_df2d025267,DEVI_284a47f5e0,COMMS4D,06537#B1,Solar,30/05/2026 10:00:00 PM,30/05/2026 10:29:59 PM,0.002,0,A
ACCO_15e06beda2,NMI_df2d025267,DEVI_284a47f5e0,COMMS4D,06537#E1,Generalusage,30/05/2026 10:00:00 PM,30/05/2026 10:29:59 PM,0.001,0,A
ACCO_15e06beda2,NMI_df2d025267,DEVI_284a47f5e0,COMMS4D,06537#B1,Solar,30/05/2026 10:30:00 PM,30/05/2026 10:59:59 PM,0.003,0,A
ACCO_15e06beda2,NMI_df2d025267,DEVI_284a47f5e0,COMMS4D,06537#E1,Generalusage,30/05/2026 10:30:00 PM,30/05/2026 10:59:59 PM,0.001,0,A
ACCO_15e06beda2,NMI_df2d025267,DEVI_284a47f5e0,COMMS4D,06537#B1,Solar,30/05/2026 11:00:00 PM,30/05/2026 11:29:59 PM,0.003,0,A
ACCO_15e06beda2,NMI_df2d025267,DEVI_284a47f5e0,COMMS4D,06537#E1,Generalusage,30/05/2026 11:00:00 PM,30/05/2026 11:29:59 PM,0.001,0,A
ACCO_15e06beda2,NMI_df2d025267,DEVI_284a47f5e0,COMMS4D,06537#B1,Solar,30/05/2026 11:30:00 PM,30/05/2026 11:59:59 PM,0.002,0,A
ACCO_15e06beda2,NMI_df2d025267,DEVI_284a47f5e0,COMMS4D,06537#E1,Generalusage,30/05/2026 11:30:00 PM,30/05/2026 11:59:59 PM,0,0,A
ACCO_15e06beda2,NMI_df2d025267,DEVI_284a47f5e0,COMMS4D,06537#B1,Solar,31/05/2026 12:00:00 AM,31/05/2026 12:29:59 AM,0.003,0,A
ACCO_15e06beda2,NMI_df2d025267,DEVI_284a47f5e0,COMMS4D,06537#E1,Generalusage,31/05/2026 12:00:00 AM,31/05/2026 12:29:59 AM,0.001,0,A
ACCO_15e06beda2,NMI_df2d025267,DEVI_284a47f5e0,COMMS4D,06537#B1,Solar,31/05/2026 12:30:00 AM,31/05/2026 12:59:59 AM,0.002,0,A
ACCO_15e06beda2,NMI_df2d025267,DEVI_284a47f5e0,COMMS4D,06537#E1,Generalusage,31/05/2026 12:30:00 AM,31/05/2026 12:59:59 AM,0.001,0,A
ACCO_15e06beda2,NMI_df2d025267,DEVI_284a47f5e0,COMMS4D,06537#B1,Solar,31/05/2026 01:00:00 AM,31/05/2026 01:29:59 AM,0.001,0,A
ACCO_15e06beda2,NMI_df2d025267,DEVI_284a47f5e0,COMMS4D,06537#E1,Generalusage,31/05/2026 01:00:00 AM,31/05/2026 01:29:59 AM,0.001,0,A
ACCO_15e06beda2,NMI_df2d025267,DEVI_284a47f5e0,COMMS4D,06537#B1,Solar,31/05/2026 01:30:00 AM,31/05/2026 01:59:59 AM,0.002,0,A
ACCO_15e06beda2,NMI_df2d025267,DEVI_284a47f5e0,COMMS4D,06537#E1,Generalusage,31/05/2026 01:30:00 AM,31/05/2026 01:59:59 AM,0.001,0,A
ACCO_15e06beda2,NMI_df2d025267,DEVI_284a47f5e0,COMMS4D,06537#B1,Solar,31/05/2026 02:00:00 AM,31/05/2026 02:29:59 AM,0.001,0,A
ACCO_15e06beda2,NMI_df2d025267,DEVI_284a47f5e0,COMMS4D,06537#E1,Generalusage,31/05/2026 02:00:00 AM,31/05/2026 02:29:59 AM,0.001,0,A
ACCO_15e06beda2,NMI_df2d025267,DEVI_284a47f5e0,COMMS4D,06537#B1,Solar,31/05/2026 02:30:00 AM,31/05/2026 02:59:59 AM,0.001,0,A
ACCO_15e06beda2,NMI_df2d025267,DEVI_284a47f5e0,COMMS4D,06537#E1,Generalusage,31/05/2026 02:30:00 AM,31/05/2026 02:59:59 AM,0.001,0,A
ACCO_15e06beda2,NMI_df2d025267,DEVI_284a47f5e0,COMMS4D,06537#B1,Solar,31/05/2026 03:00:00 AM,31/05/2026 03:29:59 AM,0.002,0,A
ACCO_15e06beda2,NMI_df2d025267,DEVI_284a47f5e0,COMMS4D,06537#E1,Generalusage,31/05/2026 03:00:00 AM,31/05/2026 03:29:59 AM,0.001,0,A
ACCO_15e06beda2,NMI_df2d025267,DEVI_284a47f5e0,COMMS4D,06537#B1,Solar,31/05/2026 03:30:00 AM,31/05/2026 03:59:59 AM,0.001,0,A
ACCO_15e06beda2,NMI_df2d025267,DEVI_284a47f5e0,COMMS4D,06537#E1,Generalusage,31/05/2026 03:30:00 AM,31/05/2026 03:59:59 AM,0.002,0,A
ACCO_15e06beda2,NMI_df2d025267,DEVI_284a47f5e0,COMMS4D,06537#B1,Solar,31/05/2026 04:00:00 AM,31/05/2026 04:29:59 AM,0.001,0,A
ACCO_15e06beda2,NMI_df2d025267,DEVI_284a47f5e0,COMMS4D,06537#E1,Generalusage,31/05/2026 04:00:00 AM,31/05/2026 04:29:59 AM,0.001,0,A
ACCO_15e06beda2,NMI_df2d025267,DEVI_284a47f5e0,COMMS4D,06537#B1,Solar,31/05/2026 04:30:00 AM,31/05/2026 04:59:59 AM,0.001,0,A
ACCO_15e06beda2,NMI_df2d025267,DEVI_284a47f5e0,COMMS4D,06537#E1,Generalusage,31/05/2026 04:30:00 AM,31/05/2026 04:59:59 AM,0.002,0,A
ACCO_15e06beda2,NMI_df2d025267,DEVI_284a47f5e0,COMMS4D,06537#B1,Solar,31/05/2026 05:00:00 AM,31/05/2026 05:29:59 AM,0.002,0,A
ACCO_15e06beda2,NMI_df2d025267,DEVI_284a47f5e0,COMMS4D,06537#E1,Generalusage,31/05/2026 05:00:00 AM,31/05/2026 05:29:59 AM,0.001,0,A
ACCO_15e06beda2,NMI_df2d025267,DEVI_284a47f5e0,COMMS4D,06537#B1,Solar,31/05/2026 05:30:00 AM,31/05/2026 05:59:59 AM,0.002,0,A
ACCO_15e06beda2,NMI_df2d025267,DEVI_284a47f5e0,COMMS4D,06537#E1,Generalusage,31/05/2026 05:30:00 AM,31/05/2026 05:59:59 AM,0.001,0,A
ACCO_15e06beda2,NMI_df2d025267,DEVI_284a47f5e0,COMMS4D,06537#B1,Solar,31/05/2026 06:00:00 AM,31/05/2026 06:29:59 AM,0.002,0,A
ACCO_15e06beda2,NMI_df2d025267,DEVI_284a47f5e0,COMMS4D,06537#E1,Generalusage,31/05/2026 06:00:00 AM,31/05/2026 06:29:59 AM,0.001,0,A
ACCO_15e06beda2,NMI_df2d025267,DEVI_284a47f5e0,COMMS4D,06537#B1,Solar,31/05/2026 06:30:00 AM,31/05/2026 06:59:59 AM,0.001,0,A
ACCO_15e06beda2,NMI_df2d025267,DEVI_284a47f5e0,COMMS4D,06537#E1,Generalusage,31/05/2026 06:30:00 AM,31/05/2026 06:59:59 AM,0.001,0,A
ACCO_15e06beda2,NMI_df2d025267,DEVI_284a47f5e0,COMMS4D,06537#B1,Solar,31/05/2026 07:00:00 AM,31/05/2026 07:29:59 AM,0.003,0,A
ACCO_15e06beda2,NMI_df2d025267,DEVI_284a47f5e0,COMMS4D,06537#E1,Generalusage,31/05/2026 07:00:00 AM,31/05/2026 07:29:59 AM,0.001,0,A
ACCO_15e06beda2,NMI_df2d025267,DEVI_284a47f5e0,COMMS4D,06537#B1,Solar,31/05/2026 07:30:00 AM,31/05/2026 07:59:59 AM,0.002,0,A
ACCO_15e06beda2,NMI_df2d025267,DEVI_284a47f5e0,COMMS4D,06537#E1,Generalusage,31/05/2026 07:30:00 AM,31/05/2026 07:59:59 AM,0.002,0,A
ACCO_15e06beda2,NMI_df2d025267,DEVI_284a47f5e0,COMMS4D,06537#B1,Solar,31/05/2026 08:00:00 AM,31/05/2026 08:29:59 AM,0.002,0,A
ACCO_15e06beda2,NMI_df2d025267,DEVI_284a47f5e0,COMMS4D,06537#E1,Generalusage,31/05/2026 08:00:00 AM,31/05/2026 08:29:59 AM,0.001,0,A
ACCO_15e06beda2,NMI_df2d025267,DEVI_284a47f5e0,COMMS4D,06537#B1,Solar,31/05/2026 08:30:00 AM,31/05/2026 08:59:59 AM,0.002,0,A
ACCO_15e06beda2,NMI_df2d025267,DEVI_284a47f5e0,COMMS4D,06537#E1,Generalusage,31/05/2026 08:30:00 AM,31/05/2026 08:59:59 AM,0.001,0,A
ACCO_15e06beda2,NMI_df2d025267,DEVI_284a47f5e0,COMMS4D,06537#B1,Solar,31/05/2026 09:00:00 AM,31/05/2026 09:29:59 AM,0.003,0,A
ACCO_15e06beda2,NMI_df2d025267,DEVI_284a47f5e0,COMMS4D,06537#E1,Generalusage,31/05/2026 09:00:00 AM,31/05/2026 09:29:59 AM,0.001,0,A
ACCO_15e06beda2,NMI_df2d025267,DEVI_284a47f5e0,COMMS4D,06537#B1,Solar,31/05/2026 09:30:00 AM,31/05/2026 09:59:59 AM,0.003,0,A
ACCO_15e06beda2,NMI_df2d025267,DEVI_284a47f5e0,COMMS4D,06537#E1,Generalusage,31/05/2026 09:30:00 AM,31/05/2026 09:59:59 AM,0.001,0,A
ACCO_15e06beda2,NMI_df2d025267,DEVI_284a47f5e0,COMMS4D,06537#B1,Solar,31/05/2026 10:00:00 AM,31/05/2026 10:29:59 AM,0.003,0,A
ACCO_15e06beda2,NMI_df2d025267,DEVI_284a47f5e0,COMMS4D,06537#E1,Generalusage,31/05/2026 10:00:00 AM,31/05/2026 10:29:59 AM,0.001,0,A
ACCO_15e06beda2,NMI_df2d025267,DEVI_284a47f5e0,COMMS4D,06537#B1,Solar,31/05/2026 10:30:00 AM,31/05/2026 10:59:59 AM,0.592,0,A
ACCO_15e06beda2,NMI_df2d025267,DEVI_284a47f5e0,COMMS4D,06537#E1,Generalusage,31/05/2026 10:30:00 AM,31/05/2026 10:59:59 AM,0,0,A
ACCO_15e06beda2,NMI_df2d025267,DEVI_284a47f5e0,COMMS4D,06537#B1,Solar,31/05/2026 11:00:00 AM,31/05/2026 11:29:59 AM,2.842,0,A
ACCO_15e06beda2,NMI_df2d025267,DEVI_284a47f5e0,COMMS4D,06537#E1,Generalusage,31/05/2026 11:00:00 AM,31/05/2026 11:29:59 AM,0,0,A
ACCO_15e06beda2,NMI_df2d025267,DEVI_284a47f5e0,COMMS4D,06537#B1,Solar,31/05/2026 11:30:00 AM,31/05/2026 11:59:59 AM,3.295,0,A
ACCO_15e06beda2,NMI_df2d025267,DEVI_284a47f5e0,COMMS4D,06537#E1,Generalusage,31/05/2026 11:30:00 AM,31/05/2026 11:59:59 AM,0,0,A
ACCO_15e06beda2,NMI_df2d025267,DEVI_284a47f5e0,COMMS4D,06537#B1,Solar,31/05/2026 12:00:00 PM,31/05/2026 12:29:59 PM,3.278,0,A
ACCO_15e06beda2,NMI_df2d025267,DEVI_284a47f5e0,COMMS4D,06537#E1,Generalusage,31/05/2026 12:00:00 PM,31/05/2026 12:29:59 PM,0,0,A
ACCO_15e06beda2,NMI_df2d025267,DEVI_284a47f5e0,COMMS4D,06537#B1,Solar,31/05/2026 12:30:00 PM,31/05/2026 12:59:59 PM,2.756,0,A
ACCO_15e06beda2,NMI_df2d025267,DEVI_284a47f5e0,COMMS4D,06537#E1,Generalusage,31/05/2026 12:30:00 PM,31/05/2026 12:59:59 PM,0,0,A
ACCO_15e06beda2,NMI_df2d025267,DEVI_284a47f5e0,COMMS4D,06537#B1,Solar,31/05/2026 01:00:00 PM,31/05/2026 01:29:59 PM,3.085,0,A
ACCO_15e06beda2,NMI_df2d025267,DEVI_284a47f5e0,COMMS4D,06537#E1,Generalusage,31/05/2026 01:00:00 PM,31/05/2026 01:29:59 PM,0,0,A
ACCO_15e06beda2,NMI_df2d025267,DEVI_284a47f5e0,COMMS4D,06537#B1,Solar,31/05/2026 01:30:00 PM,31/05/2026 01:59:59 PM,2.359,0,A
ACCO_15e06beda2,NMI_df2d025267,DEVI_284a47f5e0,COMMS4D,06537#E1,Generalusage,31/05/2026 01:30:00 PM,31/05/2026 01:59:59 PM,0,0,A
ACCO_15e06beda2,NMI_df2d025267,DEVI_284a47f5e0,COMMS4D,06537#B1,Solar,31/05/2026 02:00:00 PM,31/05/2026 02:29:59 PM,2.596,0,A
ACCO_15e06beda2,NMI_df2d025267,DEVI_284a47f5e0,COMMS4D,06537#E1,Generalusage,31/05/2026 02:00:00 PM,31/05/2026 02:29:59 PM,0,0,A
ACCO_15e06beda2,NMI_df2d025267,DEVI_284a47f5e0,COMMS4D,06537#B1,Solar,31/05/2026 02:30:00 PM,31/05/2026 02:59:59 PM,2.217,0,A
ACCO_15e06beda2,NMI_df2d025267,DEVI_284a47f5e0,COMMS4D,06537#E1,Generalusage,31/05/2026 02:30:00 PM,31/05/2026 02:59:59 PM,0,0,A
ACCO_15e06beda2,NMI_df2d025267,DEVI_284a47f5e0,COMMS4D,06537#B1,Solar,31/05/2026 03:00:00 PM,31/05/2026 03:29:59 PM,1.738,0,A
ACCO_15e06beda2,NMI_df2d025267,DEVI_284a47f5e0,COMMS4D,06537#E1,Generalusage,31/05/2026 03:00:00 PM,31/05/2026 03:29:59 PM,0,0,A
ACCO_15e06beda2,NMI_df2d025267,DEVI_284a47f5e0,COMMS4D,06537#B1,Solar,31/05/2026 03:30:00 PM,31/05/2026 03:59:59 PM,0.917,0,A
ACCO_15e06beda2,NMI_df2d025267,DEVI_284a47f5e0,COMMS4D,06537#E1,Generalusage,31/05/2026 03:30:00 PM,31/05/2026 03:59:59 PM,0.001,0,A
ACCO_15e06beda2,NMI_df2d025267,DEVI_284a47f5e0,COMMS4D,06537#B1,Solar,31/05/2026 04:00:00 PM,31/05/2026 04:29:59 PM,0.107,0,A
ACCO_15e06beda2,NMI_df2d025267,DEVI_284a47f5e0,COMMS4D,06537#E1,Generalusage,31/05/2026 04:00:00 PM,31/05/2026 04:29:59 PM,0.002,0,A
ACCO_15e06beda2,NMI_df2d025267,DEVI_284a47f5e0,COMMS4D,06537#B1,Solar,31/05/2026 04:30:00 PM,31/05/2026 04:59:59 PM,0.002,0,A
ACCO_15e06beda2,NMI_df2d025267,DEVI_284a47f5e0,COMMS4D,06537#E1,Generalusage,31/05/2026 04:30:00 PM,31/05/2026 04:59:59 PM,0.001,0,A
ACCO_15e06beda2,NMI_df2d025267,DEVI_284a47f5e0,COMMS4D,06537#B1,Solar,31/05/2026 05:00:00 PM,31/05/2026 05:29:59 PM,0.003,0,A
ACCO_15e06beda2,NMI_df2d025267,DEVI_284a47f5e0,COMMS4D,06537#E1,Generalusage,31/05/2026 05:00:00 PM,31/05/2026 05:29:59 PM,0.002,0,A
ACCO_15e06beda2,NMI_df2d025267,DEVI_284a47f5e0,COMMS4D,06537#B1,Solar,31/05/2026 05:30:00 PM,31/05/2026 05:59:59 PM,0.002,0,A
ACCO_15e06beda2,NMI_df2d025267,DEVI_284a47f5e0,COMMS4D,06537#E1,Generalusage,31/05/2026 05:30:00 PM,31/05/2026 05:59:59 PM,0.002,0,A
ACCO_15e06beda2,NMI_df2d025267,DEVI_284a47f5e0,COMMS4D,06537#B1,Solar,31/05/2026 06:00:00 PM,31/05/2026 06:29:59 PM,0.003,0,A
ACCO_15e06beda2,NMI_df2d025267,DEVI_284a47f5e0,COMMS4D,06537#E1,Generalusage,31/05/2026 06:00:00 PM,31/05/2026 06:29:59 PM,0.001,0,A
ACCO_15e06beda2,NMI_df2d025267,DEVI_284a47f5e0,COMMS4D,06537#B1,Solar,31/05/2026 06:30:00 PM,31/05/2026 06:59:59 PM,0.003,0,A
ACCO_15e06beda2,NMI_df2d025267,DEVI_284a47f5e0,COMMS4D,06537#E1,Generalusage,31/05/2026 06:30:00 PM,31/05/2026 06:59:59 PM,0.001,0,A
ACCO_15e06beda2,NMI_df2d025267,DEVI_284a47f5e0,COMMS4D,06537#B1,Solar,31/05/2026 07:00:00 PM,31/05/2026 07:29:59 PM,0.002,0,A
ACCO_15e06beda2,NMI_df2d025267,DEVI_284a47f5e0,COMMS4D,06537#E1,Generalusage,31/05/2026 07:00:00 PM,31/05/2026 07:29:59 PM,0.001,0,A
ACCO_15e06beda2,NMI_df2d025267,DEVI_284a47f5e0,COMMS4D,06537#B1,Solar,31/05/2026 07:30:00 PM,31/05/2026 07:59:59 PM,0.004,0,A
ACCO_15e06beda2,NMI_df2d025267,DEVI_284a47f5e0,COMMS4D,06537#E1,Generalusage,31/05/2026 07:30:00 PM,31/05/2026 07:59:59 PM,0.001,0,A
ACCO_15e06beda2,NMI_df2d025267,DEVI_284a47f5e0,COMMS4D,06537#B1,Solar,31/05/2026 08:00:00 PM,31/05/2026 08:29:59 PM,0.002,0,A
ACCO_15e06beda2,NMI_df2d025267,DEVI_284a47f5e0,COMMS4D,06537#E1,Generalusage,31/05/2026 08:00:00 PM,31/05/2026 08:29:59 PM,0.001,0,A
ACCO_15e06beda2,NMI_df2d025267,DEVI_284a47f5e0,COMMS4D,06537#B1,Solar,31/05/2026 08:30:00 PM,31/05/2026 08:59:59 PM,0.003,0,A
ACCO_15e06beda2,NMI_df2d025267,DEVI_284a47f5e0,COMMS4D,06537#E1,Generalusage,31/05/2026 08:30:00 PM,31/05/2026 08:59:59 PM,0.001,0,A
ACCO_15e06beda2,NMI_df2d025267,DEVI_284a47f5e0,COMMS4D,06537#B1,Solar,31/05/2026 09:00:00 PM,31/05/2026 09:29:59 PM,0.003,0,A
ACCO_15e06beda2,NMI_df2d025267,DEVI_284a47f5e0,COMMS4D,06537#E1,Generalusage,31/05/2026 09:00:00 PM,31/05/2026 09:29:59 PM,0.001,0,A
ACCO_15e06beda2,NMI_df2d025267,DEVI_284a47f5e0,COMMS4D,06537#B1,Solar,31/05/2026 09:30:00 PM,31/05/2026 09:59:59 PM,0.002,0,A
ACCO_15e06beda2,NMI_df2d025267,DEVI_284a47f5e0,COMMS4D,06537#E1,Generalusage,31/05/2026 09:30:00 PM,31/05/2026 09:59:59 PM,0.001,0,A
ACCO_15e06beda2,NMI_df2d025267,DEVI_284a47f5e0,COMMS4D,06537#B1,Solar,31/05/2026 10:00:00 PM,31/05/2026 10:29:59 PM,0.003,0,A
ACCO_15e06beda2,NMI_df2d025267,DEVI_284a47f5e0,COMMS4D,06537#E1,Generalusage,31/05/2026 10:00:00 PM,31/05/2026 10:29:59 PM,0,0,A
ACCO_15e06beda2,NMI_df2d025267,DEVI_284a47f5e0,COMMS4D,06537#B1,Solar,31/05/2026 10:30:00 PM,31/05/2026 10:59:59 PM,0.001,0,A
ACCO_15e06beda2,NMI_df2d025267,DEVI_284a47f5e0,COMMS4D,06537#E1,Generalusage,31/05/2026 10:30:00 PM,31/05/2026 10:59:59 PM,0.002,0,A
ACCO_15e06beda2,NMI_df2d025267,DEVI_284a47f5e0,COMMS4D,06537#B1,Solar,31/05/2026 11:00:00 PM,31/05/2026 11:29:59 PM,0.002,0,A
ACCO_15e06beda2,NMI_df2d025267,DEVI_284a47f5e0,COMMS4D,06537#E1,Generalusage,31/05/2026 11:00:00 PM,31/05/2026 11:29:59 PM,0.001,0,A
ACCO_15e06beda2,NMI_df2d025267,DEVI_284a47f5e0,COMMS4D,06537#B1,Solar,31/05/2026 11:30:00 PM,31/05/2026 11:59:59 PM,0.002,0,A
ACCO_15e06beda2,NMI_df2d025267,DEVI_284a47f5e0,COMMS4D,06537#E1,Generalusage,31/05/2026 11:30:00 PM,31/05/2026 11:59:59 PM,0,0,A
ACCO_15e06beda2,NMI_df2d025267,DEVI_284a47f5e0,COMMS4D,06537#B1,Solar,01/06/2026 12:00:00 AM,01/06/2026 12:29:59 AM,0.002,0,A
ACCO_15e06beda2,NMI_df2d025267,DEVI_284a47f5e0,COMMS4D,06537#E1,Generalusage,01/06/2026 12:00:00 AM,01/06/2026 12:29:59 AM,0.001,0,A
ACCO_15e06beda2,NMI_df2d025267,DEVI_284a47f5e0,COMMS4D,06537#B1,Solar,01/06/2026 12:30:00 AM,01/06/2026 12:59:59 AM,0.003,0,A
ACCO_15e06beda2,NMI_df2d025267,DEVI_284a47f5e0,COMMS4D,06537#E1,Generalusage,01/06/2026 12:30:00 AM,01/06/2026 12:59:59 AM,0,0,A
ACCO_15e06beda2,NMI_df2d025267,DEVI_284a47f5e0,COMMS4D,06537#B1,Solar,01/06/2026 01:00:00 AM,01/06/2026 01:29:59 AM,0.002,0,A
ACCO_15e06beda2,NMI_df2d025267,DEVI_284a47f5e0,COMMS4D,06537#E1,Generalusage,01/06/2026 01:00:00 AM,01/06/2026 01:29:59 AM,0.001,0,A
ACCO_15e06beda2,NMI_df2d025267,DEVI_284a47f5e0,COMMS4D,06537#B1,Solar,01/06/2026 01:30:00 AM,01/06/2026 01:59:59 AM,0.002,0,A
ACCO_15e06beda2,NMI_df2d025267,DEVI_284a47f5e0,COMMS4D,06537#E1,Generalusage,01/06/2026 01:30:00 AM,01/06/2026 01:59:59 AM,0,0,A
ACCO_15e06beda2,NMI_df2d025267,DEVI_284a47f5e0,COMMS4D,06537#B1,Solar,01/06/2026 02:00:00 AM,01/06/2026 02:29:59 AM,0.002,0,A
ACCO_15e06beda2,NMI_df2d025267,DEVI_284a47f5e0,COMMS4D,06537#E1,Generalusage,01/06/2026 02:00:00 AM,01/06/2026 02:29:59 AM,0.001,0,A
ACCO_15e06beda2,NMI_df2d025267,DEVI_284a47f5e0,COMMS4D,06537#B1,Solar,01/06/2026 02:30:00 AM,01/06/2026 02:59:59 AM,0.003,0,A
ACCO_15e06beda2,NMI_df2d025267,DEVI_284a47f5e0,COMMS4D,06537#E1,Generalusage,01/06/2026 02:30:00 AM,01/06/2026 02:59:59 AM,0.001,0,A
ACCO_15e06beda2,NMI_df2d025267,DEVI_284a47f5e0,COMMS4D,06537#B1,Solar,01/06/2026 03:00:00 AM,01/06/2026 03:29:59 AM,0.002,0,A
ACCO_15e06beda2,NMI_df2d025267,DEVI_284a47f5e0,COMMS4D,06537#E1,Generalusage,01/06/2026 03:00:00 AM,01/06/2026 03:29:59 AM,0,0,A
ACCO_15e06beda2,NMI_df2d025267,DEVI_284a47f5e0,COMMS4D,06537#B1,Solar,01/06/2026 03:30:00 AM,01/06/2026 03:59:59 AM,0.002,0,A
ACCO_15e06beda2,NMI_df2d025267,DEVI_284a47f5e0,COMMS4D,06537#E1,Generalusage,01/06/2026 03:30:00 AM,01/06/2026 03:59:59 AM,0.001,0,A
ACCO_15e06beda2,NMI_df2d025267,DEVI_284a47f5e0,COMMS4D,06537#B1,Solar,01/06/2026 04:00:00 AM,01/06/2026 04:29:59 AM,0.002,0,A
ACCO_15e06beda2,NMI_df2d025267,DEVI_284a47f5e0,COMMS4D,06537#E1,Generalusage,01/06/2026 04:00:00 AM,01/06/2026 04:29:59 AM,0,0,A
ACCO_15e06beda2,NMI_df2d025267,DEVI_284a47f5e0,COMMS4D,06537#B1,Solar,01/06/2026 04:30:00 AM,01/06/2026 04:59:59 AM,0.002,0,A
ACCO_15e06beda2,NMI_df2d025267,DEVI_284a47f5e0,COMMS4D,06537#E1,Generalusage,01/06/2026 04:30:00 AM,01/06/2026 04:59:59 AM,0.001,0,A
ACCO_15e06beda2,NMI_df2d025267,DEVI_284a47f5e0,COMMS4D,06537#B1,Solar,01/06/2026 05:00:00 AM,01/06/2026 05:29:59 AM,0.002,0,A
ACCO_15e06beda2,NMI_df2d025267,DEVI_284a47f5e0,COMMS4D,06537#E1,Generalusage,01/06/2026 05:00:00 AM,01/06/2026 05:29:59 AM,0.001,0,A
ACCO_15e06beda2,NMI_df2d025267,DEVI_284a47f5e0,COMMS4D,06537#B1,Solar,01/06/2026 05:30:00 AM,01/06/2026 05:59:59 AM,0.003,0,A
ACCO_15e06beda2,NMI_df2d025267,DEVI_284a47f5e0,COMMS4D,06537#E1,Generalusage,01/06/2026 05:30:00 AM,01/06/2026 05:59:59 AM,0,0,A
ACCO_15e06beda2,NMI_df2d025267,DEVI_284a47f5e0,COMMS4D,06537#B1,Solar,01/06/2026 06:00:00 AM,01/06/2026 06:29:59 AM,0.002,0,A
ACCO_15e06beda2,NMI_df2d025267,DEVI_284a47f5e0,COMMS4D,06537#E1,Generalusage,01/06/2026 06:00:00 AM,01/06/2026 06:29:59 AM,0.001,0,A
ACCO_15e06beda2,NMI_df2d025267,DEVI_284a47f5e0,COMMS4D,06537#B1,Solar,01/06/2026 06:30:00 AM,01/06/2026 06:59:59 AM,0.003,0,A
ACCO_15e06beda2,NMI_df2d025267,DEVI_284a47f5e0,COMMS4D,06537#E1,Generalusage,01/06/2026 06:30:00 AM,01/06/2026 06:59:59 AM,0.001,0,A
ACCO_15e06beda2,NMI_df2d025267,DEVI_284a47f5e0,COMMS4D,06537#B1,Solar,01/06/2026 07:00:00 AM,01/06/2026 07:29:59 AM,0.002,0,A
ACCO_15e06beda2,NMI_df2d025267,DEVI_284a47f5e0,COMMS4D,06537#E1,Generalusage,01/06/2026 07:00:00 AM,01/06/2026 07:29:59 AM,0.002,0,A
ACCO_15e06beda2,NMI_df2d025267,DEVI_284a47f5e0,COMMS4D,06537#B1,Solar,01/06/2026 07:30:00 AM,01/06/2026 07:59:59 AM,0.003,0,A
ACCO_15e06beda2,NMI_df2d025267,DEVI_284a47f5e0,COMMS4D,06537#E1,Generalusage,01/06/2026 07:30:00 AM,01/06/2026 07:59:59 AM,0.001,0,A
ACCO_15e06beda2,NMI_df2d025267,DEVI_284a47f5e0,COMMS4D,06537#B1,Solar,01/06/2026 08:00:00 AM,01/06/2026 08:29:59 AM,0.002,0,A
ACCO_15e06beda2,NMI_df2d025267,DEVI_284a47f5e0,COMMS4D,06537#E1,Generalusage,01/06/2026 08:00:00 AM,01/06/2026 08:29:59 AM,0,0,A
ACCO_15e06beda2,NMI_df2d025267,DEVI_284a47f5e0,COMMS4D,06537#B1,Solar,01/06/2026 08:30:00 AM,01/06/2026 08:59:59 AM,0.002,0,A
ACCO_15e06beda2,NMI_df2d025267,DEVI_284a47f5e0,COMMS4D,06537#E1,Generalusage,01/06/2026 08:30:00 AM,01/06/2026 08:59:59 AM,0.001,0,A
ACCO_15e06beda2,NMI_df2d025267,DEVI_284a47f5e0,COMMS4D,06537#B1,Solar,01/06/2026 09:00:00 AM,01/06/2026 09:29:59 AM,0.003,0,A
ACCO_15e06beda2,NMI_df2d025267,DEVI_284a47f5e0,COMMS4D,06537#E1,Generalusage,01/06/2026 09:00:00 AM,01/06/2026 09:29:59 AM,0,0,A
ACCO_15e06beda2,NMI_df2d025267,DEVI_284a47f5e0,COMMS4D,06537#B1,Solar,01/06/2026 09:30:00 AM,01/06/2026 09:59:59 AM,0.002,0,A
ACCO_15e06beda2,NMI_df2d025267,DEVI_284a47f5e0,COMMS4D,06537#E1,Generalusage,01/06/2026 09:30:00 AM,01/06/2026 09:59:59 AM,0.001,0,A
ACCO_15e06beda2,NMI_df2d025267,DEVI_284a47f5e0,COMMS4D,06537#B1,Solar,01/06/2026 10:00:00 AM,01/06/2026 10:29:59 AM,0.004,0,A
ACCO_15e06beda2,NMI_df2d025267,DEVI_284a47f5e0,COMMS4D,06537#E1,Generalusage,01/06/2026 10:00:00 AM,01/06/2026 10:29:59 AM,0.002,0,A
ACCO_15e06beda2,NMI_df2d025267,DEVI_284a47f5e0,COMMS4D,06537#B1,Solar,01/06/2026 10:30:00 AM,01/06/2026 10:59:59 AM,0.003,0,A
ACCO_15e06beda2,NMI_df2d025267,DEVI_284a47f5e0,COMMS4D,06537#E1,Generalusage,01/06/2026 10:30:00 AM,01/06/2026 10:59:59 AM,0.002,0,A
ACCO_15e06beda2,NMI_df2d025267,DEVI_284a47f5e0,COMMS4D,06537#B1,Solar,01/06/2026 11:00:00 AM,01/06/2026 11:29:59 AM,1.201,0,A
ACCO_15e06beda2,NMI_df2d025267,DEVI_284a47f5e0,COMMS4D,06537#E1,Generalusage,01/06/2026 11:00:00 AM,01/06/2026 11:29:59 AM,0,0,A
ACCO_15e06beda2,NMI_df2d025267,DEVI_284a47f5e0,COMMS4D,06537#B1,Solar,01/06/2026 11:30:00 AM,01/06/2026 11:59:59 AM,3.26,0,A
ACCO_15e06beda2,NMI_df2d025267,DEVI_284a47f5e0,COMMS4D,06537#E1,Generalusage,01/06/2026 11:30:00 AM,01/06/2026 11:59:59 AM,0,0,A
ACCO_15e06beda2,NMI_df2d025267,DEVI_284a47f5e0,COMMS4D,06537#B1,Solar,01/06/2026 12:00:00 PM,01/06/2026 12:29:59 PM,3.302,0,A
ACCO_15e06beda2,NMI_df2d025267,DEVI_284a47f5e0,COMMS4D,06537#E1,Generalusage,01/06/2026 12:00:00 PM,01/06/2026 12:29:59 PM,0,0,A
ACCO_15e06beda2,NMI_df2d025267,DEVI_284a47f5e0,COMMS4D,06537#B1,Solar,01/06/2026 12:30:00 PM,01/06/2026 12:59:59 PM,2.626,0,A
ACCO_15e06beda2,NMI_df2d025267,DEVI_284a47f5e0,COMMS4D,06537#E1,Generalusage,01/06/2026 12:30:00 PM,01/06/2026 12:59:59 PM,0,0,A
ACCO_15e06beda2,NMI_df2d025267,DEVI_284a47f5e0,COMMS4D,06537#B1,Solar,01/06/2026 01:00:00 PM,01/06/2026 01:29:59 PM,2.997,0,A
ACCO_15e06beda2,NMI_df2d025267,DEVI_284a47f5e0,COMMS4D,06537#E1,Generalusage,01/06/2026 01:00:00 PM,01/06/2026 01:29:59 PM,0,0,A
ACCO_15e06beda2,NMI_df2d025267,DEVI_284a47f5e0,COMMS4D,06537#B1,Solar,01/06/2026 01:30:00 PM,01/06/2026 01:59:59 PM,2.303,0,A
ACCO_15e06beda2,NMI_df2d025267,DEVI_284a47f5e0,COMMS4D,06537#E1,Generalusage,01/06/2026 01:30:00 PM,01/06/2026 01:59:59 PM,0,0,A
ACCO_15e06beda2,NMI_df2d025267,DEVI_284a47f5e0,COMMS4D,06537#B1,Solar,01/06/2026 02:00:00 PM,01/06/2026 02:29:59 PM,2.388,0,A
ACCO_15e06beda2,NMI_df2d025267,DEVI_284a47f5e0,COMMS4D,06537#E1,Generalusage,01/06/2026 02:00:00 PM,01/06/2026 02:29:59 PM,0,0,A
ACCO_15e06beda2,NMI_df2d025267,DEVI_284a47f5e0,COMMS4D,06537#B1,Solar,01/06/2026 02:30:00 PM,01/06/2026 02:59:59 PM,1.967,0,A
ACCO_15e06beda2,NMI_df2d025267,DEVI_284a47f5e0,COMMS4D,06537#E1,Generalusage,01/06/2026 02:30:00 PM,01/06/2026 02:59:59 PM,0,0,A
ACCO_15e06beda2,NMI_df2d025267,DEVI_284a47f5e0,COMMS4D,06537#B1,Solar,01/06/2026 03:00:00 PM,01/06/2026 03:29:59 PM,1.485,0,A
ACCO_15e06beda2,NMI_df2d025267,DEVI_284a47f5e0,COMMS4D,06537#E1,Generalusage,01/06/2026 03:00:00 PM,01/06/2026 03:29:59 PM,0,0,A
ACCO_15e06beda2,NMI_df2d025267,DEVI_284a47f5e0,COMMS4D,06537#B1,Solar,01/06/2026 03:30:00 PM,01/06/2026 03:59:59 PM,0.997,0,A
ACCO_15e06beda2,NMI_df2d025267,DEVI_284a47f5e0,COMMS4D,06537#E1,Generalusage,01/06/2026 03:30:00 PM,01/06/2026 03:59:59 PM,0,0,A
ACCO_15e06beda2,NMI_df2d025267,DEVI_284a47f5e0,COMMS4D,06537#B1,Solar,01/06/2026 04:00:00 PM,01/06/2026 04:29:59 PM,0.22,0,A
ACCO_15e06beda2,NMI_df2d025267,DEVI_284a47f5e0,COMMS4D,06537#E1,Generalusage,01/06/2026 04:00:00 PM,01/06/2026 04:29:59 PM,0.001,0,A
ACCO_15e06beda2,NMI_df2d025267,DEVI_284a47f5e0,COMMS4D,06537#B1,Solar,01/06/2026 04:30:00 PM,01/06/2026 04:59:59 PM,0.002,0,A
ACCO_15e06beda2,NMI_df2d025267,DEVI_284a47f5e0,COMMS4D,06537#E1,Generalusage,01/06/2026 04:30:00 PM,01/06/2026 04:59:59 PM,0.002,0,A
ACCO_15e06beda2,NMI_df2d025267,DEVI_284a47f5e0,COMMS4D,06537#B1,Solar,01/06/2026 05:00:00 PM,01/06/2026 05:29:59 PM,0.003,0,A
ACCO_15e06beda2,NMI_df2d025267,DEVI_284a47f5e0,COMMS4D,06537#E1,Generalusage,01/06/2026 05:00:00 PM,01/06/2026 05:29:59 PM,0,0,A
ACCO_15e06beda2,NMI_df2d025267,DEVI_284a47f5e0,COMMS4D,06537#B1,Solar,01/06/2026 05:30:00 PM,01/06/2026 05:59:59 PM,0.004,0,A
ACCO_15e06beda2,NMI_df2d025267,DEVI_284a47f5e0,COMMS4D,06537#E1,Generalusage,01/06/2026 05:30:00 PM,01/06/2026 05:59:59 PM,0.002,0,A
ACCO_15e06beda2,NMI_df2d025267,DEVI_284a47f5e0,COMMS4D,06537#B1,Solar,01/06/2026 06:00:00 PM,01/06/2026 06:29:59 PM,0.003,0,A
ACCO_15e06beda2,NMI_df2d025267,DEVI_284a47f5e0,COMMS4D,06537#E1,Generalusage,01/06/2026 06:00:00 PM,01/06/2026 06:29:59 PM,0.001,0,A
ACCO_15e06beda2,NMI_df2d025267,DEVI_284a47f5e0,COMMS4D,06537#B1,Solar,01/06/2026 06:30:00 PM,01/06/2026 06:59:59 PM,0.002,0,A
ACCO_15e06beda2,NMI_df2d025267,DEVI_284a47f5e0,COMMS4D,06537#E1,Generalusage,01/06/2026 06:30:00 PM,01/06/2026 06:59:59 PM,0.002,0,A
ACCO_15e06beda2,NMI_df2d025267,DEVI_284a47f5e0,COMMS4D,06537#B1,Solar,01/06/2026 07:00:00 PM,01/06/2026 07:29:59 PM,0.003,0,A
ACCO_15e06beda2,NMI_df2d025267,DEVI_284a47f5e0,COMMS4D,06537#E1,Generalusage,01/06/2026 07:00:00 PM,01/06/2026 07:29:59 PM,0.001,0,A
ACCO_15e06beda2,NMI_df2d025267,DEVI_284a47f5e0,COMMS4D,06537#B1,Solar,01/06/2026 07:30:00 PM,01/06/2026 07:59:59 PM,0.002,0,A
ACCO_15e06beda2,NMI_df2d025267,DEVI_284a47f5e0,COMMS4D,06537#E1,Generalusage,01/06/2026 07:30:00 PM,01/06/2026 07:59:59 PM,0.001,0,A
ACCO_15e06beda2,NMI_df2d025267,DEVI_284a47f5e0,COMMS4D,06537#B1,Solar,01/06/2026 08:00:00 PM,01/06/2026 08:29:59 PM,0.003,0,A
ACCO_15e06beda2,NMI_df2d025267,DEVI_284a47f5e0,COMMS4D,06537#E1,Generalusage,01/06/2026 08:00:00 PM,01/06/2026 08:29:59 PM,0.001,0,A
ACCO_15e06beda2,NMI_df2d025267,DEVI_284a47f5e0,COMMS4D,06537#B1,Solar,01/06/2026 08:30:00 PM,01/06/2026 08:59:59 PM,0.002,0,A
ACCO_15e06beda2,NMI_df2d025267,DEVI_284a47f5e0,COMMS4D,06537#E1,Generalusage,01/06/2026 08:30:00 PM,01/06/2026 08:59:59 PM,0.001,0,A
ACCO_15e06beda2,NMI_df2d025267,DEVI_284a47f5e0,COMMS4D,06537#B1,Solar,01/06/2026 09:00:00 PM,01/06/2026 09:29:59 PM,0.003,0,A
ACCO_15e06beda2,NMI_df2d025267,DEVI_284a47f5e0,COMMS4D,06537#E1,Generalusage,01/06/2026 09:00:00 PM,01/06/2026 09:29:59 PM,0.001,0,A
ACCO_15e06beda2,NMI_df2d025267,DEVI_284a47f5e0,COMMS4D,06537#B1,Solar,01/06/2026 09:30:00 PM,01/06/2026 09:59:59 PM,0.002,0,A
ACCO_15e06beda2,NMI_df2d025267,DEVI_284a47f5e0,COMMS4D,06537#E1,Generalusage,01/06/2026 09:30:00 PM,01/06/2026 09:59:59 PM,0.001,0,A
ACCO_15e06beda2,NMI_df2d025267,DEVI_284a47f5e0,COMMS4D,06537#B1,Solar,01/06/2026 10:00:00 PM,01/06/2026 10:29:59 PM,0.003,0,A
ACCO_15e06beda2,NMI_df2d025267,DEVI_284a47f5e0,COMMS4D,06537#E1,Generalusage,01/06/2026 10:00:00 PM,01/06/2026 10:29:59 PM,0.001,0,A
ACCO_15e06beda2,NMI_df2d025267,DEVI_284a47f5e0,COMMS4D,06537#B1,Solar,01/06/2026 10:30:00 PM,01/06/2026 10:59:59 PM,0.002,0,A
ACCO_15e06beda2,NMI_df2d025267,DEVI_284a47f5e0,COMMS4D,06537#E1,Generalusage,01/06/2026 10:30:00 PM,01/06/2026 10:59:59 PM,0.001,0,A
ACCO_15e06beda2,NMI_df2d025267,DEVI_284a47f5e0,COMMS4D,06537#B1,Solar,01/06/2026 11:00:00 PM,01/06/2026 11:29:59 PM,0.003,0,A
ACCO_15e06beda2,NMI_df2d025267,DEVI_284a47f5e0,COMMS4D,06537#E1,Generalusage,01/06/2026 11:00:00 PM,01/06/2026 11:29:59 PM,0,0,A
ACCO_15e06beda2,NMI_df2d025267,DEVI_284a47f5e0,COMMS4D,06537#B1,Solar,01/06/2026 11:30:00 PM,01/06/2026 11:59:59 PM,0.002,0,A
ACCO_15e06beda2,NMI_df2d025267,DEVI_284a47f5e0,COMMS4D,06537#E1,Generalusage,01/06/2026 11:30:00 PM,01/06/2026 11:59:59 PM,0.001,0,A
ACCO_15e06beda2,NMI_df2d025267,DEVI_284a47f5e0,COMMS4D,06537#B1,Solar,02/06/2026 12:00:00 AM,02/06/2026 12:29:59 AM,0.003,0,A
ACCO_15e06beda2,NMI_df2d025267,DEVI_284a47f5e0,COMMS4D,06537#E1,Generalusage,02/06/2026 12:00:00 AM,02/06/2026 12:29:59 AM,0.001,0,A
ACCO_15e06beda2,NMI_df2d025267,DEVI_284a47f5e0,COMMS4D,06537#B1,Solar,02/06/2026 12:30:00 AM,02/06/2026 12:59:59 AM,0.001,0,A
ACCO_15e06beda2,NMI_df2d025267,DEVI_284a47f5e0,COMMS4D,06537#E1,Generalusage,02/06/2026 12:30:00 AM,02/06/2026 12:59:59 AM,0.001,0,A
ACCO_15e06beda2,NMI_df2d025267,DEVI_284a47f5e0,COMMS4D,06537#B1,Solar,02/06/2026 01:00:00 AM,02/06/2026 01:29:59 AM,0.002,0,A
ACCO_15e06beda2,NMI_df2d025267,DEVI_284a47f5e0,COMMS4D,06537#E1,Generalusage,02/06/2026 01:00:00 AM,02/06/2026 01:29:59 AM,0.001,0,A
ACCO_15e06beda2,NMI_df2d025267,DEVI_284a47f5e0,COMMS4D,06537#B1,Solar,02/06/2026 01:30:00 AM,02/06/2026 01:59:59 AM,0.003,0,A
ACCO_15e06beda2,NMI_df2d025267,DEVI_284a47f5e0,COMMS4D,06537#E1,Generalusage,02/06/2026 01:30:00 AM,02/06/2026 01:59:59 AM,0.001,0,A
ACCO_15e06beda2,NMI_df2d025267,DEVI_284a47f5e0,COMMS4D,06537#B1,Solar,02/06/2026 02:00:00 AM,02/06/2026 02:29:59 AM,0.003,0,A
ACCO_15e06beda2,NMI_df2d025267,DEVI_284a47f5e0,COMMS4D,06537#E1,Generalusage,02/06/2026 02:00:00 AM,02/06/2026 02:29:59 AM,0.001,0,A
ACCO_15e06beda2,NMI_df2d025267,DEVI_284a47f5e0,COMMS4D,06537#B1,Solar,02/06/2026 02:30:00 AM,02/06/2026 02:59:59 AM,0.003,0,A
ACCO_15e06beda2,NMI_df2d025267,DEVI_284a47f5e0,COMMS4D,06537#E1,Generalusage,02/06/2026 02:30:00 AM,02/06/2026 02:59:59 AM,0.001,0,A
ACCO_15e06beda2,NMI_df2d025267,DEVI_284a47f5e0,COMMS4D,06537#B1,Solar,02/06/2026 03:00:00 AM,02/06/2026 03:29:59 AM,0.002,0,A
ACCO_15e06beda2,NMI_df2d025267,DEVI_284a47f5e0,COMMS4D,06537#E1,Generalusage,02/06/2026 03:00:00 AM,02/06/2026 03:29:59 AM,0.001,0,A
ACCO_15e06beda2,NMI_df2d025267,DEVI_284a47f5e0,COMMS4D,06537#B1,Solar,02/06/2026 03:30:00 AM,02/06/2026 03:59:59 AM,0,0,A
ACCO_15e06beda2,NMI_df2d025267,DEVI_284a47f5e0,COMMS4D,06537#E1,Generalusage,02/06/2026 03:30:00 AM,02/06/2026 03:59:59 AM,0.002,0,A
ACCO_15e06beda2,NMI_df2d025267,DEVI_284a47f5e0,COMMS4D,06537#B1,Solar,02/06/2026 04:00:00 AM,02/06/2026 04:29:59 AM,0.002,0,A
ACCO_15e06beda2,NMI_df2d025267,DEVI_284a47f5e0,COMMS4D,06537#E1,Generalusage,02/06/2026 04:00:00 AM,02/06/2026 04:29:59 AM,0.001,0,A
ACCO_15e06beda2,NMI_df2d025267,DEVI_284a47f5e0,COMMS4D,06537#B1,Solar,02/06/2026 04:30:00 AM,02/06/2026 04:59:59 AM,0.001,0,A
ACCO_15e06beda2,NMI_df2d025267,DEVI_284a47f5e0,COMMS4D,06537#E1,Generalusage,02/06/2026 04:30:00 AM,02/06/2026 04:59:59 AM,0.001,0,A
ACCO_15e06beda2,NMI_df2d025267,DEVI_284a47f5e0,COMMS4D,06537#B1,Solar,02/06/2026 05:00:00 AM,02/06/2026 05:29:59 AM,0.001,0,A
ACCO_15e06beda2,NMI_df2d025267,DEVI_284a47f5e0,COMMS4D,06537#E1,Generalusage,02/06/2026 05:00:00 AM,02/06/2026 05:29:59 AM,0.002,0,A
ACCO_15e06beda2,NMI_df2d025267,DEVI_284a47f5e0,COMMS4D,06537#B1,Solar,02/06/2026 05:30:00 AM,02/06/2026 05:59:59 AM,0.003,0,A
ACCO_15e06beda2,NMI_df2d025267,DEVI_284a47f5e0,COMMS4D,06537#E1,Generalusage,02/06/2026 05:30:00 AM,02/06/2026 05:59:59 AM,0,0,A
ACCO_15e06beda2,NMI_df2d025267,DEVI_284a47f5e0,COMMS4D,06537#B1,Solar,02/06/2026 06:00:00 AM,02/06/2026 06:29:59 AM,0.002,0,A
ACCO_15e06beda2,NMI_df2d025267,DEVI_284a47f5e0,COMMS4D,06537#E1,Generalusage,02/06/2026 06:00:00 AM,02/06/2026 06:29:59 AM,0.001,0,A
ACCO_15e06beda2,NMI_df2d025267,DEVI_284a47f5e0,COMMS4D,06537#B1,Solar,02/06/2026 06:30:00 AM,02/06/2026 06:59:59 AM,0.002,0,A
ACCO_15e06beda2,NMI_df2d025267,DEVI_284a47f5e0,COMMS4D,06537#E1,Generalusage,02/06/2026 06:30:00 AM,02/06/2026 06:59:59 AM,0.001,0,A
ACCO_15e06beda2,NMI_df2d025267,DEVI_284a47f5e0,COMMS4D,06537#B1,Solar,02/06/2026 07:00:00 AM,02/06/2026 07:29:59 AM,0.003,0,A
ACCO_15e06beda2,NMI_df2d025267,DEVI_284a47f5e0,COMMS4D,06537#E1,Generalusage,02/06/2026 07:00:00 AM,02/06/2026 07:29:59 AM,0.001,0,A
ACCO_15e06beda2,NMI_df2d025267,DEVI_284a47f5e0,COMMS4D,06537#B1,Solar,02/06/2026 07:30:00 AM,02/06/2026 07:59:59 AM,0.002,0,A
ACCO_15e06beda2,NMI_df2d025267,DEVI_284a47f5e0,COMMS4D,06537#E1,Generalusage,02/06/2026 07:30:00 AM,02/06/2026 07:59:59 AM,0.001,0,A
ACCO_15e06beda2,NMI_df2d025267,DEVI_284a47f5e0,COMMS4D,06537#B1,Solar,02/06/2026 08:00:00 AM,02/06/2026 08:29:59 AM,0.002,0,A
ACCO_15e06beda2,NMI_df2d025267,DEVI_284a47f5e0,COMMS4D,06537#E1,Generalusage,02/06/2026 08:00:00 AM,02/06/2026 08:29:59 AM,0.001,0,A
ACCO_15e06beda2,NMI_df2d025267,DEVI_284a47f5e0,COMMS4D,06537#B1,Solar,02/06/2026 08:30:00 AM,02/06/2026 08:59:59 AM,0.002,0,A
ACCO_15e06beda2,NMI_df2d025267,DEVI_284a47f5e0,COMMS4D,06537#E1,Generalusage,02/06/2026 08:30:00 AM,02/06/2026 08:59:59 AM,0.001,0,A
ACCO_15e06beda2,NMI_df2d025267,DEVI_284a47f5e0,COMMS4D,06537#B1,Solar,02/06/2026 09:00:00 AM,02/06/2026 09:29:59 AM,0.003,0,A
ACCO_15e06beda2,NMI_df2d025267,DEVI_284a47f5e0,COMMS4D,06537#E1,Generalusage,02/06/2026 09:00:00 AM,02/06/2026 09:29:59 AM,0.001,0,A
ACCO_15e06beda2,NMI_df2d025267,DEVI_284a47f5e0,COMMS4D,06537#B1,Solar,02/06/2026 09:30:00 AM,02/06/2026 09:59:59 AM,0.002,0,A
ACCO_15e06beda2,NMI_df2d025267,DEVI_284a47f5e0,COMMS4D,06537#E1,Generalusage,02/06/2026 09:30:00 AM,02/06/2026 09:59:59 AM,0,0,A
ACCO_15e06beda2,NMI_df2d025267,DEVI_284a47f5e0,COMMS4D,06537#B1,Solar,02/06/2026 10:00:00 AM,02/06/2026 10:29:59 AM,0.003,0,A
ACCO_15e06beda2,NMI_df2d025267,DEVI_284a47f5e0,COMMS4D,06537#E1,Generalusage,02/06/2026 10:00:00 AM,02/06/2026 10:29:59 AM,0.001,0,A
ACCO_15e06beda2,NMI_df2d025267,DEVI_284a47f5e0,COMMS4D,06537#B1,Solar,02/06/2026 10:30:00 AM,02/06/2026 10:59:59 AM,0.002,0,A
ACCO_15e06beda2,NMI_df2d025267,DEVI_284a47f5e0,COMMS4D,06537#E1,Generalusage,02/06/2026 10:30:00 AM,02/06/2026 10:59:59 AM,0.001,0,A
ACCO_15e06beda2,NMI_df2d025267,DEVI_284a47f5e0,COMMS4D,06537#B1,Solar,02/06/2026 11:00:00 AM,02/06/2026 11:29:59 AM,0.003,0,A
ACCO_15e06beda2,NMI_df2d025267,DEVI_284a47f5e0,COMMS4D,06537#E1,Generalusage,02/06/2026 11:00:00 AM,02/06/2026 11:29:59 AM,0.002,0,A
ACCO_15e06beda2,NMI_df2d025267,DEVI_284a47f5e0,COMMS4D,06537#B1,Solar,02/06/2026 11:30:00 AM,02/06/2026 11:59:59 AM,0.007,0,A
ACCO_15e06beda2,NMI_df2d025267,DEVI_284a47f5e0,COMMS4D,06537#E1,Generalusage,02/06/2026 11:30:00 AM,02/06/2026 11:59:59 AM,0.003,0,A
ACCO_15e06beda2,NMI_df2d025267,DEVI_284a47f5e0,COMMS4D,06537#B1,Solar,02/06/2026 12:00:00 PM,02/06/2026 12:29:59 PM,0.018,0,A
ACCO_15e06beda2,NMI_df2d025267,DEVI_284a47f5e0,COMMS4D,06537#E1,Generalusage,02/06/2026 12:00:00 PM,02/06/2026 12:29:59 PM,0.004,0,A
ACCO_15e06beda2,NMI_df2d025267,DEVI_284a47f5e0,COMMS4D,06537#B1,Solar,02/06/2026 12:30:00 PM,02/06/2026 12:59:59 PM,0.005,0,A
ACCO_15e06beda2,NMI_df2d025267,DEVI_284a47f5e0,COMMS4D,06537#E1,Generalusage,02/06/2026 12:30:00 PM,02/06/2026 12:59:59 PM,0.001,0,A
ACCO_15e06beda2,NMI_df2d025267,DEVI_284a47f5e0,COMMS4D,06537#B1,Solar,02/06/2026 01:00:00 PM,02/06/2026 01:29:59 PM,0.125,0,A
ACCO_15e06beda2,NMI_df2d025267,DEVI_284a47f5e0,COMMS4D,06537#E1,Generalusage,02/06/2026 01:00:00 PM,02/06/2026 01:29:59 PM,0.002,0,A
ACCO_15e06beda2,NMI_df2d025267,DEVI_284a47f5e0,COMMS4D,06537#B1,Solar,02/06/2026 01:30:00 PM,02/06/2026 01:59:59 PM,0.682,0,A
ACCO_15e06beda2,NMI_df2d025267,DEVI_284a47f5e0,COMMS4D,06537#E1,Generalusage,02/06/2026 01:30:00 PM,02/06/2026 01:59:59 PM,0.005,0,A
ACCO_15e06beda2,NMI_df2d025267,DEVI_284a47f5e0,COMMS4D,06537#B1,Solar,02/06/2026 02:00:00 PM,02/06/2026 02:29:59 PM,0.33,0,A
ACCO_15e06beda2,NMI_df2d025267,DEVI_284a47f5e0,COMMS4D,06537#E1,Generalusage,02/06/2026 02:00:00 PM,02/06/2026 02:29:59 PM,0,0,A
ACCO_15e06beda2,NMI_df2d025267,DEVI_284a47f5e0,COMMS4D,06537#B1,Solar,02/06/2026 02:30:00 PM,02/06/2026 02:59:59 PM,0.223,0,A
ACCO_15e06beda2,NMI_df2d025267,DEVI_284a47f5e0,COMMS4D,06537#E1,Generalusage,02/06/2026 02:30:00 PM,02/06/2026 02:59:59 PM,0,0,A
ACCO_15e06beda2,NMI_df2d025267,DEVI_284a47f5e0,COMMS4D,06537#B1,Solar,02/06/2026 03:00:00 PM,02/06/2026 03:29:59 PM,1.383,0,A
ACCO_15e06beda2,NMI_df2d025267,DEVI_284a47f5e0,COMMS4D,06537#E1,Generalusage,02/06/2026 03:00:00 PM,02/06/2026 03:29:59 PM,0,0,A
ACCO_15e06beda2,NMI_df2d025267,DEVI_284a47f5e0,COMMS4D,06537#B1,Solar,02/06/2026 03:30:00 PM,02/06/2026 03:59:59 PM,1.005,0,A
ACCO_15e06beda2,NMI_df2d025267,DEVI_284a47f5e0,COMMS4D,06537#E1,Generalusage,02/06/2026 03:30:00 PM,02/06/2026 03:59:59 PM,0,0,A
ACCO_15e06beda2,NMI_df2d025267,DEVI_284a47f5e0,COMMS4D,06537#B1,Solar,02/06/2026 04:00:00 PM,02/06/2026 04:29:59 PM,0.172,0,A
ACCO_15e06beda2,NMI_df2d025267,DEVI_284a47f5e0,COMMS4D,06537#E1,Generalusage,02/06/2026 04:00:00 PM,02/06/2026 04:29:59 PM,0.002,0,A
ACCO_15e06beda2,NMI_df2d025267,DEVI_284a47f5e0,COMMS4D,06537#B1,Solar,02/06/2026 04:30:00 PM,02/06/2026 04:59:59 PM,0.003,0,A
ACCO_15e06beda2,NMI_df2d025267,DEVI_284a47f5e0,COMMS4D,06537#E1,Generalusage,02/06/2026 04:30:00 PM,02/06/2026 04:59:59 PM,0.001,0,A
ACCO_15e06beda2,NMI_df2d025267,DEVI_284a47f5e0,COMMS4D,06537#B1,Solar,02/06/2026 05:00:00 PM,02/06/2026 05:29:59 PM,0.003,0,A
ACCO_15e06beda2,NMI_df2d025267,DEVI_284a47f5e0,COMMS4D,06537#E1,Generalusage,02/06/2026 05:00:00 PM,02/06/2026 05:29:59 PM,0.001,0,A
ACCO_15e06beda2,NMI_df2d025267,DEVI_284a47f5e0,COMMS4D,06537#B1,Solar,02/06/2026 05:30:00 PM,02/06/2026 05:59:59 PM,0.002,0,A
ACCO_15e06beda2,NMI_df2d025267,DEVI_284a47f5e0,COMMS4D,06537#E1,Generalusage,02/06/2026 05:30:00 PM,02/06/2026 05:59:59 PM,0.001,0,A
ACCO_15e06beda2,NMI_df2d025267,DEVI_284a47f5e0,COMMS4D,06537#B1,Solar,02/06/2026 06:00:00 PM,02/06/2026 06:29:59 PM,0.002,0,A
ACCO_15e06beda2,NMI_df2d025267,DEVI_284a47f5e0,COMMS4D,06537#E1,Generalusage,02/06/2026 06:00:00 PM,02/06/2026 06:29:59 PM,0,0,A
ACCO_15e06beda2,NMI_df2d025267,DEVI_284a47f5e0,COMMS4D,06537#B1,Solar,02/06/2026 06:30:00 PM,02/06/2026 06:59:59 PM,0.002,0,A
ACCO_15e06beda2,NMI_df2d025267,DEVI_284a47f5e0,COMMS4D,06537#E1,Generalusage,02/06/2026 06:30:00 PM,02/06/2026 06:59:59 PM,0.001,0,A
ACCO_15e06beda2,NMI_df2d025267,DEVI_284a47f5e0,COMMS4D,06537#B1,Solar,02/06/2026 07:00:00 PM,02/06/2026 07:29:59 PM,0.004,0,A
ACCO_15e06beda2,NMI_df2d025267,DEVI_284a47f5e0,COMMS4D,06537#E1,Generalusage,02/06/2026 07:00:00 PM,02/06/2026 07:29:59 PM,0.003,0,A
ACCO_15e06beda2,NMI_df2d025267,DEVI_284a47f5e0,COMMS4D,06537#B1,Solar,02/06/2026 07:30:00 PM,02/06/2026 07:59:59 PM,0.002,0,A
ACCO_15e06beda2,NMI_df2d025267,DEVI_284a47f5e0,COMMS4D,06537#E1,Generalusage,02/06/2026 07:30:00 PM,02/06/2026 07:59:59 PM,0,0,A
ACCO_15e06beda2,NMI_df2d025267,DEVI_284a47f5e0,COMMS4D,06537#B1,Solar,02/06/2026 08:00:00 PM,02/06/2026 08:29:59 PM,0.003,0,A
ACCO_15e06beda2,NMI_df2d025267,DEVI_284a47f5e0,COMMS4D,06537#E1,Generalusage,02/06/2026 08:00:00 PM,02/06/2026 08:29:59 PM,0.002,0,A
ACCO_15e06beda2,NMI_df2d025267,DEVI_284a47f5e0,COMMS4D,06537#B1,Solar,02/06/2026 08:30:00 PM,02/06/2026 08:59:59 PM,0.002,0,A
ACCO_15e06beda2,NMI_df2d025267,DEVI_284a47f5e0,COMMS4D,06537#E1,Generalusage,02/06/2026 08:30:00 PM,02/06/2026 08:59:59 PM,0.001,0,A
ACCO_15e06beda2,NMI_df2d025267,DEVI_284a47f5e0,COMMS4D,06537#B1,Solar,02/06/2026 09:00:00 PM,02/06/2026 09:29:59 PM,0.003,0,A
ACCO_15e06beda2,NMI_df2d025267,DEVI_284a47f5e0,COMMS4D,06537#E1,Generalusage,02/06/2026 09:00:00 PM,02/06/2026 09:29:59 PM,0.001,0,A
ACCO_15e06beda2,NMI_df2d025267,DEVI_284a47f5e0,COMMS4D,06537#B1,Solar,02/06/2026 09:30:00 PM,02/06/2026 09:59:59 PM,0.003,0,A
ACCO_15e06beda2,NMI_df2d025267,DEVI_284a47f5e0,COMMS4D,06537#E1,Generalusage,02/06/2026 09:30:00 PM,02/06/2026 09:59:59 PM,0,0,A
ACCO_15e06beda2,NMI_df2d025267,DEVI_284a47f5e0,COMMS4D,06537#B1,Solar,02/06/2026 10:00:00 PM,02/06/2026 10:29:59 PM,0.002,0,A
ACCO_15e06beda2,NMI_df2d025267,DEVI_284a47f5e0,COMMS4D,06537#E1,Generalusage,02/06/2026 10:00:00 PM,02/06/2026 10:29:59 PM,0.001,0,A
ACCO_15e06beda2,NMI_df2d025267,DEVI_284a47f5e0,COMMS4D,06537#B1,Solar,02/06/2026 10:30:00 PM,02/06/2026 10:59:59 PM,0.001,0,A
ACCO_15e06beda2,NMI_df2d025267,DEVI_284a47f5e0,COMMS4D,06537#E1,Generalusage,02/06/2026 10:30:00 PM,02/06/2026 10:59:59 PM,0.002,0,A
ACCO_15e06beda2,NMI_df2d025267,DEVI_284a47f5e0,COMMS4D,06537#B1,Solar,02/06/2026 11:00:00 PM,02/06/2026 11:29:59 PM,0.002,0,A
ACCO_15e06beda2,NMI_df2d025267,DEVI_284a47f5e0,COMMS4D,06537#E1,Generalusage,02/06/2026 11:00:00 PM,02/06/2026 11:29:59 PM,0.001,0,A
ACCO_15e06beda2,NMI_df2d025267,DEVI_284a47f5e0,COMMS4D,06537#B1,Solar,02/06/2026 11:30:00 PM,02/06/2026 11:59:59 PM,0.002,0,A
ACCO_15e06beda2,NMI_df2d025267,DEVI_284a47f5e0,COMMS4D,06537#E1,Generalusage,02/06/2026 11:30:00 PM,02/06/2026 11:59:59 PM,0.001,0,A
ACCO_15e06beda2,NMI_df2d025267,DEVI_284a47f5e0,COMMS4D,06537#B1,Solar,03/06/2026 12:00:00 AM,03/06/2026 12:29:59 AM,0.002,0,A
ACCO_15e06beda2,NMI_df2d025267,DEVI_284a47f5e0,COMMS4D,06537#E1,Generalusage,03/06/2026 12:00:00 AM,03/06/2026 12:29:59 AM,0.001,0,A
ACCO_15e06beda2,NMI_df2d025267,DEVI_284a47f5e0,COMMS4D,06537#B1,Solar,03/06/2026 12:30:00 AM,03/06/2026 12:59:59 AM,0.003,0,A
ACCO_15e06beda2,NMI_df2d025267,DEVI_284a47f5e0,COMMS4D,06537#E1,Generalusage,03/06/2026 12:30:00 AM,03/06/2026 12:59:59 AM,0,0,A
ACCO_15e06beda2,NMI_df2d025267,DEVI_284a47f5e0,COMMS4D,06537#B1,Solar,03/06/2026 01:00:00 AM,03/06/2026 01:29:59 AM,0.002,0,A
ACCO_15e06beda2,NMI_df2d025267,DEVI_284a47f5e0,COMMS4D,06537#E1,Generalusage,03/06/2026 01:00:00 AM,03/06/2026 01:29:59 AM,0.001,0,A
ACCO_15e06beda2,NMI_df2d025267,DEVI_284a47f5e0,COMMS4D,06537#B1,Solar,03/06/2026 01:30:00 AM,03/06/2026 01:59:59 AM,0.001,0,A
ACCO_15e06beda2,NMI_df2d025267,DEVI_284a47f5e0,COMMS4D,06537#E1,Generalusage,03/06/2026 01:30:00 AM,03/06/2026 01:59:59 AM,0.002,0,A
ACCO_15e06beda2,NMI_df2d025267,DEVI_284a47f5e0,COMMS4D,06537#B1,Solar,03/06/2026 02:00:00 AM,03/06/2026 02:29:59 AM,0.002,0,A
ACCO_15e06beda2,NMI_df2d025267,DEVI_284a47f5e0,COMMS4D,06537#E1,Generalusage,03/06/2026 02:00:00 AM,03/06/2026 02:29:59 AM,0.001,0,A
ACCO_15e06beda2,NMI_df2d025267,DEVI_284a47f5e0,COMMS4D,06537#B1,Solar,03/06/2026 02:30:00 AM,03/06/2026 02:59:59 AM,0,0,A
ACCO_15e06beda2,NMI_df2d025267,DEVI_284a47f5e0,COMMS4D,06537#E1,Generalusage,03/06/2026 02:30:00 AM,03/06/2026 02:59:59 AM,0.003,0,A
ACCO_15e06beda2,NMI_df2d025267,DEVI_284a47f5e0,COMMS4D,06537#B1,Solar,03/06/2026 03:00:00 AM,03/06/2026 03:29:59 AM,0.001,0,A
ACCO_15e06beda2,NMI_df2d025267,DEVI_284a47f5e0,COMMS4D,06537#E1,Generalusage,03/06/2026 03:00:00 AM,03/06/2026 03:29:59 AM,0.003,0,A
ACCO_15e06beda2,NMI_df2d025267,DEVI_284a47f5e0,COMMS4D,06537#B1,Solar,03/06/2026 03:30:00 AM,03/06/2026 03:59:59 AM,0.001,0,A
ACCO_15e06beda2,NMI_df2d025267,DEVI_284a47f5e0,COMMS4D,06537#E1,Generalusage,03/06/2026 03:30:00 AM,03/06/2026 03:59:59 AM,0.002,0,A
ACCO_15e06beda2,NMI_df2d025267,DEVI_284a47f5e0,COMMS4D,06537#B1,Solar,03/06/2026 04:00:00 AM,03/06/2026 04:29:59 AM,0.001,0,A
ACCO_15e06beda2,NMI_df2d025267,DEVI_284a47f5e0,COMMS4D,06537#E1,Generalusage,03/06/2026 04:00:00 AM,03/06/2026 04:29:59 AM,0.001,0,A
ACCO_15e06beda2,NMI_df2d025267,DEVI_284a47f5e0,COMMS4D,06537#B1,Solar,03/06/2026 04:30:00 AM,03/06/2026 04:59:59 AM,0.002,0,A
ACCO_15e06beda2,NMI_df2d025267,DEVI_284a47f5e0,COMMS4D,06537#E1,Generalusage,03/06/2026 04:30:00 AM,03/06/2026 04:59:59 AM,0.002,0,A
ACCO_15e06beda2,NMI_df2d025267,DEVI_284a47f5e0,COMMS4D,06537#B1,Solar,03/06/2026 05:00:00 AM,03/06/2026 05:29:59 AM,0.002,0,A
ACCO_15e06beda2,NMI_df2d025267,DEVI_284a47f5e0,COMMS4D,06537#E1,Generalusage,03/06/2026 05:00:00 AM,03/06/2026 05:29:59 AM,0.001,0,A
ACCO_15e06beda2,NMI_df2d025267,DEVI_284a47f5e0,COMMS4D,06537#B1,Solar,03/06/2026 05:30:00 AM,03/06/2026 05:59:59 AM,0.002,0,A
ACCO_15e06beda2,NMI_df2d025267,DEVI_284a47f5e0,COMMS4D,06537#E1,Generalusage,03/06/2026 05:30:00 AM,03/06/2026 05:59:59 AM,0.001,0,A
ACCO_15e06beda2,NMI_df2d025267,DEVI_284a47f5e0,COMMS4D,06537#B1,Solar,03/06/2026 06:00:00 AM,03/06/2026 06:29:59 AM,0.002,0,A
ACCO_15e06beda2,NMI_df2d025267,DEVI_284a47f5e0,COMMS4D,06537#E1,Generalusage,03/06/2026 06:00:00 AM,03/06/2026 06:29:59 AM,0,0,A
ACCO_15e06beda2,NMI_df2d025267,DEVI_284a47f5e0,COMMS4D,06537#B1,Solar,03/06/2026 06:30:00 AM,03/06/2026 06:59:59 AM,0.003,0,A
ACCO_15e06beda2,NMI_df2d025267,DEVI_284a47f5e0,COMMS4D,06537#E1,Generalusage,03/06/2026 06:30:00 AM,03/06/2026 06:59:59 AM,0.001,0,A
ACCO_15e06beda2,NMI_df2d025267,DEVI_284a47f5e0,COMMS4D,06537#B1,Solar,03/06/2026 07:00:00 AM,03/06/2026 07:29:59 AM,0.002,0,A
ACCO_15e06beda2,NMI_df2d025267,DEVI_284a47f5e0,COMMS4D,06537#E1,Generalusage,03/06/2026 07:00:00 AM,03/06/2026 07:29:59 AM,0.001,0,A
ACCO_15e06beda2,NMI_df2d025267,DEVI_284a47f5e0,COMMS4D,06537#B1,Solar,03/06/2026 07:30:00 AM,03/06/2026 07:59:59 AM,0.002,0,A
ACCO_15e06beda2,NMI_df2d025267,DEVI_284a47f5e0,COMMS4D,06537#E1,Generalusage,03/06/2026 07:30:00 AM,03/06/2026 07:59:59 AM,0.002,0,A
ACCO_15e06beda2,NMI_df2d025267,DEVI_284a47f5e0,COMMS4D,06537#B1,Solar,03/06/2026 08:00:00 AM,03/06/2026 08:29:59 AM,0.002,0,A
ACCO_15e06beda2,NMI_df2d025267,DEVI_284a47f5e0,COMMS4D,06537#E1,Generalusage,03/06/2026 08:00:00 AM,03/06/2026 08:29:59 AM,0.001,0,A
ACCO_15e06beda2,NMI_df2d025267,DEVI_284a47f5e0,COMMS4D,06537#B1,Solar,03/06/2026 08:30:00 AM,03/06/2026 08:59:59 AM,0.001,0,A
ACCO_15e06beda2,NMI_df2d025267,DEVI_284a47f5e0,COMMS4D,06537#E1,Generalusage,03/06/2026 08:30:00 AM,03/06/2026 08:59:59 AM,0.002,0,A
ACCO_15e06beda2,NMI_df2d025267,DEVI_284a47f5e0,COMMS4D,06537#B1,Solar,03/06/2026 09:00:00 AM,03/06/2026 09:29:59 AM,0.001,0,A
ACCO_15e06beda2,NMI_df2d025267,DEVI_284a47f5e0,COMMS4D,06537#E1,Generalusage,03/06/2026 09:00:00 AM,03/06/2026 09:29:59 AM,0.002,0,A
ACCO_15e06beda2,NMI_df2d025267,DEVI_284a47f5e0,COMMS4D,06537#B1,Solar,03/06/2026 09:30:00 AM,03/06/2026 09:59:59 AM,0.002,0,A
ACCO_15e06beda2,NMI_df2d025267,DEVI_284a47f5e0,COMMS4D,06537#E1,Generalusage,03/06/2026 09:30:00 AM,03/06/2026 09:59:59 AM,0.001,0,A
ACCO_15e06beda2,NMI_df2d025267,DEVI_284a47f5e0,COMMS4D,06537#B1,Solar,03/06/2026 10:00:00 AM,03/06/2026 10:29:59 AM,0.187,0,A
ACCO_15e06beda2,NMI_df2d025267,DEVI_284a47f5e0,COMMS4D,06537#E1,Generalusage,03/06/2026 10:00:00 AM,03/06/2026 10:29:59 AM,0.003,0,A
ACCO_15e06beda2,NMI_df2d025267,DEVI_284a47f5e0,COMMS4D,06537#B1,Solar,03/06/2026 10:30:00 AM,03/06/2026 10:59:59 AM,2.256,0,A
ACCO_15e06beda2,NMI_df2d025267,DEVI_284a47f5e0,COMMS4D,06537#E1,Generalusage,03/06/2026 10:30:00 AM,03/06/2026 10:59:59 AM,0,0,A
ACCO_15e06beda2,NMI_df2d025267,DEVI_284a47f5e0,COMMS4D,06537#B1,Solar,03/06/2026 11:00:00 AM,03/06/2026 11:29:59 AM,3.16,0,A
ACCO_15e06beda2,NMI_df2d025267,DEVI_284a47f5e0,COMMS4D,06537#E1,Generalusage,03/06/2026 11:00:00 AM,03/06/2026 11:29:59 AM,0,0,A
ACCO_15e06beda2,NMI_df2d025267,DEVI_284a47f5e0,COMMS4D,06537#B1,Solar,03/06/2026 11:30:00 AM,03/06/2026 11:59:59 AM,3.251,0,A
ACCO_15e06beda2,NMI_df2d025267,DEVI_284a47f5e0,COMMS4D,06537#E1,Generalusage,03/06/2026 11:30:00 AM,03/06/2026 11:59:59 AM,0,0,A
ACCO_15e06beda2,NMI_df2d025267,DEVI_284a47f5e0,COMMS4D,06537#B1,Solar,03/06/2026 12:00:00 PM,03/06/2026 12:29:59 PM,3.315,0,A
ACCO_15e06beda2,NMI_df2d025267,DEVI_284a47f5e0,COMMS4D,06537#E1,Generalusage,03/06/2026 12:00:00 PM,03/06/2026 12:29:59 PM,0,0,A
ACCO_15e06beda2,NMI_df2d025267,DEVI_284a47f5e0,COMMS4D,06537#B1,Solar,03/06/2026 12:30:00 PM,03/06/2026 12:59:59 PM,3.275,0,A
ACCO_15e06beda2,NMI_df2d025267,DEVI_284a47f5e0,COMMS4D,06537#E1,Generalusage,03/06/2026 12:30:00 PM,03/06/2026 12:59:59 PM,0,0,A
ACCO_15e06beda2,NMI_df2d025267,DEVI_284a47f5e0,COMMS4D,06537#B1,Solar,03/06/2026 01:00:00 PM,03/06/2026 01:29:59 PM,2.954,0,A
ACCO_15e06beda2,NMI_df2d025267,DEVI_284a47f5e0,COMMS4D,06537#E1,Generalusage,03/06/2026 01:00:00 PM,03/06/2026 01:29:59 PM,0,0,A
ACCO_15e06beda2,NMI_df2d025267,DEVI_284a47f5e0,COMMS4D,06537#B1,Solar,03/06/2026 01:30:00 PM,03/06/2026 01:59:59 PM,2.34,0,A
ACCO_15e06beda2,NMI_df2d025267,DEVI_284a47f5e0,COMMS4D,06537#E1,Generalusage,03/06/2026 01:30:00 PM,03/06/2026 01:59:59 PM,0.002,0,A
ACCO_15e06beda2,NMI_df2d025267,DEVI_284a47f5e0,COMMS4D,06537#B1,Solar,03/06/2026 02:00:00 PM,03/06/2026 02:29:59 PM,1.886,0,A
ACCO_15e06beda2,NMI_df2d025267,DEVI_284a47f5e0,COMMS4D,06537#E1,Generalusage,03/06/2026 02:00:00 PM,03/06/2026 02:29:59 PM,0,0,A
ACCO_15e06beda2,NMI_df2d025267,DEVI_284a47f5e0,COMMS4D,06537#B1,Solar,03/06/2026 02:30:00 PM,03/06/2026 02:59:59 PM,1.183,0,A
ACCO_15e06beda2,NMI_df2d025267,DEVI_284a47f5e0,COMMS4D,06537#E1,Generalusage,03/06/2026 02:30:00 PM,03/06/2026 02:59:59 PM,0.007,0,A
ACCO_15e06beda2,NMI_df2d025267,DEVI_284a47f5e0,COMMS4D,06537#B1,Solar,03/06/2026 03:00:00 PM,03/06/2026 03:29:59 PM,1.492,0,A
ACCO_15e06beda2,NMI_df2d025267,DEVI_284a47f5e0,COMMS4D,06537#E1,Generalusage,03/06/2026 03:00:00 PM,03/06/2026 03:29:59 PM,0,0,A
ACCO_15e06beda2,NMI_df2d025267,DEVI_284a47f5e0,COMMS4D,06537#B1,Solar,03/06/2026 03:30:00 PM,03/06/2026 03:59:59 PM,0.987,0,A
ACCO_15e06beda2,NMI_df2d025267,DEVI_284a47f5e0,COMMS4D,06537#E1,Generalusage,03/06/2026 03:30:00 PM,03/06/2026 03:59:59 PM,0.001,0,A
ACCO_15e06beda2,NMI_df2d025267,DEVI_284a47f5e0,COMMS4D,06537#B1,Solar,03/06/2026 04:00:00 PM,03/06/2026 04:29:59 PM,0.002,0,A
ACCO_15e06beda2,NMI_df2d025267,DEVI_284a47f5e0,COMMS4D,06537#E1,Generalusage,03/06/2026 04:00:00 PM,03/06/2026 04:29:59 PM,0.002,0,A
ACCO_15e06beda2,NMI_df2d025267,DEVI_284a47f5e0,COMMS4D,06537#B1,Solar,03/06/2026 04:30:00 PM,03/06/2026 04:59:59 PM,0.002,0,A
ACCO_15e06beda2,NMI_df2d025267,DEVI_284a47f5e0,COMMS4D,06537#E1,Generalusage,03/06/2026 04:30:00 PM,03/06/2026 04:59:59 PM,0.001,0,A
ACCO_15e06beda2,NMI_df2d025267,DEVI_284a47f5e0,COMMS4D,06537#B1,Solar,03/06/2026 05:00:00 PM,03/06/2026 05:29:59 PM,0.002,0,A
ACCO_15e06beda2,NMI_df2d025267,DEVI_284a47f5e0,COMMS4D,06537#E1,Generalusage,03/06/2026 05:00:00 PM,03/06/2026 05:29:59 PM,0.001,0,A
ACCO_15e06beda2,NMI_df2d025267,DEVI_284a47f5e0,COMMS4D,06537#B1,Solar,03/06/2026 05:30:00 PM,03/06/2026 05:59:59 PM,0.002,0,A
ACCO_15e06beda2,NMI_df2d025267,DEVI_284a47f5e0,COMMS4D,06537#E1,Generalusage,03/06/2026 05:30:00 PM,03/06/2026 05:59:59 PM,0,0,A
ACCO_15e06beda2,NMI_df2d025267,DEVI_284a47f5e0,COMMS4D,06537#B1,Solar,03/06/2026 06:00:00 PM,03/06/2026 06:29:59 PM,0.003,0,A
ACCO_15e06beda2,NMI_df2d025267,DEVI_284a47f5e0,COMMS4D,06537#E1,Generalusage,03/06/2026 06:00:00 PM,03/06/2026 06:29:59 PM,0.001,0,A
ACCO_15e06beda2,NMI_df2d025267,DEVI_284a47f5e0,COMMS4D,06537#B1,Solar,03/06/2026 06:30:00 PM,03/06/2026 06:59:59 PM,0.002,0,A
ACCO_15e06beda2,NMI_df2d025267,DEVI_284a47f5e0,COMMS4D,06537#E1,Generalusage,03/06/2026 06:30:00 PM,03/06/2026 06:59:59 PM,0.001,0,A
ACCO_15e06beda2,NMI_df2d025267,DEVI_284a47f5e0,COMMS4D,06537#B1,Solar,03/06/2026 07:00:00 PM,03/06/2026 07:29:59 PM,0.002,0,A
ACCO_15e06beda2,NMI_df2d025267,DEVI_284a47f5e0,COMMS4D,06537#E1,Generalusage,03/06/2026 07:00:00 PM,03/06/2026 07:29:59 PM,0.002,0,A
ACCO_15e06beda2,NMI_df2d025267,DEVI_284a47f5e0,COMMS4D,06537#B1,Solar,03/06/2026 07:30:00 PM,03/06/2026 07:59:59 PM,0.003,0,A
ACCO_15e06beda2,NMI_df2d025267,DEVI_284a47f5e0,COMMS4D,06537#E1,Generalusage,03/06/2026 07:30:00 PM,03/06/2026 07:59:59 PM,0.001,0,A
ACCO_15e06beda2,NMI_df2d025267,DEVI_284a47f5e0,COMMS4D,06537#B1,Solar,03/06/2026 08:00:00 PM,03/06/2026 08:29:59 PM,0.003,0,A
ACCO_15e06beda2,NMI_df2d025267,DEVI_284a47f5e0,COMMS4D,06537#E1,Generalusage,03/06/2026 08:00:00 PM,03/06/2026 08:29:59 PM,0.001,0,A
ACCO_15e06beda2,NMI_df2d025267,DEVI_284a47f5e0,COMMS4D,06537#B1,Solar,03/06/2026 08:30:00 PM,03/06/2026 08:59:59 PM,0.002,0,A
ACCO_15e06beda2,NMI_df2d025267,DEVI_284a47f5e0,COMMS4D,06537#E1,Generalusage,03/06/2026 08:30:00 PM,03/06/2026 08:59:59 PM,0.001,0,A
ACCO_15e06beda2,NMI_df2d025267,DEVI_284a47f5e0,COMMS4D,06537#B1,Solar,03/06/2026 09:00:00 PM,03/06/2026 09:29:59 PM,0.002,0,A
ACCO_15e06beda2,NMI_df2d025267,DEVI_284a47f5e0,COMMS4D,06537#E1,Generalusage,03/06/2026 09:00:00 PM,03/06/2026 09:29:59 PM,0.001,0,A
ACCO_15e06beda2,NMI_df2d025267,DEVI_284a47f5e0,COMMS4D,06537#B1,Solar,03/06/2026 09:30:00 PM,03/06/2026 09:59:59 PM,0.003,0,A
ACCO_15e06beda2,NMI_df2d025267,DEVI_284a47f5e0,COMMS4D,06537#E1,Generalusage,03/06/2026 09:30:00 PM,03/06/2026 09:59:59 PM,0.001,0,A
ACCO_15e06beda2,NMI_df2d025267,DEVI_284a47f5e0,COMMS4D,06537#B1,Solar,03/06/2026 10:00:00 PM,03/06/2026 10:29:59 PM,0.003,0,A
ACCO_15e06beda2,NMI_df2d025267,DEVI_284a47f5e0,COMMS4D,06537#E1,Generalusage,03/06/2026 10:00:00 PM,03/06/2026 10:29:59 PM,0,0,A
ACCO_15e06beda2,NMI_df2d025267,DEVI_284a47f5e0,COMMS4D,06537#B1,Solar,03/06/2026 10:30:00 PM,03/06/2026 10:59:59 PM,0.003,0,A
ACCO_15e06beda2,NMI_df2d025267,DEVI_284a47f5e0,COMMS4D,06537#E1,Generalusage,03/06/2026 10:30:00 PM,03/06/2026 10:59:59 PM,0.001,0,A
ACCO_15e06beda2,NMI_df2d025267,DEVI_284a47f5e0,COMMS4D,06537#B1,Solar,03/06/2026 11:00:00 PM,03/06/2026 11:29:59 PM,0.004,0,A
ACCO_15e06beda2,NMI_df2d025267,DEVI_284a47f5e0,COMMS4D,06537#E1,Generalusage,03/06/2026 11:00:00 PM,03/06/2026 11:29:59 PM,0.001,0,A
ACCO_15e06beda2,NMI_df2d025267,DEVI_284a47f5e0,COMMS4D,06537#B1,Solar,03/06/2026 11:30:00 PM,03/06/2026 11:59:59 PM,0.001,0,A
ACCO_15e06beda2,NMI_df2d025267,DEVI_284a47f5e0,COMMS4D,06537#E1,Generalusage,03/06/2026 11:30:00 PM,03/06/2026 11:59:59 PM,0.001,0,A
ACCO_15e06beda2,NMI_df2d025267,DEVI_284a47f5e0,COMMS4D,06537#B1,Solar,04/06/2026 12:00:00 AM,04/06/2026 12:29:59 AM,0.001,0,A
ACCO_15e06beda2,NMI_df2d025267,DEVI_284a47f5e0,COMMS4D,06537#E1,Generalusage,04/06/2026 12:00:00 AM,04/06/2026 12:29:59 AM,0.002,0,A
ACCO_15e06beda2,NMI_df2d025267,DEVI_284a47f5e0,COMMS4D,06537#B1,Solar,04/06/2026 12:30:00 AM,04/06/2026 12:59:59 AM,0.002,0,A
ACCO_15e06beda2,NMI_df2d025267,DEVI_284a47f5e0,COMMS4D,06537#E1,Generalusage,04/06/2026 12:30:00 AM,04/06/2026 12:59:59 AM,0.001,0,A
ACCO_15e06beda2,NMI_df2d025267,DEVI_284a47f5e0,COMMS4D,06537#B1,Solar,04/06/2026 01:00:00 AM,04/06/2026 01:29:59 AM,0.002,0,A
ACCO_15e06beda2,NMI_df2d025267,DEVI_284a47f5e0,COMMS4D,06537#E1,Generalusage,04/06/2026 01:00:00 AM,04/06/2026 01:29:59 AM,0.001,0,A
ACCO_15e06beda2,NMI_df2d025267,DEVI_284a47f5e0,COMMS4D,06537#B1,Solar,04/06/2026 01:30:00 AM,04/06/2026 01:59:59 AM,0.002,0,A
ACCO_15e06beda2,NMI_df2d025267,DEVI_284a47f5e0,COMMS4D,06537#E1,Generalusage,04/06/2026 01:30:00 AM,04/06/2026 01:59:59 AM,0.001,0,A
ACCO_15e06beda2,NMI_df2d025267,DEVI_284a47f5e0,COMMS4D,06537#B1,Solar,04/06/2026 02:00:00 AM,04/06/2026 02:29:59 AM,0.003,0,A
ACCO_15e06beda2,NMI_df2d025267,DEVI_284a47f5e0,COMMS4D,06537#E1,Generalusage,04/06/2026 02:00:00 AM,04/06/2026 02:29:59 AM,0.001,0,A
ACCO_15e06beda2,NMI_df2d025267,DEVI_284a47f5e0,COMMS4D,06537#B1,Solar,04/06/2026 02:30:00 AM,04/06/2026 02:59:59 AM,0.003,0,A
ACCO_15e06beda2,NMI_df2d025267,DEVI_284a47f5e0,COMMS4D,06537#E1,Generalusage,04/06/2026 02:30:00 AM,04/06/2026 02:59:59 AM,0,0,A
ACCO_15e06beda2,NMI_df2d025267,DEVI_284a47f5e0,COMMS4D,06537#B1,Solar,04/06/2026 03:00:00 AM,04/06/2026 03:29:59 AM,0.002,0,A
ACCO_15e06beda2,NMI_df2d025267,DEVI_284a47f5e0,COMMS4D,06537#E1,Generalusage,04/06/2026 03:00:00 AM,04/06/2026 03:29:59 AM,0.001,0,A
ACCO_15e06beda2,NMI_df2d025267,DEVI_284a47f5e0,COMMS4D,06537#B1,Solar,04/06/2026 03:30:00 AM,04/06/2026 03:59:59 AM,0.003,0,A
ACCO_15e06beda2,NMI_df2d025267,DEVI_284a47f5e0,COMMS4D,06537#E1,Generalusage,04/06/2026 03:30:00 AM,04/06/2026 03:59:59 AM,0.001,0,A
ACCO_15e06beda2,NMI_df2d025267,DEVI_284a47f5e0,COMMS4D,06537#B1,Solar,04/06/2026 04:00:00 AM,04/06/2026 04:29:59 AM,0.002,0,A
ACCO_15e06beda2,NMI_df2d025267,DEVI_284a47f5e0,COMMS4D,06537#E1,Generalusage,04/06/2026 04:00:00 AM,04/06/2026 04:29:59 AM,0,0,A
ACCO_15e06beda2,NMI_df2d025267,DEVI_284a47f5e0,COMMS4D,06537#B1,Solar,04/06/2026 04:30:00 AM,04/06/2026 04:59:59 AM,0.003,0,A
ACCO_15e06beda2,NMI_df2d025267,DEVI_284a47f5e0,COMMS4D,06537#E1,Generalusage,04/06/2026 04:30:00 AM,04/06/2026 04:59:59 AM,0.001,0,A
ACCO_15e06beda2,NMI_df2d025267,DEVI_284a47f5e0,COMMS4D,06537#B1,Solar,04/06/2026 05:00:00 AM,04/06/2026 05:29:59 AM,0.003,0,A
ACCO_15e06beda2,NMI_df2d025267,DEVI_284a47f5e0,COMMS4D,06537#E1,Generalusage,04/06/2026 05:00:00 AM,04/06/2026 05:29:59 AM,0.001,0,A
ACCO_15e06beda2,NMI_df2d025267,DEVI_284a47f5e0,COMMS4D,06537#B1,Solar,04/06/2026 05:30:00 AM,04/06/2026 05:59:59 AM,0.001,0,A
ACCO_15e06beda2,NMI_df2d025267,DEVI_284a47f5e0,COMMS4D,06537#E1,Generalusage,04/06/2026 05:30:00 AM,04/06/2026 05:59:59 AM,0.001,0,A
ACCO_15e06beda2,NMI_df2d025267,DEVI_284a47f5e0,COMMS4D,06537#B1,Solar,04/06/2026 06:00:00 AM,04/06/2026 06:29:59 AM,0.002,0,A
ACCO_15e06beda2,NMI_df2d025267,DEVI_284a47f5e0,COMMS4D,06537#E1,Generalusage,04/06/2026 06:00:00 AM,04/06/2026 06:29:59 AM,0.001,0,A
ACCO_15e06beda2,NMI_df2d025267,DEVI_284a47f5e0,COMMS4D,06537#B1,Solar,04/06/2026 06:30:00 AM,04/06/2026 06:59:59 AM,0.003,0,A
ACCO_15e06beda2,NMI_df2d025267,DEVI_284a47f5e0,COMMS4D,06537#E1,Generalusage,04/06/2026 06:30:00 AM,04/06/2026 06:59:59 AM,0.001,0,A
ACCO_15e06beda2,NMI_df2d025267,DEVI_284a47f5e0,COMMS4D,06537#B1,Solar,04/06/2026 07:00:00 AM,04/06/2026 07:29:59 AM,0.002,0,A
ACCO_15e06beda2,NMI_df2d025267,DEVI_284a47f5e0,COMMS4D,06537#E1,Generalusage,04/06/2026 07:00:00 AM,04/06/2026 07:29:59 AM,0.001,0,A
ACCO_15e06beda2,NMI_df2d025267,DEVI_284a47f5e0,COMMS4D,06537#B1,Solar,04/06/2026 07:30:00 AM,04/06/2026 07:59:59 AM,0.004,0,A
ACCO_15e06beda2,NMI_df2d025267,DEVI_284a47f5e0,COMMS4D,06537#E1,Generalusage,04/06/2026 07:30:00 AM,04/06/2026 07:59:59 AM,0.001,0,A
ACCO_15e06beda2,NMI_df2d025267,DEVI_284a47f5e0,COMMS4D,06537#B1,Solar,04/06/2026 08:00:00 AM,04/06/2026 08:29:59 AM,0.003,0,A
ACCO_15e06beda2,NMI_df2d025267,DEVI_284a47f5e0,COMMS4D,06537#E1,Generalusage,04/06/2026 08:00:00 AM,04/06/2026 08:29:59 AM,0.001,0,A
ACCO_15e06beda2,NMI_df2d025267,DEVI_284a47f5e0,COMMS4D,06537#B1,Solar,04/06/2026 08:30:00 AM,04/06/2026 08:59:59 AM,0.004,0,A
ACCO_15e06beda2,NMI_df2d025267,DEVI_284a47f5e0,COMMS4D,06537#E1,Generalusage,04/06/2026 08:30:00 AM,04/06/2026 08:59:59 AM,0.002,0,A
ACCO_15e06beda2,NMI_df2d025267,DEVI_284a47f5e0,COMMS4D,06537#B1,Solar,04/06/2026 09:00:00 AM,04/06/2026 09:29:59 AM,0.003,0,A
ACCO_15e06beda2,NMI_df2d025267,DEVI_284a47f5e0,COMMS4D,06537#E1,Generalusage,04/06/2026 09:00:00 AM,04/06/2026 09:29:59 AM,0.001,0,A
ACCO_15e06beda2,NMI_df2d025267,DEVI_284a47f5e0,COMMS4D,06537#B1,Solar,04/06/2026 09:30:00 AM,04/06/2026 09:59:59 AM,0.004,0,A
ACCO_15e06beda2,NMI_df2d025267,DEVI_284a47f5e0,COMMS4D,06537#E1,Generalusage,04/06/2026 09:30:00 AM,04/06/2026 09:59:59 AM,0.002,0,A
ACCO_15e06beda2,NMI_df2d025267,DEVI_284a47f5e0,COMMS4D,06537#B1,Solar,04/06/2026 10:00:00 AM,04/06/2026 10:29:59 AM,0.003,0,A
ACCO_15e06beda2,NMI_df2d025267,DEVI_284a47f5e0,COMMS4D,06537#E1,Generalusage,04/06/2026 10:00:00 AM,04/06/2026 10:29:59 AM,0.001,0,A
ACCO_15e06beda2,NMI_df2d025267,DEVI_284a47f5e0,COMMS4D,06537#B1,Solar,04/06/2026 10:30:00 AM,04/06/2026 10:59:59 AM,0.002,0,A
ACCO_15e06beda2,NMI_df2d025267,DEVI_284a47f5e0,COMMS4D,06537#E1,Generalusage,04/06/2026 10:30:00 AM,04/06/2026 10:59:59 AM,0.001,0,A
ACCO_15e06beda2,NMI_df2d025267,DEVI_284a47f5e0,COMMS4D,06537#B1,Solar,04/06/2026 11:00:00 AM,04/06/2026 11:29:59 AM,0.004,0,A
ACCO_15e06beda2,NMI_df2d025267,DEVI_284a47f5e0,COMMS4D,06537#E1,Generalusage,04/06/2026 11:00:00 AM,04/06/2026 11:29:59 AM,0.002,0,A
ACCO_15e06beda2,NMI_df2d025267,DEVI_284a47f5e0,COMMS4D,06537#B1,Solar,04/06/2026 11:30:00 AM,04/06/2026 11:59:59 AM,0.171,0,A
ACCO_15e06beda2,NMI_df2d025267,DEVI_284a47f5e0,COMMS4D,06537#E1,Generalusage,04/06/2026 11:30:00 AM,04/06/2026 11:59:59 AM,0.004,0,A
ACCO_15e06beda2,NMI_df2d025267,DEVI_284a47f5e0,COMMS4D,06537#B1,Solar,04/06/2026 12:00:00 PM,04/06/2026 12:29:59 PM,2.226,0,A
ACCO_15e06beda2,NMI_df2d025267,DEVI_284a47f5e0,COMMS4D,06537#E1,Generalusage,04/06/2026 12:00:00 PM,04/06/2026 12:29:59 PM,0,0,A
ACCO_15e06beda2,NMI_df2d025267,DEVI_284a47f5e0,COMMS4D,06537#B1,Solar,04/06/2026 12:30:00 PM,04/06/2026 12:59:59 PM,2.854,0,A
ACCO_15e06beda2,NMI_df2d025267,DEVI_284a47f5e0,COMMS4D,06537#E1,Generalusage,04/06/2026 12:30:00 PM,04/06/2026 12:59:59 PM,0,0,A
ACCO_15e06beda2,NMI_df2d025267,DEVI_284a47f5e0,COMMS4D,06537#B1,Solar,04/06/2026 01:00:00 PM,04/06/2026 01:29:59 PM,2.34,0,A
ACCO_15e06beda2,NMI_df2d025267,DEVI_284a47f5e0,COMMS4D,06537#E1,Generalusage,04/06/2026 01:00:00 PM,04/06/2026 01:29:59 PM,0,0,A
ACCO_15e06beda2,NMI_df2d025267,DEVI_284a47f5e0,COMMS4D,06537#B1,Solar,04/06/2026 01:30:00 PM,04/06/2026 01:59:59 PM,1.537,0,A
ACCO_15e06beda2,NMI_df2d025267,DEVI_284a47f5e0,COMMS4D,06537#E1,Generalusage,04/06/2026 01:30:00 PM,04/06/2026 01:59:59 PM,0.001,0,A
ACCO_15e06beda2,NMI_df2d025267,DEVI_284a47f5e0,COMMS4D,06537#B1,Solar,04/06/2026 02:00:00 PM,04/06/2026 02:29:59 PM,1.808,0,A
ACCO_15e06beda2,NMI_df2d025267,DEVI_284a47f5e0,COMMS4D,06537#E1,Generalusage,04/06/2026 02:00:00 PM,04/06/2026 02:29:59 PM,0.001,0,A
ACCO_15e06beda2,NMI_df2d025267,DEVI_284a47f5e0,COMMS4D,06537#B1,Solar,04/06/2026 02:30:00 PM,04/06/2026 02:59:59 PM,1.62,0,A
ACCO_15e06beda2,NMI_df2d025267,DEVI_284a47f5e0,COMMS4D,06537#E1,Generalusage,04/06/2026 02:30:00 PM,04/06/2026 02:59:59 PM,0,0,A
ACCO_15e06beda2,NMI_df2d025267,DEVI_284a47f5e0,COMMS4D,06537#B1,Solar,04/06/2026 03:00:00 PM,04/06/2026 03:29:59 PM,0.772,0,A
ACCO_15e06beda2,NMI_df2d025267,DEVI_284a47f5e0,COMMS4D,06537#E1,Generalusage,04/06/2026 03:00:00 PM,04/06/2026 03:29:59 PM,0.001,0,A
ACCO_15e06beda2,NMI_df2d025267,DEVI_284a47f5e0,COMMS4D,06537#B1,Solar,04/06/2026 03:30:00 PM,04/06/2026 03:59:59 PM,0.585,0,A
ACCO_15e06beda2,NMI_df2d025267,DEVI_284a47f5e0,COMMS4D,06537#E1,Generalusage,04/06/2026 03:30:00 PM,04/06/2026 03:59:59 PM,0.001,0,A
ACCO_15e06beda2,NMI_df2d025267,DEVI_284a47f5e0,COMMS4D,06537#B1,Solar,04/06/2026 04:00:00 PM,04/06/2026 04:29:59 PM,0.329,0,A
ACCO_15e06beda2,NMI_df2d025267,DEVI_284a47f5e0,COMMS4D,06537#E1,Generalusage,04/06/2026 04:00:00 PM,04/06/2026 04:29:59 PM,0.001,0,A
ACCO_15e06beda2,NMI_df2d025267,DEVI_284a47f5e0,COMMS4D,06537#B1,Solar,04/06/2026 04:30:00 PM,04/06/2026 04:59:59 PM,0.003,0,A
ACCO_15e06beda2,NMI_df2d025267,DEVI_284a47f5e0,COMMS4D,06537#E1,Generalusage,04/06/2026 04:30:00 PM,04/06/2026 04:59:59 PM,0.001,0,A
ACCO_15e06beda2,NMI_df2d025267,DEVI_284a47f5e0,COMMS4D,06537#B1,Solar,04/06/2026 05:00:00 PM,04/06/2026 05:29:59 PM,0.003,0,A
ACCO_15e06beda2,NMI_df2d025267,DEVI_284a47f5e0,COMMS4D,06537#E1,Generalusage,04/06/2026 05:00:00 PM,04/06/2026 05:29:59 PM,0.001,0,A
ACCO_15e06beda2,NMI_df2d025267,DEVI_284a47f5e0,COMMS4D,06537#B1,Solar,04/06/2026 05:30:00 PM,04/06/2026 05:59:59 PM,0.004,0,A
ACCO_15e06beda2,NMI_df2d025267,DEVI_284a47f5e0,COMMS4D,06537#E1,Generalusage,04/06/2026 05:30:00 PM,04/06/2026 05:59:59 PM,0.002,0,A
ACCO_15e06beda2,NMI_df2d025267,DEVI_284a47f5e0,COMMS4D,06537#B1,Solar,04/06/2026 06:00:00 PM,04/06/2026 06:29:59 PM,0.005,0,A
ACCO_15e06beda2,NMI_df2d025267,DEVI_284a47f5e0,COMMS4D,06537#E1,Generalusage,04/06/2026 06:00:00 PM,04/06/2026 06:29:59 PM,0.004,0,A
ACCO_15e06beda2,NMI_df2d025267,DEVI_284a47f5e0,COMMS4D,06537#B1,Solar,04/06/2026 06:30:00 PM,04/06/2026 06:59:59 PM,0.004,0,A
ACCO_15e06beda2,NMI_df2d025267,DEVI_284a47f5e0,COMMS4D,06537#E1,Generalusage,04/06/2026 06:30:00 PM,04/06/2026 06:59:59 PM,0.001,0,A
ACCO_15e06beda2,NMI_df2d025267,DEVI_284a47f5e0,COMMS4D,06537#B1,Solar,04/06/2026 07:00:00 PM,04/06/2026 07:29:59 PM,0.003,0,A
ACCO_15e06beda2,NMI_df2d025267,DEVI_284a47f5e0,COMMS4D,06537#E1,Generalusage,04/06/2026 07:00:00 PM,04/06/2026 07:29:59 PM,0.002,0,A
ACCO_15e06beda2,NMI_df2d025267,DEVI_284a47f5e0,COMMS4D,06537#B1,Solar,04/06/2026 07:30:00 PM,04/06/2026 07:59:59 PM,0.004,0,A
ACCO_15e06beda2,NMI_df2d025267,DEVI_284a47f5e0,COMMS4D,06537#E1,Generalusage,04/06/2026 07:30:00 PM,04/06/2026 07:59:59 PM,0.001,0,A
ACCO_15e06beda2,NMI_df2d025267,DEVI_284a47f5e0,COMMS4D,06537#B1,Solar,04/06/2026 08:00:00 PM,04/06/2026 08:29:59 PM,0.003,0,A
ACCO_15e06beda2,NMI_df2d025267,DEVI_284a47f5e0,COMMS4D,06537#E1,Generalusage,04/06/2026 08:00:00 PM,04/06/2026 08:29:59 PM,0.001,0,A
ACCO_15e06beda2,NMI_df2d025267,DEVI_284a47f5e0,COMMS4D,06537#B1,Solar,04/06/2026 08:30:00 PM,04/06/2026 08:59:59 PM,0.003,0,A
ACCO_15e06beda2,NMI_df2d025267,DEVI_284a47f5e0,COMMS4D,06537#E1,Generalusage,04/06/2026 08:30:00 PM,04/06/2026 08:59:59 PM,0.001,0,A
ACCO_15e06beda2,NMI_df2d025267,DEVI_284a47f5e0,COMMS4D,06537#B1,Solar,04/06/2026 09:00:00 PM,04/06/2026 09:29:59 PM,0.003,0,A
ACCO_15e06beda2,NMI_df2d025267,DEVI_284a47f5e0,COMMS4D,06537#E1,Generalusage,04/06/2026 09:00:00 PM,04/06/2026 09:29:59 PM,0.002,0,A
ACCO_15e06beda2,NMI_df2d025267,DEVI_284a47f5e0,COMMS4D,06537#B1,Solar,04/06/2026 09:30:00 PM,04/06/2026 09:59:59 PM,0.002,0,A
ACCO_15e06beda2,NMI_df2d025267,DEVI_284a47f5e0,COMMS4D,06537#E1,Generalusage,04/06/2026 09:30:00 PM,04/06/2026 09:59:59 PM,0.001,0,A
ACCO_15e06beda2,NMI_df2d025267,DEVI_284a47f5e0,COMMS4D,06537#B1,Solar,04/06/2026 10:00:00 PM,04/06/2026 10:29:59 PM,0.003,0,A
ACCO_15e06beda2,NMI_df2d025267,DEVI_284a47f5e0,COMMS4D,06537#E1,Generalusage,04/06/2026 10:00:00 PM,04/06/2026 10:29:59 PM,0.001,0,A
ACCO_15e06beda2,NMI_df2d025267,DEVI_284a47f5e0,COMMS4D,06537#B1,Solar,04/06/2026 10:30:00 PM,04/06/2026 10:59:59 PM,0.003,0,A
ACCO_15e06beda2,NMI_df2d025267,DEVI_284a47f5e0,COMMS4D,06537#E1,Generalusage,04/06/2026 10:30:00 PM,04/06/2026 10:59:59 PM,0.001,0,A
ACCO_15e06beda2,NMI_df2d025267,DEVI_284a47f5e0,COMMS4D,06537#B1,Solar,04/06/2026 11:00:00 PM,04/06/2026 11:29:59 PM,0.003,0,A
ACCO_15e06beda2,NMI_df2d025267,DEVI_284a47f5e0,COMMS4D,06537#E1,Generalusage,04/06/2026 11:00:00 PM,04/06/2026 11:29:59 PM,0,0,A
ACCO_15e06beda2,NMI_df2d025267,DEVI_284a47f5e0,COMMS4D,06537#B1,Solar,04/06/2026 11:30:00 PM,04/06/2026 11:59:59 PM,0.001,0,A
ACCO_15e06beda2,NMI_df2d025267,DEVI_284a47f5e0,COMMS4D,06537#E1,Generalusage,04/06/2026 11:30:00 PM,04/06/2026 11:59:59 PM,0.002,0,A
ACCO_15e06beda2,NMI_df2d025267,DEVI_284a47f5e0,COMMS4D,06537#B1,Solar,05/06/2026 12:00:00 AM,05/06/2026 12:29:59 AM,0.002,0,A
ACCO_15e06beda2,NMI_df2d025267,DEVI_284a47f5e0,COMMS4D,06537#E1,Generalusage,05/06/2026 12:00:00 AM,05/06/2026 12:29:59 AM,0,0,A
ACCO_15e06beda2,NMI_df2d025267,DEVI_284a47f5e0,COMMS4D,06537#B1,Solar,05/06/2026 12:30:00 AM,05/06/2026 12:59:59 AM,0.003,0,A
ACCO_15e06beda2,NMI_df2d025267,DEVI_284a47f5e0,COMMS4D,06537#E1,Generalusage,05/06/2026 12:30:00 AM,05/06/2026 12:59:59 AM,0.001,0,A
ACCO_15e06beda2,NMI_df2d025267,DEVI_284a47f5e0,COMMS4D,06537#B1,Solar,05/06/2026 01:00:00 AM,05/06/2026 01:29:59 AM,0.001,0,A
ACCO_15e06beda2,NMI_df2d025267,DEVI_284a47f5e0,COMMS4D,06537#E1,Generalusage,05/06/2026 01:00:00 AM,05/06/2026 01:29:59 AM,0.001,0,A
ACCO_15e06beda2,NMI_df2d025267,DEVI_284a47f5e0,COMMS4D,06537#B1,Solar,05/06/2026 01:30:00 AM,05/06/2026 01:59:59 AM,0.001,0,A
ACCO_15e06beda2,NMI_df2d025267,DEVI_284a47f5e0,COMMS4D,06537#E1,Generalusage,05/06/2026 01:30:00 AM,05/06/2026 01:59:59 AM,0.002,0,A
ACCO_15e06beda2,NMI_df2d025267,DEVI_284a47f5e0,COMMS4D,06537#B1,Solar,05/06/2026 02:00:00 AM,05/06/2026 02:29:59 AM,0.002,0,A
ACCO_15e06beda2,NMI_df2d025267,DEVI_284a47f5e0,COMMS4D,06537#E1,Generalusage,05/06/2026 02:00:00 AM,05/06/2026 02:29:59 AM,0.001,0,A
ACCO_15e06beda2,NMI_df2d025267,DEVI_284a47f5e0,COMMS4D,06537#B1,Solar,05/06/2026 02:30:00 AM,05/06/2026 02:59:59 AM,0.002,0,A
ACCO_15e06beda2,NMI_df2d025267,DEVI_284a47f5e0,COMMS4D,06537#E1,Generalusage,05/06/2026 02:30:00 AM,05/06/2026 02:59:59 AM,0.001,0,A
ACCO_15e06beda2,NMI_df2d025267,DEVI_284a47f5e0,COMMS4D,06537#B1,Solar,05/06/2026 03:00:00 AM,05/06/2026 03:29:59 AM,0.002,0,A
ACCO_15e06beda2,NMI_df2d025267,DEVI_284a47f5e0,COMMS4D,06537#E1,Generalusage,05/06/2026 03:00:00 AM,05/06/2026 03:29:59 AM,0.001,0,A
ACCO_15e06beda2,NMI_df2d025267,DEVI_284a47f5e0,COMMS4D,06537#B1,Solar,05/06/2026 03:30:00 AM,05/06/2026 03:59:59 AM,0.002,0,A
ACCO_15e06beda2,NMI_df2d025267,DEVI_284a47f5e0,COMMS4D,06537#E1,Generalusage,05/06/2026 03:30:00 AM,05/06/2026 03:59:59 AM,0,0,A
ACCO_15e06beda2,NMI_df2d025267,DEVI_284a47f5e0,COMMS4D,06537#B1,Solar,05/06/2026 04:00:00 AM,05/06/2026 04:29:59 AM,0.001,0,A
ACCO_15e06beda2,NMI_df2d025267,DEVI_284a47f5e0,COMMS4D,06537#E1,Generalusage,05/06/2026 04:00:00 AM,05/06/2026 04:29:59 AM,0.001,0,A
ACCO_15e06beda2,NMI_df2d025267,DEVI_284a47f5e0,COMMS4D,06537#B1,Solar,05/06/2026 04:30:00 AM,05/06/2026 04:59:59 AM,0.002,0,A
ACCO_15e06beda2,NMI_df2d025267,DEVI_284a47f5e0,COMMS4D,06537#E1,Generalusage,05/06/2026 04:30:00 AM,05/06/2026 04:59:59 AM,0.001,0,A
ACCO_15e06beda2,NMI_df2d025267,DEVI_284a47f5e0,COMMS4D,06537#B1,Solar,05/06/2026 05:00:00 AM,05/06/2026 05:29:59 AM,0.001,0,A
ACCO_15e06beda2,NMI_df2d025267,DEVI_284a47f5e0,COMMS4D,06537#E1,Generalusage,05/06/2026 05:00:00 AM,05/06/2026 05:29:59 AM,0.001,0,A
ACCO_15e06beda2,NMI_df2d025267,DEVI_284a47f5e0,COMMS4D,06537#B1,Solar,05/06/2026 05:30:00 AM,05/06/2026 05:59:59 AM,0.002,0,A
ACCO_15e06beda2,NMI_df2d025267,DEVI_284a47f5e0,COMMS4D,06537#E1,Generalusage,05/06/2026 05:30:00 AM,05/06/2026 05:59:59 AM,0.001,0,A
ACCO_15e06beda2,NMI_df2d025267,DEVI_284a47f5e0,COMMS4D,06537#B1,Solar,05/06/2026 06:00:00 AM,05/06/2026 06:29:59 AM,0.003,0,A
ACCO_15e06beda2,NMI_df2d025267,DEVI_284a47f5e0,COMMS4D,06537#E1,Generalusage,05/06/2026 06:00:00 AM,05/06/2026 06:29:59 AM,0.001,0,A
ACCO_15e06beda2,NMI_df2d025267,DEVI_284a47f5e0,COMMS4D,06537#B1,Solar,05/06/2026 06:30:00 AM,05/06/2026 06:59:59 AM,0.002,0,A
ACCO_15e06beda2,NMI_df2d025267,DEVI_284a47f5e0,COMMS4D,06537#E1,Generalusage,05/06/2026 06:30:00 AM,05/06/2026 06:59:59 AM,0.001,0,A
ACCO_15e06beda2,NMI_df2d025267,DEVI_284a47f5e0,COMMS4D,06537#B1,Solar,05/06/2026 07:00:00 AM,05/06/2026 07:29:59 AM,0.003,0,A
ACCO_15e06beda2,NMI_df2d025267,DEVI_284a47f5e0,COMMS4D,06537#E1,Generalusage,05/06/2026 07:00:00 AM,05/06/2026 07:29:59 AM,0.001,0,A
ACCO_15e06beda2,NMI_df2d025267,DEVI_284a47f5e0,COMMS4D,06537#B1,Solar,05/06/2026 07:30:00 AM,05/06/2026 07:59:59 AM,0.002,0,A
ACCO_15e06beda2,NMI_df2d025267,DEVI_284a47f5e0,COMMS4D,06537#E1,Generalusage,05/06/2026 07:30:00 AM,05/06/2026 07:59:59 AM,0.001,0,A
ACCO_15e06beda2,NMI_df2d025267,DEVI_284a47f5e0,COMMS4D,06537#B1,Solar,05/06/2026 08:00:00 AM,05/06/2026 08:29:59 AM,0.002,0,A
ACCO_15e06beda2,NMI_df2d025267,DEVI_284a47f5e0,COMMS4D,06537#E1,Generalusage,05/06/2026 08:00:00 AM,05/06/2026 08:29:59 AM,0.001,0,A
ACCO_15e06beda2,NMI_df2d025267,DEVI_284a47f5e0,COMMS4D,06537#B1,Solar,05/06/2026 08:30:00 AM,05/06/2026 08:59:59 AM,0.004,0,A
ACCO_15e06beda2,NMI_df2d025267,DEVI_284a47f5e0,COMMS4D,06537#E1,Generalusage,05/06/2026 08:30:00 AM,05/06/2026 08:59:59 AM,0.002,0,A
ACCO_15e06beda2,NMI_df2d025267,DEVI_284a47f5e0,COMMS4D,06537#B1,Solar,05/06/2026 09:00:00 AM,05/06/2026 09:29:59 AM,0.004,0,A
ACCO_15e06beda2,NMI_df2d025267,DEVI_284a47f5e0,COMMS4D,06537#E1,Generalusage,05/06/2026 09:00:00 AM,05/06/2026 09:29:59 AM,0.002,0,A
ACCO_15e06beda2,NMI_df2d025267,DEVI_284a47f5e0,COMMS4D,06537#B1,Solar,05/06/2026 09:30:00 AM,05/06/2026 09:59:59 AM,0.002,0,A
ACCO_15e06beda2,NMI_df2d025267,DEVI_284a47f5e0,COMMS4D,06537#E1,Generalusage,05/06/2026 09:30:00 AM,05/06/2026 09:59:59 AM,0.001,0,A
ACCO_15e06beda2,NMI_df2d025267,DEVI_284a47f5e0,COMMS4D,06537#B1,Solar,05/06/2026 10:00:00 AM,05/06/2026 10:29:59 AM,0.003,0,A
ACCO_15e06beda2,NMI_df2d025267,DEVI_284a47f5e0,COMMS4D,06537#E1,Generalusage,05/06/2026 10:00:00 AM,05/06/2026 10:29:59 AM,0.001,0,A
ACCO_15e06beda2,NMI_df2d025267,DEVI_284a47f5e0,COMMS4D,06537#B1,Solar,05/06/2026 10:30:00 AM,05/06/2026 10:59:59 AM,0.002,0,A
ACCO_15e06beda2,NMI_df2d025267,DEVI_284a47f5e0,COMMS4D,06537#E1,Generalusage,05/06/2026 10:30:00 AM,05/06/2026 10:59:59 AM,0.001,0,A
ACCO_15e06beda2,NMI_df2d025267,DEVI_284a47f5e0,COMMS4D,06537#B1,Solar,05/06/2026 11:00:00 AM,05/06/2026 11:29:59 AM,0.003,0,A
ACCO_15e06beda2,NMI_df2d025267,DEVI_284a47f5e0,COMMS4D,06537#E1,Generalusage,05/06/2026 11:00:00 AM,05/06/2026 11:29:59 AM,0.001,0,A
ACCO_15e06beda2,NMI_df2d025267,DEVI_284a47f5e0,COMMS4D,06537#B1,Solar,05/06/2026 11:30:00 AM,05/06/2026 11:59:59 AM,0.028,0,A
ACCO_15e06beda2,NMI_df2d025267,DEVI_284a47f5e0,COMMS4D,06537#E1,Generalusage,05/06/2026 11:30:00 AM,05/06/2026 11:59:59 AM,0.002,0,A
ACCO_15e06beda2,NMI_df2d025267,DEVI_284a47f5e0,COMMS4D,06537#B1,Solar,05/06/2026 12:00:00 PM,05/06/2026 12:29:59 PM,1.928,0,A
ACCO_15e06beda2,NMI_df2d025267,DEVI_284a47f5e0,COMMS4D,06537#E1,Generalusage,05/06/2026 12:00:00 PM,05/06/2026 12:29:59 PM,0.002,0,A
ACCO_15e06beda2,NMI_df2d025267,DEVI_284a47f5e0,COMMS4D,06537#B1,Solar,05/06/2026 12:30:00 PM,05/06/2026 12:59:59 PM,2.643,0,A
ACCO_15e06beda2,NMI_df2d025267,DEVI_284a47f5e0,COMMS4D,06537#E1,Generalusage,05/06/2026 12:30:00 PM,05/06/2026 12:59:59 PM,0,0,A
ACCO_15e06beda2,NMI_df2d025267,DEVI_284a47f5e0,COMMS4D,06537#B1,Solar,05/06/2026 01:00:00 PM,05/06/2026 01:29:59 PM,1.66,0,A
ACCO_15e06beda2,NMI_df2d025267,DEVI_284a47f5e0,COMMS4D,06537#E1,Generalusage,05/06/2026 01:00:00 PM,05/06/2026 01:29:59 PM,0,0,A
ACCO_15e06beda2,NMI_df2d025267,DEVI_284a47f5e0,COMMS4D,06537#B1,Solar,05/06/2026 01:30:00 PM,05/06/2026 01:59:59 PM,0.626,0,A
ACCO_15e06beda2,NMI_df2d025267,DEVI_284a47f5e0,COMMS4D,06537#E1,Generalusage,05/06/2026 01:30:00 PM,05/06/2026 01:59:59 PM,0.003,0,A
ACCO_15e06beda2,NMI_df2d025267,DEVI_284a47f5e0,COMMS4D,06537#B1,Solar,05/06/2026 02:00:00 PM,05/06/2026 02:29:59 PM,1.334,0,A
ACCO_15e06beda2,NMI_df2d025267,DEVI_284a47f5e0,COMMS4D,06537#E1,Generalusage,05/06/2026 02:00:00 PM,05/06/2026 02:29:59 PM,0,0,A
ACCO_15e06beda2,NMI_df2d025267,DEVI_284a47f5e0,COMMS4D,06537#B1,Solar,05/06/2026 02:30:00 PM,05/06/2026 02:59:59 PM,2.25,0,A
ACCO_15e06beda2,NMI_df2d025267,DEVI_284a47f5e0,COMMS4D,06537#E1,Generalusage,05/06/2026 02:30:00 PM,05/06/2026 02:59:59 PM,0,0,A
ACCO_15e06beda2,NMI_df2d025267,DEVI_284a47f5e0,COMMS4D,06537#B1,Solar,05/06/2026 03:00:00 PM,05/06/2026 03:29:59 PM,1.634,0,A
ACCO_15e06beda2,NMI_df2d025267,DEVI_284a47f5e0,COMMS4D,06537#E1,Generalusage,05/06/2026 03:00:00 PM,05/06/2026 03:29:59 PM,0.002,0,A
ACCO_15e06beda2,NMI_df2d025267,DEVI_284a47f5e0,COMMS4D,06537#B1,Solar,05/06/2026 03:30:00 PM,05/06/2026 03:59:59 PM,0.72,0,A
ACCO_15e06beda2,NMI_df2d025267,DEVI_284a47f5e0,COMMS4D,06537#E1,Generalusage,05/06/2026 03:30:00 PM,05/06/2026 03:59:59 PM,0.002,0,A
ACCO_15e06beda2,NMI_df2d025267,DEVI_284a47f5e0,COMMS4D,06537#B1,Solar,05/06/2026 04:00:00 PM,05/06/2026 04:29:59 PM,0.124,0,A
ACCO_15e06beda2,NMI_df2d025267,DEVI_284a47f5e0,COMMS4D,06537#E1,Generalusage,05/06/2026 04:00:00 PM,05/06/2026 04:29:59 PM,0.002,0,A
ACCO_15e06beda2,NMI_df2d025267,DEVI_284a47f5e0,COMMS4D,06537#B1,Solar,05/06/2026 04:30:00 PM,05/06/2026 04:59:59 PM,0.003,0,A
ACCO_15e06beda2,NMI_df2d025267,DEVI_284a47f5e0,COMMS4D,06537#E1,Generalusage,05/06/2026 04:30:00 PM,05/06/2026 04:59:59 PM,0,0,A
ACCO_15e06beda2,NMI_df2d025267,DEVI_284a47f5e0,COMMS4D,06537#B1,Solar,05/06/2026 05:00:00 PM,05/06/2026 05:29:59 PM,0.003,0,A
ACCO_15e06beda2,NMI_df2d025267,DEVI_284a47f5e0,COMMS4D,06537#E1,Generalusage,05/06/2026 05:00:00 PM,05/06/2026 05:29:59 PM,0.001,0,A
ACCO_15e06beda2,NMI_df2d025267,DEVI_284a47f5e0,COMMS4D,06537#B1,Solar,05/06/2026 05:30:00 PM,05/06/2026 05:59:59 PM,0.002,0,A
ACCO_15e06beda2,NMI_df2d025267,DEVI_284a47f5e0,COMMS4D,06537#E1,Generalusage,05/06/2026 05:30:00 PM,05/06/2026 05:59:59 PM,0.001,0,A
ACCO_15e06beda2,NMI_df2d025267,DEVI_284a47f5e0,COMMS4D,06537#B1,Solar,05/06/2026 06:00:00 PM,05/06/2026 06:29:59 PM,0.002,0,A
ACCO_15e06beda2,NMI_df2d025267,DEVI_284a47f5e0,COMMS4D,06537#E1,Generalusage,05/06/2026 06:00:00 PM,05/06/2026 06:29:59 PM,0.001,0,A
ACCO_15e06beda2,NMI_df2d025267,DEVI_284a47f5e0,COMMS4D,06537#B1,Solar,05/06/2026 06:30:00 PM,05/06/2026 06:59:59 PM,0.004,0,A
ACCO_15e06beda2,NMI_df2d025267,DEVI_284a47f5e0,COMMS4D,06537#E1,Generalusage,05/06/2026 06:30:00 PM,05/06/2026 06:59:59 PM,0.003,0,A
ACCO_15e06beda2,NMI_df2d025267,DEVI_284a47f5e0,COMMS4D,06537#B1,Solar,05/06/2026 07:00:00 PM,05/06/2026 07:29:59 PM,0.003,0,A
ACCO_15e06beda2,NMI_df2d025267,DEVI_284a47f5e0,COMMS4D,06537#E1,Generalusage,05/06/2026 07:00:00 PM,05/06/2026 07:29:59 PM,0.002,0,A
ACCO_15e06beda2,NMI_df2d025267,DEVI_284a47f5e0,COMMS4D,06537#B1,Solar,05/06/2026 07:30:00 PM,05/06/2026 07:59:59 PM,0.003,0,A
ACCO_15e06beda2,NMI_df2d025267,DEVI_284a47f5e0,COMMS4D,06537#E1,Generalusage,05/06/2026 07:30:00 PM,05/06/2026 07:59:59 PM,0.001,0,A
ACCO_15e06beda2,NMI_df2d025267,DEVI_284a47f5e0,COMMS4D,06537#B1,Solar,05/06/2026 08:00:00 PM,05/06/2026 08:29:59 PM,0.002,0,A
ACCO_15e06beda2,NMI_df2d025267,DEVI_284a47f5e0,COMMS4D,06537#E1,Generalusage,05/06/2026 08:00:00 PM,05/06/2026 08:29:59 PM,0.001,0,A
ACCO_15e06beda2,NMI_df2d025267,DEVI_284a47f5e0,COMMS4D,06537#B1,Solar,05/06/2026 08:30:00 PM,05/06/2026 08:59:59 PM,0.003,0,A
ACCO_15e06beda2,NMI_df2d025267,DEVI_284a47f5e0,COMMS4D,06537#E1,Generalusage,05/06/2026 08:30:00 PM,05/06/2026 08:59:59 PM,0.001,0,A
ACCO_15e06beda2,NMI_df2d025267,DEVI_284a47f5e0,COMMS4D,06537#B1,Solar,05/06/2026 09:00:00 PM,05/06/2026 09:29:59 PM,0.002,0,A
ACCO_15e06beda2,NMI_df2d025267,DEVI_284a47f5e0,COMMS4D,06537#E1,Generalusage,05/06/2026 09:00:00 PM,05/06/2026 09:29:59 PM,0.001,0,A
ACCO_15e06beda2,NMI_df2d025267,DEVI_284a47f5e0,COMMS4D,06537#B1,Solar,05/06/2026 09:30:00 PM,05/06/2026 09:59:59 PM,0.002,0,A
ACCO_15e06beda2,NMI_df2d025267,DEVI_284a47f5e0,COMMS4D,06537#E1,Generalusage,05/06/2026 09:30:00 PM,05/06/2026 09:59:59 PM,0.001,0,A
ACCO_15e06beda2,NMI_df2d025267,DEVI_284a47f5e0,COMMS4D,06537#B1,Solar,05/06/2026 10:00:00 PM,05/06/2026 10:29:59 PM,0.003,0,A
ACCO_15e06beda2,NMI_df2d025267,DEVI_284a47f5e0,COMMS4D,06537#E1,Generalusage,05/06/2026 10:00:00 PM,05/06/2026 10:29:59 PM,0,0,A
ACCO_15e06beda2,NMI_df2d025267,DEVI_284a47f5e0,COMMS4D,06537#B1,Solar,05/06/2026 10:30:00 PM,05/06/2026 10:59:59 PM,0.002,0,A
ACCO_15e06beda2,NMI_df2d025267,DEVI_284a47f5e0,COMMS4D,06537#E1,Generalusage,05/06/2026 10:30:00 PM,05/06/2026 10:59:59 PM,0.001,0,A
ACCO_15e06beda2,NMI_df2d025267,DEVI_284a47f5e0,COMMS4D,06537#B1,Solar,05/06/2026 11:00:00 PM,05/06/2026 11:29:59 PM,0.003,0,A
ACCO_15e06beda2,NMI_df2d025267,DEVI_284a47f5e0,COMMS4D,06537#E1,Generalusage,05/06/2026 11:00:00 PM,05/06/2026 11:29:59 PM,0,0,A
ACCO_15e06beda2,NMI_df2d025267,DEVI_284a47f5e0,COMMS4D,06537#B1,Solar,05/06/2026 11:30:00 PM,05/06/2026 11:59:59 PM,0.003,0,A
ACCO_15e06beda2,NMI_df2d025267,DEVI_284a47f5e0,COMMS4D,06537#E1,Generalusage,05/06/2026 11:30:00 PM,05/06/2026 11:59:59 PM,0.001,0,A
ACCO_15e06beda2,NMI_df2d025267,DEVI_284a47f5e0,COMMS4D,06537#B1,Solar,06/06/2026 12:00:00 AM,06/06/2026 12:29:59 AM,0.002,0,A
ACCO_15e06beda2,NMI_df2d025267,DEVI_284a47f5e0,COMMS4D,06537#E1,Generalusage,06/06/2026 12:00:00 AM,06/06/2026 12:29:59 AM,0,0,A
ACCO_15e06beda2,NMI_df2d025267,DEVI_284a47f5e0,COMMS4D,06537#B1,Solar,06/06/2026 12:30:00 AM,06/06/2026 12:59:59 AM,0.002,0,A
ACCO_15e06beda2,NMI_df2d025267,DEVI_284a47f5e0,COMMS4D,06537#E1,Generalusage,06/06/2026 12:30:00 AM,06/06/2026 12:59:59 AM,0.001,0,A
ACCO_15e06beda2,NMI_df2d025267,DEVI_284a47f5e0,COMMS4D,06537#B1,Solar,06/06/2026 01:00:00 AM,06/06/2026 01:29:59 AM,0.002,0,A
ACCO_15e06beda2,NMI_df2d025267,DEVI_284a47f5e0,COMMS4D,06537#E1,Generalusage,06/06/2026 01:00:00 AM,06/06/2026 01:29:59 AM,0.001,0,A
ACCO_15e06beda2,NMI_df2d025267,DEVI_284a47f5e0,COMMS4D,06537#B1,Solar,06/06/2026 01:30:00 AM,06/06/2026 01:59:59 AM,0.002,0,A
ACCO_15e06beda2,NMI_df2d025267,DEVI_284a47f5e0,COMMS4D,06537#E1,Generalusage,06/06/2026 01:30:00 AM,06/06/2026 01:59:59 AM,0.001,0,A
ACCO_15e06beda2,NMI_df2d025267,DEVI_284a47f5e0,COMMS4D,06537#B1,Solar,06/06/2026 02:00:00 AM,06/06/2026 02:29:59 AM,0.002,0,A
ACCO_15e06beda2,NMI_df2d025267,DEVI_284a47f5e0,COMMS4D,06537#E1,Generalusage,06/06/2026 02:00:00 AM,06/06/2026 02:29:59 AM,0.001,0,A
ACCO_15e06beda2,NMI_df2d025267,DEVI_284a47f5e0,COMMS4D,06537#B1,Solar,06/06/2026 02:30:00 AM,06/06/2026 02:59:59 AM,0.002,0,A
ACCO_15e06beda2,NMI_df2d025267,DEVI_284a47f5e0,COMMS4D,06537#E1,Generalusage,06/06/2026 02:30:00 AM,06/06/2026 02:59:59 AM,0.001,0,A
ACCO_15e06beda2,NMI_df2d025267,DEVI_284a47f5e0,COMMS4D,06537#B1,Solar,06/06/2026 03:00:00 AM,06/06/2026 03:29:59 AM,0.003,0,A
ACCO_15e06beda2,NMI_df2d025267,DEVI_284a47f5e0,COMMS4D,06537#E1,Generalusage,06/06/2026 03:00:00 AM,06/06/2026 03:29:59 AM,0,0,A
ACCO_15e06beda2,NMI_df2d025267,DEVI_284a47f5e0,COMMS4D,06537#B1,Solar,06/06/2026 03:30:00 AM,06/06/2026 03:59:59 AM,0.001,0,A
ACCO_15e06beda2,NMI_df2d025267,DEVI_284a47f5e0,COMMS4D,06537#E1,Generalusage,06/06/2026 03:30:00 AM,06/06/2026 03:59:59 AM,0.001,0,A
ACCO_15e06beda2,NMI_df2d025267,DEVI_284a47f5e0,COMMS4D,06537#B1,Solar,06/06/2026 04:00:00 AM,06/06/2026 04:29:59 AM,0.002,0,A
ACCO_15e06beda2,NMI_df2d025267,DEVI_284a47f5e0,COMMS4D,06537#E1,Generalusage,06/06/2026 04:00:00 AM,06/06/2026 04:29:59 AM,0.001,0,A
ACCO_15e06beda2,NMI_df2d025267,DEVI_284a47f5e0,COMMS4D,06537#B1,Solar,06/06/2026 04:30:00 AM,06/06/2026 04:59:59 AM,0.001,0,A
ACCO_15e06beda2,NMI_df2d025267,DEVI_284a47f5e0,COMMS4D,06537#E1,Generalusage,06/06/2026 04:30:00 AM,06/06/2026 04:59:59 AM,0.002,0,A
ACCO_15e06beda2,NMI_df2d025267,DEVI_284a47f5e0,COMMS4D,06537#B1,Solar,06/06/2026 05:00:00 AM,06/06/2026 05:29:59 AM,0.001,0,A
ACCO_15e06beda2,NMI_df2d025267,DEVI_284a47f5e0,COMMS4D,06537#E1,Generalusage,06/06/2026 05:00:00 AM,06/06/2026 05:29:59 AM,0.001,0,A
ACCO_15e06beda2,NMI_df2d025267,DEVI_284a47f5e0,COMMS4D,06537#B1,Solar,06/06/2026 05:30:00 AM,06/06/2026 05:59:59 AM,0.002,0,A
ACCO_15e06beda2,NMI_df2d025267,DEVI_284a47f5e0,COMMS4D,06537#E1,Generalusage,06/06/2026 05:30:00 AM,06/06/2026 05:59:59 AM,0.001,0,A
ACCO_15e06beda2,NMI_df2d025267,DEVI_284a47f5e0,COMMS4D,06537#B1,Solar,06/06/2026 06:00:00 AM,06/06/2026 06:29:59 AM,0.003,0,A
ACCO_15e06beda2,NMI_df2d025267,DEVI_284a47f5e0,COMMS4D,06537#E1,Generalusage,06/06/2026 06:00:00 AM,06/06/2026 06:29:59 AM,0.001,0,A
ACCO_15e06beda2,NMI_df2d025267,DEVI_284a47f5e0,COMMS4D,06537#B1,Solar,06/06/2026 06:30:00 AM,06/06/2026 06:59:59 AM,0.002,0,A
ACCO_15e06beda2,NMI_df2d025267,DEVI_284a47f5e0,COMMS4D,06537#E1,Generalusage,06/06/2026 06:30:00 AM,06/06/2026 06:59:59 AM,0.001,0,A
ACCO_15e06beda2,NMI_df2d025267,DEVI_284a47f5e0,COMMS4D,06537#B1,Solar,06/06/2026 07:00:00 AM,06/06/2026 07:29:59 AM,0.002,0,A
ACCO_15e06beda2,NMI_df2d025267,DEVI_284a47f5e0,COMMS4D,06537#E1,Generalusage,06/06/2026 07:00:00 AM,06/06/2026 07:29:59 AM,0.001,0,A
ACCO_15e06beda2,NMI_df2d025267,DEVI_284a47f5e0,COMMS4D,06537#B1,Solar,06/06/2026 07:30:00 AM,06/06/2026 07:59:59 AM,0.002,0,A
ACCO_15e06beda2,NMI_df2d025267,DEVI_284a47f5e0,COMMS4D,06537#E1,Generalusage,06/06/2026 07:30:00 AM,06/06/2026 07:59:59 AM,0.001,0,A
ACCO_15e06beda2,NMI_df2d025267,DEVI_284a47f5e0,COMMS4D,06537#B1,Solar,06/06/2026 08:00:00 AM,06/06/2026 08:29:59 AM,0.001,0,A
ACCO_15e06beda2,NMI_df2d025267,DEVI_284a47f5e0,COMMS4D,06537#E1,Generalusage,06/06/2026 08:00:00 AM,06/06/2026 08:29:59 AM,0.001,0,A
ACCO_15e06beda2,NMI_df2d025267,DEVI_284a47f5e0,COMMS4D,06537#B1,Solar,06/06/2026 08:30:00 AM,06/06/2026 08:59:59 AM,0.001,0,A
ACCO_15e06beda2,NMI_df2d025267,DEVI_284a47f5e0,COMMS4D,06537#E1,Generalusage,06/06/2026 08:30:00 AM,06/06/2026 08:59:59 AM,0.002,0,A
ACCO_15e06beda2,NMI_df2d025267,DEVI_284a47f5e0,COMMS4D,06537#B1,Solar,06/06/2026 09:00:00 AM,06/06/2026 09:29:59 AM,0.001,0,A
ACCO_15e06beda2,NMI_df2d025267,DEVI_284a47f5e0,COMMS4D,06537#E1,Generalusage,06/06/2026 09:00:00 AM,06/06/2026 09:29:59 AM,0.001,0,A
ACCO_15e06beda2,NMI_df2d025267,DEVI_284a47f5e0,COMMS4D,06537#B1,Solar,06/06/2026 09:30:00 AM,06/06/2026 09:59:59 AM,0.001,0,A
ACCO_15e06beda2,NMI_df2d025267,DEVI_284a47f5e0,COMMS4D,06537#E1,Generalusage,06/06/2026 09:30:00 AM,06/06/2026 09:59:59 AM,0.002,0,A
ACCO_15e06beda2,NMI_df2d025267,DEVI_284a47f5e0,COMMS4D,06537#B1,Solar,06/06/2026 10:00:00 AM,06/06/2026 10:29:59 AM,0.002,0,A
ACCO_15e06beda2,NMI_df2d025267,DEVI_284a47f5e0,COMMS4D,06537#E1,Generalusage,06/06/2026 10:00:00 AM,06/06/2026 10:29:59 AM,0.001,0,A
ACCO_15e06beda2,NMI_df2d025267,DEVI_284a47f5e0,COMMS4D,06537#B1,Solar,06/06/2026 10:30:00 AM,06/06/2026 10:59:59 AM,0.665,0,A
ACCO_15e06beda2,NMI_df2d025267,DEVI_284a47f5e0,COMMS4D,06537#E1,Generalusage,06/06/2026 10:30:00 AM,06/06/2026 10:59:59 AM,0.001,0,A
ACCO_15e06beda2,NMI_df2d025267,DEVI_284a47f5e0,COMMS4D,06537#B1,Solar,06/06/2026 11:00:00 AM,06/06/2026 11:29:59 AM,2.994,0,A
ACCO_15e06beda2,NMI_df2d025267,DEVI_284a47f5e0,COMMS4D,06537#E1,Generalusage,06/06/2026 11:00:00 AM,06/06/2026 11:29:59 AM,0,0,A
ACCO_15e06beda2,NMI_df2d025267,DEVI_284a47f5e0,COMMS4D,06537#B1,Solar,06/06/2026 11:30:00 AM,06/06/2026 11:59:59 AM,3.094,0,A
ACCO_15e06beda2,NMI_df2d025267,DEVI_284a47f5e0,COMMS4D,06537#E1,Generalusage,06/06/2026 11:30:00 AM,06/06/2026 11:59:59 AM,0,0,A
ACCO_15e06beda2,NMI_df2d025267,DEVI_284a47f5e0,COMMS4D,06537#B1,Solar,06/06/2026 12:00:00 PM,06/06/2026 12:29:59 PM,3.106,0,A
ACCO_15e06beda2,NMI_df2d025267,DEVI_284a47f5e0,COMMS4D,06537#E1,Generalusage,06/06/2026 12:00:00 PM,06/06/2026 12:29:59 PM,0,0,A
ACCO_15e06beda2,NMI_df2d025267,DEVI_284a47f5e0,COMMS4D,06537#B1,Solar,06/06/2026 12:30:00 PM,06/06/2026 12:59:59 PM,2.566,0,A
ACCO_15e06beda2,NMI_df2d025267,DEVI_284a47f5e0,COMMS4D,06537#E1,Generalusage,06/06/2026 12:30:00 PM,06/06/2026 12:59:59 PM,0,0,A
ACCO_15e06beda2,NMI_df2d025267,DEVI_284a47f5e0,COMMS4D,06537#B1,Solar,06/06/2026 01:00:00 PM,06/06/2026 01:29:59 PM,2.939,0,A
ACCO_15e06beda2,NMI_df2d025267,DEVI_284a47f5e0,COMMS4D,06537#E1,Generalusage,06/06/2026 01:00:00 PM,06/06/2026 01:29:59 PM,0,0,A
ACCO_15e06beda2,NMI_df2d025267,DEVI_284a47f5e0,COMMS4D,06537#B1,Solar,06/06/2026 01:30:00 PM,06/06/2026 01:59:59 PM,1.996,0,A
ACCO_15e06beda2,NMI_df2d025267,DEVI_284a47f5e0,COMMS4D,06537#E1,Generalusage,06/06/2026 01:30:00 PM,06/06/2026 01:59:59 PM,0,0,A
ACCO_15e06beda2,NMI_df2d025267,DEVI_284a47f5e0,COMMS4D,06537#B1,Solar,06/06/2026 02:00:00 PM,06/06/2026 02:29:59 PM,2.408,0,A
ACCO_15e06beda2,NMI_df2d025267,DEVI_284a47f5e0,COMMS4D,06537#E1,Generalusage,06/06/2026 02:00:00 PM,06/06/2026 02:29:59 PM,0,0,A
ACCO_15e06beda2,NMI_df2d025267,DEVI_284a47f5e0,COMMS4D,06537#B1,Solar,06/06/2026 02:30:00 PM,06/06/2026 02:59:59 PM,2.14,0,A
ACCO_15e06beda2,NMI_df2d025267,DEVI_284a47f5e0,COMMS4D,06537#E1,Generalusage,06/06/2026 02:30:00 PM,06/06/2026 02:59:59 PM,0,0,A
ACCO_15e06beda2,NMI_df2d025267,DEVI_284a47f5e0,COMMS4D,06537#B1,Solar,06/06/2026 03:00:00 PM,06/06/2026 03:29:59 PM,1.258,0,A
ACCO_15e06beda2,NMI_df2d025267,DEVI_284a47f5e0,COMMS4D,06537#E1,Generalusage,06/06/2026 03:00:00 PM,06/06/2026 03:29:59 PM,0,0,A
ACCO_15e06beda2,NMI_df2d025267,DEVI_284a47f5e0,COMMS4D,06537#B1,Solar,06/06/2026 03:30:00 PM,06/06/2026 03:59:59 PM,0.929,0,A
ACCO_15e06beda2,NMI_df2d025267,DEVI_284a47f5e0,COMMS4D,06537#E1,Generalusage,06/06/2026 03:30:00 PM,06/06/2026 03:59:59 PM,0,0,A
ACCO_15e06beda2,NMI_df2d025267,DEVI_284a47f5e0,COMMS4D,06537#B1,Solar,06/06/2026 04:00:00 PM,06/06/2026 04:29:59 PM,0.263,0,A
ACCO_15e06beda2,NMI_df2d025267,DEVI_284a47f5e0,COMMS4D,06537#E1,Generalusage,06/06/2026 04:00:00 PM,06/06/2026 04:29:59 PM,0.001,0,A
ACCO_15e06beda2,NMI_df2d025267,DEVI_284a47f5e0,COMMS4D,06537#B1,Solar,06/06/2026 04:30:00 PM,06/06/2026 04:59:59 PM,0.003,0,A
ACCO_15e06beda2,NMI_df2d025267,DEVI_284a47f5e0,COMMS4D,06537#E1,Generalusage,06/06/2026 04:30:00 PM,06/06/2026 04:59:59 PM,0.001,0,A
ACCO_15e06beda2,NMI_df2d025267,DEVI_284a47f5e0,COMMS4D,06537#B1,Solar,06/06/2026 05:00:00 PM,06/06/2026 05:29:59 PM,0.002,0,A
ACCO_15e06beda2,NMI_df2d025267,DEVI_284a47f5e0,COMMS4D,06537#E1,Generalusage,06/06/2026 05:00:00 PM,06/06/2026 05:29:59 PM,0.001,0,A
ACCO_15e06beda2,NMI_df2d025267,DEVI_284a47f5e0,COMMS4D,06537#B1,Solar,06/06/2026 05:30:00 PM,06/06/2026 05:59:59 PM,0.003,0,A
ACCO_15e06beda2,NMI_df2d025267,DEVI_284a47f5e0,COMMS4D,06537#E1,Generalusage,06/06/2026 05:30:00 PM,06/06/2026 05:59:59 PM,0.001,0,A
ACCO_15e06beda2,NMI_df2d025267,DEVI_284a47f5e0,COMMS4D,06537#B1,Solar,06/06/2026 06:00:00 PM,06/06/2026 06:29:59 PM,0.002,0,A
ACCO_15e06beda2,NMI_df2d025267,DEVI_284a47f5e0,COMMS4D,06537#E1,Generalusage,06/06/2026 06:00:00 PM,06/06/2026 06:29:59 PM,0.001,0,A
ACCO_15e06beda2,NMI_df2d025267,DEVI_284a47f5e0,COMMS4D,06537#B1,Solar,06/06/2026 06:30:00 PM,06/06/2026 06:59:59 PM,0.002,0,A
ACCO_15e06beda2,NMI_df2d025267,DEVI_284a47f5e0,COMMS4D,06537#E1,Generalusage,06/06/2026 06:30:00 PM,06/06/2026 06:59:59 PM,0,0,A
ACCO_15e06beda2,NMI_df2d025267,DEVI_284a47f5e0,COMMS4D,06537#B1,Solar,06/06/2026 07:00:00 PM,06/06/2026 07:29:59 PM,0.003,0,A
ACCO_15e06beda2,NMI_df2d025267,DEVI_284a47f5e0,COMMS4D,06537#E1,Generalusage,06/06/2026 07:00:00 PM,06/06/2026 07:29:59 PM,0.001,0,A
ACCO_15e06beda2,NMI_df2d025267,DEVI_284a47f5e0,COMMS4D,06537#B1,Solar,06/06/2026 07:30:00 PM,06/06/2026 07:59:59 PM,0.002,0,A
ACCO_15e06beda2,NMI_df2d025267,DEVI_284a47f5e0,COMMS4D,06537#E1,Generalusage,06/06/2026 07:30:00 PM,06/06/2026 07:59:59 PM,0.001,0,A
ACCO_15e06beda2,NMI_df2d025267,DEVI_284a47f5e0,COMMS4D,06537#B1,Solar,06/06/2026 08:00:00 PM,06/06/2026 08:29:59 PM,0.002,0,A
ACCO_15e06beda2,NMI_df2d025267,DEVI_284a47f5e0,COMMS4D,06537#E1,Generalusage,06/06/2026 08:00:00 PM,06/06/2026 08:29:59 PM,0.001,0,A
ACCO_15e06beda2,NMI_df2d025267,DEVI_284a47f5e0,COMMS4D,06537#B1,Solar,06/06/2026 08:30:00 PM,06/06/2026 08:59:59 PM,0.003,0,A
ACCO_15e06beda2,NMI_df2d025267,DEVI_284a47f5e0,COMMS4D,06537#E1,Generalusage,06/06/2026 08:30:00 PM,06/06/2026 08:59:59 PM,0.001,0,A
ACCO_15e06beda2,NMI_df2d025267,DEVI_284a47f5e0,COMMS4D,06537#B1,Solar,06/06/2026 09:00:00 PM,06/06/2026 09:29:59 PM,0.003,0,A
ACCO_15e06beda2,NMI_df2d025267,DEVI_284a47f5e0,COMMS4D,06537#E1,Generalusage,06/06/2026 09:00:00 PM,06/06/2026 09:29:59 PM,0.001,0,A
ACCO_15e06beda2,NMI_df2d025267,DEVI_284a47f5e0,COMMS4D,06537#B1,Solar,06/06/2026 09:30:00 PM,06/06/2026 09:59:59 PM,0.002,0,A
ACCO_15e06beda2,NMI_df2d025267,DEVI_284a47f5e0,COMMS4D,06537#E1,Generalusage,06/06/2026 09:30:00 PM,06/06/2026 09:59:59 PM,0.001,0,A
ACCO_15e06beda2,NMI_df2d025267,DEVI_284a47f5e0,COMMS4D,06537#B1,Solar,06/06/2026 10:00:00 PM,06/06/2026 10:29:59 PM,0.002,0,A
ACCO_15e06beda2,NMI_df2d025267,DEVI_284a47f5e0,COMMS4D,06537#E1,Generalusage,06/06/2026 10:00:00 PM,06/06/2026 10:29:59 PM,0,0,A
ACCO_15e06beda2,NMI_df2d025267,DEVI_284a47f5e0,COMMS4D,06537#B1,Solar,06/06/2026 10:30:00 PM,06/06/2026 10:59:59 PM,0.003,0,A
ACCO_15e06beda2,NMI_df2d025267,DEVI_284a47f5e0,COMMS4D,06537#E1,Generalusage,06/06/2026 10:30:00 PM,06/06/2026 10:59:59 PM,0.001,0,A
ACCO_15e06beda2,NMI_df2d025267,DEVI_284a47f5e0,COMMS4D,06537#B1,Solar,06/06/2026 11:00:00 PM,06/06/2026 11:29:59 PM,0.003,0,A
ACCO_15e06beda2,NMI_df2d025267,DEVI_284a47f5e0,COMMS4D,06537#E1,Generalusage,06/06/2026 11:00:00 PM,06/06/2026 11:29:59 PM,0.001,0,A
ACCO_15e06beda2,NMI_df2d025267,DEVI_284a47f5e0,COMMS4D,06537#B1,Solar,06/06/2026 11:30:00 PM,06/06/2026 11:59:59 PM,0.002,0,A
ACCO_15e06beda2,NMI_df2d025267,DEVI_284a47f5e0,COMMS4D,06537#E1,Generalusage,06/06/2026 11:30:00 PM,06/06/2026 11:59:59 PM,0,0,A
ACCO_15e06beda2,NMI_df2d025267,DEVI_284a47f5e0,COMMS4D,06537#B1,Solar,07/06/2026 12:00:00 AM,07/06/2026 12:29:59 AM,0.002,0,A
ACCO_15e06beda2,NMI_df2d025267,DEVI_284a47f5e0,COMMS4D,06537#E1,Generalusage,07/06/2026 12:00:00 AM,07/06/2026 12:29:59 AM,0.001,0,A
ACCO_15e06beda2,NMI_df2d025267,DEVI_284a47f5e0,COMMS4D,06537#B1,Solar,07/06/2026 12:30:00 AM,07/06/2026 12:59:59 AM,0.002,0,A
ACCO_15e06beda2,NMI_df2d025267,DEVI_284a47f5e0,COMMS4D,06537#E1,Generalusage,07/06/2026 12:30:00 AM,07/06/2026 12:59:59 AM,0.001,0,A
ACCO_15e06beda2,NMI_df2d025267,DEVI_284a47f5e0,COMMS4D,06537#B1,Solar,07/06/2026 01:00:00 AM,07/06/2026 01:29:59 AM,0.003,0,A
ACCO_15e06beda2,NMI_df2d025267,DEVI_284a47f5e0,COMMS4D,06537#E1,Generalusage,07/06/2026 01:00:00 AM,07/06/2026 01:29:59 AM,0,0,A
ACCO_15e06beda2,NMI_df2d025267,DEVI_284a47f5e0,COMMS4D,06537#B1,Solar,07/06/2026 01:30:00 AM,07/06/2026 01:59:59 AM,0.001,0,A
ACCO_15e06beda2,NMI_df2d025267,DEVI_284a47f5e0,COMMS4D,06537#E1,Generalusage,07/06/2026 01:30:00 AM,07/06/2026 01:59:59 AM,0.002,0,A
ACCO_15e06beda2,NMI_df2d025267,DEVI_284a47f5e0,COMMS4D,06537#B1,Solar,07/06/2026 02:00:00 AM,07/06/2026 02:29:59 AM,0.001,0,A
ACCO_15e06beda2,NMI_df2d025267,DEVI_284a47f5e0,COMMS4D,06537#E1,Generalusage,07/06/2026 02:00:00 AM,07/06/2026 02:29:59 AM,0.002,0,A
ACCO_15e06beda2,NMI_df2d025267,DEVI_284a47f5e0,COMMS4D,06537#B1,Solar,07/06/2026 02:30:00 AM,07/06/2026 02:59:59 AM,0.001,0,A
ACCO_15e06beda2,NMI_df2d025267,DEVI_284a47f5e0,COMMS4D,06537#E1,Generalusage,07/06/2026 02:30:00 AM,07/06/2026 02:59:59 AM,0.001,0,A
ACCO_15e06beda2,NMI_df2d025267,DEVI_284a47f5e0,COMMS4D,06537#B1,Solar,07/06/2026 03:00:00 AM,07/06/2026 03:29:59 AM,0.002,0,A
ACCO_15e06beda2,NMI_df2d025267,DEVI_284a47f5e0,COMMS4D,06537#E1,Generalusage,07/06/2026 03:00:00 AM,07/06/2026 03:29:59 AM,0.001,0,A
ACCO_15e06beda2,NMI_df2d025267,DEVI_284a47f5e0,COMMS4D,06537#B1,Solar,07/06/2026 03:30:00 AM,07/06/2026 03:59:59 AM,0.001,0,A
ACCO_15e06beda2,NMI_df2d025267,DEVI_284a47f5e0,COMMS4D,06537#E1,Generalusage,07/06/2026 03:30:00 AM,07/06/2026 03:59:59 AM,0.002,0,A
ACCO_15e06beda2,NMI_df2d025267,DEVI_284a47f5e0,COMMS4D,06537#B1,Solar,07/06/2026 04:00:00 AM,07/06/2026 04:29:59 AM,0.001,0,A
ACCO_15e06beda2,NMI_df2d025267,DEVI_284a47f5e0,COMMS4D,06537#E1,Generalusage,07/06/2026 04:00:00 AM,07/06/2026 04:29:59 AM,0.002,0,A
ACCO_15e06beda2,NMI_df2d025267,DEVI_284a47f5e0,COMMS4D,06537#B1,Solar,07/06/2026 04:30:00 AM,07/06/2026 04:59:59 AM,0.001,0,A
ACCO_15e06beda2,NMI_df2d025267,DEVI_284a47f5e0,COMMS4D,06537#E1,Generalusage,07/06/2026 04:30:00 AM,07/06/2026 04:59:59 AM,0.001,0,A
ACCO_15e06beda2,NMI_df2d025267,DEVI_284a47f5e0,COMMS4D,06537#B1,Solar,07/06/2026 05:00:00 AM,07/06/2026 05:29:59 AM,0.001,0,A
ACCO_15e06beda2,NMI_df2d025267,DEVI_284a47f5e0,COMMS4D,06537#E1,Generalusage,07/06/2026 05:00:00 AM,07/06/2026 05:29:59 AM,0.002,0,A
ACCO_15e06beda2,NMI_df2d025267,DEVI_284a47f5e0,COMMS4D,06537#B1,Solar,07/06/2026 05:30:00 AM,07/06/2026 05:59:59 AM,0.002,0,A
ACCO_15e06beda2,NMI_df2d025267,DEVI_284a47f5e0,COMMS4D,06537#E1,Generalusage,07/06/2026 05:30:00 AM,07/06/2026 05:59:59 AM,0.001,0,A
ACCO_15e06beda2,NMI_df2d025267,DEVI_284a47f5e0,COMMS4D,06537#B1,Solar,07/06/2026 06:00:00 AM,07/06/2026 06:29:59 AM,0.003,0,A
ACCO_15e06beda2,NMI_df2d025267,DEVI_284a47f5e0,COMMS4D,06537#E1,Generalusage,07/06/2026 06:00:00 AM,07/06/2026 06:29:59 AM,0,0,A
ACCO_15e06beda2,NMI_df2d025267,DEVI_284a47f5e0,COMMS4D,06537#B1,Solar,07/06/2026 06:30:00 AM,07/06/2026 06:59:59 AM,0.001,0,A
ACCO_15e06beda2,NMI_df2d025267,DEVI_284a47f5e0,COMMS4D,06537#E1,Generalusage,07/06/2026 06:30:00 AM,07/06/2026 06:59:59 AM,0.002,0,A
ACCO_15e06beda2,NMI_df2d025267,DEVI_284a47f5e0,COMMS4D,06537#B1,Solar,07/06/2026 07:00:00 AM,07/06/2026 07:29:59 AM,0.003,0,A
ACCO_15e06beda2,NMI_df2d025267,DEVI_284a47f5e0,COMMS4D,06537#E1,Generalusage,07/06/2026 07:00:00 AM,07/06/2026 07:29:59 AM,0.001,0,A
ACCO_15e06beda2,NMI_df2d025267,DEVI_284a47f5e0,COMMS4D,06537#B1,Solar,07/06/2026 07:30:00 AM,07/06/2026 07:59:59 AM,0.002,0,A
ACCO_15e06beda2,NMI_df2d025267,DEVI_284a47f5e0,COMMS4D,06537#E1,Generalusage,07/06/2026 07:30:00 AM,07/06/2026 07:59:59 AM,0.001,0,A
ACCO_15e06beda2,NMI_df2d025267,DEVI_284a47f5e0,COMMS4D,06537#B1,Solar,07/06/2026 08:00:00 AM,07/06/2026 08:29:59 AM,0.002,0,A
ACCO_15e06beda2,NMI_df2d025267,DEVI_284a47f5e0,COMMS4D,06537#E1,Generalusage,07/06/2026 08:00:00 AM,07/06/2026 08:29:59 AM,0.001,0,A
ACCO_15e06beda2,NMI_df2d025267,DEVI_284a47f5e0,COMMS4D,06537#B1,Solar,07/06/2026 08:30:00 AM,07/06/2026 08:59:59 AM,0.002,0,A
ACCO_15e06beda2,NMI_df2d025267,DEVI_284a47f5e0,COMMS4D,06537#E1,Generalusage,07/06/2026 08:30:00 AM,07/06/2026 08:59:59 AM,0.001,0,A
ACCO_15e06beda2,NMI_df2d025267,DEVI_284a47f5e0,COMMS4D,06537#B1,Solar,07/06/2026 09:00:00 AM,07/06/2026 09:29:59 AM,0.003,0,A
ACCO_15e06beda2,NMI_df2d025267,DEVI_284a47f5e0,COMMS4D,06537#E1,Generalusage,07/06/2026 09:00:00 AM,07/06/2026 09:29:59 AM,0.001,0,A
ACCO_15e06beda2,NMI_df2d025267,DEVI_284a47f5e0,COMMS4D,06537#B1,Solar,07/06/2026 09:30:00 AM,07/06/2026 09:59:59 AM,0.003,0,A
ACCO_15e06beda2,NMI_df2d025267,DEVI_284a47f5e0,COMMS4D,06537#E1,Generalusage,07/06/2026 09:30:00 AM,07/06/2026 09:59:59 AM,0.002,0,A
ACCO_15e06beda2,NMI_df2d025267,DEVI_284a47f5e0,COMMS4D,06537#B1,Solar,07/06/2026 10:00:00 AM,07/06/2026 10:29:59 AM,0.004,0,A
ACCO_15e06beda2,NMI_df2d025267,DEVI_284a47f5e0,COMMS4D,06537#E1,Generalusage,07/06/2026 10:00:00 AM,07/06/2026 10:29:59 AM,0.001,0,A
ACCO_15e06beda2,NMI_df2d025267,DEVI_284a47f5e0,COMMS4D,06537#B1,Solar,07/06/2026 10:30:00 AM,07/06/2026 10:59:59 AM,0.994,0,A
ACCO_15e06beda2,NMI_df2d025267,DEVI_284a47f5e0,COMMS4D,06537#E1,Generalusage,07/06/2026 10:30:00 AM,07/06/2026 10:59:59 AM,0.001,0,A
ACCO_15e06beda2,NMI_df2d025267,DEVI_284a47f5e0,COMMS4D,06537#B1,Solar,07/06/2026 11:00:00 AM,07/06/2026 11:29:59 AM,2.698,0,A
ACCO_15e06beda2,NMI_df2d025267,DEVI_284a47f5e0,COMMS4D,06537#E1,Generalusage,07/06/2026 11:00:00 AM,07/06/2026 11:29:59 AM,0,0,A
ACCO_15e06beda2,NMI_df2d025267,DEVI_284a47f5e0,COMMS4D,06537#B1,Solar,07/06/2026 11:30:00 AM,07/06/2026 11:59:59 AM,2.718,0,A
ACCO_15e06beda2,NMI_df2d025267,DEVI_284a47f5e0,COMMS4D,06537#E1,Generalusage,07/06/2026 11:30:00 AM,07/06/2026 11:59:59 AM,0,0,A
ACCO_15e06beda2,NMI_df2d025267,DEVI_284a47f5e0,COMMS4D,06537#B1,Solar,07/06/2026 12:00:00 PM,07/06/2026 12:29:59 PM,2.642,0,A
ACCO_15e06beda2,NMI_df2d025267,DEVI_284a47f5e0,COMMS4D,06537#E1,Generalusage,07/06/2026 12:00:00 PM,07/06/2026 12:29:59 PM,0,0,A
ACCO_15e06beda2,NMI_df2d025267,DEVI_284a47f5e0,COMMS4D,06537#B1,Solar,07/06/2026 12:30:00 PM,07/06/2026 12:59:59 PM,2.485,0,A
ACCO_15e06beda2,NMI_df2d025267,DEVI_284a47f5e0,COMMS4D,06537#E1,Generalusage,07/06/2026 12:30:00 PM,07/06/2026 12:59:59 PM,0,0,A
ACCO_15e06beda2,NMI_df2d025267,DEVI_284a47f5e0,COMMS4D,06537#B1,Solar,07/06/2026 01:00:00 PM,07/06/2026 01:29:59 PM,1.988,0,A
ACCO_15e06beda2,NMI_df2d025267,DEVI_284a47f5e0,COMMS4D,06537#E1,Generalusage,07/06/2026 01:00:00 PM,07/06/2026 01:29:59 PM,0,0,A
ACCO_15e06beda2,NMI_df2d025267,DEVI_284a47f5e0,COMMS4D,06537#B1,Solar,07/06/2026 01:30:00 PM,07/06/2026 01:59:59 PM,0.933,0,A
ACCO_15e06beda2,NMI_df2d025267,DEVI_284a47f5e0,COMMS4D,06537#E1,Generalusage,07/06/2026 01:30:00 PM,07/06/2026 01:59:59 PM,0.003,0,A
ACCO_15e06beda2,NMI_df2d025267,DEVI_284a47f5e0,COMMS4D,06537#B1,Solar,07/06/2026 02:00:00 PM,07/06/2026 02:29:59 PM,0.136,0,A
ACCO_15e06beda2,NMI_df2d025267,DEVI_284a47f5e0,COMMS4D,06537#E1,Generalusage,07/06/2026 02:00:00 PM,07/06/2026 02:29:59 PM,0.003,0,A
ACCO_15e06beda2,NMI_df2d025267,DEVI_284a47f5e0,COMMS4D,06537#B1,Solar,07/06/2026 02:30:00 PM,07/06/2026 02:59:59 PM,0.686,0,A
ACCO_15e06beda2,NMI_df2d025267,DEVI_284a47f5e0,COMMS4D,06537#E1,Generalusage,07/06/2026 02:30:00 PM,07/06/2026 02:59:59 PM,0.003,0,A
ACCO_15e06beda2,NMI_df2d025267,DEVI_284a47f5e0,COMMS4D,06537#B1,Solar,07/06/2026 03:00:00 PM,07/06/2026 03:29:59 PM,0.815,0,A
ACCO_15e06beda2,NMI_df2d025267,DEVI_284a47f5e0,COMMS4D,06537#E1,Generalusage,07/06/2026 03:00:00 PM,07/06/2026 03:29:59 PM,0.002,0,A
ACCO_15e06beda2,NMI_df2d025267,DEVI_284a47f5e0,COMMS4D,06537#B1,Solar,07/06/2026 03:30:00 PM,07/06/2026 03:59:59 PM,0.729,0,A
ACCO_15e06beda2,NMI_df2d025267,DEVI_284a47f5e0,COMMS4D,06537#E1,Generalusage,07/06/2026 03:30:00 PM,07/06/2026 03:59:59 PM,0,0,A
ACCO_15e06beda2,NMI_df2d025267,DEVI_284a47f5e0,COMMS4D,06537#B1,Solar,07/06/2026 04:00:00 PM,07/06/2026 04:29:59 PM,0.082,0,A
ACCO_15e06beda2,NMI_df2d025267,DEVI_284a47f5e0,COMMS4D,06537#E1,Generalusage,07/06/2026 04:00:00 PM,07/06/2026 04:29:59 PM,0.001,0,A
ACCO_15e06beda2,NMI_df2d025267,DEVI_284a47f5e0,COMMS4D,06537#B1,Solar,07/06/2026 04:30:00 PM,07/06/2026 04:59:59 PM,0.004,0,A
ACCO_15e06beda2,NMI_df2d025267,DEVI_284a47f5e0,COMMS4D,06537#E1,Generalusage,07/06/2026 04:30:00 PM,07/06/2026 04:59:59 PM,0.001,0,A
ACCO_15e06beda2,NMI_df2d025267,DEVI_284a47f5e0,COMMS4D,06537#B1,Solar,07/06/2026 05:00:00 PM,07/06/2026 05:29:59 PM,0.002,0,A
ACCO_15e06beda2,NMI_df2d025267,DEVI_284a47f5e0,COMMS4D,06537#E1,Generalusage,07/06/2026 05:00:00 PM,07/06/2026 05:29:59 PM,0,0,A
ACCO_15e06beda2,NMI_df2d025267,DEVI_284a47f5e0,COMMS4D,06537#B1,Solar,07/06/2026 05:30:00 PM,07/06/2026 05:59:59 PM,0.003,0,A
ACCO_15e06beda2,NMI_df2d025267,DEVI_284a47f5e0,COMMS4D,06537#E1,Generalusage,07/06/2026 05:30:00 PM,07/06/2026 05:59:59 PM,0.001,0,A
ACCO_15e06beda2,NMI_df2d025267,DEVI_284a47f5e0,COMMS4D,06537#B1,Solar,07/06/2026 06:00:00 PM,07/06/2026 06:29:59 PM,0.003,0,A
ACCO_15e06beda2,NMI_df2d025267,DEVI_284a47f5e0,COMMS4D,06537#E1,Generalusage,07/06/2026 06:00:00 PM,07/06/2026 06:29:59 PM,0.001,0,A
ACCO_15e06beda2,NMI_df2d025267,DEVI_284a47f5e0,COMMS4D,06537#B1,Solar,07/06/2026 06:30:00 PM,07/06/2026 06:59:59 PM,0.002,0,A
ACCO_15e06beda2,NMI_df2d025267,DEVI_284a47f5e0,COMMS4D,06537#E1,Generalusage,07/06/2026 06:30:00 PM,07/06/2026 06:59:59 PM,0.001,0,A
ACCO_15e06beda2,NMI_df2d025267,DEVI_284a47f5e0,COMMS4D,06537#B1,Solar,07/06/2026 07:00:00 PM,07/06/2026 07:29:59 PM,0.002,0,A
ACCO_15e06beda2,NMI_df2d025267,DEVI_284a47f5e0,COMMS4D,06537#E1,Generalusage,07/06/2026 07:00:00 PM,07/06/2026 07:29:59 PM,0.002,0,A
ACCO_15e06beda2,NMI_df2d025267,DEVI_284a47f5e0,COMMS4D,06537#B1,Solar,07/06/2026 07:30:00 PM,07/06/2026 07:59:59 PM,0.003,0,A
ACCO_15e06beda2,NMI_df2d025267,DEVI_284a47f5e0,COMMS4D,06537#E1,Generalusage,07/06/2026 07:30:00 PM,07/06/2026 07:59:59 PM,0.001,0,A
ACCO_15e06beda2,NMI_df2d025267,DEVI_284a47f5e0,COMMS4D,06537#B1,Solar,07/06/2026 08:00:00 PM,07/06/2026 08:29:59 PM,0.002,0,A
ACCO_15e06beda2,NMI_df2d025267,DEVI_284a47f5e0,COMMS4D,06537#E1,Generalusage,07/06/2026 08:00:00 PM,07/06/2026 08:29:59 PM,0,0,A
ACCO_15e06beda2,NMI_df2d025267,DEVI_284a47f5e0,COMMS4D,06537#B1,Solar,07/06/2026 08:30:00 PM,07/06/2026 08:59:59 PM,0.002,0,A
ACCO_15e06beda2,NMI_df2d025267,DEVI_284a47f5e0,COMMS4D,06537#E1,Generalusage,07/06/2026 08:30:00 PM,07/06/2026 08:59:59 PM,0.001,0,A
ACCO_15e06beda2,NMI_df2d025267,DEVI_284a47f5e0,COMMS4D,06537#B1,Solar,07/06/2026 09:00:00 PM,07/06/2026 09:29:59 PM,0.003,0,A
ACCO_15e06beda2,NMI_df2d025267,DEVI_284a47f5e0,COMMS4D,06537#E1,Generalusage,07/06/2026 09:00:00 PM,07/06/2026 09:29:59 PM,0.001,0,A
ACCO_15e06beda2,NMI_df2d025267,DEVI_284a47f5e0,COMMS4D,06537#B1,Solar,07/06/2026 09:30:00 PM,07/06/2026 09:59:59 PM,0.002,0,A
ACCO_15e06beda2,NMI_df2d025267,DEVI_284a47f5e0,COMMS4D,06537#E1,Generalusage,07/06/2026 09:30:00 PM,07/06/2026 09:59:59 PM,0.001,0,A
ACCO_15e06beda2,NMI_df2d025267,DEVI_284a47f5e0,COMMS4D,06537#B1,Solar,07/06/2026 10:00:00 PM,07/06/2026 10:29:59 PM,0.002,0,A
ACCO_15e06beda2,NMI_df2d025267,DEVI_284a47f5e0,COMMS4D,06537#E1,Generalusage,07/06/2026 10:00:00 PM,07/06/2026 10:29:59 PM,0.001,0,A
ACCO_15e06beda2,NMI_df2d025267,DEVI_284a47f5e0,COMMS4D,06537#B1,Solar,07/06/2026 10:30:00 PM,07/06/2026 10:59:59 PM,0.003,0,A
ACCO_15e06beda2,NMI_df2d025267,DEVI_284a47f5e0,COMMS4D,06537#E1,Generalusage,07/06/2026 10:30:00 PM,07/06/2026 10:59:59 PM,0,0,A
ACCO_15e06beda2,NMI_df2d025267,DEVI_284a47f5e0,COMMS4D,06537#B1,Solar,07/06/2026 11:00:00 PM,07/06/2026 11:29:59 PM,0.003,0,A
ACCO_15e06beda2,NMI_df2d025267,DEVI_284a47f5e0,COMMS4D,06537#E1,Generalusage,07/06/2026 11:00:00 PM,07/06/2026 11:29:59 PM,0.001,0,A
ACCO_15e06beda2,NMI_df2d025267,DEVI_284a47f5e0,COMMS4D,06537#B1,Solar,07/06/2026 11:30:00 PM,07/06/2026 11:59:59 PM,0.002,0,A
ACCO_15e06beda2,NMI_df2d025267,DEVI_284a47f5e0,COMMS4D,06537#E1,Generalusage,07/06/2026 11:30:00 PM,07/06/2026 11:59:59 PM,0.001,0,A
ACCO_15e06beda2,NMI_df2d025267,DEVI_284a47f5e0,COMMS4D,06537#B1,Solar,08/06/2026 12:00:00 AM,08/06/2026 12:29:59 AM,0.002,0,A
ACCO_15e06beda2,NMI_df2d025267,DEVI_284a47f5e0,COMMS4D,06537#E1,Generalusage,08/06/2026 12:00:00 AM,08/06/2026 12:29:59 AM,0,0,A
ACCO_15e06beda2,NMI_df2d025267,DEVI_284a47f5e0,COMMS4D,06537#B1,Solar,08/06/2026 12:30:00 AM,08/06/2026 12:59:59 AM,0.002,0,A
ACCO_15e06beda2,NMI_df2d025267,DEVI_284a47f5e0,COMMS4D,06537#E1,Generalusage,08/06/2026 12:30:00 AM,08/06/2026 12:59:59 AM,0.001,0,A
ACCO_15e06beda2,NMI_df2d025267,DEVI_284a47f5e0,COMMS4D,06537#B1,Solar,08/06/2026 01:00:00 AM,08/06/2026 01:29:59 AM,0.002,0,A
ACCO_15e06beda2,NMI_df2d025267,DEVI_284a47f5e0,COMMS4D,06537#E1,Generalusage,08/06/2026 01:00:00 AM,08/06/2026 01:29:59 AM,0.001,0,A
ACCO_15e06beda2,NMI_df2d025267,DEVI_284a47f5e0,COMMS4D,06537#B1,Solar,08/06/2026 01:30:00 AM,08/06/2026 01:59:59 AM,0.002,0,A
ACCO_15e06beda2,NMI_df2d025267,DEVI_284a47f5e0,COMMS4D,06537#E1,Generalusage,08/06/2026 01:30:00 AM,08/06/2026 01:59:59 AM,0.001,0,A
ACCO_15e06beda2,NMI_df2d025267,DEVI_284a47f5e0,COMMS4D,06537#B1,Solar,08/06/2026 02:00:00 AM,08/06/2026 02:29:59 AM,0.001,0,A
ACCO_15e06beda2,NMI_df2d025267,DEVI_284a47f5e0,COMMS4D,06537#E1,Generalusage,08/06/2026 02:00:00 AM,08/06/2026 02:29:59 AM,0.001,0,A
ACCO_15e06beda2,NMI_df2d025267,DEVI_284a47f5e0,COMMS4D,06537#B1,Solar,08/06/2026 02:30:00 AM,08/06/2026 02:59:59 AM,0.002,0,A
ACCO_15e06beda2,NMI_df2d025267,DEVI_284a47f5e0,COMMS4D,06537#E1,Generalusage,08/06/2026 02:30:00 AM,08/06/2026 02:59:59 AM,0.001,0,A
ACCO_15e06beda2,NMI_df2d025267,DEVI_284a47f5e0,COMMS4D,06537#B1,Solar,08/06/2026 03:00:00 AM,08/06/2026 03:29:59 AM,0.001,0,A
ACCO_15e06beda2,NMI_df2d025267,DEVI_284a47f5e0,COMMS4D,06537#E1,Generalusage,08/06/2026 03:00:00 AM,08/06/2026 03:29:59 AM,0.001,0,A
ACCO_15e06beda2,NMI_df2d025267,DEVI_284a47f5e0,COMMS4D,06537#B1,Solar,08/06/2026 03:30:00 AM,08/06/2026 03:59:59 AM,0.001,0,A
ACCO_15e06beda2,NMI_df2d025267,DEVI_284a47f5e0,COMMS4D,06537#E1,Generalusage,08/06/2026 03:30:00 AM,08/06/2026 03:59:59 AM,0.002,0,A
ACCO_15e06beda2,NMI_df2d025267,DEVI_284a47f5e0,COMMS4D,06537#B1,Solar,08/06/2026 04:00:00 AM,08/06/2026 04:29:59 AM,0.001,0,A
ACCO_15e06beda2,NMI_df2d025267,DEVI_284a47f5e0,COMMS4D,06537#E1,Generalusage,08/06/2026 04:00:00 AM,08/06/2026 04:29:59 AM,0.002,0,A
ACCO_15e06beda2,NMI_df2d025267,DEVI_284a47f5e0,COMMS4D,06537#B1,Solar,08/06/2026 04:30:00 AM,08/06/2026 04:59:59 AM,0.001,0,A
ACCO_15e06beda2,NMI_df2d025267,DEVI_284a47f5e0,COMMS4D,06537#E1,Generalusage,08/06/2026 04:30:00 AM,08/06/2026 04:59:59 AM,0.002,0,A
ACCO_15e06beda2,NMI_df2d025267,DEVI_284a47f5e0,COMMS4D,06537#B1,Solar,08/06/2026 05:00:00 AM,08/06/2026 05:29:59 AM,0.001,0,A
ACCO_15e06beda2,NMI_df2d025267,DEVI_284a47f5e0,COMMS4D,06537#E1,Generalusage,08/06/2026 05:00:00 AM,08/06/2026 05:29:59 AM,0.002,0,A
ACCO_15e06beda2,NMI_df2d025267,DEVI_284a47f5e0,COMMS4D,06537#B1,Solar,08/06/2026 05:30:00 AM,08/06/2026 05:59:59 AM,0.002,0,A
ACCO_15e06beda2,NMI_df2d025267,DEVI_284a47f5e0,COMMS4D,06537#E1,Generalusage,08/06/2026 05:30:00 AM,08/06/2026 05:59:59 AM,0.001,0,A
ACCO_15e06beda2,NMI_df2d025267,DEVI_284a47f5e0,COMMS4D,06537#B1,Solar,08/06/2026 06:00:00 AM,08/06/2026 06:29:59 AM,0.002,0,A
ACCO_15e06beda2,NMI_df2d025267,DEVI_284a47f5e0,COMMS4D,06537#E1,Generalusage,08/06/2026 06:00:00 AM,08/06/2026 06:29:59 AM,0,0,A
ACCO_15e06beda2,NMI_df2d025267,DEVI_284a47f5e0,COMMS4D,06537#B1,Solar,08/06/2026 06:30:00 AM,08/06/2026 06:59:59 AM,0.002,0,A
ACCO_15e06beda2,NMI_df2d025267,DEVI_284a47f5e0,COMMS4D,06537#E1,Generalusage,08/06/2026 06:30:00 AM,08/06/2026 06:59:59 AM,0.001,0,A
ACCO_15e06beda2,NMI_df2d025267,DEVI_284a47f5e0,COMMS4D,06537#B1,Solar,08/06/2026 07:00:00 AM,08/06/2026 07:29:59 AM,0.002,0,A
ACCO_15e06beda2,NMI_df2d025267,DEVI_284a47f5e0,COMMS4D,06537#E1,Generalusage,08/06/2026 07:00:00 AM,08/06/2026 07:29:59 AM,0.001,0,A
ACCO_15e06beda2,NMI_df2d025267,DEVI_284a47f5e0,COMMS4D,06537#B1,Solar,08/06/2026 07:30:00 AM,08/06/2026 07:59:59 AM,0.002,0,A
ACCO_15e06beda2,NMI_df2d025267,DEVI_284a47f5e0,COMMS4D,06537#E1,Generalusage,08/06/2026 07:30:00 AM,08/06/2026 07:59:59 AM,0.001,0,A
ACCO_15e06beda2,NMI_df2d025267,DEVI_284a47f5e0,COMMS4D,06537#B1,Solar,08/06/2026 08:00:00 AM,08/06/2026 08:29:59 AM,0.003,0,A
ACCO_15e06beda2,NMI_df2d025267,DEVI_284a47f5e0,COMMS4D,06537#E1,Generalusage,08/06/2026 08:00:00 AM,08/06/2026 08:29:59 AM,0.002,0,A
ACCO_15e06beda2,NMI_df2d025267,DEVI_284a47f5e0,COMMS4D,06537#B1,Solar,08/06/2026 08:30:00 AM,08/06/2026 08:59:59 AM,0.002,0,A
ACCO_15e06beda2,NMI_df2d025267,DEVI_284a47f5e0,COMMS4D,06537#E1,Generalusage,08/06/2026 08:30:00 AM,08/06/2026 08:59:59 AM,0.001,0,A
ACCO_15e06beda2,NMI_df2d025267,DEVI_284a47f5e0,COMMS4D,06537#B1,Solar,08/06/2026 09:00:00 AM,08/06/2026 09:29:59 AM,0.002,0,A
ACCO_15e06beda2,NMI_df2d025267,DEVI_284a47f5e0,COMMS4D,06537#E1,Generalusage,08/06/2026 09:00:00 AM,08/06/2026 09:29:59 AM,0.001,0,A
ACCO_15e06beda2,NMI_df2d025267,DEVI_284a47f5e0,COMMS4D,06537#B1,Solar,08/06/2026 09:30:00 AM,08/06/2026 09:59:59 AM,0.002,0,A
ACCO_15e06beda2,NMI_df2d025267,DEVI_284a47f5e0,COMMS4D,06537#E1,Generalusage,08/06/2026 09:30:00 AM,08/06/2026 09:59:59 AM,0.001,0,A
ACCO_15e06beda2,NMI_df2d025267,DEVI_284a47f5e0,COMMS4D,06537#B1,Solar,08/06/2026 10:00:00 AM,08/06/2026 10:29:59 AM,0.001,0,A
ACCO_15e06beda2,NMI_df2d025267,DEVI_284a47f5e0,COMMS4D,06537#E1,Generalusage,08/06/2026 10:00:00 AM,08/06/2026 10:29:59 AM,0.001,0,A
ACCO_15e06beda2,NMI_df2d025267,DEVI_284a47f5e0,COMMS4D,06537#B1,Solar,08/06/2026 10:30:00 AM,08/06/2026 10:59:59 AM,0.016,0,A
ACCO_15e06beda2,NMI_df2d025267,DEVI_284a47f5e0,COMMS4D,06537#E1,Generalusage,08/06/2026 10:30:00 AM,08/06/2026 10:59:59 AM,0.001,0,A
ACCO_15e06beda2,NMI_df2d025267,DEVI_284a47f5e0,COMMS4D,06537#B1,Solar,08/06/2026 11:00:00 AM,08/06/2026 11:29:59 AM,1.24,0,A
ACCO_15e06beda2,NMI_df2d025267,DEVI_284a47f5e0,COMMS4D,06537#E1,Generalusage,08/06/2026 11:00:00 AM,08/06/2026 11:29:59 AM,0.002,0,A
ACCO_15e06beda2,NMI_df2d025267,DEVI_284a47f5e0,COMMS4D,06537#B1,Solar,08/06/2026 11:30:00 AM,08/06/2026 11:59:59 AM,2.938,0,A
ACCO_15e06beda2,NMI_df2d025267,DEVI_284a47f5e0,COMMS4D,06537#E1,Generalusage,08/06/2026 11:30:00 AM,08/06/2026 11:59:59 AM,0,0,A
ACCO_15e06beda2,NMI_df2d025267,DEVI_284a47f5e0,COMMS4D,06537#B1,Solar,08/06/2026 12:00:00 PM,08/06/2026 12:29:59 PM,2.417,0,A
ACCO_15e06beda2,NMI_df2d025267,DEVI_284a47f5e0,COMMS4D,06537#E1,Generalusage,08/06/2026 12:00:00 PM,08/06/2026 12:29:59 PM,0.002,0,A
ACCO_15e06beda2,NMI_df2d025267,DEVI_284a47f5e0,COMMS4D,06537#B1,Solar,08/06/2026 12:30:00 PM,08/06/2026 12:59:59 PM,1.812,0,A
ACCO_15e06beda2,NMI_df2d025267,DEVI_284a47f5e0,COMMS4D,06537#E1,Generalusage,08/06/2026 12:30:00 PM,08/06/2026 12:59:59 PM,0.002,0,A
ACCO_15e06beda2,NMI_df2d025267,DEVI_284a47f5e0,COMMS4D,06537#B1,Solar,08/06/2026 01:00:00 PM,08/06/2026 01:29:59 PM,2.13,0,A
ACCO_15e06beda2,NMI_df2d025267,DEVI_284a47f5e0,COMMS4D,06537#E1,Generalusage,08/06/2026 01:00:00 PM,08/06/2026 01:29:59 PM,0,0,A
ACCO_15e06beda2,NMI_df2d025267,DEVI_284a47f5e0,COMMS4D,06537#B1,Solar,08/06/2026 01:30:00 PM,08/06/2026 01:59:59 PM,2.464,0,A
ACCO_15e06beda2,NMI_df2d025267,DEVI_284a47f5e0,COMMS4D,06537#E1,Generalusage,08/06/2026 01:30:00 PM,08/06/2026 01:59:59 PM,0,0,A
ACCO_15e06beda2,NMI_df2d025267,DEVI_284a47f5e0,COMMS4D,06537#B1,Solar,08/06/2026 02:00:00 PM,08/06/2026 02:29:59 PM,2.412,0,A
ACCO_15e06beda2,NMI_df2d025267,DEVI_284a47f5e0,COMMS4D,06537#E1,Generalusage,08/06/2026 02:00:00 PM,08/06/2026 02:29:59 PM,0,0,A
ACCO_15e06beda2,NMI_df2d025267,DEVI_284a47f5e0,COMMS4D,06537#B1,Solar,08/06/2026 02:30:00 PM,08/06/2026 02:59:59 PM,1.631,0,A
ACCO_15e06beda2,NMI_df2d025267,DEVI_284a47f5e0,COMMS4D,06537#E1,Generalusage,08/06/2026 02:30:00 PM,08/06/2026 02:59:59 PM,0,0,A
ACCO_15e06beda2,NMI_df2d025267,DEVI_284a47f5e0,COMMS4D,06537#B1,Solar,08/06/2026 03:00:00 PM,08/06/2026 03:29:59 PM,1.532,0,A
ACCO_15e06beda2,NMI_df2d025267,DEVI_284a47f5e0,COMMS4D,06537#E1,Generalusage,08/06/2026 03:00:00 PM,08/06/2026 03:29:59 PM,0,0,A
ACCO_15e06beda2,NMI_df2d025267,DEVI_284a47f5e0,COMMS4D,06537#B1,Solar,08/06/2026 03:30:00 PM,08/06/2026 03:59:59 PM,0.923,0,A
ACCO_15e06beda2,NMI_df2d025267,DEVI_284a47f5e0,COMMS4D,06537#E1,Generalusage,08/06/2026 03:30:00 PM,08/06/2026 03:59:59 PM,0,0,A
ACCO_15e06beda2,NMI_df2d025267,DEVI_284a47f5e0,COMMS4D,06537#B1,Solar,08/06/2026 04:00:00 PM,08/06/2026 04:29:59 PM,0.212,0,A
ACCO_15e06beda2,NMI_df2d025267,DEVI_284a47f5e0,COMMS4D,06537#E1,Generalusage,08/06/2026 04:00:00 PM,08/06/2026 04:29:59 PM,0.001,0,A
ACCO_15e06beda2,NMI_df2d025267,DEVI_284a47f5e0,COMMS4D,06537#B1,Solar,08/06/2026 04:30:00 PM,08/06/2026 04:59:59 PM,0.002,0,A
ACCO_15e06beda2,NMI_df2d025267,DEVI_284a47f5e0,COMMS4D,06537#E1,Generalusage,08/06/2026 04:30:00 PM,08/06/2026 04:59:59 PM,0.001,0,A
ACCO_15e06beda2,NMI_df2d025267,DEVI_284a47f5e0,COMMS4D,06537#B1,Solar,08/06/2026 05:00:00 PM,08/06/2026 05:29:59 PM,0.002,0,A
ACCO_15e06beda2,NMI_df2d025267,DEVI_284a47f5e0,COMMS4D,06537#E1,Generalusage,08/06/2026 05:00:00 PM,08/06/2026 05:29:59 PM,0.001,0,A
ACCO_15e06beda2,NMI_df2d025267,DEVI_284a47f5e0,COMMS4D,06537#B1,Solar,08/06/2026 05:30:00 PM,08/06/2026 05:59:59 PM,0.002,0,A
ACCO_15e06beda2,NMI_df2d025267,DEVI_284a47f5e0,COMMS4D,06537#E1,Generalusage,08/06/2026 05:30:00 PM,08/06/2026 05:59:59 PM,0.001,0,A
ACCO_15e06beda2,NMI_df2d025267,DEVI_284a47f5e0,COMMS4D,06537#B1,Solar,08/06/2026 06:00:00 PM,08/06/2026 06:29:59 PM,0.003,0,A
ACCO_15e06beda2,NMI_df2d025267,DEVI_284a47f5e0,COMMS4D,06537#E1,Generalusage,08/06/2026 06:00:00 PM,08/06/2026 06:29:59 PM,0.002,0,A
ACCO_15e06beda2,NMI_df2d025267,DEVI_284a47f5e0,COMMS4D,06537#B1,Solar,08/06/2026 06:30:00 PM,08/06/2026 06:59:59 PM,0.002,0,A
ACCO_15e06beda2,NMI_df2d025267,DEVI_284a47f5e0,COMMS4D,06537#E1,Generalusage,08/06/2026 06:30:00 PM,08/06/2026 06:59:59 PM,0.001,0,A
ACCO_15e06beda2,NMI_df2d025267,DEVI_284a47f5e0,COMMS4D,06537#B1,Solar,08/06/2026 07:00:00 PM,08/06/2026 07:29:59 PM,0.003,0,A
ACCO_15e06beda2,NMI_df2d025267,DEVI_284a47f5e0,COMMS4D,06537#E1,Generalusage,08/06/2026 07:00:00 PM,08/06/2026 07:29:59 PM,0.001,0,A
ACCO_15e06beda2,NMI_df2d025267,DEVI_284a47f5e0,COMMS4D,06537#B1,Solar,08/06/2026 07:30:00 PM,08/06/2026 07:59:59 PM,0.003,0,A
ACCO_15e06beda2,NMI_df2d025267,DEVI_284a47f5e0,COMMS4D,06537#E1,Generalusage,08/06/2026 07:30:00 PM,08/06/2026 07:59:59 PM,0.001,0,A
ACCO_15e06beda2,NMI_df2d025267,DEVI_284a47f5e0,COMMS4D,06537#B1,Solar,08/06/2026 08:00:00 PM,08/06/2026 08:29:59 PM,0.002,0,A
ACCO_15e06beda2,NMI_df2d025267,DEVI_284a47f5e0,COMMS4D,06537#E1,Generalusage,08/06/2026 08:00:00 PM,08/06/2026 08:29:59 PM,0,0,A
ACCO_15e06beda2,NMI_df2d025267,DEVI_284a47f5e0,COMMS4D,06537#B1,Solar,08/06/2026 08:30:00 PM,08/06/2026 08:59:59 PM,0.003,0,A
ACCO_15e06beda2,NMI_df2d025267,DEVI_284a47f5e0,COMMS4D,06537#E1,Generalusage,08/06/2026 08:30:00 PM,08/06/2026 08:59:59 PM,0.001,0,A
ACCO_15e06beda2,NMI_df2d025267,DEVI_284a47f5e0,COMMS4D,06537#B1,Solar,08/06/2026 09:00:00 PM,08/06/2026 09:29:59 PM,0.002,0,A
ACCO_15e06beda2,NMI_df2d025267,DEVI_284a47f5e0,COMMS4D,06537#E1,Generalusage,08/06/2026 09:00:00 PM,08/06/2026 09:29:59 PM,0.001,0,A
ACCO_15e06beda2,NMI_df2d025267,DEVI_284a47f5e0,COMMS4D,06537#B1,Solar,08/06/2026 09:30:00 PM,08/06/2026 09:59:59 PM,0.002,0,A
ACCO_15e06beda2,NMI_df2d025267,DEVI_284a47f5e0,COMMS4D,06537#E1,Generalusage,08/06/2026 09:30:00 PM,08/06/2026 09:59:59 PM,0.001,0,A
ACCO_15e06beda2,NMI_df2d025267,DEVI_284a47f5e0,COMMS4D,06537#B1,Solar,08/06/2026 10:00:00 PM,08/06/2026 10:29:59 PM,0.003,0,A
ACCO_15e06beda2,NMI_df2d025267,DEVI_284a47f5e0,COMMS4D,06537#E1,Generalusage,08/06/2026 10:00:00 PM,08/06/2026 10:29:59 PM,0.001,0,A
ACCO_15e06beda2,NMI_df2d025267,DEVI_284a47f5e0,COMMS4D,06537#B1,Solar,08/06/2026 10:30:00 PM,08/06/2026 10:59:59 PM,0.002,0,A
ACCO_15e06beda2,NMI_df2d025267,DEVI_284a47f5e0,COMMS4D,06537#E1,Generalusage,08/06/2026 10:30:00 PM,08/06/2026 10:59:59 PM,0.001,0,A
ACCO_15e06beda2,NMI_df2d025267,DEVI_284a47f5e0,COMMS4D,06537#B1,Solar,08/06/2026 11:00:00 PM,08/06/2026 11:29:59 PM,0.001,0,A
ACCO_15e06beda2,NMI_df2d025267,DEVI_284a47f5e0,COMMS4D,06537#E1,Generalusage,08/06/2026 11:00:00 PM,08/06/2026 11:29:59 PM,0.001,0,A
ACCO_15e06beda2,NMI_df2d025267,DEVI_284a47f5e0,COMMS4D,06537#B1,Solar,08/06/2026 11:30:00 PM,08/06/2026 11:59:59 PM,0.002,0,A
ACCO_15e06beda2,NMI_df2d025267,DEVI_284a47f5e0,COMMS4D,06537#E1,Generalusage,08/06/2026 11:30:00 PM,08/06/2026 11:59:59 PM,0.002,0,A
ACCO_15e06beda2,NMI_df2d025267,DEVI_284a47f5e0,COMMS4D,06537#B1,Solar,09/06/2026 12:00:00 AM,09/06/2026 12:29:59 AM,0.002,0,A
ACCO_15e06beda2,NMI_df2d025267,DEVI_284a47f5e0,COMMS4D,06537#E1,Generalusage,09/06/2026 12:00:00 AM,09/06/2026 12:29:59 AM,0,0,A
ACCO_15e06beda2,NMI_df2d025267,DEVI_284a47f5e0,COMMS4D,06537#B1,Solar,09/06/2026 12:30:00 AM,09/06/2026 12:59:59 AM,0.003,0,A
ACCO_15e06beda2,NMI_df2d025267,DEVI_284a47f5e0,COMMS4D,06537#E1,Generalusage,09/06/2026 12:30:00 AM,09/06/2026 12:59:59 AM,0.001,0,A
ACCO_15e06beda2,NMI_df2d025267,DEVI_284a47f5e0,COMMS4D,06537#B1,Solar,09/06/2026 01:00:00 AM,09/06/2026 01:29:59 AM,0.002,0,A
ACCO_15e06beda2,NMI_df2d025267,DEVI_284a47f5e0,COMMS4D,06537#E1,Generalusage,09/06/2026 01:00:00 AM,09/06/2026 01:29:59 AM,0.001,0,A
ACCO_15e06beda2,NMI_df2d025267,DEVI_284a47f5e0,COMMS4D,06537#B1,Solar,09/06/2026 01:30:00 AM,09/06/2026 01:59:59 AM,0.001,0,A
ACCO_15e06beda2,NMI_df2d025267,DEVI_284a47f5e0,COMMS4D,06537#E1,Generalusage,09/06/2026 01:30:00 AM,09/06/2026 01:59:59 AM,0.001,0,A
ACCO_15e06beda2,NMI_df2d025267,DEVI_284a47f5e0,COMMS4D,06537#B1,Solar,09/06/2026 02:00:00 AM,09/06/2026 02:29:59 AM,0.002,0,A
ACCO_15e06beda2,NMI_df2d025267,DEVI_284a47f5e0,COMMS4D,06537#E1,Generalusage,09/06/2026 02:00:00 AM,09/06/2026 02:29:59 AM,0.001,0,A
ACCO_15e06beda2,NMI_df2d025267,DEVI_284a47f5e0,COMMS4D,06537#B1,Solar,09/06/2026 02:30:00 AM,09/06/2026 02:59:59 AM,0.002,0,A
ACCO_15e06beda2,NMI_df2d025267,DEVI_284a47f5e0,COMMS4D,06537#E1,Generalusage,09/06/2026 02:30:00 AM,09/06/2026 02:59:59 AM,0.001,0,A
ACCO_15e06beda2,NMI_df2d025267,DEVI_284a47f5e0,COMMS4D,06537#B1,Solar,09/06/2026 03:00:00 AM,09/06/2026 03:29:59 AM,0.001,0,A
ACCO_15e06beda2,NMI_df2d025267,DEVI_284a47f5e0,COMMS4D,06537#E1,Generalusage,09/06/2026 03:00:00 AM,09/06/2026 03:29:59 AM,0.001,0,A
ACCO_15e06beda2,NMI_df2d025267,DEVI_284a47f5e0,COMMS4D,06537#B1,Solar,09/06/2026 03:30:00 AM,09/06/2026 03:59:59 AM,0.002,0,A
ACCO_15e06beda2,NMI_df2d025267,DEVI_284a47f5e0,COMMS4D,06537#E1,Generalusage,09/06/2026 03:30:00 AM,09/06/2026 03:59:59 AM,0.001,0,A
ACCO_15e06beda2,NMI_df2d025267,DEVI_284a47f5e0,COMMS4D,06537#B1,Solar,09/06/2026 04:00:00 AM,09/06/2026 04:29:59 AM,0.001,0,A
ACCO_15e06beda2,NMI_df2d025267,DEVI_284a47f5e0,COMMS4D,06537#E1,Generalusage,09/06/2026 04:00:00 AM,09/06/2026 04:29:59 AM,0.001,0,A
ACCO_15e06beda2,NMI_df2d025267,DEVI_284a47f5e0,COMMS4D,06537#B1,Solar,09/06/2026 04:30:00 AM,09/06/2026 04:59:59 AM,0.002,0,A
ACCO_15e06beda2,NMI_df2d025267,DEVI_284a47f5e0,COMMS4D,06537#E1,Generalusage,09/06/2026 04:30:00 AM,09/06/2026 04:59:59 AM,0.002,0,A
ACCO_15e06beda2,NMI_df2d025267,DEVI_284a47f5e0,COMMS4D,06537#B1,Solar,09/06/2026 05:00:00 AM,09/06/2026 05:29:59 AM,0.001,0,A
ACCO_15e06beda2,NMI_df2d025267,DEVI_284a47f5e0,COMMS4D,06537#E1,Generalusage,09/06/2026 05:00:00 AM,09/06/2026 05:29:59 AM,0.001,0,A
ACCO_15e06beda2,NMI_df2d025267,DEVI_284a47f5e0,COMMS4D,06537#B1,Solar,09/06/2026 05:30:00 AM,09/06/2026 05:59:59 AM,0.002,0,A
ACCO_15e06beda2,NMI_df2d025267,DEVI_284a47f5e0,COMMS4D,06537#E1,Generalusage,09/06/2026 05:30:00 AM,09/06/2026 05:59:59 AM,0.001,0,A
ACCO_15e06beda2,NMI_df2d025267,DEVI_284a47f5e0,COMMS4D,06537#B1,Solar,09/06/2026 06:00:00 AM,09/06/2026 06:29:59 AM,0.002,0,A
ACCO_15e06beda2,NMI_df2d025267,DEVI_284a47f5e0,COMMS4D,06537#E1,Generalusage,09/06/2026 06:00:00 AM,09/06/2026 06:29:59 AM,0.001,0,A
ACCO_15e06beda2,NMI_df2d025267,DEVI_284a47f5e0,COMMS4D,06537#B1,Solar,09/06/2026 06:30:00 AM,09/06/2026 06:59:59 AM,0.002,0,A
ACCO_15e06beda2,NMI_df2d025267,DEVI_284a47f5e0,COMMS4D,06537#E1,Generalusage,09/06/2026 06:30:00 AM,09/06/2026 06:59:59 AM,0.001,0,A
ACCO_15e06beda2,NMI_df2d025267,DEVI_284a47f5e0,COMMS4D,06537#B1,Solar,09/06/2026 07:00:00 AM,09/06/2026 07:29:59 AM,0.003,0,A
ACCO_15e06beda2,NMI_df2d025267,DEVI_284a47f5e0,COMMS4D,06537#E1,Generalusage,09/06/2026 07:00:00 AM,09/06/2026 07:29:59 AM,0,0,A
ACCO_15e06beda2,NMI_df2d025267,DEVI_284a47f5e0,COMMS4D,06537#B1,Solar,09/06/2026 07:30:00 AM,09/06/2026 07:59:59 AM,0.002,0,A
ACCO_15e06beda2,NMI_df2d025267,DEVI_284a47f5e0,COMMS4D,06537#E1,Generalusage,09/06/2026 07:30:00 AM,09/06/2026 07:59:59 AM,0.002,0,A
ACCO_15e06beda2,NMI_df2d025267,DEVI_284a47f5e0,COMMS4D,06537#B1,Solar,09/06/2026 08:00:00 AM,09/06/2026 08:29:59 AM,0.002,0,A
ACCO_15e06beda2,NMI_df2d025267,DEVI_284a47f5e0,COMMS4D,06537#E1,Generalusage,09/06/2026 08:00:00 AM,09/06/2026 08:29:59 AM,0,0,A
ACCO_15e06beda2,NMI_df2d025267,DEVI_284a47f5e0,COMMS4D,06537#B1,Solar,09/06/2026 08:30:00 AM,09/06/2026 08:59:59 AM,0.003,0,A
ACCO_15e06beda2,NMI_df2d025267,DEVI_284a47f5e0,COMMS4D,06537#E1,Generalusage,09/06/2026 08:30:00 AM,09/06/2026 08:59:59 AM,0.001,0,A
ACCO_15e06beda2,NMI_df2d025267,DEVI_284a47f5e0,COMMS4D,06537#B1,Solar,09/06/2026 09:00:00 AM,09/06/2026 09:29:59 AM,0.003,0,A
ACCO_15e06beda2,NMI_df2d025267,DEVI_284a47f5e0,COMMS4D,06537#E1,Generalusage,09/06/2026 09:00:00 AM,09/06/2026 09:29:59 AM,0.002,0,A
ACCO_15e06beda2,NMI_df2d025267,DEVI_284a47f5e0,COMMS4D,06537#B1,Solar,09/06/2026 09:30:00 AM,09/06/2026 09:59:59 AM,0.004,0,A
ACCO_15e06beda2,NMI_df2d025267,DEVI_284a47f5e0,COMMS4D,06537#E1,Generalusage,09/06/2026 09:30:00 AM,09/06/2026 09:59:59 AM,0.002,0,A
ACCO_15e06beda2,NMI_df2d025267,DEVI_284a47f5e0,COMMS4D,06537#B1,Solar,09/06/2026 10:00:00 AM,09/06/2026 10:29:59 AM,0.003,0,A
ACCO_15e06beda2,NMI_df2d025267,DEVI_284a47f5e0,COMMS4D,06537#E1,Generalusage,09/06/2026 10:00:00 AM,09/06/2026 10:29:59 AM,0.001,0,A
ACCO_15e06beda2,NMI_df2d025267,DEVI_284a47f5e0,COMMS4D,06537#B1,Solar,09/06/2026 10:30:00 AM,09/06/2026 10:59:59 AM,0.002,0,A
ACCO_15e06beda2,NMI_df2d025267,DEVI_284a47f5e0,COMMS4D,06537#E1,Generalusage,09/06/2026 10:30:00 AM,09/06/2026 10:59:59 AM,0.001,0,A
ACCO_15e06beda2,NMI_df2d025267,DEVI_284a47f5e0,COMMS4D,06537#B1,Solar,09/06/2026 11:00:00 AM,09/06/2026 11:29:59 AM,1.412,0,A
ACCO_15e06beda2,NMI_df2d025267,DEVI_284a47f5e0,COMMS4D,06537#E1,Generalusage,09/06/2026 11:00:00 AM,09/06/2026 11:29:59 AM,0,0,A
ACCO_15e06beda2,NMI_df2d025267,DEVI_284a47f5e0,COMMS4D,06537#B1,Solar,09/06/2026 11:30:00 AM,09/06/2026 11:59:59 AM,3.018,0,A
ACCO_15e06beda2,NMI_df2d025267,DEVI_284a47f5e0,COMMS4D,06537#E1,Generalusage,09/06/2026 11:30:00 AM,09/06/2026 11:59:59 AM,0,0,A
ACCO_15e06beda2,NMI_df2d025267,DEVI_284a47f5e0,COMMS4D,06537#B1,Solar,09/06/2026 12:00:00 PM,09/06/2026 12:29:59 PM,3.075,0,A
ACCO_15e06beda2,NMI_df2d025267,DEVI_284a47f5e0,COMMS4D,06537#E1,Generalusage,09/06/2026 12:00:00 PM,09/06/2026 12:29:59 PM,0,0,A
ACCO_15e06beda2,NMI_df2d025267,DEVI_284a47f5e0,COMMS4D,06537#B1,Solar,09/06/2026 12:30:00 PM,09/06/2026 12:59:59 PM,2.577,0,A
ACCO_15e06beda2,NMI_df2d025267,DEVI_284a47f5e0,COMMS4D,06537#E1,Generalusage,09/06/2026 12:30:00 PM,09/06/2026 12:59:59 PM,0,0,A
ACCO_15e06beda2,NMI_df2d025267,DEVI_284a47f5e0,COMMS4D,06537#B1,Solar,09/06/2026 01:00:00 PM,09/06/2026 01:29:59 PM,2.715,0,A
ACCO_15e06beda2,NMI_df2d025267,DEVI_284a47f5e0,COMMS4D,06537#E1,Generalusage,09/06/2026 01:00:00 PM,09/06/2026 01:29:59 PM,0,0,A
ACCO_15e06beda2,NMI_df2d025267,DEVI_284a47f5e0,COMMS4D,06537#B1,Solar,09/06/2026 01:30:00 PM,09/06/2026 01:59:59 PM,1.115,0,A
ACCO_15e06beda2,NMI_df2d025267,DEVI_284a47f5e0,COMMS4D,06537#E1,Generalusage,09/06/2026 01:30:00 PM,09/06/2026 01:59:59 PM,0.003,0,A
ACCO_15e06beda2,NMI_df2d025267,DEVI_284a47f5e0,COMMS4D,06537#B1,Solar,09/06/2026 02:00:00 PM,09/06/2026 02:29:59 PM,1.705,0,A
ACCO_15e06beda2,NMI_df2d025267,DEVI_284a47f5e0,COMMS4D,06537#E1,Generalusage,09/06/2026 02:00:00 PM,09/06/2026 02:29:59 PM,0,0,A
ACCO_15e06beda2,NMI_df2d025267,DEVI_284a47f5e0,COMMS4D,06537#B1,Solar,09/06/2026 02:30:00 PM,09/06/2026 02:59:59 PM,1.132,0,A
ACCO_15e06beda2,NMI_df2d025267,DEVI_284a47f5e0,COMMS4D,06537#E1,Generalusage,09/06/2026 02:30:00 PM,09/06/2026 02:59:59 PM,0,0,A
ACCO_15e06beda2,NMI_df2d025267,DEVI_284a47f5e0,COMMS4D,06537#B1,Solar,09/06/2026 03:00:00 PM,09/06/2026 03:29:59 PM,0.858,0,A
ACCO_15e06beda2,NMI_df2d025267,DEVI_284a47f5e0,COMMS4D,06537#E1,Generalusage,09/06/2026 03:00:00 PM,09/06/2026 03:29:59 PM,0,0,A
ACCO_15e06beda2,NMI_df2d025267,DEVI_284a47f5e0,COMMS4D,06537#B1,Solar,09/06/2026 03:30:00 PM,09/06/2026 03:59:59 PM,0.765,0,A
ACCO_15e06beda2,NMI_df2d025267,DEVI_284a47f5e0,COMMS4D,06537#E1,Generalusage,09/06/2026 03:30:00 PM,09/06/2026 03:59:59 PM,0,0,A
ACCO_15e06beda2,NMI_df2d025267,DEVI_284a47f5e0,COMMS4D,06537#B1,Solar,09/06/2026 04:00:00 PM,09/06/2026 04:29:59 PM,0.212,0,A
ACCO_15e06beda2,NMI_df2d025267,DEVI_284a47f5e0,COMMS4D,06537#E1,Generalusage,09/06/2026 04:00:00 PM,09/06/2026 04:29:59 PM,0.001,0,A
ACCO_15e06beda2,NMI_df2d025267,DEVI_284a47f5e0,COMMS4D,06537#B1,Solar,09/06/2026 04:30:00 PM,09/06/2026 04:59:59 PM,0.002,0,A
ACCO_15e06beda2,NMI_df2d025267,DEVI_284a47f5e0,COMMS4D,06537#E1,Generalusage,09/06/2026 04:30:00 PM,09/06/2026 04:59:59 PM,0.001,0,A
ACCO_15e06beda2,NMI_df2d025267,DEVI_284a47f5e0,COMMS4D,06537#B1,Solar,09/06/2026 05:00:00 PM,09/06/2026 05:29:59 PM,0.002,0,A
ACCO_15e06beda2,NMI_df2d025267,DEVI_284a47f5e0,COMMS4D,06537#E1,Generalusage,09/06/2026 05:00:00 PM,09/06/2026 05:29:59 PM,0.001,0,A
ACCO_15e06beda2,NMI_df2d025267,DEVI_284a47f5e0,COMMS4D,06537#B1,Solar,09/06/2026 05:30:00 PM,09/06/2026 05:59:59 PM,0.003,0,A
ACCO_15e06beda2,NMI_df2d025267,DEVI_284a47f5e0,COMMS4D,06537#E1,Generalusage,09/06/2026 05:30:00 PM,09/06/2026 05:59:59 PM,0.001,0,A
ACCO_15e06beda2,NMI_df2d025267,DEVI_284a47f5e0,COMMS4D,06537#B1,Solar,09/06/2026 06:00:00 PM,09/06/2026 06:29:59 PM,0.002,0,A
ACCO_15e06beda2,NMI_df2d025267,DEVI_284a47f5e0,COMMS4D,06537#E1,Generalusage,09/06/2026 06:00:00 PM,09/06/2026 06:29:59 PM,0.001,0,A
ACCO_15e06beda2,NMI_df2d025267,DEVI_284a47f5e0,COMMS4D,06537#B1,Solar,09/06/2026 06:30:00 PM,09/06/2026 06:59:59 PM,0.006,0,A
ACCO_15e06beda2,NMI_df2d025267,DEVI_284a47f5e0,COMMS4D,06537#E1,Generalusage,09/06/2026 06:30:00 PM,09/06/2026 06:59:59 PM,0.003,0,A
ACCO_15e06beda2,NMI_df2d025267,DEVI_284a47f5e0,COMMS4D,06537#B1,Solar,09/06/2026 07:00:00 PM,09/06/2026 07:29:59 PM,0.005,0,A
ACCO_15e06beda2,NMI_df2d025267,DEVI_284a47f5e0,COMMS4D,06537#E1,Generalusage,09/06/2026 07:00:00 PM,09/06/2026 07:29:59 PM,0.003,0,A
ACCO_15e06beda2,NMI_df2d025267,DEVI_284a47f5e0,COMMS4D,06537#B1,Solar,09/06/2026 07:30:00 PM,09/06/2026 07:59:59 PM,0.002,0,A
ACCO_15e06beda2,NMI_df2d025267,DEVI_284a47f5e0,COMMS4D,06537#E1,Generalusage,09/06/2026 07:30:00 PM,09/06/2026 07:59:59 PM,0.001,0,A
ACCO_15e06beda2,NMI_df2d025267,DEVI_284a47f5e0,COMMS4D,06537#B1,Solar,09/06/2026 08:00:00 PM,09/06/2026 08:29:59 PM,0.003,0,A
ACCO_15e06beda2,NMI_df2d025267,DEVI_284a47f5e0,COMMS4D,06537#E1,Generalusage,09/06/2026 08:00:00 PM,09/06/2026 08:29:59 PM,0.001,0,A
ACCO_15e06beda2,NMI_df2d025267,DEVI_284a47f5e0,COMMS4D,06537#B1,Solar,09/06/2026 08:30:00 PM,09/06/2026 08:59:59 PM,0.003,0,A
ACCO_15e06beda2,NMI_df2d025267,DEVI_284a47f5e0,COMMS4D,06537#E1,Generalusage,09/06/2026 08:30:00 PM,09/06/2026 08:59:59 PM,0,0,A
ACCO_15e06beda2,NMI_df2d025267,DEVI_284a47f5e0,COMMS4D,06537#B1,Solar,09/06/2026 09:00:00 PM,09/06/2026 09:29:59 PM,0.002,0,A
ACCO_15e06beda2,NMI_df2d025267,DEVI_284a47f5e0,COMMS4D,06537#E1,Generalusage,09/06/2026 09:00:00 PM,09/06/2026 09:29:59 PM,0.001,0,A
ACCO_15e06beda2,NMI_df2d025267,DEVI_284a47f5e0,COMMS4D,06537#B1,Solar,09/06/2026 09:30:00 PM,09/06/2026 09:59:59 PM,0.003,0,A
ACCO_15e06beda2,NMI_df2d025267,DEVI_284a47f5e0,COMMS4D,06537#E1,Generalusage,09/06/2026 09:30:00 PM,09/06/2026 09:59:59 PM,0.001,0,A
ACCO_15e06beda2,NMI_df2d025267,DEVI_284a47f5e0,COMMS4D,06537#B1,Solar,09/06/2026 10:00:00 PM,09/06/2026 10:29:59 PM,0.003,0,A
ACCO_15e06beda2,NMI_df2d025267,DEVI_284a47f5e0,COMMS4D,06537#E1,Generalusage,09/06/2026 10:00:00 PM,09/06/2026 10:29:59 PM,0.001,0,A
ACCO_15e06beda2,NMI_df2d025267,DEVI_284a47f5e0,COMMS4D,06537#B1,Solar,09/06/2026 10:30:00 PM,09/06/2026 10:59:59 PM,0.003,0,A
ACCO_15e06beda2,NMI_df2d025267,DEVI_284a47f5e0,COMMS4D,06537#E1,Generalusage,09/06/2026 10:30:00 PM,09/06/2026 10:59:59 PM,0,0,A
ACCO_15e06beda2,NMI_df2d025267,DEVI_284a47f5e0,COMMS4D,06537#B1,Solar,09/06/2026 11:00:00 PM,09/06/2026 11:29:59 PM,0.002,0,A
ACCO_15e06beda2,NMI_df2d025267,DEVI_284a47f5e0,COMMS4D,06537#E1,Generalusage,09/06/2026 11:00:00 PM,09/06/2026 11:29:59 PM,0.001,0,A
ACCO_15e06beda2,NMI_df2d025267,DEVI_284a47f5e0,COMMS4D,06537#B1,Solar,09/06/2026 11:30:00 PM,09/06/2026 11:59:59 PM,0.003,0,A
ACCO_15e06beda2,NMI_df2d025267,DEVI_284a47f5e0,COMMS4D,06537#E1,Generalusage,09/06/2026 11:30:00 PM,09/06/2026 11:59:59 PM,0.001,0,A
ACCO_15e06beda2,NMI_df2d025267,DEVI_284a47f5e0,COMMS4D,06537#B1,Solar,10/06/2026 12:00:00 AM,10/06/2026 12:29:59 AM,0.002,0,A
ACCO_15e06beda2,NMI_df2d025267,DEVI_284a47f5e0,COMMS4D,06537#E1,Generalusage,10/06/2026 12:00:00 AM,10/06/2026 12:29:59 AM,0.001,0,A
ACCO_15e06beda2,NMI_df2d025267,DEVI_284a47f5e0,COMMS4D,06537#B1,Solar,10/06/2026 12:30:00 AM,10/06/2026 12:59:59 AM,0.002,0,A
ACCO_15e06beda2,NMI_df2d025267,DEVI_284a47f5e0,COMMS4D,06537#E1,Generalusage,10/06/2026 12:30:00 AM,10/06/2026 12:59:59 AM,0,0,A
ACCO_15e06beda2,NMI_df2d025267,DEVI_284a47f5e0,COMMS4D,06537#B1,Solar,10/06/2026 01:00:00 AM,10/06/2026 01:29:59 AM,0.002,0,A
ACCO_15e06beda2,NMI_df2d025267,DEVI_284a47f5e0,COMMS4D,06537#E1,Generalusage,10/06/2026 01:00:00 AM,10/06/2026 01:29:59 AM,0.002,0,A
ACCO_15e06beda2,NMI_df2d025267,DEVI_284a47f5e0,COMMS4D,06537#B1,Solar,10/06/2026 01:30:00 AM,10/06/2026 01:59:59 AM,0.002,0,A
ACCO_15e06beda2,NMI_df2d025267,DEVI_284a47f5e0,COMMS4D,06537#E1,Generalusage,10/06/2026 01:30:00 AM,10/06/2026 01:59:59 AM,0.001,0,A
ACCO_15e06beda2,NMI_df2d025267,DEVI_284a47f5e0,COMMS4D,06537#B1,Solar,10/06/2026 02:00:00 AM,10/06/2026 02:29:59 AM,0.001,0,A
ACCO_15e06beda2,NMI_df2d025267,DEVI_284a47f5e0,COMMS4D,06537#E1,Generalusage,10/06/2026 02:00:00 AM,10/06/2026 02:29:59 AM,0.001,0,A
ACCO_15e06beda2,NMI_df2d025267,DEVI_284a47f5e0,COMMS4D,06537#B1,Solar,10/06/2026 02:30:00 AM,10/06/2026 02:59:59 AM,0.002,0,A
ACCO_15e06beda2,NMI_df2d025267,DEVI_284a47f5e0,COMMS4D,06537#E1,Generalusage,10/06/2026 02:30:00 AM,10/06/2026 02:59:59 AM,0.001,0,A
ACCO_15e06beda2,NMI_df2d025267,DEVI_284a47f5e0,COMMS4D,06537#B1,Solar,10/06/2026 03:00:00 AM,10/06/2026 03:29:59 AM,0.001,0,A
ACCO_15e06beda2,NMI_df2d025267,DEVI_284a47f5e0,COMMS4D,06537#E1,Generalusage,10/06/2026 03:00:00 AM,10/06/2026 03:29:59 AM,0.001,0,A
ACCO_15e06beda2,NMI_df2d025267,DEVI_284a47f5e0,COMMS4D,06537#B1,Solar,10/06/2026 03:30:00 AM,10/06/2026 03:59:59 AM,0.001,0,A
ACCO_15e06beda2,NMI_df2d025267,DEVI_284a47f5e0,COMMS4D,06537#E1,Generalusage,10/06/2026 03:30:00 AM,10/06/2026 03:59:59 AM,0.002,0,A
ACCO_15e06beda2,NMI_df2d025267,DEVI_284a47f5e0,COMMS4D,06537#B1,Solar,10/06/2026 04:00:00 AM,10/06/2026 04:29:59 AM,0.002,0,A
ACCO_15e06beda2,NMI_df2d025267,DEVI_284a47f5e0,COMMS4D,06537#E1,Generalusage,10/06/2026 04:00:00 AM,10/06/2026 04:29:59 AM,0.001,0,A
ACCO_15e06beda2,NMI_df2d025267,DEVI_284a47f5e0,COMMS4D,06537#B1,Solar,10/06/2026 04:30:00 AM,10/06/2026 04:59:59 AM,0.001,0,A
ACCO_15e06beda2,NMI_df2d025267,DEVI_284a47f5e0,COMMS4D,06537#E1,Generalusage,10/06/2026 04:30:00 AM,10/06/2026 04:59:59 AM,0.001,0,A
ACCO_15e06beda2,NMI_df2d025267,DEVI_284a47f5e0,COMMS4D,06537#B1,Solar,10/06/2026 05:00:00 AM,10/06/2026 05:29:59 AM,0.002,0,A
ACCO_15e06beda2,NMI_df2d025267,DEVI_284a47f5e0,COMMS4D,06537#E1,Generalusage,10/06/2026 05:00:00 AM,10/06/2026 05:29:59 AM,0.001,0,A
ACCO_15e06beda2,NMI_df2d025267,DEVI_284a47f5e0,COMMS4D,06537#B1,Solar,10/06/2026 05:30:00 AM,10/06/2026 05:59:59 AM,0.002,0,A
ACCO_15e06beda2,NMI_df2d025267,DEVI_284a47f5e0,COMMS4D,06537#E1,Generalusage,10/06/2026 05:30:00 AM,10/06/2026 05:59:59 AM,0.001,0,A
ACCO_15e06beda2,NMI_df2d025267,DEVI_284a47f5e0,COMMS4D,06537#B1,Solar,10/06/2026 06:00:00 AM,10/06/2026 06:29:59 AM,0.002,0,A
ACCO_15e06beda2,NMI_df2d025267,DEVI_284a47f5e0,COMMS4D,06537#E1,Generalusage,10/06/2026 06:00:00 AM,10/06/2026 06:29:59 AM,0.001,0,A
ACCO_15e06beda2,NMI_df2d025267,DEVI_284a47f5e0,COMMS4D,06537#B1,Solar,10/06/2026 06:30:00 AM,10/06/2026 06:59:59 AM,0.002,0,A
ACCO_15e06beda2,NMI_df2d025267,DEVI_284a47f5e0,COMMS4D,06537#E1,Generalusage,10/06/2026 06:30:00 AM,10/06/2026 06:59:59 AM,0,0,A
ACCO_15e06beda2,NMI_df2d025267,DEVI_284a47f5e0,COMMS4D,06537#B1,Solar,10/06/2026 07:00:00 AM,10/06/2026 07:29:59 AM,0.003,0,A
ACCO_15e06beda2,NMI_df2d025267,DEVI_284a47f5e0,COMMS4D,06537#E1,Generalusage,10/06/2026 07:00:00 AM,10/06/2026 07:29:59 AM,0.002,0,A
ACCO_15e06beda2,NMI_df2d025267,DEVI_284a47f5e0,COMMS4D,06537#B1,Solar,10/06/2026 07:30:00 AM,10/06/2026 07:59:59 AM,0.002,0,A
ACCO_15e06beda2,NMI_df2d025267,DEVI_284a47f5e0,COMMS4D,06537#E1,Generalusage,10/06/2026 07:30:00 AM,10/06/2026 07:59:59 AM,0.001,0,A
ACCO_15e06beda2,NMI_df2d025267,DEVI_284a47f5e0,COMMS4D,06537#B1,Solar,10/06/2026 08:00:00 AM,10/06/2026 08:29:59 AM,0.003,0,A
ACCO_15e06beda2,NMI_df2d025267,DEVI_284a47f5e0,COMMS4D,06537#E1,Generalusage,10/06/2026 08:00:00 AM,10/06/2026 08:29:59 AM,0,0,A
ACCO_15e06beda2,NMI_df2d025267,DEVI_284a47f5e0,COMMS4D,06537#B1,Solar,10/06/2026 08:30:00 AM,10/06/2026 08:59:59 AM,0.003,0,A
ACCO_15e06beda2,NMI_df2d025267,DEVI_284a47f5e0,COMMS4D,06537#E1,Generalusage,10/06/2026 08:30:00 AM,10/06/2026 08:59:59 AM,0.001,0,A
ACCO_15e06beda2,NMI_df2d025267,DEVI_284a47f5e0,COMMS4D,06537#B1,Solar,10/06/2026 09:00:00 AM,10/06/2026 09:29:59 AM,0.002,0,A
ACCO_15e06beda2,NMI_df2d025267,DEVI_284a47f5e0,COMMS4D,06537#E1,Generalusage,10/06/2026 09:00:00 AM,10/06/2026 09:29:59 AM,0.001,0,A
ACCO_15e06beda2,NMI_df2d025267,DEVI_284a47f5e0,COMMS4D,06537#B1,Solar,10/06/2026 09:30:00 AM,10/06/2026 09:59:59 AM,0.002,0,A
ACCO_15e06beda2,NMI_df2d025267,DEVI_284a47f5e0,COMMS4D,06537#E1,Generalusage,10/06/2026 09:30:00 AM,10/06/2026 09:59:59 AM,0.001,0,A
ACCO_15e06beda2,NMI_df2d025267,DEVI_284a47f5e0,COMMS4D,06537#B1,Solar,10/06/2026 10:00:00 AM,10/06/2026 10:29:59 AM,0.004,0,A
ACCO_15e06beda2,NMI_df2d025267,DEVI_284a47f5e0,COMMS4D,06537#E1,Generalusage,10/06/2026 10:00:00 AM,10/06/2026 10:29:59 AM,0.002,0,A
ACCO_15e06beda2,NMI_df2d025267,DEVI_284a47f5e0,COMMS4D,06537#B1,Solar,10/06/2026 10:30:00 AM,10/06/2026 10:59:59 AM,0.003,0,A
ACCO_15e06beda2,NMI_df2d025267,DEVI_284a47f5e0,COMMS4D,06537#E1,Generalusage,10/06/2026 10:30:00 AM,10/06/2026 10:59:59 AM,0.001,0,A
ACCO_15e06beda2,NMI_df2d025267,DEVI_284a47f5e0,COMMS4D,06537#B1,Solar,10/06/2026 11:00:00 AM,10/06/2026 11:29:59 AM,0.28,0,A
ACCO_15e06beda2,NMI_df2d025267,DEVI_284a47f5e0,COMMS4D,06537#E1,Generalusage,10/06/2026 11:00:00 AM,10/06/2026 11:29:59 AM,0.001,0,A
ACCO_15e06beda2,NMI_df2d025267,DEVI_284a47f5e0,COMMS4D,06537#B1,Solar,10/06/2026 11:30:00 AM,10/06/2026 11:59:59 AM,2.325,0,A
ACCO_15e06beda2,NMI_df2d025267,DEVI_284a47f5e0,COMMS4D,06537#E1,Generalusage,10/06/2026 11:30:00 AM,10/06/2026 11:59:59 AM,0,0,A
ACCO_15e06beda2,NMI_df2d025267,DEVI_284a47f5e0,COMMS4D,06537#B1,Solar,10/06/2026 12:00:00 PM,10/06/2026 12:29:59 PM,2.776,0,A
ACCO_15e06beda2,NMI_df2d025267,DEVI_284a47f5e0,COMMS4D,06537#E1,Generalusage,10/06/2026 12:00:00 PM,10/06/2026 12:29:59 PM,0,0,A
ACCO_15e06beda2,NMI_df2d025267,DEVI_284a47f5e0,COMMS4D,06537#B1,Solar,10/06/2026 12:30:00 PM,10/06/2026 12:59:59 PM,2.207,0,A
ACCO_15e06beda2,NMI_df2d025267,DEVI_284a47f5e0,COMMS4D,06537#E1,Generalusage,10/06/2026 12:30:00 PM,10/06/2026 12:59:59 PM,0,0,A
ACCO_15e06beda2,NMI_df2d025267,DEVI_284a47f5e0,COMMS4D,06537#B1,Solar,10/06/2026 01:00:00 PM,10/06/2026 01:29:59 PM,2.579,0,A
ACCO_15e06beda2,NMI_df2d025267,DEVI_284a47f5e0,COMMS4D,06537#E1,Generalusage,10/06/2026 01:00:00 PM,10/06/2026 01:29:59 PM,0,0,A
ACCO_15e06beda2,NMI_df2d025267,DEVI_284a47f5e0,COMMS4D,06537#B1,Solar,10/06/2026 01:30:00 PM,10/06/2026 01:59:59 PM,0.899,0,A
ACCO_15e06beda2,NMI_df2d025267,DEVI_284a47f5e0,COMMS4D,06537#E1,Generalusage,10/06/2026 01:30:00 PM,10/06/2026 01:59:59 PM,0,0,A
ACCO_15e06beda2,NMI_df2d025267,DEVI_284a47f5e0,COMMS4D,06537#B1,Solar,10/06/2026 02:00:00 PM,10/06/2026 02:29:59 PM,1.402,0,A
ACCO_15e06beda2,NMI_df2d025267,DEVI_284a47f5e0,COMMS4D,06537#E1,Generalusage,10/06/2026 02:00:00 PM,10/06/2026 02:29:59 PM,0,0,A
ACCO_15e06beda2,NMI_df2d025267,DEVI_284a47f5e0,COMMS4D,06537#B1,Solar,10/06/2026 02:30:00 PM,10/06/2026 02:59:59 PM,0.616,0,A
ACCO_15e06beda2,NMI_df2d025267,DEVI_284a47f5e0,COMMS4D,06537#E1,Generalusage,10/06/2026 02:30:00 PM,10/06/2026 02:59:59 PM,0,0,A
ACCO_15e06beda2,NMI_df2d025267,DEVI_284a47f5e0,COMMS4D,06537#B1,Solar,10/06/2026 03:00:00 PM,10/06/2026 03:29:59 PM,0.419,0,A
ACCO_15e06beda2,NMI_df2d025267,DEVI_284a47f5e0,COMMS4D,06537#E1,Generalusage,10/06/2026 03:00:00 PM,10/06/2026 03:29:59 PM,0,0,A
ACCO_15e06beda2,NMI_df2d025267,DEVI_284a47f5e0,COMMS4D,06537#B1,Solar,10/06/2026 03:30:00 PM,10/06/2026 03:59:59 PM,0.387,0,A
ACCO_15e06beda2,NMI_df2d025267,DEVI_284a47f5e0,COMMS4D,06537#E1,Generalusage,10/06/2026 03:30:00 PM,10/06/2026 03:59:59 PM,0,0,A
ACCO_15e06beda2,NMI_df2d025267,DEVI_284a47f5e0,COMMS4D,06537#B1,Solar,10/06/2026 04:00:00 PM,10/06/2026 04:29:59 PM,0.016,0,A
ACCO_15e06beda2,NMI_df2d025267,DEVI_284a47f5e0,COMMS4D,06537#E1,Generalusage,10/06/2026 04:00:00 PM,10/06/2026 04:29:59 PM,0.001,0,A
ACCO_15e06beda2,NMI_df2d025267,DEVI_284a47f5e0,COMMS4D,06537#B1,Solar,10/06/2026 04:30:00 PM,10/06/2026 04:59:59 PM,0.003,0,A
ACCO_15e06beda2,NMI_df2d025267,DEVI_284a47f5e0,COMMS4D,06537#E1,Generalusage,10/06/2026 04:30:00 PM,10/06/2026 04:59:59 PM,0.001,0,A
ACCO_15e06beda2,NMI_df2d025267,DEVI_284a47f5e0,COMMS4D,06537#B1,Solar,10/06/2026 05:00:00 PM,10/06/2026 05:29:59 PM,0.002,0,A
ACCO_15e06beda2,NMI_df2d025267,DEVI_284a47f5e0,COMMS4D,06537#E1,Generalusage,10/06/2026 05:00:00 PM,10/06/2026 05:29:59 PM,0.001,0,A
ACCO_15e06beda2,NMI_df2d025267,DEVI_284a47f5e0,COMMS4D,06537#B1,Solar,10/06/2026 05:30:00 PM,10/06/2026 05:59:59 PM,0.002,0,A
ACCO_15e06beda2,NMI_df2d025267,DEVI_284a47f5e0,COMMS4D,06537#E1,Generalusage,10/06/2026 05:30:00 PM,10/06/2026 05:59:59 PM,0.002,0,A
ACCO_15e06beda2,NMI_df2d025267,DEVI_284a47f5e0,COMMS4D,06537#B1,Solar,10/06/2026 06:00:00 PM,10/06/2026 06:29:59 PM,0.003,0,A
ACCO_15e06beda2,NMI_df2d025267,DEVI_284a47f5e0,COMMS4D,06537#E1,Generalusage,10/06/2026 06:00:00 PM,10/06/2026 06:29:59 PM,0,0,A
ACCO_15e06beda2,NMI_df2d025267,DEVI_284a47f5e0,COMMS4D,06537#B1,Solar,10/06/2026 06:30:00 PM,10/06/2026 06:59:59 PM,0.002,0,A
ACCO_15e06beda2,NMI_df2d025267,DEVI_284a47f5e0,COMMS4D,06537#E1,Generalusage,10/06/2026 06:30:00 PM,10/06/2026 06:59:59 PM,0.001,0,A
ACCO_15e06beda2,NMI_df2d025267,DEVI_284a47f5e0,COMMS4D,06537#B1,Solar,10/06/2026 07:00:00 PM,10/06/2026 07:29:59 PM,0.005,0,A
ACCO_15e06beda2,NMI_df2d025267,DEVI_284a47f5e0,COMMS4D,06537#E1,Generalusage,10/06/2026 07:00:00 PM,10/06/2026 07:29:59 PM,0.003,0,A
ACCO_15e06beda2,NMI_df2d025267,DEVI_284a47f5e0,COMMS4D,06537#B1,Solar,10/06/2026 07:30:00 PM,10/06/2026 07:59:59 PM,0.002,0,A
ACCO_15e06beda2,NMI_df2d025267,DEVI_284a47f5e0,COMMS4D,06537#E1,Generalusage,10/06/2026 07:30:00 PM,10/06/2026 07:59:59 PM,0.001,0,A
ACCO_15e06beda2,NMI_df2d025267,DEVI_284a47f5e0,COMMS4D,06537#B1,Solar,10/06/2026 08:00:00 PM,10/06/2026 08:29:59 PM,0.003,0,A
ACCO_15e06beda2,NMI_df2d025267,DEVI_284a47f5e0,COMMS4D,06537#E1,Generalusage,10/06/2026 08:00:00 PM,10/06/2026 08:29:59 PM,0.001,0,A
ACCO_15e06beda2,NMI_df2d025267,DEVI_284a47f5e0,COMMS4D,06537#B1,Solar,10/06/2026 08:30:00 PM,10/06/2026 08:59:59 PM,0.003,0,A
ACCO_15e06beda2,NMI_df2d025267,DEVI_284a47f5e0,COMMS4D,06537#E1,Generalusage,10/06/2026 08:30:00 PM,10/06/2026 08:59:59 PM,0.001,0,A
ACCO_15e06beda2,NMI_df2d025267,DEVI_284a47f5e0,COMMS4D,06537#B1,Solar,10/06/2026 09:00:00 PM,10/06/2026 09:29:59 PM,0.003,0,A
ACCO_15e06beda2,NMI_df2d025267,DEVI_284a47f5e0,COMMS4D,06537#E1,Generalusage,10/06/2026 09:00:00 PM,10/06/2026 09:29:59 PM,0.001,0,A
ACCO_15e06beda2,NMI_df2d025267,DEVI_284a47f5e0,COMMS4D,06537#B1,Solar,10/06/2026 09:30:00 PM,10/06/2026 09:59:59 PM,0.003,0,A
ACCO_15e06beda2,NMI_df2d025267,DEVI_284a47f5e0,COMMS4D,06537#E1,Generalusage,10/06/2026 09:30:00 PM,10/06/2026 09:59:59 PM,0.001,0,A
ACCO_15e06beda2,NMI_df2d025267,DEVI_284a47f5e0,COMMS4D,06537#B1,Solar,10/06/2026 10:00:00 PM,10/06/2026 10:29:59 PM,0.003,0,A
ACCO_15e06beda2,NMI_df2d025267,DEVI_284a47f5e0,COMMS4D,06537#E1,Generalusage,10/06/2026 10:00:00 PM,10/06/2026 10:29:59 PM,0,0,A
ACCO_15e06beda2,NMI_df2d025267,DEVI_284a47f5e0,COMMS4D,06537#B1,Solar,10/06/2026 10:30:00 PM,10/06/2026 10:59:59 PM,0.002,0,A
ACCO_15e06beda2,NMI_df2d025267,DEVI_284a47f5e0,COMMS4D,06537#E1,Generalusage,10/06/2026 10:30:00 PM,10/06/2026 10:59:59 PM,0.001,0,A
ACCO_15e06beda2,NMI_df2d025267,DEVI_284a47f5e0,COMMS4D,06537#B1,Solar,10/06/2026 11:00:00 PM,10/06/2026 11:29:59 PM,0.003,0,A
ACCO_15e06beda2,NMI_df2d025267,DEVI_284a47f5e0,COMMS4D,06537#E1,Generalusage,10/06/2026 11:00:00 PM,10/06/2026 11:29:59 PM,0.001,0,A
ACCO_15e06beda2,NMI_df2d025267,DEVI_284a47f5e0,COMMS4D,06537#B1,Solar,10/06/2026 11:30:00 PM,10/06/2026 11:59:59 PM,0.003,0,A
ACCO_15e06beda2,NMI_df2d025267,DEVI_284a47f5e0,COMMS4D,06537#E1,Generalusage,10/06/2026 11:30:00 PM,10/06/2026 11:59:59 PM,0,0,A
ACCO_15e06beda2,NMI_df2d025267,DEVI_284a47f5e0,COMMS4D,06537#B1,Solar,11/06/2026 12:00:00 AM,11/06/2026 12:29:59 AM,0.002,0,A
ACCO_15e06beda2,NMI_df2d025267,DEVI_284a47f5e0,COMMS4D,06537#E1,Generalusage,11/06/2026 12:00:00 AM,11/06/2026 12:29:59 AM,0.001,0,A
ACCO_15e06beda2,NMI_df2d025267,DEVI_284a47f5e0,COMMS4D,06537#B1,Solar,11/06/2026 12:30:00 AM,11/06/2026 12:59:59 AM,0.002,0,A
ACCO_15e06beda2,NMI_df2d025267,DEVI_284a47f5e0,COMMS4D,06537#E1,Generalusage,11/06/2026 12:30:00 AM,11/06/2026 12:59:59 AM,0.001,0,A
ACCO_15e06beda2,NMI_df2d025267,DEVI_284a47f5e0,COMMS4D,06537#B1,Solar,11/06/2026 01:00:00 AM,11/06/2026 01:29:59 AM,0.002,0,A
ACCO_15e06beda2,NMI_df2d025267,DEVI_284a47f5e0,COMMS4D,06537#E1,Generalusage,11/06/2026 01:00:00 AM,11/06/2026 01:29:59 AM,0,0,A
ACCO_15e06beda2,NMI_df2d025267,DEVI_284a47f5e0,COMMS4D,06537#B1,Solar,11/06/2026 01:30:00 AM,11/06/2026 01:59:59 AM,0.002,0,A
ACCO_15e06beda2,NMI_df2d025267,DEVI_284a47f5e0,COMMS4D,06537#E1,Generalusage,11/06/2026 01:30:00 AM,11/06/2026 01:59:59 AM,0.002,0,A
ACCO_15e06beda2,NMI_df2d025267,DEVI_284a47f5e0,COMMS4D,06537#B1,Solar,11/06/2026 02:00:00 AM,11/06/2026 02:29:59 AM,0.001,0,A
ACCO_15e06beda2,NMI_df2d025267,DEVI_284a47f5e0,COMMS4D,06537#E1,Generalusage,11/06/2026 02:00:00 AM,11/06/2026 02:29:59 AM,0.001,0,A
ACCO_15e06beda2,NMI_df2d025267,DEVI_284a47f5e0,COMMS4D,06537#B1,Solar,11/06/2026 02:30:00 AM,11/06/2026 02:59:59 AM,0.002,0,A
ACCO_15e06beda2,NMI_df2d025267,DEVI_284a47f5e0,COMMS4D,06537#E1,Generalusage,11/06/2026 02:30:00 AM,11/06/2026 02:59:59 AM,0.001,0,A
ACCO_15e06beda2,NMI_df2d025267,DEVI_284a47f5e0,COMMS4D,06537#B1,Solar,11/06/2026 03:00:00 AM,11/06/2026 03:29:59 AM,0.003,0,A
ACCO_15e06beda2,NMI_df2d025267,DEVI_284a47f5e0,COMMS4D,06537#E1,Generalusage,11/06/2026 03:00:00 AM,11/06/2026 03:29:59 AM,0.001,0,A
ACCO_15e06beda2,NMI_df2d025267,DEVI_284a47f5e0,COMMS4D,06537#B1,Solar,11/06/2026 03:30:00 AM,11/06/2026 03:59:59 AM,0.002,0,A
ACCO_15e06beda2,NMI_df2d025267,DEVI_284a47f5e0,COMMS4D,06537#E1,Generalusage,11/06/2026 03:30:00 AM,11/06/2026 03:59:59 AM,0,0,A
ACCO_15e06beda2,NMI_df2d025267,DEVI_284a47f5e0,COMMS4D,06537#B1,Solar,11/06/2026 04:00:00 AM,11/06/2026 04:29:59 AM,0.003,0,A
ACCO_15e06beda2,NMI_df2d025267,DEVI_284a47f5e0,COMMS4D,06537#E1,Generalusage,11/06/2026 04:00:00 AM,11/06/2026 04:29:59 AM,0.001,0,A
ACCO_15e06beda2,NMI_df2d025267,DEVI_284a47f5e0,COMMS4D,06537#B1,Solar,11/06/2026 04:30:00 AM,11/06/2026 04:59:59 AM,0.002,0,A
ACCO_15e06beda2,NMI_df2d025267,DEVI_284a47f5e0,COMMS4D,06537#E1,Generalusage,11/06/2026 04:30:00 AM,11/06/2026 04:59:59 AM,0.001,0,A
ACCO_15e06beda2,NMI_df2d025267,DEVI_284a47f5e0,COMMS4D,06537#B1,Solar,11/06/2026 05:00:00 AM,11/06/2026 05:29:59 AM,0.002,0,A
ACCO_15e06beda2,NMI_df2d025267,DEVI_284a47f5e0,COMMS4D,06537#E1,Generalusage,11/06/2026 05:00:00 AM,11/06/2026 05:29:59 AM,0.001,0,A
ACCO_15e06beda2,NMI_df2d025267,DEVI_284a47f5e0,COMMS4D,06537#B1,Solar,11/06/2026 05:30:00 AM,11/06/2026 05:59:59 AM,0.003,0,A
ACCO_15e06beda2,NMI_df2d025267,DEVI_284a47f5e0,COMMS4D,06537#E1,Generalusage,11/06/2026 05:30:00 AM,11/06/2026 05:59:59 AM,0,0,A
ACCO_15e06beda2,NMI_df2d025267,DEVI_284a47f5e0,COMMS4D,06537#B1,Solar,11/06/2026 06:00:00 AM,11/06/2026 06:29:59 AM,0.002,0,A
ACCO_15e06beda2,NMI_df2d025267,DEVI_284a47f5e0,COMMS4D,06537#E1,Generalusage,11/06/2026 06:00:00 AM,11/06/2026 06:29:59 AM,0.001,0,A
ACCO_15e06beda2,NMI_df2d025267,DEVI_284a47f5e0,COMMS4D,06537#B1,Solar,11/06/2026 06:30:00 AM,11/06/2026 06:59:59 AM,0.003,0,A
ACCO_15e06beda2,NMI_df2d025267,DEVI_284a47f5e0,COMMS4D,06537#E1,Generalusage,11/06/2026 06:30:00 AM,11/06/2026 06:59:59 AM,0.001,0,A
ACCO_15e06beda2,NMI_df2d025267,DEVI_284a47f5e0,COMMS4D,06537#B1,Solar,11/06/2026 07:00:00 AM,11/06/2026 07:29:59 AM,0.003,0,A
ACCO_15e06beda2,NMI_df2d025267,DEVI_284a47f5e0,COMMS4D,06537#E1,Generalusage,11/06/2026 07:00:00 AM,11/06/2026 07:29:59 AM,0.001,0,A
ACCO_15e06beda2,NMI_df2d025267,DEVI_284a47f5e0,COMMS4D,06537#B1,Solar,11/06/2026 07:30:00 AM,11/06/2026 07:59:59 AM,0.003,0,A
ACCO_15e06beda2,NMI_df2d025267,DEVI_284a47f5e0,COMMS4D,06537#E1,Generalusage,11/06/2026 07:30:00 AM,11/06/2026 07:59:59 AM,0.001,0,A
ACCO_15e06beda2,NMI_df2d025267,DEVI_284a47f5e0,COMMS4D,06537#B1,Solar,11/06/2026 08:00:00 AM,11/06/2026 08:29:59 AM,0.003,0,A
ACCO_15e06beda2,NMI_df2d025267,DEVI_284a47f5e0,COMMS4D,06537#E1,Generalusage,11/06/2026 08:00:00 AM,11/06/2026 08:29:59 AM,0.001,0,A
ACCO_15e06beda2,NMI_df2d025267,DEVI_284a47f5e0,COMMS4D,06537#B1,Solar,11/06/2026 08:30:00 AM,11/06/2026 08:59:59 AM,0.003,0,A
ACCO_15e06beda2,NMI_df2d025267,DEVI_284a47f5e0,COMMS4D,06537#E1,Generalusage,11/06/2026 08:30:00 AM,11/06/2026 08:59:59 AM,0.001,0,A
ACCO_15e06beda2,NMI_df2d025267,DEVI_284a47f5e0,COMMS4D,06537#B1,Solar,11/06/2026 09:00:00 AM,11/06/2026 09:29:59 AM,0.003,0,A
ACCO_15e06beda2,NMI_df2d025267,DEVI_284a47f5e0,COMMS4D,06537#E1,Generalusage,11/06/2026 09:00:00 AM,11/06/2026 09:29:59 AM,0.001,0,A
ACCO_15e06beda2,NMI_df2d025267,DEVI_284a47f5e0,COMMS4D,06537#B1,Solar,11/06/2026 09:30:00 AM,11/06/2026 09:59:59 AM,0.003,0,A
ACCO_15e06beda2,NMI_df2d025267,DEVI_284a47f5e0,COMMS4D,06537#E1,Generalusage,11/06/2026 09:30:00 AM,11/06/2026 09:59:59 AM,0.001,0,A
ACCO_15e06beda2,NMI_df2d025267,DEVI_284a47f5e0,COMMS4D,06537#B1,Solar,11/06/2026 10:00:00 AM,11/06/2026 10:29:59 AM,0.003,0,A
ACCO_15e06beda2,NMI_df2d025267,DEVI_284a47f5e0,COMMS4D,06537#E1,Generalusage,11/06/2026 10:00:00 AM,11/06/2026 10:29:59 AM,0.001,0,A
ACCO_15e06beda2,NMI_df2d025267,DEVI_284a47f5e0,COMMS4D,06537#B1,Solar,11/06/2026 10:30:00 AM,11/06/2026 10:59:59 AM,0.048,0,A
ACCO_15e06beda2,NMI_df2d025267,DEVI_284a47f5e0,COMMS4D,06537#E1,Generalusage,11/06/2026 10:30:00 AM,11/06/2026 10:59:59 AM,0.001,0,A
ACCO_15e06beda2,NMI_df2d025267,DEVI_284a47f5e0,COMMS4D,06537#B1,Solar,11/06/2026 11:00:00 AM,11/06/2026 11:29:59 AM,1.971,0,A
ACCO_15e06beda2,NMI_df2d025267,DEVI_284a47f5e0,COMMS4D,06537#E1,Generalusage,11/06/2026 11:00:00 AM,11/06/2026 11:29:59 AM,0,0,A
ACCO_15e06beda2,NMI_df2d025267,DEVI_284a47f5e0,COMMS4D,06537#B1,Solar,11/06/2026 11:30:00 AM,11/06/2026 11:59:59 AM,2.504,0,A
ACCO_15e06beda2,NMI_df2d025267,DEVI_284a47f5e0,COMMS4D,06537#E1,Generalusage,11/06/2026 11:30:00 AM,11/06/2026 11:59:59 AM,0,0,A
ACCO_15e06beda2,NMI_df2d025267,DEVI_284a47f5e0,COMMS4D,06537#B1,Solar,11/06/2026 12:00:00 PM,11/06/2026 12:29:59 PM,2.86,0,A
ACCO_15e06beda2,NMI_df2d025267,DEVI_284a47f5e0,COMMS4D,06537#E1,Generalusage,11/06/2026 12:00:00 PM,11/06/2026 12:29:59 PM,0,0,A
ACCO_15e06beda2,NMI_df2d025267,DEVI_284a47f5e0,COMMS4D,06537#B1,Solar,11/06/2026 12:30:00 PM,11/06/2026 12:59:59 PM,2.475,0,A
ACCO_15e06beda2,NMI_df2d025267,DEVI_284a47f5e0,COMMS4D,06537#E1,Generalusage,11/06/2026 12:30:00 PM,11/06/2026 12:59:59 PM,0,0,A
ACCO_15e06beda2,NMI_df2d025267,DEVI_284a47f5e0,COMMS4D,06537#B1,Solar,11/06/2026 01:00:00 PM,11/06/2026 01:29:59 PM,0.911,0,A
ACCO_15e06beda2,NMI_df2d025267,DEVI_284a47f5e0,COMMS4D,06537#E1,Generalusage,11/06/2026 01:00:00 PM,11/06/2026 01:29:59 PM,0,0,A
ACCO_15e06beda2,NMI_df2d025267,DEVI_284a47f5e0,COMMS4D,06537#B1,Solar,11/06/2026 01:30:00 PM,11/06/2026 01:59:59 PM,0.457,0,A
ACCO_15e06beda2,NMI_df2d025267,DEVI_284a47f5e0,COMMS4D,06537#E1,Generalusage,11/06/2026 01:30:00 PM,11/06/2026 01:59:59 PM,0.001,0,A
ACCO_15e06beda2,NMI_df2d025267,DEVI_284a47f5e0,COMMS4D,06537#B1,Solar,11/06/2026 02:00:00 PM,11/06/2026 02:29:59 PM,0.002,0,A
ACCO_15e06beda2,NMI_df2d025267,DEVI_284a47f5e0,COMMS4D,06537#E1,Generalusage,11/06/2026 02:00:00 PM,11/06/2026 02:29:59 PM,0.001,0,A
ACCO_15e06beda2,NMI_df2d025267,DEVI_284a47f5e0,COMMS4D,06537#B1,Solar,11/06/2026 02:30:00 PM,11/06/2026 02:59:59 PM,0.003,0,A
ACCO_15e06beda2,NMI_df2d025267,DEVI_284a47f5e0,COMMS4D,06537#E1,Generalusage,11/06/2026 02:30:00 PM,11/06/2026 02:59:59 PM,0.001,0,A
ACCO_15e06beda2,NMI_df2d025267,DEVI_284a47f5e0,COMMS4D,06537#B1,Solar,11/06/2026 03:00:00 PM,11/06/2026 03:29:59 PM,0.004,0,A
ACCO_15e06beda2,NMI_df2d025267,DEVI_284a47f5e0,COMMS4D,06537#E1,Generalusage,11/06/2026 03:00:00 PM,11/06/2026 03:29:59 PM,0.001,0,A
ACCO_15e06beda2,NMI_df2d025267,DEVI_284a47f5e0,COMMS4D,06537#B1,Solar,11/06/2026 03:30:00 PM,11/06/2026 03:59:59 PM,0.003,0,A
ACCO_15e06beda2,NMI_df2d025267,DEVI_284a47f5e0,COMMS4D,06537#E1,Generalusage,11/06/2026 03:30:00 PM,11/06/2026 03:59:59 PM,0.001,0,A
ACCO_15e06beda2,NMI_df2d025267,DEVI_284a47f5e0,COMMS4D,06537#B1,Solar,11/06/2026 04:00:00 PM,11/06/2026 04:29:59 PM,0.002,0,A
ACCO_15e06beda2,NMI_df2d025267,DEVI_284a47f5e0,COMMS4D,06537#E1,Generalusage,11/06/2026 04:00:00 PM,11/06/2026 04:29:59 PM,0.001,0,A
ACCO_15e06beda2,NMI_df2d025267,DEVI_284a47f5e0,COMMS4D,06537#B1,Solar,11/06/2026 04:30:00 PM,11/06/2026 04:59:59 PM,0.003,0,A
ACCO_15e06beda2,NMI_df2d025267,DEVI_284a47f5e0,COMMS4D,06537#E1,Generalusage,11/06/2026 04:30:00 PM,11/06/2026 04:59:59 PM,0.001,0,A
ACCO_15e06beda2,NMI_df2d025267,DEVI_284a47f5e0,COMMS4D,06537#B1,Solar,11/06/2026 05:00:00 PM,11/06/2026 05:29:59 PM,0.003,0,A
ACCO_15e06beda2,NMI_df2d025267,DEVI_284a47f5e0,COMMS4D,06537#E1,Generalusage,11/06/2026 05:00:00 PM,11/06/2026 05:29:59 PM,0.001,0,A
ACCO_15e06beda2,NMI_df2d025267,DEVI_284a47f5e0,COMMS4D,06537#B1,Solar,11/06/2026 05:30:00 PM,11/06/2026 05:59:59 PM,0.002,0,A
ACCO_15e06beda2,NMI_df2d025267,DEVI_284a47f5e0,COMMS4D,06537#E1,Generalusage,11/06/2026 05:30:00 PM,11/06/2026 05:59:59 PM,0.001,0,A
ACCO_15e06beda2,NMI_df2d025267,DEVI_284a47f5e0,COMMS4D,06537#B1,Solar,11/06/2026 06:00:00 PM,11/06/2026 06:29:59 PM,0.007,0,A
ACCO_15e06beda2,NMI_df2d025267,DEVI_284a47f5e0,COMMS4D,06537#E1,Generalusage,11/06/2026 06:00:00 PM,11/06/2026 06:29:59 PM,0.004,0,A
ACCO_15e06beda2,NMI_df2d025267,DEVI_284a47f5e0,COMMS4D,06537#B1,Solar,11/06/2026 06:30:00 PM,11/06/2026 06:59:59 PM,0.003,0,A
ACCO_15e06beda2,NMI_df2d025267,DEVI_284a47f5e0,COMMS4D,06537#E1,Generalusage,11/06/2026 06:30:00 PM,11/06/2026 06:59:59 PM,0.001,0,A
ACCO_15e06beda2,NMI_df2d025267,DEVI_284a47f5e0,COMMS4D,06537#B1,Solar,11/06/2026 07:00:00 PM,11/06/2026 07:29:59 PM,0.003,0,A
ACCO_15e06beda2,NMI_df2d025267,DEVI_284a47f5e0,COMMS4D,06537#E1,Generalusage,11/06/2026 07:00:00 PM,11/06/2026 07:29:59 PM,0.001,0,A
ACCO_15e06beda2,NMI_df2d025267,DEVI_284a47f5e0,COMMS4D,06537#B1,Solar,11/06/2026 07:30:00 PM,11/06/2026 07:59:59 PM,0.003,0,A
ACCO_15e06beda2,NMI_df2d025267,DEVI_284a47f5e0,COMMS4D,06537#E1,Generalusage,11/06/2026 07:30:00 PM,11/06/2026 07:59:59 PM,0.001,0,A
ACCO_15e06beda2,NMI_df2d025267,DEVI_284a47f5e0,COMMS4D,06537#B1,Solar,11/06/2026 08:00:00 PM,11/06/2026 08:29:59 PM,0.003,0,A
ACCO_15e06beda2,NMI_df2d025267,DEVI_284a47f5e0,COMMS4D,06537#E1,Generalusage,11/06/2026 08:00:00 PM,11/06/2026 08:29:59 PM,0.001,0,A
ACCO_15e06beda2,NMI_df2d025267,DEVI_284a47f5e0,COMMS4D,06537#B1,Solar,11/06/2026 08:30:00 PM,11/06/2026 08:59:59 PM,0.003,0,A
ACCO_15e06beda2,NMI_df2d025267,DEVI_284a47f5e0,COMMS4D,06537#E1,Generalusage,11/06/2026 08:30:00 PM,11/06/2026 08:59:59 PM,0.002,0,A
ACCO_15e06beda2,NMI_df2d025267,DEVI_284a47f5e0,COMMS4D,06537#B1,Solar,11/06/2026 09:00:00 PM,11/06/2026 09:29:59 PM,0.003,0,A
ACCO_15e06beda2,NMI_df2d025267,DEVI_284a47f5e0,COMMS4D,06537#E1,Generalusage,11/06/2026 09:00:00 PM,11/06/2026 09:29:59 PM,0.001,0,A
ACCO_15e06beda2,NMI_df2d025267,DEVI_284a47f5e0,COMMS4D,06537#B1,Solar,11/06/2026 09:30:00 PM,11/06/2026 09:59:59 PM,0.003,0,A
ACCO_15e06beda2,NMI_df2d025267,DEVI_284a47f5e0,COMMS4D,06537#E1,Generalusage,11/06/2026 09:30:00 PM,11/06/2026 09:59:59 PM,0.001,0,A
ACCO_15e06beda2,NMI_df2d025267,DEVI_284a47f5e0,COMMS4D,06537#B1,Solar,11/06/2026 10:00:00 PM,11/06/2026 10:29:59 PM,0.003,0,A
ACCO_15e06beda2,NMI_df2d025267,DEVI_284a47f5e0,COMMS4D,06537#E1,Generalusage,11/06/2026 10:00:00 PM,11/06/2026 10:29:59 PM,0.001,0,A
ACCO_15e06beda2,NMI_df2d025267,DEVI_284a47f5e0,COMMS4D,06537#B1,Solar,11/06/2026 10:30:00 PM,11/06/2026 10:59:59 PM,0.003,0,A
ACCO_15e06beda2,NMI_df2d025267,DEVI_284a47f5e0,COMMS4D,06537#E1,Generalusage,11/06/2026 10:30:00 PM,11/06/2026 10:59:59 PM,0.001,0,A
ACCO_15e06beda2,NMI_df2d025267,DEVI_284a47f5e0,COMMS4D,06537#B1,Solar,11/06/2026 11:00:00 PM,11/06/2026 11:29:59 PM,0.004,0,A
ACCO_15e06beda2,NMI_df2d025267,DEVI_284a47f5e0,COMMS4D,06537#E1,Generalusage,11/06/2026 11:00:00 PM,11/06/2026 11:29:59 PM,0,0,A
ACCO_15e06beda2,NMI_df2d025267,DEVI_284a47f5e0,COMMS4D,06537#B1,Solar,11/06/2026 11:30:00 PM,11/06/2026 11:59:59 PM,0.003,0,A
ACCO_15e06beda2,NMI_df2d025267,DEVI_284a47f5e0,COMMS4D,06537#E1,Generalusage,11/06/2026 11:30:00 PM,11/06/2026 11:59:59 PM,0.001,0,A
ACCO_15e06beda2,NMI_df2d025267,DEVI_284a47f5e0,COMMS4D,06537#B1,Solar,12/06/2026 12:00:00 AM,12/06/2026 12:29:59 AM,0.002,0,A
ACCO_15e06beda2,NMI_df2d025267,DEVI_284a47f5e0,COMMS4D,06537#E1,Generalusage,12/06/2026 12:00:00 AM,12/06/2026 12:29:59 AM,0.001,0,A
ACCO_15e06beda2,NMI_df2d025267,DEVI_284a47f5e0,COMMS4D,06537#B1,Solar,12/06/2026 12:30:00 AM,12/06/2026 12:59:59 AM,0.002,0,A
ACCO_15e06beda2,NMI_df2d025267,DEVI_284a47f5e0,COMMS4D,06537#E1,Generalusage,12/06/2026 12:30:00 AM,12/06/2026 12:59:59 AM,0,0,A
ACCO_15e06beda2,NMI_df2d025267,DEVI_284a47f5e0,COMMS4D,06537#B1,Solar,12/06/2026 01:00:00 AM,12/06/2026 01:29:59 AM,0.002,0,A
ACCO_15e06beda2,NMI_df2d025267,DEVI_284a47f5e0,COMMS4D,06537#E1,Generalusage,12/06/2026 01:00:00 AM,12/06/2026 01:29:59 AM,0.002,0,A
ACCO_15e06beda2,NMI_df2d025267,DEVI_284a47f5e0,COMMS4D,06537#B1,Solar,12/06/2026 01:30:00 AM,12/06/2026 01:59:59 AM,0.001,0,A
ACCO_15e06beda2,NMI_df2d025267,DEVI_284a47f5e0,COMMS4D,06537#E1,Generalusage,12/06/2026 01:30:00 AM,12/06/2026 01:59:59 AM,0.001,0,A
ACCO_15e06beda2,NMI_df2d025267,DEVI_284a47f5e0,COMMS4D,06537#B1,Solar,12/06/2026 02:00:00 AM,12/06/2026 02:29:59 AM,0.002,0,A
ACCO_15e06beda2,NMI_df2d025267,DEVI_284a47f5e0,COMMS4D,06537#E1,Generalusage,12/06/2026 02:00:00 AM,12/06/2026 02:29:59 AM,0.002,0,A
ACCO_15e06beda2,NMI_df2d025267,DEVI_284a47f5e0,COMMS4D,06537#B1,Solar,12/06/2026 02:30:00 AM,12/06/2026 02:59:59 AM,0.002,0,A
ACCO_15e06beda2,NMI_df2d025267,DEVI_284a47f5e0,COMMS4D,06537#E1,Generalusage,12/06/2026 02:30:00 AM,12/06/2026 02:59:59 AM,0,0,A
ACCO_15e06beda2,NMI_df2d025267,DEVI_284a47f5e0,COMMS4D,06537#B1,Solar,12/06/2026 03:00:00 AM,12/06/2026 03:29:59 AM,0.002,0,A
ACCO_15e06beda2,NMI_df2d025267,DEVI_284a47f5e0,COMMS4D,06537#E1,Generalusage,12/06/2026 03:00:00 AM,12/06/2026 03:29:59 AM,0.001,0,A
ACCO_15e06beda2,NMI_df2d025267,DEVI_284a47f5e0,COMMS4D,06537#B1,Solar,12/06/2026 03:30:00 AM,12/06/2026 03:59:59 AM,0.002,0,A
ACCO_15e06beda2,NMI_df2d025267,DEVI_284a47f5e0,COMMS4D,06537#E1,Generalusage,12/06/2026 03:30:00 AM,12/06/2026 03:59:59 AM,0.001,0,A
ACCO_15e06beda2,NMI_df2d025267,DEVI_284a47f5e0,COMMS4D,06537#B1,Solar,12/06/2026 04:00:00 AM,12/06/2026 04:29:59 AM,0.002,0,A
ACCO_15e06beda2,NMI_df2d025267,DEVI_284a47f5e0,COMMS4D,06537#E1,Generalusage,12/06/2026 04:00:00 AM,12/06/2026 04:29:59 AM,0.001,0,A
ACCO_15e06beda2,NMI_df2d025267,DEVI_284a47f5e0,COMMS4D,06537#B1,Solar,12/06/2026 04:30:00 AM,12/06/2026 04:59:59 AM,0.002,0,A
ACCO_15e06beda2,NMI_df2d025267,DEVI_284a47f5e0,COMMS4D,06537#E1,Generalusage,12/06/2026 04:30:00 AM,12/06/2026 04:59:59 AM,0.001,0,A
ACCO_15e06beda2,NMI_df2d025267,DEVI_284a47f5e0,COMMS4D,06537#B1,Solar,12/06/2026 05:00:00 AM,12/06/2026 05:29:59 AM,0.001,0,A
ACCO_15e06beda2,NMI_df2d025267,DEVI_284a47f5e0,COMMS4D,06537#E1,Generalusage,12/06/2026 05:00:00 AM,12/06/2026 05:29:59 AM,0.001,0,A
ACCO_15e06beda2,NMI_df2d025267,DEVI_284a47f5e0,COMMS4D,06537#B1,Solar,12/06/2026 05:30:00 AM,12/06/2026 05:59:59 AM,0.002,0,A
ACCO_15e06beda2,NMI_df2d025267,DEVI_284a47f5e0,COMMS4D,06537#E1,Generalusage,12/06/2026 05:30:00 AM,12/06/2026 05:59:59 AM,0.001,0,A
ACCO_15e06beda2,NMI_df2d025267,DEVI_284a47f5e0,COMMS4D,06537#B1,Solar,12/06/2026 06:00:00 AM,12/06/2026 06:29:59 AM,0.003,0,A
ACCO_15e06beda2,NMI_df2d025267,DEVI_284a47f5e0,COMMS4D,06537#E1,Generalusage,12/06/2026 06:00:00 AM,12/06/2026 06:29:59 AM,0.001,0,A
ACCO_15e06beda2,NMI_df2d025267,DEVI_284a47f5e0,COMMS4D,06537#B1,Solar,12/06/2026 06:30:00 AM,12/06/2026 06:59:59 AM,0.002,0,A
ACCO_15e06beda2,NMI_df2d025267,DEVI_284a47f5e0,COMMS4D,06537#E1,Generalusage,12/06/2026 06:30:00 AM,12/06/2026 06:59:59 AM,0.001,0,A
ACCO_15e06beda2,NMI_df2d025267,DEVI_284a47f5e0,COMMS4D,06537#B1,Solar,12/06/2026 07:00:00 AM,12/06/2026 07:29:59 AM,0.003,0,A
ACCO_15e06beda2,NMI_df2d025267,DEVI_284a47f5e0,COMMS4D,06537#E1,Generalusage,12/06/2026 07:00:00 AM,12/06/2026 07:29:59 AM,0.001,0,A
ACCO_15e06beda2,NMI_df2d025267,DEVI_284a47f5e0,COMMS4D,06537#B1,Solar,12/06/2026 07:30:00 AM,12/06/2026 07:59:59 AM,0.003,0,A
ACCO_15e06beda2,NMI_df2d025267,DEVI_284a47f5e0,COMMS4D,06537#E1,Generalusage,12/06/2026 07:30:00 AM,12/06/2026 07:59:59 AM,0.001,0,A
ACCO_15e06beda2,NMI_df2d025267,DEVI_284a47f5e0,COMMS4D,06537#B1,Solar,12/06/2026 08:00:00 AM,12/06/2026 08:29:59 AM,0.002,0,A
ACCO_15e06beda2,NMI_df2d025267,DEVI_284a47f5e0,COMMS4D,06537#E1,Generalusage,12/06/2026 08:00:00 AM,12/06/2026 08:29:59 AM,0,0,A
ACCO_15e06beda2,NMI_df2d025267,DEVI_284a47f5e0,COMMS4D,06537#B1,Solar,12/06/2026 08:30:00 AM,12/06/2026 08:59:59 AM,0.003,0,A
ACCO_15e06beda2,NMI_df2d025267,DEVI_284a47f5e0,COMMS4D,06537#E1,Generalusage,12/06/2026 08:30:00 AM,12/06/2026 08:59:59 AM,0.002,0,A
ACCO_15e06beda2,NMI_df2d025267,DEVI_284a47f5e0,COMMS4D,06537#B1,Solar,12/06/2026 09:00:00 AM,12/06/2026 09:29:59 AM,0.004,0,A
ACCO_15e06beda2,NMI_df2d025267,DEVI_284a47f5e0,COMMS4D,06537#E1,Generalusage,12/06/2026 09:00:00 AM,12/06/2026 09:29:59 AM,0.002,0,A
ACCO_15e06beda2,NMI_df2d025267,DEVI_284a47f5e0,COMMS4D,06537#B1,Solar,12/06/2026 09:30:00 AM,12/06/2026 09:59:59 AM,0.003,0,A
ACCO_15e06beda2,NMI_df2d025267,DEVI_284a47f5e0,COMMS4D,06537#E1,Generalusage,12/06/2026 09:30:00 AM,12/06/2026 09:59:59 AM,0.002,0,A
ACCO_15e06beda2,NMI_df2d025267,DEVI_284a47f5e0,COMMS4D,06537#B1,Solar,12/06/2026 10:00:00 AM,12/06/2026 10:29:59 AM,0.003,0,A
ACCO_15e06beda2,NMI_df2d025267,DEVI_284a47f5e0,COMMS4D,06537#E1,Generalusage,12/06/2026 10:00:00 AM,12/06/2026 10:29:59 AM,0.001,0,A
ACCO_15e06beda2,NMI_df2d025267,DEVI_284a47f5e0,COMMS4D,06537#B1,Solar,12/06/2026 10:30:00 AM,12/06/2026 10:59:59 AM,0.004,0,A
ACCO_15e06beda2,NMI_df2d025267,DEVI_284a47f5e0,COMMS4D,06537#E1,Generalusage,12/06/2026 10:30:00 AM,12/06/2026 10:59:59 AM,0.002,0,A
ACCO_15e06beda2,NMI_df2d025267,DEVI_284a47f5e0,COMMS4D,06537#B1,Solar,12/06/2026 11:00:00 AM,12/06/2026 11:29:59 AM,0.002,0,A
ACCO_15e06beda2,NMI_df2d025267,DEVI_284a47f5e0,COMMS4D,06537#E1,Generalusage,12/06/2026 11:00:00 AM,12/06/2026 11:29:59 AM,0.001,0,A
ACCO_15e06beda2,NMI_df2d025267,DEVI_284a47f5e0,COMMS4D,06537#B1,Solar,12/06/2026 11:30:00 AM,12/06/2026 11:59:59 AM,0.003,0,A
ACCO_15e06beda2,NMI_df2d025267,DEVI_284a47f5e0,COMMS4D,06537#E1,Generalusage,12/06/2026 11:30:00 AM,12/06/2026 11:59:59 AM,0.001,0,A
ACCO_15e06beda2,NMI_df2d025267,DEVI_284a47f5e0,COMMS4D,06537#B1,Solar,12/06/2026 12:00:00 PM,12/06/2026 12:29:59 PM,0.064,0,A
ACCO_15e06beda2,NMI_df2d025267,DEVI_284a47f5e0,COMMS4D,06537#E1,Generalusage,12/06/2026 12:00:00 PM,12/06/2026 12:29:59 PM,0.001,0,A
ACCO_15e06beda2,NMI_df2d025267,DEVI_284a47f5e0,COMMS4D,06537#B1,Solar,12/06/2026 12:30:00 PM,12/06/2026 12:59:59 PM,1.501,0,A
ACCO_15e06beda2,NMI_df2d025267,DEVI_284a47f5e0,COMMS4D,06537#E1,Generalusage,12/06/2026 12:30:00 PM,12/06/2026 12:59:59 PM,0.001,0,A
ACCO_15e06beda2,NMI_df2d025267,DEVI_284a47f5e0,COMMS4D,06537#B1,Solar,12/06/2026 01:00:00 PM,12/06/2026 01:29:59 PM,2.41,0,A
ACCO_15e06beda2,NMI_df2d025267,DEVI_284a47f5e0,COMMS4D,06537#E1,Generalusage,12/06/2026 01:00:00 PM,12/06/2026 01:29:59 PM,0,0,A
ACCO_15e06beda2,NMI_df2d025267,DEVI_284a47f5e0,COMMS4D,06537#B1,Solar,12/06/2026 01:30:00 PM,12/06/2026 01:59:59 PM,1.311,0,A
ACCO_15e06beda2,NMI_df2d025267,DEVI_284a47f5e0,COMMS4D,06537#E1,Generalusage,12/06/2026 01:30:00 PM,12/06/2026 01:59:59 PM,0.001,0,A
ACCO_15e06beda2,NMI_df2d025267,DEVI_284a47f5e0,COMMS4D,06537#B1,Solar,12/06/2026 02:00:00 PM,12/06/2026 02:29:59 PM,0.992,0,A
ACCO_15e06beda2,NMI_df2d025267,DEVI_284a47f5e0,COMMS4D,06537#E1,Generalusage,12/06/2026 02:00:00 PM,12/06/2026 02:29:59 PM,0,0,A
ACCO_15e06beda2,NMI_df2d025267,DEVI_284a47f5e0,COMMS4D,06537#B1,Solar,12/06/2026 02:30:00 PM,12/06/2026 02:59:59 PM,0.456,0,A
ACCO_15e06beda2,NMI_df2d025267,DEVI_284a47f5e0,COMMS4D,06537#E1,Generalusage,12/06/2026 02:30:00 PM,12/06/2026 02:59:59 PM,0.001,0,A
ACCO_15e06beda2,NMI_df2d025267,DEVI_284a47f5e0,COMMS4D,06537#B1,Solar,12/06/2026 03:00:00 PM,12/06/2026 03:29:59 PM,1.523,0,A
ACCO_15e06beda2,NMI_df2d025267,DEVI_284a47f5e0,COMMS4D,06537#E1,Generalusage,12/06/2026 03:00:00 PM,12/06/2026 03:29:59 PM,0,0,A
ACCO_15e06beda2,NMI_df2d025267,DEVI_284a47f5e0,COMMS4D,06537#B1,Solar,12/06/2026 03:30:00 PM,12/06/2026 03:59:59 PM,0.896,0,A
ACCO_15e06beda2,NMI_df2d025267,DEVI_284a47f5e0,COMMS4D,06537#E1,Generalusage,12/06/2026 03:30:00 PM,12/06/2026 03:59:59 PM,0,0,A
ACCO_15e06beda2,NMI_df2d025267,DEVI_284a47f5e0,COMMS4D,06537#B1,Solar,12/06/2026 04:00:00 PM,12/06/2026 04:29:59 PM,0.187,0,A
ACCO_15e06beda2,NMI_df2d025267,DEVI_284a47f5e0,COMMS4D,06537#E1,Generalusage,12/06/2026 04:00:00 PM,12/06/2026 04:29:59 PM,0.001,0,A
ACCO_15e06beda2,NMI_df2d025267,DEVI_284a47f5e0,COMMS4D,06537#B1,Solar,12/06/2026 04:30:00 PM,12/06/2026 04:59:59 PM,0.003,0,A
ACCO_15e06beda2,NMI_df2d025267,DEVI_284a47f5e0,COMMS4D,06537#E1,Generalusage,12/06/2026 04:30:00 PM,12/06/2026 04:59:59 PM,0.001,0,A
ACCO_15e06beda2,NMI_df2d025267,DEVI_284a47f5e0,COMMS4D,06537#B1,Solar,12/06/2026 05:00:00 PM,12/06/2026 05:29:59 PM,0.003,0,A
ACCO_15e06beda2,NMI_df2d025267,DEVI_284a47f5e0,COMMS4D,06537#E1,Generalusage,12/06/2026 05:00:00 PM,12/06/2026 05:29:59 PM,0.001,0,A
ACCO_15e06beda2,NMI_df2d025267,DEVI_284a47f5e0,COMMS4D,06537#B1,Solar,12/06/2026 05:30:00 PM,12/06/2026 05:59:59 PM,0.002,0,A
ACCO_15e06beda2,NMI_df2d025267,DEVI_284a47f5e0,COMMS4D,06537#E1,Generalusage,12/06/2026 05:30:00 PM,12/06/2026 05:59:59 PM,0.001,0,A
ACCO_15e06beda2,NMI_df2d025267,DEVI_284a47f5e0,COMMS4D,06537#B1,Solar,12/06/2026 06:00:00 PM,12/06/2026 06:29:59 PM,0.003,0,A
ACCO_15e06beda2,NMI_df2d025267,DEVI_284a47f5e0,COMMS4D,06537#E1,Generalusage,12/06/2026 06:00:00 PM,12/06/2026 06:29:59 PM,0.001,0,A
ACCO_15e06beda2,NMI_df2d025267,DEVI_284a47f5e0,COMMS4D,06537#B1,Solar,12/06/2026 06:30:00 PM,12/06/2026 06:59:59 PM,0.002,0,A
ACCO_15e06beda2,NMI_df2d025267,DEVI_284a47f5e0,COMMS4D,06537#E1,Generalusage,12/06/2026 06:30:00 PM,12/06/2026 06:59:59 PM,0.001,0,A
ACCO_15e06beda2,NMI_df2d025267,DEVI_284a47f5e0,COMMS4D,06537#B1,Solar,12/06/2026 07:00:00 PM,12/06/2026 07:29:59 PM,0.002,0,A
ACCO_15e06beda2,NMI_df2d025267,DEVI_284a47f5e0,COMMS4D,06537#E1,Generalusage,12/06/2026 07:00:00 PM,12/06/2026 07:29:59 PM,0.001,0,A
ACCO_15e06beda2,NMI_df2d025267,DEVI_284a47f5e0,COMMS4D,06537#B1,Solar,12/06/2026 07:30:00 PM,12/06/2026 07:59:59 PM,0.003,0,A
ACCO_15e06beda2,NMI_df2d025267,DEVI_284a47f5e0,COMMS4D,06537#E1,Generalusage,12/06/2026 07:30:00 PM,12/06/2026 07:59:59 PM,0.001,0,A
ACCO_15e06beda2,NMI_df2d025267,DEVI_284a47f5e0,COMMS4D,06537#B1,Solar,12/06/2026 08:00:00 PM,12/06/2026 08:29:59 PM,0.003,0,A
ACCO_15e06beda2,NMI_df2d025267,DEVI_284a47f5e0,COMMS4D,06537#E1,Generalusage,12/06/2026 08:00:00 PM,12/06/2026 08:29:59 PM,0.001,0,A
ACCO_15e06beda2,NMI_df2d025267,DEVI_284a47f5e0,COMMS4D,06537#B1,Solar,12/06/2026 08:30:00 PM,12/06/2026 08:59:59 PM,0.002,0,A
ACCO_15e06beda2,NMI_df2d025267,DEVI_284a47f5e0,COMMS4D,06537#E1,Generalusage,12/06/2026 08:30:00 PM,12/06/2026 08:59:59 PM,0.001,0,A
ACCO_15e06beda2,NMI_df2d025267,DEVI_284a47f5e0,COMMS4D,06537#B1,Solar,12/06/2026 09:00:00 PM,12/06/2026 09:29:59 PM,0.002,0,A
ACCO_15e06beda2,NMI_df2d025267,DEVI_284a47f5e0,COMMS4D,06537#E1,Generalusage,12/06/2026 09:00:00 PM,12/06/2026 09:29:59 PM,0,0,A
ACCO_15e06beda2,NMI_df2d025267,DEVI_284a47f5e0,COMMS4D,06537#B1,Solar,12/06/2026 09:30:00 PM,12/06/2026 09:59:59 PM,0.003,0,A
ACCO_15e06beda2,NMI_df2d025267,DEVI_284a47f5e0,COMMS4D,06537#E1,Generalusage,12/06/2026 09:30:00 PM,12/06/2026 09:59:59 PM,0.001,0,A
ACCO_15e06beda2,NMI_df2d025267,DEVI_284a47f5e0,COMMS4D,06537#B1,Solar,12/06/2026 10:00:00 PM,12/06/2026 10:29:59 PM,0.002,0,A
ACCO_15e06beda2,NMI_df2d025267,DEVI_284a47f5e0,COMMS4D,06537#E1,Generalusage,12/06/2026 10:00:00 PM,12/06/2026 10:29:59 PM,0.001,0,A
ACCO_15e06beda2,NMI_df2d025267,DEVI_284a47f5e0,COMMS4D,06537#B1,Solar,12/06/2026 10:30:00 PM,12/06/2026 10:59:59 PM,0.003,0,A
ACCO_15e06beda2,NMI_df2d025267,DEVI_284a47f5e0,COMMS4D,06537#E1,Generalusage,12/06/2026 10:30:00 PM,12/06/2026 10:59:59 PM,0,0,A
ACCO_15e06beda2,NMI_df2d025267,DEVI_284a47f5e0,COMMS4D,06537#B1,Solar,12/06/2026 11:00:00 PM,12/06/2026 11:29:59 PM,0.002,0,A
ACCO_15e06beda2,NMI_df2d025267,DEVI_284a47f5e0,COMMS4D,06537#E1,Generalusage,12/06/2026 11:00:00 PM,12/06/2026 11:29:59 PM,0.001,0,A
ACCO_15e06beda2,NMI_df2d025267,DEVI_284a47f5e0,COMMS4D,06537#B1,Solar,12/06/2026 11:30:00 PM,12/06/2026 11:59:59 PM,0.003,0,A
ACCO_15e06beda2,NMI_df2d025267,DEVI_284a47f5e0,COMMS4D,06537#E1,Generalusage,12/06/2026 11:30:00 PM,12/06/2026 11:59:59 PM,0.002,0,A
ACCO_15e06beda2,NMI_df2d025267,DEVI_284a47f5e0,COMMS4D,06537#B1,Solar,13/06/2026 12:00:00 AM,13/06/2026 12:29:59 AM,0.003,0,A
ACCO_15e06beda2,NMI_df2d025267,DEVI_284a47f5e0,COMMS4D,06537#E1,Generalusage,13/06/2026 12:00:00 AM,13/06/2026 12:29:59 AM,0,0,A
ACCO_15e06beda2,NMI_df2d025267,DEVI_284a47f5e0,COMMS4D,06537#B1,Solar,13/06/2026 12:30:00 AM,13/06/2026 12:59:59 AM,0.002,0,A
ACCO_15e06beda2,NMI_df2d025267,DEVI_284a47f5e0,COMMS4D,06537#E1,Generalusage,13/06/2026 12:30:00 AM,13/06/2026 12:59:59 AM,0.001,0,A
ACCO_15e06beda2,NMI_df2d025267,DEVI_284a47f5e0,COMMS4D,06537#B1,Solar,13/06/2026 01:00:00 AM,13/06/2026 01:29:59 AM,0.002,0,A
ACCO_15e06beda2,NMI_df2d025267,DEVI_284a47f5e0,COMMS4D,06537#E1,Generalusage,13/06/2026 01:00:00 AM,13/06/2026 01:29:59 AM,0.001,0,A
ACCO_15e06beda2,NMI_df2d025267,DEVI_284a47f5e0,COMMS4D,06537#B1,Solar,13/06/2026 01:30:00 AM,13/06/2026 01:59:59 AM,0.002,0,A
ACCO_15e06beda2,NMI_df2d025267,DEVI_284a47f5e0,COMMS4D,06537#E1,Generalusage,13/06/2026 01:30:00 AM,13/06/2026 01:59:59 AM,0.001,0,A
ACCO_15e06beda2,NMI_df2d025267,DEVI_284a47f5e0,COMMS4D,06537#B1,Solar,13/06/2026 02:00:00 AM,13/06/2026 02:29:59 AM,0.002,0,A
ACCO_15e06beda2,NMI_df2d025267,DEVI_284a47f5e0,COMMS4D,06537#E1,Generalusage,13/06/2026 02:00:00 AM,13/06/2026 02:29:59 AM,0.001,0,A
ACCO_15e06beda2,NMI_df2d025267,DEVI_284a47f5e0,COMMS4D,06537#B1,Solar,13/06/2026 02:30:00 AM,13/06/2026 02:59:59 AM,0.001,0,A
ACCO_15e06beda2,NMI_df2d025267,DEVI_284a47f5e0,COMMS4D,06537#E1,Generalusage,13/06/2026 02:30:00 AM,13/06/2026 02:59:59 AM,0.002,0,A
ACCO_15e06beda2,NMI_df2d025267,DEVI_284a47f5e0,COMMS4D,06537#B1,Solar,13/06/2026 03:00:00 AM,13/06/2026 03:29:59 AM,0,0,A
ACCO_15e06beda2,NMI_df2d025267,DEVI_284a47f5e0,COMMS4D,06537#E1,Generalusage,13/06/2026 03:00:00 AM,13/06/2026 03:29:59 AM,0.002,0,A
ACCO_15e06beda2,NMI_df2d025267,DEVI_284a47f5e0,COMMS4D,06537#B1,Solar,13/06/2026 03:30:00 AM,13/06/2026 03:59:59 AM,0.001,0,A
ACCO_15e06beda2,NMI_df2d025267,DEVI_284a47f5e0,COMMS4D,06537#E1,Generalusage,13/06/2026 03:30:00 AM,13/06/2026 03:59:59 AM,0.002,0,A
ACCO_15e06beda2,NMI_df2d025267,DEVI_284a47f5e0,COMMS4D,06537#B1,Solar,13/06/2026 04:00:00 AM,13/06/2026 04:29:59 AM,0.001,0,A
ACCO_15e06beda2,NMI_df2d025267,DEVI_284a47f5e0,COMMS4D,06537#E1,Generalusage,13/06/2026 04:00:00 AM,13/06/2026 04:29:59 AM,0.002,0,A
ACCO_15e06beda2,NMI_df2d025267,DEVI_284a47f5e0,COMMS4D,06537#B1,Solar,13/06/2026 04:30:00 AM,13/06/2026 04:59:59 AM,0.002,0,A
ACCO_15e06beda2,NMI_df2d025267,DEVI_284a47f5e0,COMMS4D,06537#E1,Generalusage,13/06/2026 04:30:00 AM,13/06/2026 04:59:59 AM,0.001,0,A
ACCO_15e06beda2,NMI_df2d025267,DEVI_284a47f5e0,COMMS4D,06537#B1,Solar,13/06/2026 05:00:00 AM,13/06/2026 05:29:59 AM,0.001,0,A
ACCO_15e06beda2,NMI_df2d025267,DEVI_284a47f5e0,COMMS4D,06537#E1,Generalusage,13/06/2026 05:00:00 AM,13/06/2026 05:29:59 AM,0.002,0,A
ACCO_15e06beda2,NMI_df2d025267,DEVI_284a47f5e0,COMMS4D,06537#B1,Solar,13/06/2026 05:30:00 AM,13/06/2026 05:59:59 AM,0.001,0,A
ACCO_15e06beda2,NMI_df2d025267,DEVI_284a47f5e0,COMMS4D,06537#E1,Generalusage,13/06/2026 05:30:00 AM,13/06/2026 05:59:59 AM,0.001,0,A
ACCO_15e06beda2,NMI_df2d025267,DEVI_284a47f5e0,COMMS4D,06537#B1,Solar,13/06/2026 06:00:00 AM,13/06/2026 06:29:59 AM,0.003,0,A
ACCO_15e06beda2,NMI_df2d025267,DEVI_284a47f5e0,COMMS4D,06537#E1,Generalusage,13/06/2026 06:00:00 AM,13/06/2026 06:29:59 AM,0.001,0,A
ACCO_15e06beda2,NMI_df2d025267,DEVI_284a47f5e0,COMMS4D,06537#B1,Solar,13/06/2026 06:30:00 AM,13/06/2026 06:59:59 AM,0.002,0,A
ACCO_15e06beda2,NMI_df2d025267,DEVI_284a47f5e0,COMMS4D,06537#E1,Generalusage,13/06/2026 06:30:00 AM,13/06/2026 06:59:59 AM,0.001,0,A
ACCO_15e06beda2,NMI_df2d025267,DEVI_284a47f5e0,COMMS4D,06537#B1,Solar,13/06/2026 07:00:00 AM,13/06/2026 07:29:59 AM,0.002,0,A
ACCO_15e06beda2,NMI_df2d025267,DEVI_284a47f5e0,COMMS4D,06537#E1,Generalusage,13/06/2026 07:00:00 AM,13/06/2026 07:29:59 AM,0.001,0,A
ACCO_15e06beda2,NMI_df2d025267,DEVI_284a47f5e0,COMMS4D,06537#B1,Solar,13/06/2026 07:30:00 AM,13/06/2026 07:59:59 AM,0.003,0,A
ACCO_15e06beda2,NMI_df2d025267,DEVI_284a47f5e0,COMMS4D,06537#E1,Generalusage,13/06/2026 07:30:00 AM,13/06/2026 07:59:59 AM,0.001,0,A
ACCO_15e06beda2,NMI_df2d025267,DEVI_284a47f5e0,COMMS4D,06537#B1,Solar,13/06/2026 08:00:00 AM,13/06/2026 08:29:59 AM,0.002,0,A
ACCO_15e06beda2,NMI_df2d025267,DEVI_284a47f5e0,COMMS4D,06537#E1,Generalusage,13/06/2026 08:00:00 AM,13/06/2026 08:29:59 AM,0.001,0,A
ACCO_15e06beda2,NMI_df2d025267,DEVI_284a47f5e0,COMMS4D,06537#B1,Solar,13/06/2026 08:30:00 AM,13/06/2026 08:59:59 AM,0.004,0,A
ACCO_15e06beda2,NMI_df2d025267,DEVI_284a47f5e0,COMMS4D,06537#E1,Generalusage,13/06/2026 08:30:00 AM,13/06/2026 08:59:59 AM,0.001,0,A
ACCO_15e06beda2,NMI_df2d025267,DEVI_284a47f5e0,COMMS4D,06537#B1,Solar,13/06/2026 09:00:00 AM,13/06/2026 09:29:59 AM,0.004,0,A
ACCO_15e06beda2,NMI_df2d025267,DEVI_284a47f5e0,COMMS4D,06537#E1,Generalusage,13/06/2026 09:00:00 AM,13/06/2026 09:29:59 AM,0.003,0,A
ACCO_15e06beda2,NMI_df2d025267,DEVI_284a47f5e0,COMMS4D,06537#B1,Solar,13/06/2026 09:30:00 AM,13/06/2026 09:59:59 AM,0.004,0,A
ACCO_15e06beda2,NMI_df2d025267,DEVI_284a47f5e0,COMMS4D,06537#E1,Generalusage,13/06/2026 09:30:00 AM,13/06/2026 09:59:59 AM,0.001,0,A
ACCO_15e06beda2,NMI_df2d025267,DEVI_284a47f5e0,COMMS4D,06537#B1,Solar,13/06/2026 10:00:00 AM,13/06/2026 10:29:59 AM,0.002,0,A
ACCO_15e06beda2,NMI_df2d025267,DEVI_284a47f5e0,COMMS4D,06537#E1,Generalusage,13/06/2026 10:00:00 AM,13/06/2026 10:29:59 AM,0.001,0,A
ACCO_15e06beda2,NMI_df2d025267,DEVI_284a47f5e0,COMMS4D,06537#B1,Solar,13/06/2026 10:30:00 AM,13/06/2026 10:59:59 AM,0.241,0,A
ACCO_15e06beda2,NMI_df2d025267,DEVI_284a47f5e0,COMMS4D,06537#E1,Generalusage,13/06/2026 10:30:00 AM,13/06/2026 10:59:59 AM,0.001,0,A
ACCO_15e06beda2,NMI_df2d025267,DEVI_284a47f5e0,COMMS4D,06537#B1,Solar,13/06/2026 11:00:00 AM,13/06/2026 11:29:59 AM,2.509,0,A
ACCO_15e06beda2,NMI_df2d025267,DEVI_284a47f5e0,COMMS4D,06537#E1,Generalusage,13/06/2026 11:00:00 AM,13/06/2026 11:29:59 AM,0,0,A
ACCO_15e06beda2,NMI_df2d025267,DEVI_284a47f5e0,COMMS4D,06537#B1,Solar,13/06/2026 11:30:00 AM,13/06/2026 11:59:59 AM,2.957,0,A
ACCO_15e06beda2,NMI_df2d025267,DEVI_284a47f5e0,COMMS4D,06537#E1,Generalusage,13/06/2026 11:30:00 AM,13/06/2026 11:59:59 AM,0,0,A
ACCO_15e06beda2,NMI_df2d025267,DEVI_284a47f5e0,COMMS4D,06537#B1,Solar,13/06/2026 12:00:00 PM,13/06/2026 12:29:59 PM,2.969,0,A
ACCO_15e06beda2,NMI_df2d025267,DEVI_284a47f5e0,COMMS4D,06537#E1,Generalusage,13/06/2026 12:00:00 PM,13/06/2026 12:29:59 PM,0,0,A
ACCO_15e06beda2,NMI_df2d025267,DEVI_284a47f5e0,COMMS4D,06537#B1,Solar,13/06/2026 12:30:00 PM,13/06/2026 12:59:59 PM,2.234,0,A
ACCO_15e06beda2,NMI_df2d025267,DEVI_284a47f5e0,COMMS4D,06537#E1,Generalusage,13/06/2026 12:30:00 PM,13/06/2026 12:59:59 PM,0,0,A
ACCO_15e06beda2,NMI_df2d025267,DEVI_284a47f5e0,COMMS4D,06537#B1,Solar,13/06/2026 01:00:00 PM,13/06/2026 01:29:59 PM,1.97,0,A
ACCO_15e06beda2,NMI_df2d025267,DEVI_284a47f5e0,COMMS4D,06537#E1,Generalusage,13/06/2026 01:00:00 PM,13/06/2026 01:29:59 PM,0,0,A
ACCO_15e06beda2,NMI_df2d025267,DEVI_284a47f5e0,COMMS4D,06537#B1,Solar,13/06/2026 01:30:00 PM,13/06/2026 01:59:59 PM,0.668,0,A
ACCO_15e06beda2,NMI_df2d025267,DEVI_284a47f5e0,COMMS4D,06537#E1,Generalusage,13/06/2026 01:30:00 PM,13/06/2026 01:59:59 PM,0.001,0,A
ACCO_15e06beda2,NMI_df2d025267,DEVI_284a47f5e0,COMMS4D,06537#B1,Solar,13/06/2026 02:00:00 PM,13/06/2026 02:29:59 PM,0.003,0,A
ACCO_15e06beda2,NMI_df2d025267,DEVI_284a47f5e0,COMMS4D,06537#E1,Generalusage,13/06/2026 02:00:00 PM,13/06/2026 02:29:59 PM,0.001,0,A
ACCO_15e06beda2,NMI_df2d025267,DEVI_284a47f5e0,COMMS4D,06537#B1,Solar,13/06/2026 02:30:00 PM,13/06/2026 02:59:59 PM,0.615,0,A
ACCO_15e06beda2,NMI_df2d025267,DEVI_284a47f5e0,COMMS4D,06537#E1,Generalusage,13/06/2026 02:30:00 PM,13/06/2026 02:59:59 PM,0.001,0,A
ACCO_15e06beda2,NMI_df2d025267,DEVI_284a47f5e0,COMMS4D,06537#B1,Solar,13/06/2026 03:00:00 PM,13/06/2026 03:29:59 PM,0.016,0,A
ACCO_15e06beda2,NMI_df2d025267,DEVI_284a47f5e0,COMMS4D,06537#E1,Generalusage,13/06/2026 03:00:00 PM,13/06/2026 03:29:59 PM,0.003,0,A
ACCO_15e06beda2,NMI_df2d025267,DEVI_284a47f5e0,COMMS4D,06537#B1,Solar,13/06/2026 03:30:00 PM,13/06/2026 03:59:59 PM,0.003,0,A
ACCO_15e06beda2,NMI_df2d025267,DEVI_284a47f5e0,COMMS4D,06537#E1,Generalusage,13/06/2026 03:30:00 PM,13/06/2026 03:59:59 PM,0.001,0,A
ACCO_15e06beda2,NMI_df2d025267,DEVI_284a47f5e0,COMMS4D,06537#B1,Solar,13/06/2026 04:00:00 PM,13/06/2026 04:29:59 PM,0.002,0,A
ACCO_15e06beda2,NMI_df2d025267,DEVI_284a47f5e0,COMMS4D,06537#E1,Generalusage,13/06/2026 04:00:00 PM,13/06/2026 04:29:59 PM,0.001,0,A
ACCO_15e06beda2,NMI_df2d025267,DEVI_284a47f5e0,COMMS4D,06537#B1,Solar,13/06/2026 04:30:00 PM,13/06/2026 04:59:59 PM,0.004,0,A
ACCO_15e06beda2,NMI_df2d025267,DEVI_284a47f5e0,COMMS4D,06537#E1,Generalusage,13/06/2026 04:30:00 PM,13/06/2026 04:59:59 PM,0.002,0,A
ACCO_15e06beda2,NMI_df2d025267,DEVI_284a47f5e0,COMMS4D,06537#B1,Solar,13/06/2026 05:00:00 PM,13/06/2026 05:29:59 PM,0.003,0,A
ACCO_15e06beda2,NMI_df2d025267,DEVI_284a47f5e0,COMMS4D,06537#E1,Generalusage,13/06/2026 05:00:00 PM,13/06/2026 05:29:59 PM,0.001,0,A
ACCO_15e06beda2,NMI_df2d025267,DEVI_284a47f5e0,COMMS4D,06537#B1,Solar,13/06/2026 05:30:00 PM,13/06/2026 05:59:59 PM,0.002,0,A
ACCO_15e06beda2,NMI_df2d025267,DEVI_284a47f5e0,COMMS4D,06537#E1,Generalusage,13/06/2026 05:30:00 PM,13/06/2026 05:59:59 PM,0.001,0,A
ACCO_15e06beda2,NMI_df2d025267,DEVI_284a47f5e0,COMMS4D,06537#B1,Solar,13/06/2026 06:00:00 PM,13/06/2026 06:29:59 PM,0.003,0,A
ACCO_15e06beda2,NMI_df2d025267,DEVI_284a47f5e0,COMMS4D,06537#E1,Generalusage,13/06/2026 06:00:00 PM,13/06/2026 06:29:59 PM,0.002,0,A
ACCO_15e06beda2,NMI_df2d025267,DEVI_284a47f5e0,COMMS4D,06537#B1,Solar,13/06/2026 06:30:00 PM,13/06/2026 06:59:59 PM,0.003,0,A
ACCO_15e06beda2,NMI_df2d025267,DEVI_284a47f5e0,COMMS4D,06537#E1,Generalusage,13/06/2026 06:30:00 PM,13/06/2026 06:59:59 PM,0.002,0,A
ACCO_15e06beda2,NMI_df2d025267,DEVI_284a47f5e0,COMMS4D,06537#B1,Solar,13/06/2026 07:00:00 PM,13/06/2026 07:29:59 PM,0.003,0,A
ACCO_15e06beda2,NMI_df2d025267,DEVI_284a47f5e0,COMMS4D,06537#E1,Generalusage,13/06/2026 07:00:00 PM,13/06/2026 07:29:59 PM,0.001,0,A
ACCO_15e06beda2,NMI_df2d025267,DEVI_284a47f5e0,COMMS4D,06537#B1,Solar,13/06/2026 07:30:00 PM,13/06/2026 07:59:59 PM,0.003,0,A
ACCO_15e06beda2,NMI_df2d025267,DEVI_284a47f5e0,COMMS4D,06537#E1,Generalusage,13/06/2026 07:30:00 PM,13/06/2026 07:59:59 PM,0.001,0,A
ACCO_15e06beda2,NMI_df2d025267,DEVI_284a47f5e0,COMMS4D,06537#B1,Solar,13/06/2026 08:00:00 PM,13/06/2026 08:29:59 PM,0.003,0,A
ACCO_15e06beda2,NMI_df2d025267,DEVI_284a47f5e0,COMMS4D,06537#E1,Generalusage,13/06/2026 08:00:00 PM,13/06/2026 08:29:59 PM,0.002,0,A
ACCO_15e06beda2,NMI_df2d025267,DEVI_284a47f5e0,COMMS4D,06537#B1,Solar,13/06/2026 08:30:00 PM,13/06/2026 08:59:59 PM,0.003,0,A
ACCO_15e06beda2,NMI_df2d025267,DEVI_284a47f5e0,COMMS4D,06537#E1,Generalusage,13/06/2026 08:30:00 PM,13/06/2026 08:59:59 PM,0.001,0,A
ACCO_15e06beda2,NMI_df2d025267,DEVI_284a47f5e0,COMMS4D,06537#B1,Solar,13/06/2026 09:00:00 PM,13/06/2026 09:29:59 PM,0.003,0,A
ACCO_15e06beda2,NMI_df2d025267,DEVI_284a47f5e0,COMMS4D,06537#E1,Generalusage,13/06/2026 09:00:00 PM,13/06/2026 09:29:59 PM,0.001,0,A
ACCO_15e06beda2,NMI_df2d025267,DEVI_284a47f5e0,COMMS4D,06537#B1,Solar,13/06/2026 09:30:00 PM,13/06/2026 09:59:59 PM,0.003,0,A
ACCO_15e06beda2,NMI_df2d025267,DEVI_284a47f5e0,COMMS4D,06537#E1,Generalusage,13/06/2026 09:30:00 PM,13/06/2026 09:59:59 PM,0.001,0,A
ACCO_15e06beda2,NMI_df2d025267,DEVI_284a47f5e0,COMMS4D,06537#B1,Solar,13/06/2026 10:00:00 PM,13/06/2026 10:29:59 PM,0.004,0,A
ACCO_15e06beda2,NMI_df2d025267,DEVI_284a47f5e0,COMMS4D,06537#E1,Generalusage,13/06/2026 10:00:00 PM,13/06/2026 10:29:59 PM,0.002,0,A
ACCO_15e06beda2,NMI_df2d025267,DEVI_284a47f5e0,COMMS4D,06537#B1,Solar,13/06/2026 10:30:00 PM,13/06/2026 10:59:59 PM,0.003,0,A
ACCO_15e06beda2,NMI_df2d025267,DEVI_284a47f5e0,COMMS4D,06537#E1,Generalusage,13/06/2026 10:30:00 PM,13/06/2026 10:59:59 PM,0.001,0,A
ACCO_15e06beda2,NMI_df2d025267,DEVI_284a47f5e0,COMMS4D,06537#B1,Solar,13/06/2026 11:00:00 PM,13/06/2026 11:29:59 PM,0.002,0,A
ACCO_15e06beda2,NMI_df2d025267,DEVI_284a47f5e0,COMMS4D,06537#E1,Generalusage,13/06/2026 11:00:00 PM,13/06/2026 11:29:59 PM,0.002,0,A
ACCO_15e06beda2,NMI_df2d025267,DEVI_284a47f5e0,COMMS4D,06537#B1,Solar,13/06/2026 11:30:00 PM,13/06/2026 11:59:59 PM,0.003,0,A
ACCO_15e06beda2,NMI_df2d025267,DEVI_284a47f5e0,COMMS4D,06537#E1,Generalusage,13/06/2026 11:30:00 PM,13/06/2026 11:59:59 PM,0.001,0,A
ACCO_15e06beda2,NMI_df2d025267,DEVI_284a47f5e0,COMMS4D,06537#B1,Solar,14/06/2026 12:00:00 AM,14/06/2026 12:29:59 AM,0.003,0,A
ACCO_15e06beda2,NMI_df2d025267,DEVI_284a47f5e0,COMMS4D,06537#E1,Generalusage,14/06/2026 12:00:00 AM,14/06/2026 12:29:59 AM,0.002,0,A
ACCO_15e06beda2,NMI_df2d025267,DEVI_284a47f5e0,COMMS4D,06537#B1,Solar,14/06/2026 12:30:00 AM,14/06/2026 12:59:59 AM,0.002,0,A
ACCO_15e06beda2,NMI_df2d025267,DEVI_284a47f5e0,COMMS4D,06537#E1,Generalusage,14/06/2026 12:30:00 AM,14/06/2026 12:59:59 AM,0.001,0,A
ACCO_15e06beda2,NMI_df2d025267,DEVI_284a47f5e0,COMMS4D,06537#B1,Solar,14/06/2026 01:00:00 AM,14/06/2026 01:29:59 AM,0.002,0,A
ACCO_15e06beda2,NMI_df2d025267,DEVI_284a47f5e0,COMMS4D,06537#E1,Generalusage,14/06/2026 01:00:00 AM,14/06/2026 01:29:59 AM,0,0,A
ACCO_15e06beda2,NMI_df2d025267,DEVI_284a47f5e0,COMMS4D,06537#B1,Solar,14/06/2026 01:30:00 AM,14/06/2026 01:59:59 AM,0.002,0,A
ACCO_15e06beda2,NMI_df2d025267,DEVI_284a47f5e0,COMMS4D,06537#E1,Generalusage,14/06/2026 01:30:00 AM,14/06/2026 01:59:59 AM,0.001,0,A
ACCO_15e06beda2,NMI_df2d025267,DEVI_284a47f5e0,COMMS4D,06537#B1,Solar,14/06/2026 02:00:00 AM,14/06/2026 02:29:59 AM,0.002,0,A
ACCO_15e06beda2,NMI_df2d025267,DEVI_284a47f5e0,COMMS4D,06537#E1,Generalusage,14/06/2026 02:00:00 AM,14/06/2026 02:29:59 AM,0.001,0,A
ACCO_15e06beda2,NMI_df2d025267,DEVI_284a47f5e0,COMMS4D,06537#B1,Solar,14/06/2026 02:30:00 AM,14/06/2026 02:59:59 AM,0.002,0,A
ACCO_15e06beda2,NMI_df2d025267,DEVI_284a47f5e0,COMMS4D,06537#E1,Generalusage,14/06/2026 02:30:00 AM,14/06/2026 02:59:59 AM,0.002,0,A
ACCO_15e06beda2,NMI_df2d025267,DEVI_284a47f5e0,COMMS4D,06537#B1,Solar,14/06/2026 03:00:00 AM,14/06/2026 03:29:59 AM,0.002,0,A
ACCO_15e06beda2,NMI_df2d025267,DEVI_284a47f5e0,COMMS4D,06537#E1,Generalusage,14/06/2026 03:00:00 AM,14/06/2026 03:29:59 AM,0.001,0,A
ACCO_15e06beda2,NMI_df2d025267,DEVI_284a47f5e0,COMMS4D,06537#B1,Solar,14/06/2026 03:30:00 AM,14/06/2026 03:59:59 AM,0.002,0,A
ACCO_15e06beda2,NMI_df2d025267,DEVI_284a47f5e0,COMMS4D,06537#E1,Generalusage,14/06/2026 03:30:00 AM,14/06/2026 03:59:59 AM,0.002,0,A
ACCO_15e06beda2,NMI_df2d025267,DEVI_284a47f5e0,COMMS4D,06537#B1,Solar,14/06/2026 04:00:00 AM,14/06/2026 04:29:59 AM,0.001,0,A
ACCO_15e06beda2,NMI_df2d025267,DEVI_284a47f5e0,COMMS4D,06537#E1,Generalusage,14/06/2026 04:00:00 AM,14/06/2026 04:29:59 AM,0.001,0,A
ACCO_15e06beda2,NMI_df2d025267,DEVI_284a47f5e0,COMMS4D,06537#B1,Solar,14/06/2026 04:30:00 AM,14/06/2026 04:59:59 AM,0.001,0,A
ACCO_15e06beda2,NMI_df2d025267,DEVI_284a47f5e0,COMMS4D,06537#E1,Generalusage,14/06/2026 04:30:00 AM,14/06/2026 04:59:59 AM,0.002,0,A
ACCO_15e06beda2,NMI_df2d025267,DEVI_284a47f5e0,COMMS4D,06537#B1,Solar,14/06/2026 05:00:00 AM,14/06/2026 05:29:59 AM,0.001,0,A
ACCO_15e06beda2,NMI_df2d025267,DEVI_284a47f5e0,COMMS4D,06537#E1,Generalusage,14/06/2026 05:00:00 AM,14/06/2026 05:29:59 AM,0.002,0,A
ACCO_15e06beda2,NMI_df2d025267,DEVI_284a47f5e0,COMMS4D,06537#B1,Solar,14/06/2026 05:30:00 AM,14/06/2026 05:59:59 AM,0.002,0,A
ACCO_15e06beda2,NMI_df2d025267,DEVI_284a47f5e0,COMMS4D,06537#E1,Generalusage,14/06/2026 05:30:00 AM,14/06/2026 05:59:59 AM,0.001,0,A
ACCO_15e06beda2,NMI_df2d025267,DEVI_284a47f5e0,COMMS4D,06537#B1,Solar,14/06/2026 06:00:00 AM,14/06/2026 06:29:59 AM,0.003,0,A
ACCO_15e06beda2,NMI_df2d025267,DEVI_284a47f5e0,COMMS4D,06537#E1,Generalusage,14/06/2026 06:00:00 AM,14/06/2026 06:29:59 AM,0.001,0,A
ACCO_15e06beda2,NMI_df2d025267,DEVI_284a47f5e0,COMMS4D,06537#B1,Solar,14/06/2026 06:30:00 AM,14/06/2026 06:59:59 AM,0.002,0,A
ACCO_15e06beda2,NMI_df2d025267,DEVI_284a47f5e0,COMMS4D,06537#E1,Generalusage,14/06/2026 06:30:00 AM,14/06/2026 06:59:59 AM,0.001,0,A
ACCO_15e06beda2,NMI_df2d025267,DEVI_284a47f5e0,COMMS4D,06537#B1,Solar,14/06/2026 07:00:00 AM,14/06/2026 07:29:59 AM,0.002,0,A
ACCO_15e06beda2,NMI_df2d025267,DEVI_284a47f5e0,COMMS4D,06537#E1,Generalusage,14/06/2026 07:00:00 AM,14/06/2026 07:29:59 AM,0.001,0,A
ACCO_15e06beda2,NMI_df2d025267,DEVI_284a47f5e0,COMMS4D,06537#B1,Solar,14/06/2026 07:30:00 AM,14/06/2026 07:59:59 AM,0.003,0,A
ACCO_15e06beda2,NMI_df2d025267,DEVI_284a47f5e0,COMMS4D,06537#E1,Generalusage,14/06/2026 07:30:00 AM,14/06/2026 07:59:59 AM,0.001,0,A
ACCO_15e06beda2,NMI_df2d025267,DEVI_284a47f5e0,COMMS4D,06537#B1,Solar,14/06/2026 08:00:00 AM,14/06/2026 08:29:59 AM,0.002,0,A
ACCO_15e06beda2,NMI_df2d025267,DEVI_284a47f5e0,COMMS4D,06537#E1,Generalusage,14/06/2026 08:00:00 AM,14/06/2026 08:29:59 AM,0.001,0,A
ACCO_15e06beda2,NMI_df2d025267,DEVI_284a47f5e0,COMMS4D,06537#B1,Solar,14/06/2026 08:30:00 AM,14/06/2026 08:59:59 AM,0.003,0,A
ACCO_15e06beda2,NMI_df2d025267,DEVI_284a47f5e0,COMMS4D,06537#E1,Generalusage,14/06/2026 08:30:00 AM,14/06/2026 08:59:59 AM,0.001,0,A
ACCO_15e06beda2,NMI_df2d025267,DEVI_284a47f5e0,COMMS4D,06537#B1,Solar,14/06/2026 09:00:00 AM,14/06/2026 09:29:59 AM,0.002,0,A
ACCO_15e06beda2,NMI_df2d025267,DEVI_284a47f5e0,COMMS4D,06537#E1,Generalusage,14/06/2026 09:00:00 AM,14/06/2026 09:29:59 AM,0.001,0,A
ACCO_15e06beda2,NMI_df2d025267,DEVI_284a47f5e0,COMMS4D,06537#B1,Solar,14/06/2026 09:30:00 AM,14/06/2026 09:59:59 AM,0.002,0,A
ACCO_15e06beda2,NMI_df2d025267,DEVI_284a47f5e0,COMMS4D,06537#E1,Generalusage,14/06/2026 09:30:00 AM,14/06/2026 09:59:59 AM,0,0,A
ACCO_15e06beda2,NMI_df2d025267,DEVI_284a47f5e0,COMMS4D,06537#B1,Solar,14/06/2026 10:00:00 AM,14/06/2026 10:29:59 AM,0.003,0,A
ACCO_15e06beda2,NMI_df2d025267,DEVI_284a47f5e0,COMMS4D,06537#E1,Generalusage,14/06/2026 10:00:00 AM,14/06/2026 10:29:59 AM,0.001,0,A
ACCO_15e06beda2,NMI_df2d025267,DEVI_284a47f5e0,COMMS4D,06537#B1,Solar,14/06/2026 10:30:00 AM,14/06/2026 10:59:59 AM,0.002,0,A
ACCO_15e06beda2,NMI_df2d025267,DEVI_284a47f5e0,COMMS4D,06537#E1,Generalusage,14/06/2026 10:30:00 AM,14/06/2026 10:59:59 AM,0.001,0,A
ACCO_15e06beda2,NMI_df2d025267,DEVI_284a47f5e0,COMMS4D,06537#B1,Solar,14/06/2026 11:00:00 AM,14/06/2026 11:29:59 AM,0.002,0,A
ACCO_15e06beda2,NMI_df2d025267,DEVI_284a47f5e0,COMMS4D,06537#E1,Generalusage,14/06/2026 11:00:00 AM,14/06/2026 11:29:59 AM,0.002,0,A
ACCO_15e06beda2,NMI_df2d025267,DEVI_284a47f5e0,COMMS4D,06537#B1,Solar,14/06/2026 11:30:00 AM,14/06/2026 11:59:59 AM,0.002,0,A
ACCO_15e06beda2,NMI_df2d025267,DEVI_284a47f5e0,COMMS4D,06537#E1,Generalusage,14/06/2026 11:30:00 AM,14/06/2026 11:59:59 AM,0.001,0,A
ACCO_15e06beda2,NMI_df2d025267,DEVI_284a47f5e0,COMMS4D,06537#B1,Solar,14/06/2026 12:00:00 PM,14/06/2026 12:29:59 PM,0.003,0,A
ACCO_15e06beda2,NMI_df2d025267,DEVI_284a47f5e0,COMMS4D,06537#E1,Generalusage,14/06/2026 12:00:00 PM,14/06/2026 12:29:59 PM,0.001,0,A
ACCO_15e06beda2,NMI_df2d025267,DEVI_284a47f5e0,COMMS4D,06537#B1,Solar,14/06/2026 12:30:00 PM,14/06/2026 12:59:59 PM,0.003,0,A
ACCO_15e06beda2,NMI_df2d025267,DEVI_284a47f5e0,COMMS4D,06537#E1,Generalusage,14/06/2026 12:30:00 PM,14/06/2026 12:59:59 PM,0,0,A
ACCO_15e06beda2,NMI_df2d025267,DEVI_284a47f5e0,COMMS4D,06537#B1,Solar,14/06/2026 01:00:00 PM,14/06/2026 01:29:59 PM,0.002,0,A
ACCO_15e06beda2,NMI_df2d025267,DEVI_284a47f5e0,COMMS4D,06537#E1,Generalusage,14/06/2026 01:00:00 PM,14/06/2026 01:29:59 PM,0.001,0,A
ACCO_15e06beda2,NMI_df2d025267,DEVI_284a47f5e0,COMMS4D,06537#B1,Solar,14/06/2026 01:30:00 PM,14/06/2026 01:59:59 PM,0.002,0,A
ACCO_15e06beda2,NMI_df2d025267,DEVI_284a47f5e0,COMMS4D,06537#E1,Generalusage,14/06/2026 01:30:00 PM,14/06/2026 01:59:59 PM,0.001,0,A
ACCO_15e06beda2,NMI_df2d025267,DEVI_284a47f5e0,COMMS4D,06537#B1,Solar,14/06/2026 02:00:00 PM,14/06/2026 02:29:59 PM,0.003,0,A
ACCO_15e06beda2,NMI_df2d025267,DEVI_284a47f5e0,COMMS4D,06537#E1,Generalusage,14/06/2026 02:00:00 PM,14/06/2026 02:29:59 PM,0.001,0,A
ACCO_15e06beda2,NMI_df2d025267,DEVI_284a47f5e0,COMMS4D,06537#B1,Solar,14/06/2026 02:30:00 PM,14/06/2026 02:59:59 PM,0.004,0,A
ACCO_15e06beda2,NMI_df2d025267,DEVI_284a47f5e0,COMMS4D,06537#E1,Generalusage,14/06/2026 02:30:00 PM,14/06/2026 02:59:59 PM,0.002,0,A
ACCO_15e06beda2,NMI_df2d025267,DEVI_284a47f5e0,COMMS4D,06537#B1,Solar,14/06/2026 03:00:00 PM,14/06/2026 03:29:59 PM,0.003,0,A
ACCO_15e06beda2,NMI_df2d025267,DEVI_284a47f5e0,COMMS4D,06537#E1,Generalusage,14/06/2026 03:00:00 PM,14/06/2026 03:29:59 PM,0.002,0,A
ACCO_15e06beda2,NMI_df2d025267,DEVI_284a47f5e0,COMMS4D,06537#B1,Solar,14/06/2026 03:30:00 PM,14/06/2026 03:59:59 PM,0.003,0,A
ACCO_15e06beda2,NMI_df2d025267,DEVI_284a47f5e0,COMMS4D,06537#E1,Generalusage,14/06/2026 03:30:00 PM,14/06/2026 03:59:59 PM,0.001,0,A
ACCO_15e06beda2,NMI_df2d025267,DEVI_284a47f5e0,COMMS4D,06537#B1,Solar,14/06/2026 04:00:00 PM,14/06/2026 04:29:59 PM,0.003,0,A
ACCO_15e06beda2,NMI_df2d025267,DEVI_284a47f5e0,COMMS4D,06537#E1,Generalusage,14/06/2026 04:00:00 PM,14/06/2026 04:29:59 PM,0.002,0,A
ACCO_15e06beda2,NMI_df2d025267,DEVI_284a47f5e0,COMMS4D,06537#B1,Solar,14/06/2026 04:30:00 PM,14/06/2026 04:59:59 PM,0.004,0,A
ACCO_15e06beda2,NMI_df2d025267,DEVI_284a47f5e0,COMMS4D,06537#E1,Generalusage,14/06/2026 04:30:00 PM,14/06/2026 04:59:59 PM,0.002,0,A
ACCO_15e06beda2,NMI_df2d025267,DEVI_284a47f5e0,COMMS4D,06537#B1,Solar,14/06/2026 05:00:00 PM,14/06/2026 05:29:59 PM,0.003,0,A
ACCO_15e06beda2,NMI_df2d025267,DEVI_284a47f5e0,COMMS4D,06537#E1,Generalusage,14/06/2026 05:00:00 PM,14/06/2026 05:29:59 PM,0.002,0,A
ACCO_15e06beda2,NMI_df2d025267,DEVI_284a47f5e0,COMMS4D,06537#B1,Solar,14/06/2026 05:30:00 PM,14/06/2026 05:59:59 PM,0.006,0,A
ACCO_15e06beda2,NMI_df2d025267,DEVI_284a47f5e0,COMMS4D,06537#E1,Generalusage,14/06/2026 05:30:00 PM,14/06/2026 05:59:59 PM,0.003,0,A
ACCO_15e06beda2,NMI_df2d025267,DEVI_284a47f5e0,COMMS4D,06537#B1,Solar,14/06/2026 06:00:00 PM,14/06/2026 06:29:59 PM,0.007,0,A
ACCO_15e06beda2,NMI_df2d025267,DEVI_284a47f5e0,COMMS4D,06537#E1,Generalusage,14/06/2026 06:00:00 PM,14/06/2026 06:29:59 PM,0.004,0,A
ACCO_15e06beda2,NMI_df2d025267,DEVI_284a47f5e0,COMMS4D,06537#B1,Solar,14/06/2026 06:30:00 PM,14/06/2026 06:59:59 PM,0.003,0,A
ACCO_15e06beda2,NMI_df2d025267,DEVI_284a47f5e0,COMMS4D,06537#E1,Generalusage,14/06/2026 06:30:00 PM,14/06/2026 06:59:59 PM,0.002,0,A
ACCO_15e06beda2,NMI_df2d025267,DEVI_284a47f5e0,COMMS4D,06537#B1,Solar,14/06/2026 07:00:00 PM,14/06/2026 07:29:59 PM,0.003,0,A
ACCO_15e06beda2,NMI_df2d025267,DEVI_284a47f5e0,COMMS4D,06537#E1,Generalusage,14/06/2026 07:00:00 PM,14/06/2026 07:29:59 PM,0.173,0,A
ACCO_15e06beda2,NMI_df2d025267,DEVI_284a47f5e0,COMMS4D,06537#B1,Solar,14/06/2026 07:30:00 PM,14/06/2026 07:59:59 PM,0,0,A
ACCO_15e06beda2,NMI_df2d025267,DEVI_284a47f5e0,COMMS4D,06537#E1,Generalusage,14/06/2026 07:30:00 PM,14/06/2026 07:59:59 PM,1.039,0,A
ACCO_15e06beda2,NMI_df2d025267,DEVI_284a47f5e0,COMMS4D,06537#B1,Solar,14/06/2026 08:00:00 PM,14/06/2026 08:29:59 PM,0,0,A
ACCO_15e06beda2,NMI_df2d025267,DEVI_284a47f5e0,COMMS4D,06537#E1,Generalusage,14/06/2026 08:00:00 PM,14/06/2026 08:29:59 PM,0.541,0,A
ACCO_15e06beda2,NMI_df2d025267,DEVI_284a47f5e0,COMMS4D,06537#B1,Solar,14/06/2026 08:30:00 PM,14/06/2026 08:59:59 PM,0,0,A
ACCO_15e06beda2,NMI_df2d025267,DEVI_284a47f5e0,COMMS4D,06537#E1,Generalusage,14/06/2026 08:30:00 PM,14/06/2026 08:59:59 PM,0.954,0,A
ACCO_15e06beda2,NMI_df2d025267,DEVI_284a47f5e0,COMMS4D,06537#B1,Solar,14/06/2026 09:00:00 PM,14/06/2026 09:29:59 PM,0,0,A
ACCO_15e06beda2,NMI_df2d025267,DEVI_284a47f5e0,COMMS4D,06537#E1,Generalusage,14/06/2026 09:00:00 PM,14/06/2026 09:29:59 PM,0.547,0,A
ACCO_15e06beda2,NMI_df2d025267,DEVI_284a47f5e0,COMMS4D,06537#B1,Solar,14/06/2026 09:30:00 PM,14/06/2026 09:59:59 PM,0,0,A
ACCO_15e06beda2,NMI_df2d025267,DEVI_284a47f5e0,COMMS4D,06537#E1,Generalusage,14/06/2026 09:30:00 PM,14/06/2026 09:59:59 PM,0.359,0,A
ACCO_15e06beda2,NMI_df2d025267,DEVI_284a47f5e0,COMMS4D,06537#B1,Solar,14/06/2026 10:00:00 PM,14/06/2026 10:29:59 PM,0,0,A
ACCO_15e06beda2,NMI_df2d025267,DEVI_284a47f5e0,COMMS4D,06537#E1,Generalusage,14/06/2026 10:00:00 PM,14/06/2026 10:29:59 PM,0.31,0,A
ACCO_15e06beda2,NMI_df2d025267,DEVI_284a47f5e0,COMMS4D,06537#B1,Solar,14/06/2026 10:30:00 PM,14/06/2026 10:59:59 PM,0,0,A
ACCO_15e06beda2,NMI_df2d025267,DEVI_284a47f5e0,COMMS4D,06537#E1,Generalusage,14/06/2026 10:30:00 PM,14/06/2026 10:59:59 PM,0.222,0,A
ACCO_15e06beda2,NMI_df2d025267,DEVI_284a47f5e0,COMMS4D,06537#B1,Solar,14/06/2026 11:00:00 PM,14/06/2026 11:29:59 PM,0,0,A
ACCO_15e06beda2,NMI_df2d025267,DEVI_284a47f5e0,COMMS4D,06537#E1,Generalusage,14/06/2026 11:00:00 PM,14/06/2026 11:29:59 PM,0.224,0,A
ACCO_15e06beda2,NMI_df2d025267,DEVI_284a47f5e0,COMMS4D,06537#B1,Solar,14/06/2026 11:30:00 PM,14/06/2026 11:59:59 PM,0,0,A
ACCO_15e06beda2,NMI_df2d025267,DEVI_284a47f5e0,COMMS4D,06537#E1,Generalusage,14/06/2026 11:30:00 PM,14/06/2026 11:59:59 PM,0.229,0,A
ACCO_15e06beda2,NMI_df2d025267,DEVI_284a47f5e0,COMMS4D,06537#B1,Solar,15/06/2026 12:00:00 AM,15/06/2026 12:29:59 AM,0,0,A
ACCO_15e06beda2,NMI_df2d025267,DEVI_284a47f5e0,COMMS4D,06537#E1,Generalusage,15/06/2026 12:00:00 AM,15/06/2026 12:29:59 AM,0.246,0,A
ACCO_15e06beda2,NMI_df2d025267,DEVI_284a47f5e0,COMMS4D,06537#B1,Solar,15/06/2026 12:30:00 AM,15/06/2026 12:59:59 AM,0,0,A
ACCO_15e06beda2,NMI_df2d025267,DEVI_284a47f5e0,COMMS4D,06537#E1,Generalusage,15/06/2026 12:30:00 AM,15/06/2026 12:59:59 AM,0.246,0,A
ACCO_15e06beda2,NMI_df2d025267,DEVI_284a47f5e0,COMMS4D,06537#B1,Solar,15/06/2026 01:00:00 AM,15/06/2026 01:29:59 AM,0,0,A
ACCO_15e06beda2,NMI_df2d025267,DEVI_284a47f5e0,COMMS4D,06537#E1,Generalusage,15/06/2026 01:00:00 AM,15/06/2026 01:29:59 AM,0.235,0,A
ACCO_15e06beda2,NMI_df2d025267,DEVI_284a47f5e0,COMMS4D,06537#B1,Solar,15/06/2026 01:30:00 AM,15/06/2026 01:59:59 AM,0,0,A
ACCO_15e06beda2,NMI_df2d025267,DEVI_284a47f5e0,COMMS4D,06537#E1,Generalusage,15/06/2026 01:30:00 AM,15/06/2026 01:59:59 AM,0.229,0,A
ACCO_15e06beda2,NMI_df2d025267,DEVI_284a47f5e0,COMMS4D,06537#B1,Solar,15/06/2026 02:00:00 AM,15/06/2026 02:29:59 AM,0,0,A
ACCO_15e06beda2,NMI_df2d025267,DEVI_284a47f5e0,COMMS4D,06537#E1,Generalusage,15/06/2026 02:00:00 AM,15/06/2026 02:29:59 AM,0.226,0,A
ACCO_15e06beda2,NMI_df2d025267,DEVI_284a47f5e0,COMMS4D,06537#B1,Solar,15/06/2026 02:30:00 AM,15/06/2026 02:59:59 AM,0,0,A
ACCO_15e06beda2,NMI_df2d025267,DEVI_284a47f5e0,COMMS4D,06537#E1,Generalusage,15/06/2026 02:30:00 AM,15/06/2026 02:59:59 AM,0.217,0,A
ACCO_15e06beda2,NMI_df2d025267,DEVI_284a47f5e0,COMMS4D,06537#B1,Solar,15/06/2026 03:00:00 AM,15/06/2026 03:29:59 AM,0,0,A
ACCO_15e06beda2,NMI_df2d025267,DEVI_284a47f5e0,COMMS4D,06537#E1,Generalusage,15/06/2026 03:00:00 AM,15/06/2026 03:29:59 AM,0.218,0,A
ACCO_15e06beda2,NMI_df2d025267,DEVI_284a47f5e0,COMMS4D,06537#B1,Solar,15/06/2026 03:30:00 AM,15/06/2026 03:59:59 AM,0,0,A
ACCO_15e06beda2,NMI_df2d025267,DEVI_284a47f5e0,COMMS4D,06537#E1,Generalusage,15/06/2026 03:30:00 AM,15/06/2026 03:59:59 AM,0.216,0,A
ACCO_15e06beda2,NMI_df2d025267,DEVI_284a47f5e0,COMMS4D,06537#B1,Solar,15/06/2026 04:00:00 AM,15/06/2026 04:29:59 AM,0,0,A
ACCO_15e06beda2,NMI_df2d025267,DEVI_284a47f5e0,COMMS4D,06537#E1,Generalusage,15/06/2026 04:00:00 AM,15/06/2026 04:29:59 AM,0.217,0,A
ACCO_15e06beda2,NMI_df2d025267,DEVI_284a47f5e0,COMMS4D,06537#B1,Solar,15/06/2026 04:30:00 AM,15/06/2026 04:59:59 AM,0,0,A
ACCO_15e06beda2,NMI_df2d025267,DEVI_284a47f5e0,COMMS4D,06537#E1,Generalusage,15/06/2026 04:30:00 AM,15/06/2026 04:59:59 AM,0.217,0,A
ACCO_15e06beda2,NMI_df2d025267,DEVI_284a47f5e0,COMMS4D,06537#B1,Solar,15/06/2026 05:00:00 AM,15/06/2026 05:29:59 AM,0,0,A
ACCO_15e06beda2,NMI_df2d025267,DEVI_284a47f5e0,COMMS4D,06537#E1,Generalusage,15/06/2026 05:00:00 AM,15/06/2026 05:29:59 AM,0.215,0,A
ACCO_15e06beda2,NMI_df2d025267,DEVI_284a47f5e0,COMMS4D,06537#B1,Solar,15/06/2026 05:30:00 AM,15/06/2026 05:59:59 AM,0,0,A
ACCO_15e06beda2,NMI_df2d025267,DEVI_284a47f5e0,COMMS4D,06537#E1,Generalusage,15/06/2026 05:30:00 AM,15/06/2026 05:59:59 AM,0.216,0,A
ACCO_15e06beda2,NMI_df2d025267,DEVI_284a47f5e0,COMMS4D,06537#B1,Solar,15/06/2026 06:00:00 AM,15/06/2026 06:29:59 AM,0,0,A
ACCO_15e06beda2,NMI_df2d025267,DEVI_284a47f5e0,COMMS4D,06537#E1,Generalusage,15/06/2026 06:00:00 AM,15/06/2026 06:29:59 AM,0.285,0,A
ACCO_15e06beda2,NMI_df2d025267,DEVI_284a47f5e0,COMMS4D,06537#B1,Solar,15/06/2026 06:30:00 AM,15/06/2026 06:59:59 AM,0,0,A
ACCO_15e06beda2,NMI_df2d025267,DEVI_284a47f5e0,COMMS4D,06537#E1,Generalusage,15/06/2026 06:30:00 AM,15/06/2026 06:59:59 AM,0.395,0,A
ACCO_15e06beda2,NMI_df2d025267,DEVI_284a47f5e0,COMMS4D,06537#B1,Solar,15/06/2026 07:00:00 AM,15/06/2026 07:29:59 AM,0,0,A
ACCO_15e06beda2,NMI_df2d025267,DEVI_284a47f5e0,COMMS4D,06537#E1,Generalusage,15/06/2026 07:00:00 AM,15/06/2026 07:29:59 AM,0.397,0,A
ACCO_15e06beda2,NMI_df2d025267,DEVI_284a47f5e0,COMMS4D,06537#B1,Solar,15/06/2026 07:30:00 AM,15/06/2026 07:59:59 AM,0.002,0,A
ACCO_15e06beda2,NMI_df2d025267,DEVI_284a47f5e0,COMMS4D,06537#E1,Generalusage,15/06/2026 07:30:00 AM,15/06/2026 07:59:59 AM,0.069,0,A
ACCO_15e06beda2,NMI_df2d025267,DEVI_284a47f5e0,COMMS4D,06537#B1,Solar,15/06/2026 08:00:00 AM,15/06/2026 08:29:59 AM,0.001,0,A
ACCO_15e06beda2,NMI_df2d025267,DEVI_284a47f5e0,COMMS4D,06537#E1,Generalusage,15/06/2026 08:00:00 AM,15/06/2026 08:29:59 AM,0.001,0,A
ACCO_15e06beda2,NMI_df2d025267,DEVI_284a47f5e0,COMMS4D,06537#B1,Solar,15/06/2026 08:30:00 AM,15/06/2026 08:59:59 AM,0.002,0,A
ACCO_15e06beda2,NMI_df2d025267,DEVI_284a47f5e0,COMMS4D,06537#E1,Generalusage,15/06/2026 08:30:00 AM,15/06/2026 08:59:59 AM,0.002,0,A
ACCO_15e06beda2,NMI_df2d025267,DEVI_284a47f5e0,COMMS4D,06537#B1,Solar,15/06/2026 09:00:00 AM,15/06/2026 09:29:59 AM,0.001,0,A
ACCO_15e06beda2,NMI_df2d025267,DEVI_284a47f5e0,COMMS4D,06537#E1,Generalusage,15/06/2026 09:00:00 AM,15/06/2026 09:29:59 AM,0.001,0,A
ACCO_15e06beda2,NMI_df2d025267,DEVI_284a47f5e0,COMMS4D,06537#B1,Solar,15/06/2026 09:30:00 AM,15/06/2026 09:59:59 AM,0.001,0,A
ACCO_15e06beda2,NMI_df2d025267,DEVI_284a47f5e0,COMMS4D,06537#E1,Generalusage,15/06/2026 09:30:00 AM,15/06/2026 09:59:59 AM,0.002,0,A
ACCO_15e06beda2,NMI_df2d025267,DEVI_284a47f5e0,COMMS4D,06537#B1,Solar,15/06/2026 10:00:00 AM,15/06/2026 10:29:59 AM,0.001,0,A
ACCO_15e06beda2,NMI_df2d025267,DEVI_284a47f5e0,COMMS4D,06537#E1,Generalusage,15/06/2026 10:00:00 AM,15/06/2026 10:29:59 AM,0.001,0,A
ACCO_15e06beda2,NMI_df2d025267,DEVI_284a47f5e0,COMMS4D,06537#B1,Solar,15/06/2026 10:30:00 AM,15/06/2026 10:59:59 AM,0.001,0,A
ACCO_15e06beda2,NMI_df2d025267,DEVI_284a47f5e0,COMMS4D,06537#E1,Generalusage,15/06/2026 10:30:00 AM,15/06/2026 10:59:59 AM,0.001,0,A
ACCO_15e06beda2,NMI_df2d025267,DEVI_284a47f5e0,COMMS4D,06537#B1,Solar,15/06/2026 11:00:00 AM,15/06/2026 11:29:59 AM,0.002,0,A
ACCO_15e06beda2,NMI_df2d025267,DEVI_284a47f5e0,COMMS4D,06537#E1,Generalusage,15/06/2026 11:00:00 AM,15/06/2026 11:29:59 AM,0.001,0,A
ACCO_15e06beda2,NMI_df2d025267,DEVI_284a47f5e0,COMMS4D,06537#B1,Solar,15/06/2026 11:30:00 AM,15/06/2026 11:59:59 AM,0.001,0,A
ACCO_15e06beda2,NMI_df2d025267,DEVI_284a47f5e0,COMMS4D,06537#E1,Generalusage,15/06/2026 11:30:00 AM,15/06/2026 11:59:59 AM,0.002,0,A
ACCO_15e06beda2,NMI_df2d025267,DEVI_284a47f5e0,COMMS4D,06537#B1,Solar,15/06/2026 12:00:00 PM,15/06/2026 12:29:59 PM,0.002,0,A
ACCO_15e06beda2,NMI_df2d025267,DEVI_284a47f5e0,COMMS4D,06537#E1,Generalusage,15/06/2026 12:00:00 PM,15/06/2026 12:29:59 PM,0,0,A
ACCO_15e06beda2,NMI_df2d025267,DEVI_284a47f5e0,COMMS4D,06537#B1,Solar,15/06/2026 12:30:00 PM,15/06/2026 12:59:59 PM,0.003,0,A
ACCO_15e06beda2,NMI_df2d025267,DEVI_284a47f5e0,COMMS4D,06537#E1,Generalusage,15/06/2026 12:30:00 PM,15/06/2026 12:59:59 PM,0.001,0,A
ACCO_15e06beda2,NMI_df2d025267,DEVI_284a47f5e0,COMMS4D,06537#B1,Solar,15/06/2026 01:00:00 PM,15/06/2026 01:29:59 PM,0.003,0,A
ACCO_15e06beda2,NMI_df2d025267,DEVI_284a47f5e0,COMMS4D,06537#E1,Generalusage,15/06/2026 01:00:00 PM,15/06/2026 01:29:59 PM,0,0,A
ACCO_15e06beda2,NMI_df2d025267,DEVI_284a47f5e0,COMMS4D,06537#B1,Solar,15/06/2026 01:30:00 PM,15/06/2026 01:59:59 PM,0.002,0,A
ACCO_15e06beda2,NMI_df2d025267,DEVI_284a47f5e0,COMMS4D,06537#E1,Generalusage,15/06/2026 01:30:00 PM,15/06/2026 01:59:59 PM,0.001,0,A
ACCO_15e06beda2,NMI_df2d025267,DEVI_284a47f5e0,COMMS4D,06537#B1,Solar,15/06/2026 02:00:00 PM,15/06/2026 02:29:59 PM,0.002,0,A
ACCO_15e06beda2,NMI_df2d025267,DEVI_284a47f5e0,COMMS4D,06537#E1,Generalusage,15/06/2026 02:00:00 PM,15/06/2026 02:29:59 PM,0.001,0,A
ACCO_15e06beda2,NMI_df2d025267,DEVI_284a47f5e0,COMMS4D,06537#B1,Solar,15/06/2026 02:30:00 PM,15/06/2026 02:59:59 PM,0.002,0,A
ACCO_15e06beda2,NMI_df2d025267,DEVI_284a47f5e0,COMMS4D,06537#E1,Generalusage,15/06/2026 02:30:00 PM,15/06/2026 02:59:59 PM,0.001,0,A
ACCO_15e06beda2,NMI_df2d025267,DEVI_284a47f5e0,COMMS4D,06537#B1,Solar,15/06/2026 03:00:00 PM,15/06/2026 03:29:59 PM,0.002,0,A
ACCO_15e06beda2,NMI_df2d025267,DEVI_284a47f5e0,COMMS4D,06537#E1,Generalusage,15/06/2026 03:00:00 PM,15/06/2026 03:29:59 PM,0.002,0,A
ACCO_15e06beda2,NMI_df2d025267,DEVI_284a47f5e0,COMMS4D,06537#B1,Solar,15/06/2026 03:30:00 PM,15/06/2026 03:59:59 PM,0.002,0,A
ACCO_15e06beda2,NMI_df2d025267,DEVI_284a47f5e0,COMMS4D,06537#E1,Generalusage,15/06/2026 03:30:00 PM,15/06/2026 03:59:59 PM,0.001,0,A
ACCO_15e06beda2,NMI_df2d025267,DEVI_284a47f5e0,COMMS4D,06537#B1,Solar,15/06/2026 04:00:00 PM,15/06/2026 04:29:59 PM,0.001,0,A
ACCO_15e06beda2,NMI_df2d025267,DEVI_284a47f5e0,COMMS4D,06537#E1,Generalusage,15/06/2026 04:00:00 PM,15/06/2026 04:29:59 PM,0.001,0,A
ACCO_15e06beda2,NMI_df2d025267,DEVI_284a47f5e0,COMMS4D,06537#B1,Solar,15/06/2026 04:30:00 PM,15/06/2026 04:59:59 PM,0.002,0,A
ACCO_15e06beda2,NMI_df2d025267,DEVI_284a47f5e0,COMMS4D,06537#E1,Generalusage,15/06/2026 04:30:00 PM,15/06/2026 04:59:59 PM,0.001,0,A
ACCO_15e06beda2,NMI_df2d025267,DEVI_284a47f5e0,COMMS4D,06537#B1,Solar,15/06/2026 05:00:00 PM,15/06/2026 05:29:59 PM,0.002,0,A
ACCO_15e06beda2,NMI_df2d025267,DEVI_284a47f5e0,COMMS4D,06537#E1,Generalusage,15/06/2026 05:00:00 PM,15/06/2026 05:29:59 PM,0.001,0,A
ACCO_15e06beda2,NMI_df2d025267,DEVI_284a47f5e0,COMMS4D,06537#B1,Solar,15/06/2026 05:30:00 PM,15/06/2026 05:59:59 PM,0.002,0,A
ACCO_15e06beda2,NMI_df2d025267,DEVI_284a47f5e0,COMMS4D,06537#E1,Generalusage,15/06/2026 05:30:00 PM,15/06/2026 05:59:59 PM,0.001,0,A
ACCO_15e06beda2,NMI_df2d025267,DEVI_284a47f5e0,COMMS4D,06537#B1,Solar,15/06/2026 06:00:00 PM,15/06/2026 06:29:59 PM,0.002,0,A
ACCO_15e06beda2,NMI_df2d025267,DEVI_284a47f5e0,COMMS4D,06537#E1,Generalusage,15/06/2026 06:00:00 PM,15/06/2026 06:29:59 PM,0.002,0,A
ACCO_15e06beda2,NMI_df2d025267,DEVI_284a47f5e0,COMMS4D,06537#B1,Solar,15/06/2026 06:30:00 PM,15/06/2026 06:59:59 PM,0.004,0,A
ACCO_15e06beda2,NMI_df2d025267,DEVI_284a47f5e0,COMMS4D,06537#E1,Generalusage,15/06/2026 06:30:00 PM,15/06/2026 06:59:59 PM,0.003,0,A
ACCO_15e06beda2,NMI_df2d025267,DEVI_284a47f5e0,COMMS4D,06537#B1,Solar,15/06/2026 07:00:00 PM,15/06/2026 07:29:59 PM,0.003,0,A
ACCO_15e06beda2,NMI_df2d025267,DEVI_284a47f5e0,COMMS4D,06537#E1,Generalusage,15/06/2026 07:00:00 PM,15/06/2026 07:29:59 PM,0.001,0,A
ACCO_15e06beda2,NMI_df2d025267,DEVI_284a47f5e0,COMMS4D,06537#B1,Solar,15/06/2026 07:30:00 PM,15/06/2026 07:59:59 PM,0.003,0,A
ACCO_15e06beda2,NMI_df2d025267,DEVI_284a47f5e0,COMMS4D,06537#E1,Generalusage,15/06/2026 07:30:00 PM,15/06/2026 07:59:59 PM,0.001,0,A
ACCO_15e06beda2,NMI_df2d025267,DEVI_284a47f5e0,COMMS4D,06537#B1,Solar,15/06/2026 08:00:00 PM,15/06/2026 08:29:59 PM,0.002,0,A
ACCO_15e06beda2,NMI_df2d025267,DEVI_284a47f5e0,COMMS4D,06537#E1,Generalusage,15/06/2026 08:00:00 PM,15/06/2026 08:29:59 PM,0.001,0,A
ACCO_15e06beda2,NMI_df2d025267,DEVI_284a47f5e0,COMMS4D,06537#B1,Solar,15/06/2026 08:30:00 PM,15/06/2026 08:59:59 PM,0.002,0,A
ACCO_15e06beda2,NMI_df2d025267,DEVI_284a47f5e0,COMMS4D,06537#E1,Generalusage,15/06/2026 08:30:00 PM,15/06/2026 08:59:59 PM,0.001,0,A
ACCO_15e06beda2,NMI_df2d025267,DEVI_284a47f5e0,COMMS4D,06537#B1,Solar,15/06/2026 09:00:00 PM,15/06/2026 09:29:59 PM,0.002,0,A
ACCO_15e06beda2,NMI_df2d025267,DEVI_284a47f5e0,COMMS4D,06537#E1,Generalusage,15/06/2026 09:00:00 PM,15/06/2026 09:29:59 PM,0.001,0,A
ACCO_15e06beda2,NMI_df2d025267,DEVI_284a47f5e0,COMMS4D,06537#B1,Solar,15/06/2026 09:30:00 PM,15/06/2026 09:59:59 PM,0.003,0,A
ACCO_15e06beda2,NMI_df2d025267,DEVI_284a47f5e0,COMMS4D,06537#E1,Generalusage,15/06/2026 09:30:00 PM,15/06/2026 09:59:59 PM,0.001,0,A
ACCO_15e06beda2,NMI_df2d025267,DEVI_284a47f5e0,COMMS4D,06537#B1,Solar,15/06/2026 10:00:00 PM,15/06/2026 10:29:59 PM,0.003,0,A
ACCO_15e06beda2,NMI_df2d025267,DEVI_284a47f5e0,COMMS4D,06537#E1,Generalusage,15/06/2026 10:00:00 PM,15/06/2026 10:29:59 PM,0,0,A
ACCO_15e06beda2,NMI_df2d025267,DEVI_284a47f5e0,COMMS4D,06537#B1,Solar,15/06/2026 10:30:00 PM,15/06/2026 10:59:59 PM,0.003,0,A
ACCO_15e06beda2,NMI_df2d025267,DEVI_284a47f5e0,COMMS4D,06537#E1,Generalusage,15/06/2026 10:30:00 PM,15/06/2026 10:59:59 PM,0.001,0,A
ACCO_15e06beda2,NMI_df2d025267,DEVI_284a47f5e0,COMMS4D,06537#B1,Solar,15/06/2026 11:00:00 PM,15/06/2026 11:29:59 PM,0.001,0,A
ACCO_15e06beda2,NMI_df2d025267,DEVI_284a47f5e0,COMMS4D,06537#E1,Generalusage,15/06/2026 11:00:00 PM,15/06/2026 11:29:59 PM,0.001,0,A
ACCO_15e06beda2,NMI_df2d025267,DEVI_284a47f5e0,COMMS4D,06537#B1,Solar,15/06/2026 11:30:00 PM,15/06/2026 11:59:59 PM,0.002,0,A
ACCO_15e06beda2,NMI_df2d025267,DEVI_284a47f5e0,COMMS4D,06537#E1,Generalusage,15/06/2026 11:30:00 PM,15/06/2026 11:59:59 PM,0.001,0,A
ACCO_15e06beda2,NMI_df2d025267,DEVI_284a47f5e0,COMMS4D,06537#B1,Solar,16/06/2026 12:00:00 AM,16/06/2026 12:29:59 AM,0.002,0,A
ACCO_15e06beda2,NMI_df2d025267,DEVI_284a47f5e0,COMMS4D,06537#E1,Generalusage,16/06/2026 12:00:00 AM,16/06/2026 12:29:59 AM,0.001,0,A
ACCO_15e06beda2,NMI_df2d025267,DEVI_284a47f5e0,COMMS4D,06537#B1,Solar,16/06/2026 12:30:00 AM,16/06/2026 12:59:59 AM,0.003,0,A
ACCO_15e06beda2,NMI_df2d025267,DEVI_284a47f5e0,COMMS4D,06537#E1,Generalusage,16/06/2026 12:30:00 AM,16/06/2026 12:59:59 AM,0.001,0,A
ACCO_15e06beda2,NMI_df2d025267,DEVI_284a47f5e0,COMMS4D,06537#B1,Solar,16/06/2026 01:00:00 AM,16/06/2026 01:29:59 AM,0.001,0,A
ACCO_15e06beda2,NMI_df2d025267,DEVI_284a47f5e0,COMMS4D,06537#E1,Generalusage,16/06/2026 01:00:00 AM,16/06/2026 01:29:59 AM,0.001,0,A
ACCO_15e06beda2,NMI_df2d025267,DEVI_284a47f5e0,COMMS4D,06537#B1,Solar,16/06/2026 01:30:00 AM,16/06/2026 01:59:59 AM,0.002,0,A
ACCO_15e06beda2,NMI_df2d025267,DEVI_284a47f5e0,COMMS4D,06537#E1,Generalusage,16/06/2026 01:30:00 AM,16/06/2026 01:59:59 AM,0.001,0,A
ACCO_15e06beda2,NMI_df2d025267,DEVI_284a47f5e0,COMMS4D,06537#B1,Solar,16/06/2026 02:00:00 AM,16/06/2026 02:29:59 AM,0.002,0,A
ACCO_15e06beda2,NMI_df2d025267,DEVI_284a47f5e0,COMMS4D,06537#E1,Generalusage,16/06/2026 02:00:00 AM,16/06/2026 02:29:59 AM,0.001,0,A
ACCO_15e06beda2,NMI_df2d025267,DEVI_284a47f5e0,COMMS4D,06537#B1,Solar,16/06/2026 02:30:00 AM,16/06/2026 02:59:59 AM,0.002,0,A
ACCO_15e06beda2,NMI_df2d025267,DEVI_284a47f5e0,COMMS4D,06537#E1,Generalusage,16/06/2026 02:30:00 AM,16/06/2026 02:59:59 AM,0.001,0,A
ACCO_15e06beda2,NMI_df2d025267,DEVI_284a47f5e0,COMMS4D,06537#B1,Solar,16/06/2026 03:00:00 AM,16/06/2026 03:29:59 AM,0.001,0,A
ACCO_15e06beda2,NMI_df2d025267,DEVI_284a47f5e0,COMMS4D,06537#E1,Generalusage,16/06/2026 03:00:00 AM,16/06/2026 03:29:59 AM,0.002,0,A
ACCO_15e06beda2,NMI_df2d025267,DEVI_284a47f5e0,COMMS4D,06537#B1,Solar,16/06/2026 03:30:00 AM,16/06/2026 03:59:59 AM,0.001,0,A
ACCO_15e06beda2,NMI_df2d025267,DEVI_284a47f5e0,COMMS4D,06537#E1,Generalusage,16/06/2026 03:30:00 AM,16/06/2026 03:59:59 AM,0.001,0,A
ACCO_15e06beda2,NMI_df2d025267,DEVI_284a47f5e0,COMMS4D,06537#B1,Solar,16/06/2026 04:00:00 AM,16/06/2026 04:29:59 AM,0.001,0,A
ACCO_15e06beda2,NMI_df2d025267,DEVI_284a47f5e0,COMMS4D,06537#E1,Generalusage,16/06/2026 04:00:00 AM,16/06/2026 04:29:59 AM,0.002,0,A
ACCO_15e06beda2,NMI_df2d025267,DEVI_284a47f5e0,COMMS4D,06537#B1,Solar,16/06/2026 04:30:00 AM,16/06/2026 04:59:59 AM,0.001,0,A
ACCO_15e06beda2,NMI_df2d025267,DEVI_284a47f5e0,COMMS4D,06537#E1,Generalusage,16/06/2026 04:30:00 AM,16/06/2026 04:59:59 AM,0.001,0,A
ACCO_15e06beda2,NMI_df2d025267,DEVI_284a47f5e0,COMMS4D,06537#B1,Solar,16/06/2026 05:00:00 AM,16/06/2026 05:29:59 AM,0.001,0,A
ACCO_15e06beda2,NMI_df2d025267,DEVI_284a47f5e0,COMMS4D,06537#E1,Generalusage,16/06/2026 05:00:00 AM,16/06/2026 05:29:59 AM,0.002,0,A
ACCO_15e06beda2,NMI_df2d025267,DEVI_284a47f5e0,COMMS4D,06537#B1,Solar,16/06/2026 05:30:00 AM,16/06/2026 05:59:59 AM,0.001,0,A
ACCO_15e06beda2,NMI_df2d025267,DEVI_284a47f5e0,COMMS4D,06537#E1,Generalusage,16/06/2026 05:30:00 AM,16/06/2026 05:59:59 AM,0.002,0,A
ACCO_15e06beda2,NMI_df2d025267,DEVI_284a47f5e0,COMMS4D,06537#B1,Solar,16/06/2026 06:00:00 AM,16/06/2026 06:29:59 AM,0.003,0,A
ACCO_15e06beda2,NMI_df2d025267,DEVI_284a47f5e0,COMMS4D,06537#E1,Generalusage,16/06/2026 06:00:00 AM,16/06/2026 06:29:59 AM,0,0,A
ACCO_15e06beda2,NMI_df2d025267,DEVI_284a47f5e0,COMMS4D,06537#B1,Solar,16/06/2026 06:30:00 AM,16/06/2026 06:59:59 AM,0.002,0,A
ACCO_15e06beda2,NMI_df2d025267,DEVI_284a47f5e0,COMMS4D,06537#E1,Generalusage,16/06/2026 06:30:00 AM,16/06/2026 06:59:59 AM,0.001,0,A
ACCO_15e06beda2,NMI_df2d025267,DEVI_284a47f5e0,COMMS4D,06537#B1,Solar,16/06/2026 07:00:00 AM,16/06/2026 07:29:59 AM,0.001,0,A
ACCO_15e06beda2,NMI_df2d025267,DEVI_284a47f5e0,COMMS4D,06537#E1,Generalusage,16/06/2026 07:00:00 AM,16/06/2026 07:29:59 AM,0.002,0,A
ACCO_15e06beda2,NMI_df2d025267,DEVI_284a47f5e0,COMMS4D,06537#B1,Solar,16/06/2026 07:30:00 AM,16/06/2026 07:59:59 AM,0.003,0,A
ACCO_15e06beda2,NMI_df2d025267,DEVI_284a47f5e0,COMMS4D,06537#E1,Generalusage,16/06/2026 07:30:00 AM,16/06/2026 07:59:59 AM,0.001,0,A
ACCO_15e06beda2,NMI_df2d025267,DEVI_284a47f5e0,COMMS4D,06537#B1,Solar,16/06/2026 08:00:00 AM,16/06/2026 08:29:59 AM,0.002,0,A
ACCO_15e06beda2,NMI_df2d025267,DEVI_284a47f5e0,COMMS4D,06537#E1,Generalusage,16/06/2026 08:00:00 AM,16/06/2026 08:29:59 AM,0,0,A
ACCO_15e06beda2,NMI_df2d025267,DEVI_284a47f5e0,COMMS4D,06537#B1,Solar,16/06/2026 08:30:00 AM,16/06/2026 08:59:59 AM,0.004,0,A
ACCO_15e06beda2,NMI_df2d025267,DEVI_284a47f5e0,COMMS4D,06537#E1,Generalusage,16/06/2026 08:30:00 AM,16/06/2026 08:59:59 AM,0.002,0,A
ACCO_15e06beda2,NMI_df2d025267,DEVI_284a47f5e0,COMMS4D,06537#B1,Solar,16/06/2026 09:00:00 AM,16/06/2026 09:29:59 AM,0.004,0,A
ACCO_15e06beda2,NMI_df2d025267,DEVI_284a47f5e0,COMMS4D,06537#E1,Generalusage,16/06/2026 09:00:00 AM,16/06/2026 09:29:59 AM,0.002,0,A
ACCO_15e06beda2,NMI_df2d025267,DEVI_284a47f5e0,COMMS4D,06537#B1,Solar,16/06/2026 09:30:00 AM,16/06/2026 09:59:59 AM,0.003,0,A
ACCO_15e06beda2,NMI_df2d025267,DEVI_284a47f5e0,COMMS4D,06537#E1,Generalusage,16/06/2026 09:30:00 AM,16/06/2026 09:59:59 AM,0.001,0,A
ACCO_15e06beda2,NMI_df2d025267,DEVI_284a47f5e0,COMMS4D,06537#B1,Solar,16/06/2026 10:00:00 AM,16/06/2026 10:29:59 AM,0.002,0,A
ACCO_15e06beda2,NMI_df2d025267,DEVI_284a47f5e0,COMMS4D,06537#E1,Generalusage,16/06/2026 10:00:00 AM,16/06/2026 10:29:59 AM,0.001,0,A
ACCO_15e06beda2,NMI_df2d025267,DEVI_284a47f5e0,COMMS4D,06537#B1,Solar,16/06/2026 10:30:00 AM,16/06/2026 10:59:59 AM,0.003,0,A
ACCO_15e06beda2,NMI_df2d025267,DEVI_284a47f5e0,COMMS4D,06537#E1,Generalusage,16/06/2026 10:30:00 AM,16/06/2026 10:59:59 AM,0.001,0,A
ACCO_15e06beda2,NMI_df2d025267,DEVI_284a47f5e0,COMMS4D,06537#B1,Solar,16/06/2026 11:00:00 AM,16/06/2026 11:29:59 AM,0.003,0,A
ACCO_15e06beda2,NMI_df2d025267,DEVI_284a47f5e0,COMMS4D,06537#E1,Generalusage,16/06/2026 11:00:00 AM,16/06/2026 11:29:59 AM,0.002,0,A
ACCO_15e06beda2,NMI_df2d025267,DEVI_284a47f5e0,COMMS4D,06537#B1,Solar,16/06/2026 11:30:00 AM,16/06/2026 11:59:59 AM,0.389,0,A
ACCO_15e06beda2,NMI_df2d025267,DEVI_284a47f5e0,COMMS4D,06537#E1,Generalusage,16/06/2026 11:30:00 AM,16/06/2026 11:59:59 AM,0,0,A
ACCO_15e06beda2,NMI_df2d025267,DEVI_284a47f5e0,COMMS4D,06537#B1,Solar,16/06/2026 12:00:00 PM,16/06/2026 12:29:59 PM,1.935,0,A
ACCO_15e06beda2,NMI_df2d025267,DEVI_284a47f5e0,COMMS4D,06537#E1,Generalusage,16/06/2026 12:00:00 PM,16/06/2026 12:29:59 PM,0,0,A
ACCO_15e06beda2,NMI_df2d025267,DEVI_284a47f5e0,COMMS4D,06537#B1,Solar,16/06/2026 12:30:00 PM,16/06/2026 12:59:59 PM,2.112,0,A
ACCO_15e06beda2,NMI_df2d025267,DEVI_284a47f5e0,COMMS4D,06537#E1,Generalusage,16/06/2026 12:30:00 PM,16/06/2026 12:59:59 PM,0,0,A
ACCO_15e06beda2,NMI_df2d025267,DEVI_284a47f5e0,COMMS4D,06537#B1,Solar,16/06/2026 01:00:00 PM,16/06/2026 01:29:59 PM,2.759,0,A
ACCO_15e06beda2,NMI_df2d025267,DEVI_284a47f5e0,COMMS4D,06537#E1,Generalusage,16/06/2026 01:00:00 PM,16/06/2026 01:29:59 PM,0,0,A
ACCO_15e06beda2,NMI_df2d025267,DEVI_284a47f5e0,COMMS4D,06537#B1,Solar,16/06/2026 01:30:00 PM,16/06/2026 01:59:59 PM,2.09,0,A
ACCO_15e06beda2,NMI_df2d025267,DEVI_284a47f5e0,COMMS4D,06537#E1,Generalusage,16/06/2026 01:30:00 PM,16/06/2026 01:59:59 PM,0,0,A
ACCO_15e06beda2,NMI_df2d025267,DEVI_284a47f5e0,COMMS4D,06537#B1,Solar,16/06/2026 02:00:00 PM,16/06/2026 02:29:59 PM,2.19,0,A
ACCO_15e06beda2,NMI_df2d025267,DEVI_284a47f5e0,COMMS4D,06537#E1,Generalusage,16/06/2026 02:00:00 PM,16/06/2026 02:29:59 PM,0,0,A
ACCO_15e06beda2,NMI_df2d025267,DEVI_284a47f5e0,COMMS4D,06537#B1,Solar,16/06/2026 02:30:00 PM,16/06/2026 02:59:59 PM,1.923,0,A
ACCO_15e06beda2,NMI_df2d025267,DEVI_284a47f5e0,COMMS4D,06537#E1,Generalusage,16/06/2026 02:30:00 PM,16/06/2026 02:59:59 PM,0,0,A
ACCO_15e06beda2,NMI_df2d025267,DEVI_284a47f5e0,COMMS4D,06537#B1,Solar,16/06/2026 03:00:00 PM,16/06/2026 03:29:59 PM,1.462,0,A
ACCO_15e06beda2,NMI_df2d025267,DEVI_284a47f5e0,COMMS4D,06537#E1,Generalusage,16/06/2026 03:00:00 PM,16/06/2026 03:29:59 PM,0,0,A
ACCO_15e06beda2,NMI_df2d025267,DEVI_284a47f5e0,COMMS4D,06537#B1,Solar,16/06/2026 03:30:00 PM,16/06/2026 03:59:59 PM,0.92,0,A
ACCO_15e06beda2,NMI_df2d025267,DEVI_284a47f5e0,COMMS4D,06537#E1,Generalusage,16/06/2026 03:30:00 PM,16/06/2026 03:59:59 PM,0,0,A
ACCO_15e06beda2,NMI_df2d025267,DEVI_284a47f5e0,COMMS4D,06537#B1,Solar,16/06/2026 04:00:00 PM,16/06/2026 04:29:59 PM,0.174,0,A
ACCO_15e06beda2,NMI_df2d025267,DEVI_284a47f5e0,COMMS4D,06537#E1,Generalusage,16/06/2026 04:00:00 PM,16/06/2026 04:29:59 PM,0.001,0,A
ACCO_15e06beda2,NMI_df2d025267,DEVI_284a47f5e0,COMMS4D,06537#B1,Solar,16/06/2026 04:30:00 PM,16/06/2026 04:59:59 PM,0.002,0,A
ACCO_15e06beda2,NMI_df2d025267,DEVI_284a47f5e0,COMMS4D,06537#E1,Generalusage,16/06/2026 04:30:00 PM,16/06/2026 04:59:59 PM,0.001,0,A
ACCO_15e06beda2,NMI_df2d025267,DEVI_284a47f5e0,COMMS4D,06537#B1,Solar,16/06/2026 05:00:00 PM,16/06/2026 05:29:59 PM,0.002,0,A
ACCO_15e06beda2,NMI_df2d025267,DEVI_284a47f5e0,COMMS4D,06537#E1,Generalusage,16/06/2026 05:00:00 PM,16/06/2026 05:29:59 PM,0.002,0,A
ACCO_15e06beda2,NMI_df2d025267,DEVI_284a47f5e0,COMMS4D,06537#B1,Solar,16/06/2026 05:30:00 PM,16/06/2026 05:59:59 PM,0.003,0,A
ACCO_15e06beda2,NMI_df2d025267,DEVI_284a47f5e0,COMMS4D,06537#E1,Generalusage,16/06/2026 05:30:00 PM,16/06/2026 05:59:59 PM,0.001,0,A
ACCO_15e06beda2,NMI_df2d025267,DEVI_284a47f5e0,COMMS4D,06537#B1,Solar,16/06/2026 06:00:00 PM,16/06/2026 06:29:59 PM,0.002,0,A
ACCO_15e06beda2,NMI_df2d025267,DEVI_284a47f5e0,COMMS4D,06537#E1,Generalusage,16/06/2026 06:00:00 PM,16/06/2026 06:29:59 PM,0.002,0,A
ACCO_15e06beda2,NMI_df2d025267,DEVI_284a47f5e0,COMMS4D,06537#B1,Solar,16/06/2026 06:30:00 PM,16/06/2026 06:59:59 PM,0.002,0,A
ACCO_15e06beda2,NMI_df2d025267,DEVI_284a47f5e0,COMMS4D,06537#E1,Generalusage,16/06/2026 06:30:00 PM,16/06/2026 06:59:59 PM,0.002,0,A
ACCO_15e06beda2,NMI_df2d025267,DEVI_284a47f5e0,COMMS4D,06537#B1,Solar,16/06/2026 07:00:00 PM,16/06/2026 07:29:59 PM,0.004,0,A
ACCO_15e06beda2,NMI_df2d025267,DEVI_284a47f5e0,COMMS4D,06537#E1,Generalusage,16/06/2026 07:00:00 PM,16/06/2026 07:29:59 PM,0.003,0,A
ACCO_15e06beda2,NMI_df2d025267,DEVI_284a47f5e0,COMMS4D,06537#B1,Solar,16/06/2026 07:30:00 PM,16/06/2026 07:59:59 PM,0.002,0,A
ACCO_15e06beda2,NMI_df2d025267,DEVI_284a47f5e0,COMMS4D,06537#E1,Generalusage,16/06/2026 07:30:00 PM,16/06/2026 07:59:59 PM,0.001,0,A
ACCO_15e06beda2,NMI_df2d025267,DEVI_284a47f5e0,COMMS4D,06537#B1,Solar,16/06/2026 08:00:00 PM,16/06/2026 08:29:59 PM,0.003,0,A
ACCO_15e06beda2,NMI_df2d025267,DEVI_284a47f5e0,COMMS4D,06537#E1,Generalusage,16/06/2026 08:00:00 PM,16/06/2026 08:29:59 PM,0,0,A
ACCO_15e06beda2,NMI_df2d025267,DEVI_284a47f5e0,COMMS4D,06537#B1,Solar,16/06/2026 08:30:00 PM,16/06/2026 08:59:59 PM,0.003,0,A
ACCO_15e06beda2,NMI_df2d025267,DEVI_284a47f5e0,COMMS4D,06537#E1,Generalusage,16/06/2026 08:30:00 PM,16/06/2026 08:59:59 PM,0.001,0,A
ACCO_15e06beda2,NMI_df2d025267,DEVI_284a47f5e0,COMMS4D,06537#B1,Solar,16/06/2026 09:00:00 PM,16/06/2026 09:29:59 PM,0.002,0,A
ACCO_15e06beda2,NMI_df2d025267,DEVI_284a47f5e0,COMMS4D,06537#E1,Generalusage,16/06/2026 09:00:00 PM,16/06/2026 09:29:59 PM,0.001,0,A
ACCO_15e06beda2,NMI_df2d025267,DEVI_284a47f5e0,COMMS4D,06537#B1,Solar,16/06/2026 09:30:00 PM,16/06/2026 09:59:59 PM,0.003,0,A
ACCO_15e06beda2,NMI_df2d025267,DEVI_284a47f5e0,COMMS4D,06537#E1,Generalusage,16/06/2026 09:30:00 PM,16/06/2026 09:59:59 PM,0.001,0,A
ACCO_15e06beda2,NMI_df2d025267,DEVI_284a47f5e0,COMMS4D,06537#B1,Solar,16/06/2026 10:00:00 PM,16/06/2026 10:29:59 PM,0.002,0,A
ACCO_15e06beda2,NMI_df2d025267,DEVI_284a47f5e0,COMMS4D,06537#E1,Generalusage,16/06/2026 10:00:00 PM,16/06/2026 10:29:59 PM,0.001,0,A
ACCO_15e06beda2,NMI_df2d025267,DEVI_284a47f5e0,COMMS4D,06537#B1,Solar,16/06/2026 10:30:00 PM,16/06/2026 10:59:59 PM,0.003,0,A
ACCO_15e06beda2,NMI_df2d025267,DEVI_284a47f5e0,COMMS4D,06537#E1,Generalusage,16/06/2026 10:30:00 PM,16/06/2026 10:59:59 PM,0.001,0,A
ACCO_15e06beda2,NMI_df2d025267,DEVI_284a47f5e0,COMMS4D,06537#B1,Solar,16/06/2026 11:00:00 PM,16/06/2026 11:29:59 PM,0.002,0,A
ACCO_15e06beda2,NMI_df2d025267,DEVI_284a47f5e0,COMMS4D,06537#E1,Generalusage,16/06/2026 11:00:00 PM,16/06/2026 11:29:59 PM,0,0,A
ACCO_15e06beda2,NMI_df2d025267,DEVI_284a47f5e0,COMMS4D,06537#B1,Solar,16/06/2026 11:30:00 PM,16/06/2026 11:59:59 PM,0.003,0,A
ACCO_15e06beda2,NMI_df2d025267,DEVI_284a47f5e0,COMMS4D,06537#E1,Generalusage,16/06/2026 11:30:00 PM,16/06/2026 11:59:59 PM,0.001,0,A
ACCO_15e06beda2,NMI_df2d025267,DEVI_284a47f5e0,COMMS4D,06537#B1,Solar,17/06/2026 12:00:00 AM,17/06/2026 12:29:59 AM,0.002,0,A
ACCO_15e06beda2,NMI_df2d025267,DEVI_284a47f5e0,COMMS4D,06537#E1,Generalusage,17/06/2026 12:00:00 AM,17/06/2026 12:29:59 AM,0.001,0,A
ACCO_15e06beda2,NMI_df2d025267,DEVI_284a47f5e0,COMMS4D,06537#B1,Solar,17/06/2026 12:30:00 AM,17/06/2026 12:59:59 AM,0.003,0,A
ACCO_15e06beda2,NMI_df2d025267,DEVI_284a47f5e0,COMMS4D,06537#E1,Generalusage,17/06/2026 12:30:00 AM,17/06/2026 12:59:59 AM,0,0,A
ACCO_15e06beda2,NMI_df2d025267,DEVI_284a47f5e0,COMMS4D,06537#B1,Solar,17/06/2026 01:00:00 AM,17/06/2026 01:29:59 AM,0.001,0,A
ACCO_15e06beda2,NMI_df2d025267,DEVI_284a47f5e0,COMMS4D,06537#E1,Generalusage,17/06/2026 01:00:00 AM,17/06/2026 01:29:59 AM,0.001,0,A
ACCO_15e06beda2,NMI_df2d025267,DEVI_284a47f5e0,COMMS4D,06537#B1,Solar,17/06/2026 01:30:00 AM,17/06/2026 01:59:59 AM,0.002,0,A
ACCO_15e06beda2,NMI_df2d025267,DEVI_284a47f5e0,COMMS4D,06537#E1,Generalusage,17/06/2026 01:30:00 AM,17/06/2026 01:59:59 AM,0.001,0,A
ACCO_15e06beda2,NMI_df2d025267,DEVI_284a47f5e0,COMMS4D,06537#B1,Solar,17/06/2026 02:00:00 AM,17/06/2026 02:29:59 AM,0.001,0,A
ACCO_15e06beda2,NMI_df2d025267,DEVI_284a47f5e0,COMMS4D,06537#E1,Generalusage,17/06/2026 02:00:00 AM,17/06/2026 02:29:59 AM,0.002,0,A
ACCO_15e06beda2,NMI_df2d025267,DEVI_284a47f5e0,COMMS4D,06537#B1,Solar,17/06/2026 02:30:00 AM,17/06/2026 02:59:59 AM,0.002,0,A
ACCO_15e06beda2,NMI_df2d025267,DEVI_284a47f5e0,COMMS4D,06537#E1,Generalusage,17/06/2026 02:30:00 AM,17/06/2026 02:59:59 AM,0.001,0,A
ACCO_15e06beda2,NMI_df2d025267,DEVI_284a47f5e0,COMMS4D,06537#B1,Solar,17/06/2026 03:00:00 AM,17/06/2026 03:29:59 AM,0.002,0,A
ACCO_15e06beda2,NMI_df2d025267,DEVI_284a47f5e0,COMMS4D,06537#E1,Generalusage,17/06/2026 03:00:00 AM,17/06/2026 03:29:59 AM,0.001,0,A
ACCO_15e06beda2,NMI_df2d025267,DEVI_284a47f5e0,COMMS4D,06537#B1,Solar,17/06/2026 03:30:00 AM,17/06/2026 03:59:59 AM,0.002,0,A
ACCO_15e06beda2,NMI_df2d025267,DEVI_284a47f5e0,COMMS4D,06537#E1,Generalusage,17/06/2026 03:30:00 AM,17/06/2026 03:59:59 AM,0.001,0,A
ACCO_15e06beda2,NMI_df2d025267,DEVI_284a47f5e0,COMMS4D,06537#B1,Solar,17/06/2026 04:00:00 AM,17/06/2026 04:29:59 AM,0.002,0,A
ACCO_15e06beda2,NMI_df2d025267,DEVI_284a47f5e0,COMMS4D,06537#E1,Generalusage,17/06/2026 04:00:00 AM,17/06/2026 04:29:59 AM,0.001,0,A
ACCO_15e06beda2,NMI_df2d025267,DEVI_284a47f5e0,COMMS4D,06537#B1,Solar,17/06/2026 04:30:00 AM,17/06/2026 04:59:59 AM,0.002,0,A
ACCO_15e06beda2,NMI_df2d025267,DEVI_284a47f5e0,COMMS4D,06537#E1,Generalusage,17/06/2026 04:30:00 AM,17/06/2026 04:59:59 AM,0.001,0,A
ACCO_15e06beda2,NMI_df2d025267,DEVI_284a47f5e0,COMMS4D,06537#B1,Solar,17/06/2026 05:00:00 AM,17/06/2026 05:29:59 AM,0.001,0,A
ACCO_15e06beda2,NMI_df2d025267,DEVI_284a47f5e0,COMMS4D,06537#E1,Generalusage,17/06/2026 05:00:00 AM,17/06/2026 05:29:59 AM,0.001,0,A
ACCO_15e06beda2,NMI_df2d025267,DEVI_284a47f5e0,COMMS4D,06537#B1,Solar,17/06/2026 05:30:00 AM,17/06/2026 05:59:59 AM,0.002,0,A
ACCO_15e06beda2,NMI_df2d025267,DEVI_284a47f5e0,COMMS4D,06537#E1,Generalusage,17/06/2026 05:30:00 AM,17/06/2026 05:59:59 AM,0.001,0,A
ACCO_15e06beda2,NMI_df2d025267,DEVI_284a47f5e0,COMMS4D,06537#B1,Solar,17/06/2026 06:00:00 AM,17/06/2026 06:29:59 AM,0.002,0,A
ACCO_15e06beda2,NMI_df2d025267,DEVI_284a47f5e0,COMMS4D,06537#E1,Generalusage,17/06/2026 06:00:00 AM,17/06/2026 06:29:59 AM,0.001,0,A
ACCO_15e06beda2,NMI_df2d025267,DEVI_284a47f5e0,COMMS4D,06537#B1,Solar,17/06/2026 06:30:00 AM,17/06/2026 06:59:59 AM,0.003,0,A
ACCO_15e06beda2,NMI_df2d025267,DEVI_284a47f5e0,COMMS4D,06537#E1,Generalusage,17/06/2026 06:30:00 AM,17/06/2026 06:59:59 AM,0.001,0,A
ACCO_15e06beda2,NMI_df2d025267,DEVI_284a47f5e0,COMMS4D,06537#B1,Solar,17/06/2026 07:00:00 AM,17/06/2026 07:29:59 AM,0.003,0,A
ACCO_15e06beda2,NMI_df2d025267,DEVI_284a47f5e0,COMMS4D,06537#E1,Generalusage,17/06/2026 07:00:00 AM,17/06/2026 07:29:59 AM,0.001,0,A
ACCO_15e06beda2,NMI_df2d025267,DEVI_284a47f5e0,COMMS4D,06537#B1,Solar,17/06/2026 07:30:00 AM,17/06/2026 07:59:59 AM,0.002,0,A
ACCO_15e06beda2,NMI_df2d025267,DEVI_284a47f5e0,COMMS4D,06537#E1,Generalusage,17/06/2026 07:30:00 AM,17/06/2026 07:59:59 AM,0.001,0,A
ACCO_15e06beda2,NMI_df2d025267,DEVI_284a47f5e0,COMMS4D,06537#B1,Solar,17/06/2026 08:00:00 AM,17/06/2026 08:29:59 AM,0.003,0,A
ACCO_15e06beda2,NMI_df2d025267,DEVI_284a47f5e0,COMMS4D,06537#E1,Generalusage,17/06/2026 08:00:00 AM,17/06/2026 08:29:59 AM,0,0,A
ACCO_15e06beda2,NMI_df2d025267,DEVI_284a47f5e0,COMMS4D,06537#B1,Solar,17/06/2026 08:30:00 AM,17/06/2026 08:59:59 AM,0.003,0,A
ACCO_15e06beda2,NMI_df2d025267,DEVI_284a47f5e0,COMMS4D,06537#E1,Generalusage,17/06/2026 08:30:00 AM,17/06/2026 08:59:59 AM,0.001,0,A
ACCO_15e06beda2,NMI_df2d025267,DEVI_284a47f5e0,COMMS4D,06537#B1,Solar,17/06/2026 09:00:00 AM,17/06/2026 09:29:59 AM,0.002,0,A
ACCO_15e06beda2,NMI_df2d025267,DEVI_284a47f5e0,COMMS4D,06537#E1,Generalusage,17/06/2026 09:00:00 AM,17/06/2026 09:29:59 AM,0.001,0,A
ACCO_15e06beda2,NMI_df2d025267,DEVI_284a47f5e0,COMMS4D,06537#B1,Solar,17/06/2026 09:30:00 AM,17/06/2026 09:59:59 AM,0.003,0,A
ACCO_15e06beda2,NMI_df2d025267,DEVI_284a47f5e0,COMMS4D,06537#E1,Generalusage,17/06/2026 09:30:00 AM,17/06/2026 09:59:59 AM,0.001,0,A
ACCO_15e06beda2,NMI_df2d025267,DEVI_284a47f5e0,COMMS4D,06537#B1,Solar,17/06/2026 10:00:00 AM,17/06/2026 10:29:59 AM,0.004,0,A
ACCO_15e06beda2,NMI_df2d025267,DEVI_284a47f5e0,COMMS4D,06537#E1,Generalusage,17/06/2026 10:00:00 AM,17/06/2026 10:29:59 AM,0.002,0,A
ACCO_15e06beda2,NMI_df2d025267,DEVI_284a47f5e0,COMMS4D,06537#B1,Solar,17/06/2026 10:30:00 AM,17/06/2026 10:59:59 AM,0.004,0,A
ACCO_15e06beda2,NMI_df2d025267,DEVI_284a47f5e0,COMMS4D,06537#E1,Generalusage,17/06/2026 10:30:00 AM,17/06/2026 10:59:59 AM,0.001,0,A
ACCO_15e06beda2,NMI_df2d025267,DEVI_284a47f5e0,COMMS4D,06537#B1,Solar,17/06/2026 11:00:00 AM,17/06/2026 11:29:59 AM,0.002,0,A
ACCO_15e06beda2,NMI_df2d025267,DEVI_284a47f5e0,COMMS4D,06537#E1,Generalusage,17/06/2026 11:00:00 AM,17/06/2026 11:29:59 AM,0.002,0,A
ACCO_15e06beda2,NMI_df2d025267,DEVI_284a47f5e0,COMMS4D,06537#B1,Solar,17/06/2026 11:30:00 AM,17/06/2026 11:59:59 AM,0.003,0,A
ACCO_15e06beda2,NMI_df2d025267,DEVI_284a47f5e0,COMMS4D,06537#E1,Generalusage,17/06/2026 11:30:00 AM,17/06/2026 11:59:59 AM,0.001,0,A
ACCO_15e06beda2,NMI_df2d025267,DEVI_284a47f5e0,COMMS4D,06537#B1,Solar,17/06/2026 12:00:00 PM,17/06/2026 12:29:59 PM,0.002,0,A
ACCO_15e06beda2,NMI_df2d025267,DEVI_284a47f5e0,COMMS4D,06537#E1,Generalusage,17/06/2026 12:00:00 PM,17/06/2026 12:29:59 PM,0,0,A
ACCO_15e06beda2,NMI_df2d025267,DEVI_284a47f5e0,COMMS4D,06537#B1,Solar,17/06/2026 12:30:00 PM,17/06/2026 12:59:59 PM,0.005,0,A
ACCO_15e06beda2,NMI_df2d025267,DEVI_284a47f5e0,COMMS4D,06537#E1,Generalusage,17/06/2026 12:30:00 PM,17/06/2026 12:59:59 PM,0.001,0,A
ACCO_15e06beda2,NMI_df2d025267,DEVI_284a47f5e0,COMMS4D,06537#B1,Solar,17/06/2026 01:00:00 PM,17/06/2026 01:29:59 PM,0.002,0,A
ACCO_15e06beda2,NMI_df2d025267,DEVI_284a47f5e0,COMMS4D,06537#E1,Generalusage,17/06/2026 01:00:00 PM,17/06/2026 01:29:59 PM,0.001,0,A
ACCO_15e06beda2,NMI_df2d025267,DEVI_284a47f5e0,COMMS4D,06537#B1,Solar,17/06/2026 01:30:00 PM,17/06/2026 01:59:59 PM,0.003,0,A
ACCO_15e06beda2,NMI_df2d025267,DEVI_284a47f5e0,COMMS4D,06537#E1,Generalusage,17/06/2026 01:30:00 PM,17/06/2026 01:59:59 PM,0.001,0,A
ACCO_15e06beda2,NMI_df2d025267,DEVI_284a47f5e0,COMMS4D,06537#B1,Solar,17/06/2026 02:00:00 PM,17/06/2026 02:29:59 PM,0.003,0,A
ACCO_15e06beda2,NMI_df2d025267,DEVI_284a47f5e0,COMMS4D,06537#E1,Generalusage,17/06/2026 02:00:00 PM,17/06/2026 02:29:59 PM,0.001,0,A
ACCO_15e06beda2,NMI_df2d025267,DEVI_284a47f5e0,COMMS4D,06537#B1,Solar,17/06/2026 02:30:00 PM,17/06/2026 02:59:59 PM,0.003,0,A
ACCO_15e06beda2,NMI_df2d025267,DEVI_284a47f5e0,COMMS4D,06537#E1,Generalusage,17/06/2026 02:30:00 PM,17/06/2026 02:59:59 PM,0.001,0,A
ACCO_15e06beda2,NMI_df2d025267,DEVI_284a47f5e0,COMMS4D,06537#B1,Solar,17/06/2026 03:00:00 PM,17/06/2026 03:29:59 PM,0.002,0,A
ACCO_15e06beda2,NMI_df2d025267,DEVI_284a47f5e0,COMMS4D,06537#E1,Generalusage,17/06/2026 03:00:00 PM,17/06/2026 03:29:59 PM,0.001,0,A
ACCO_15e06beda2,NMI_df2d025267,DEVI_284a47f5e0,COMMS4D,06537#B1,Solar,17/06/2026 03:30:00 PM,17/06/2026 03:59:59 PM,0.003,0,A
ACCO_15e06beda2,NMI_df2d025267,DEVI_284a47f5e0,COMMS4D,06537#E1,Generalusage,17/06/2026 03:30:00 PM,17/06/2026 03:59:59 PM,0.001,0,A
ACCO_15e06beda2,NMI_df2d025267,DEVI_284a47f5e0,COMMS4D,06537#B1,Solar,17/06/2026 04:00:00 PM,17/06/2026 04:29:59 PM,0.004,0,A
ACCO_15e06beda2,NMI_df2d025267,DEVI_284a47f5e0,COMMS4D,06537#E1,Generalusage,17/06/2026 04:00:00 PM,17/06/2026 04:29:59 PM,0.001,0,A
ACCO_15e06beda2,NMI_df2d025267,DEVI_284a47f5e0,COMMS4D,06537#B1,Solar,17/06/2026 04:30:00 PM,17/06/2026 04:59:59 PM,0.005,0,A
ACCO_15e06beda2,NMI_df2d025267,DEVI_284a47f5e0,COMMS4D,06537#E1,Generalusage,17/06/2026 04:30:00 PM,17/06/2026 04:59:59 PM,0.001,0,A
ACCO_15e06beda2,NMI_df2d025267,DEVI_284a47f5e0,COMMS4D,06537#B1,Solar,17/06/2026 05:00:00 PM,17/06/2026 05:29:59 PM,0.002,0,A
ACCO_15e06beda2,NMI_df2d025267,DEVI_284a47f5e0,COMMS4D,06537#E1,Generalusage,17/06/2026 05:00:00 PM,17/06/2026 05:29:59 PM,0.002,0,A
ACCO_15e06beda2,NMI_df2d025267,DEVI_284a47f5e0,COMMS4D,06537#B1,Solar,17/06/2026 05:30:00 PM,17/06/2026 05:59:59 PM,0.002,0,A
ACCO_15e06beda2,NMI_df2d025267,DEVI_284a47f5e0,COMMS4D,06537#E1,Generalusage,17/06/2026 05:30:00 PM,17/06/2026 05:59:59 PM,0.001,0,A
ACCO_15e06beda2,NMI_df2d025267,DEVI_284a47f5e0,COMMS4D,06537#B1,Solar,17/06/2026 06:00:00 PM,17/06/2026 06:29:59 PM,0.002,0,A
ACCO_15e06beda2,NMI_df2d025267,DEVI_284a47f5e0,COMMS4D,06537#E1,Generalusage,17/06/2026 06:00:00 PM,17/06/2026 06:29:59 PM,0.001,0,A
ACCO_15e06beda2,NMI_df2d025267,DEVI_284a47f5e0,COMMS4D,06537#B1,Solar,17/06/2026 06:30:00 PM,17/06/2026 06:59:59 PM,0.002,0,A
ACCO_15e06beda2,NMI_df2d025267,DEVI_284a47f5e0,COMMS4D,06537#E1,Generalusage,17/06/2026 06:30:00 PM,17/06/2026 06:59:59 PM,0.001,0,A
ACCO_15e06beda2,NMI_df2d025267,DEVI_284a47f5e0,COMMS4D,06537#B1,Solar,17/06/2026 07:00:00 PM,17/06/2026 07:29:59 PM,0.005,0,A
ACCO_15e06beda2,NMI_df2d025267,DEVI_284a47f5e0,COMMS4D,06537#E1,Generalusage,17/06/2026 07:00:00 PM,17/06/2026 07:29:59 PM,0.004,0,A
ACCO_15e06beda2,NMI_df2d025267,DEVI_284a47f5e0,COMMS4D,06537#B1,Solar,17/06/2026 07:30:00 PM,17/06/2026 07:59:59 PM,0.003,0,A
ACCO_15e06beda2,NMI_df2d025267,DEVI_284a47f5e0,COMMS4D,06537#E1,Generalusage,17/06/2026 07:30:00 PM,17/06/2026 07:59:59 PM,0.002,0,A
ACCO_15e06beda2,NMI_df2d025267,DEVI_284a47f5e0,COMMS4D,06537#B1,Solar,17/06/2026 08:00:00 PM,17/06/2026 08:29:59 PM,0.002,0,A
ACCO_15e06beda2,NMI_df2d025267,DEVI_284a47f5e0,COMMS4D,06537#E1,Generalusage,17/06/2026 08:00:00 PM,17/06/2026 08:29:59 PM,0.001,0,A
ACCO_15e06beda2,NMI_df2d025267,DEVI_284a47f5e0,COMMS4D,06537#B1,Solar,17/06/2026 08:30:00 PM,17/06/2026 08:59:59 PM,0.002,0,A
ACCO_15e06beda2,NMI_df2d025267,DEVI_284a47f5e0,COMMS4D,06537#E1,Generalusage,17/06/2026 08:30:00 PM,17/06/2026 08:59:59 PM,0.001,0,A
ACCO_15e06beda2,NMI_df2d025267,DEVI_284a47f5e0,COMMS4D,06537#B1,Solar,17/06/2026 09:00:00 PM,17/06/2026 09:29:59 PM,0.003,0,A
ACCO_15e06beda2,NMI_df2d025267,DEVI_284a47f5e0,COMMS4D,06537#E1,Generalusage,17/06/2026 09:00:00 PM,17/06/2026 09:29:59 PM,0.001,0,A
ACCO_15e06beda2,NMI_df2d025267,DEVI_284a47f5e0,COMMS4D,06537#B1,Solar,17/06/2026 09:30:00 PM,17/06/2026 09:59:59 PM,0.003,0,A
ACCO_15e06beda2,NMI_df2d025267,DEVI_284a47f5e0,COMMS4D,06537#E1,Generalusage,17/06/2026 09:30:00 PM,17/06/2026 09:59:59 PM,0.001,0,A
ACCO_15e06beda2,NMI_df2d025267,DEVI_284a47f5e0,COMMS4D,06537#B1,Solar,17/06/2026 10:00:00 PM,17/06/2026 10:29:59 PM,0.002,0,A
ACCO_15e06beda2,NMI_df2d025267,DEVI_284a47f5e0,COMMS4D,06537#E1,Generalusage,17/06/2026 10:00:00 PM,17/06/2026 10:29:59 PM,0,0,A
ACCO_15e06beda2,NMI_df2d025267,DEVI_284a47f5e0,COMMS4D,06537#B1,Solar,17/06/2026 10:30:00 PM,17/06/2026 10:59:59 PM,0.003,0,A
ACCO_15e06beda2,NMI_df2d025267,DEVI_284a47f5e0,COMMS4D,06537#E1,Generalusage,17/06/2026 10:30:00 PM,17/06/2026 10:59:59 PM,0.001,0,A
ACCO_15e06beda2,NMI_df2d025267,DEVI_284a47f5e0,COMMS4D,06537#B1,Solar,17/06/2026 11:00:00 PM,17/06/2026 11:29:59 PM,0.003,0,A
ACCO_15e06beda2,NMI_df2d025267,DEVI_284a47f5e0,COMMS4D,06537#E1,Generalusage,17/06/2026 11:00:00 PM,17/06/2026 11:29:59 PM,0.001,0,A
ACCO_15e06beda2,NMI_df2d025267,DEVI_284a47f5e0,COMMS4D,06537#B1,Solar,17/06/2026 11:30:00 PM,17/06/2026 11:59:59 PM,0.003,0,A
ACCO_15e06beda2,NMI_df2d025267,DEVI_284a47f5e0,COMMS4D,06537#E1,Generalusage,17/06/2026 11:30:00 PM,17/06/2026 11:59:59 PM,0.001,0,A
ACCO_15e06beda2,NMI_df2d025267,DEVI_284a47f5e0,COMMS4D,06537#B1,Solar,18/06/2026 12:00:00 AM,18/06/2026 12:29:59 AM,0.002,0,A
ACCO_15e06beda2,NMI_df2d025267,DEVI_284a47f5e0,COMMS4D,06537#E1,Generalusage,18/06/2026 12:00:00 AM,18/06/2026 12:29:59 AM,0,0,A
ACCO_15e06beda2,NMI_df2d025267,DEVI_284a47f5e0,COMMS4D,06537#B1,Solar,18/06/2026 12:30:00 AM,18/06/2026 12:59:59 AM,0.002,0,A
ACCO_15e06beda2,NMI_df2d025267,DEVI_284a47f5e0,COMMS4D,06537#E1,Generalusage,18/06/2026 12:30:00 AM,18/06/2026 12:59:59 AM,0.001,0,A
ACCO_15e06beda2,NMI_df2d025267,DEVI_284a47f5e0,COMMS4D,06537#B1,Solar,18/06/2026 01:00:00 AM,18/06/2026 01:29:59 AM,0.002,0,A
ACCO_15e06beda2,NMI_df2d025267,DEVI_284a47f5e0,COMMS4D,06537#E1,Generalusage,18/06/2026 01:00:00 AM,18/06/2026 01:29:59 AM,0.001,0,A
ACCO_15e06beda2,NMI_df2d025267,DEVI_284a47f5e0,COMMS4D,06537#B1,Solar,18/06/2026 01:30:00 AM,18/06/2026 01:59:59 AM,0.002,0,A
ACCO_15e06beda2,NMI_df2d025267,DEVI_284a47f5e0,COMMS4D,06537#E1,Generalusage,18/06/2026 01:30:00 AM,18/06/2026 01:59:59 AM,0.001,0,A
ACCO_15e06beda2,NMI_df2d025267,DEVI_284a47f5e0,COMMS4D,06537#B1,Solar,18/06/2026 02:00:00 AM,18/06/2026 02:29:59 AM,0.001,0,A
ACCO_15e06beda2,NMI_df2d025267,DEVI_284a47f5e0,COMMS4D,06537#E1,Generalusage,18/06/2026 02:00:00 AM,18/06/2026 02:29:59 AM,0.002,0,A
ACCO_15e06beda2,NMI_df2d025267,DEVI_284a47f5e0,COMMS4D,06537#B1,Solar,18/06/2026 02:30:00 AM,18/06/2026 02:59:59 AM,0.002,0,A
ACCO_15e06beda2,NMI_df2d025267,DEVI_284a47f5e0,COMMS4D,06537#E1,Generalusage,18/06/2026 02:30:00 AM,18/06/2026 02:59:59 AM,0.001,0,A
ACCO_15e06beda2,NMI_df2d025267,DEVI_284a47f5e0,COMMS4D,06537#B1,Solar,18/06/2026 03:00:00 AM,18/06/2026 03:29:59 AM,0.002,0,A
ACCO_15e06beda2,NMI_df2d025267,DEVI_284a47f5e0,COMMS4D,06537#E1,Generalusage,18/06/2026 03:00:00 AM,18/06/2026 03:29:59 AM,0.021,0,A
ACCO_15e06beda2,NMI_df2d025267,DEVI_284a47f5e0,COMMS4D,06537#B1,Solar,18/06/2026 03:30:00 AM,18/06/2026 03:59:59 AM,0,0,A
ACCO_15e06beda2,NMI_df2d025267,DEVI_284a47f5e0,COMMS4D,06537#E1,Generalusage,18/06/2026 03:30:00 AM,18/06/2026 03:59:59 AM,0.217,0,A
ACCO_15e06beda2,NMI_df2d025267,DEVI_284a47f5e0,COMMS4D,06537#B1,Solar,18/06/2026 04:00:00 AM,18/06/2026 04:29:59 AM,0,0,A
ACCO_15e06beda2,NMI_df2d025267,DEVI_284a47f5e0,COMMS4D,06537#E1,Generalusage,18/06/2026 04:00:00 AM,18/06/2026 04:29:59 AM,0.216,0,A
ACCO_15e06beda2,NMI_df2d025267,DEVI_284a47f5e0,COMMS4D,06537#B1,Solar,18/06/2026 04:30:00 AM,18/06/2026 04:59:59 AM,0,0,A
ACCO_15e06beda2,NMI_df2d025267,DEVI_284a47f5e0,COMMS4D,06537#E1,Generalusage,18/06/2026 04:30:00 AM,18/06/2026 04:59:59 AM,0.214,0,A
ACCO_15e06beda2,NMI_df2d025267,DEVI_284a47f5e0,COMMS4D,06537#B1,Solar,18/06/2026 05:00:00 AM,18/06/2026 05:29:59 AM,0,0,A
ACCO_15e06beda2,NMI_df2d025267,DEVI_284a47f5e0,COMMS4D,06537#E1,Generalusage,18/06/2026 05:00:00 AM,18/06/2026 05:29:59 AM,0.214,0,A
ACCO_15e06beda2,NMI_df2d025267,DEVI_284a47f5e0,COMMS4D,06537#B1,Solar,18/06/2026 05:30:00 AM,18/06/2026 05:59:59 AM,0,0,A
ACCO_15e06beda2,NMI_df2d025267,DEVI_284a47f5e0,COMMS4D,06537#E1,Generalusage,18/06/2026 05:30:00 AM,18/06/2026 05:59:59 AM,0.217,0,A
ACCO_15e06beda2,NMI_df2d025267,DEVI_284a47f5e0,COMMS4D,06537#B1,Solar,18/06/2026 06:00:00 AM,18/06/2026 06:29:59 AM,0,0,A
ACCO_15e06beda2,NMI_df2d025267,DEVI_284a47f5e0,COMMS4D,06537#E1,Generalusage,18/06/2026 06:00:00 AM,18/06/2026 06:29:59 AM,0.296,0,A
ACCO_15e06beda2,NMI_df2d025267,DEVI_284a47f5e0,COMMS4D,06537#B1,Solar,18/06/2026 06:30:00 AM,18/06/2026 06:59:59 AM,0,0,A
ACCO_15e06beda2,NMI_df2d025267,DEVI_284a47f5e0,COMMS4D,06537#E1,Generalusage,18/06/2026 06:30:00 AM,18/06/2026 06:59:59 AM,0.339,0,A
ACCO_15e06beda2,NMI_df2d025267,DEVI_284a47f5e0,COMMS4D,06537#B1,Solar,18/06/2026 07:00:00 AM,18/06/2026 07:29:59 AM,0,0,A
ACCO_15e06beda2,NMI_df2d025267,DEVI_284a47f5e0,COMMS4D,06537#E1,Generalusage,18/06/2026 07:00:00 AM,18/06/2026 07:29:59 AM,0.384,0,A
ACCO_15e06beda2,NMI_df2d025267,DEVI_284a47f5e0,COMMS4D,06537#B1,Solar,18/06/2026 07:30:00 AM,18/06/2026 07:59:59 AM,0.001,0,A
ACCO_15e06beda2,NMI_df2d025267,DEVI_284a47f5e0,COMMS4D,06537#E1,Generalusage,18/06/2026 07:30:00 AM,18/06/2026 07:59:59 AM,0.04,0,A
ACCO_15e06beda2,NMI_df2d025267,DEVI_284a47f5e0,COMMS4D,06537#B1,Solar,18/06/2026 08:00:00 AM,18/06/2026 08:29:59 AM,0.002,0,A
ACCO_15e06beda2,NMI_df2d025267,DEVI_284a47f5e0,COMMS4D,06537#E1,Generalusage,18/06/2026 08:00:00 AM,18/06/2026 08:29:59 AM,0.002,0,A
ACCO_15e06beda2,NMI_df2d025267,DEVI_284a47f5e0,COMMS4D,06537#B1,Solar,18/06/2026 08:30:00 AM,18/06/2026 08:59:59 AM,0.001,0,A
ACCO_15e06beda2,NMI_df2d025267,DEVI_284a47f5e0,COMMS4D,06537#E1,Generalusage,18/06/2026 08:30:00 AM,18/06/2026 08:59:59 AM,0.001,0,A
ACCO_15e06beda2,NMI_df2d025267,DEVI_284a47f5e0,COMMS4D,06537#B1,Solar,18/06/2026 09:00:00 AM,18/06/2026 09:29:59 AM,0.001,0,A
ACCO_15e06beda2,NMI_df2d025267,DEVI_284a47f5e0,COMMS4D,06537#E1,Generalusage,18/06/2026 09:00:00 AM,18/06/2026 09:29:59 AM,0.001,0,A
ACCO_15e06beda2,NMI_df2d025267,DEVI_284a47f5e0,COMMS4D,06537#B1,Solar,18/06/2026 09:30:00 AM,18/06/2026 09:59:59 AM,0.002,0,A
ACCO_15e06beda2,NMI_df2d025267,DEVI_284a47f5e0,COMMS4D,06537#E1,Generalusage,18/06/2026 09:30:00 AM,18/06/2026 09:59:59 AM,0.001,0,A
ACCO_15e06beda2,NMI_df2d025267,DEVI_284a47f5e0,COMMS4D,06537#B1,Solar,18/06/2026 10:00:00 AM,18/06/2026 10:29:59 AM,0.001,0,A
ACCO_15e06beda2,NMI_df2d025267,DEVI_284a47f5e0,COMMS4D,06537#E1,Generalusage,18/06/2026 10:00:00 AM,18/06/2026 10:29:59 AM,0.001,0,A
ACCO_15e06beda2,NMI_df2d025267,DEVI_284a47f5e0,COMMS4D,06537#B1,Solar,18/06/2026 10:30:00 AM,18/06/2026 10:59:59 AM,0.002,0,A
ACCO_15e06beda2,NMI_df2d025267,DEVI_284a47f5e0,COMMS4D,06537#E1,Generalusage,18/06/2026 10:30:00 AM,18/06/2026 10:59:59 AM,0.001,0,A
ACCO_15e06beda2,NMI_df2d025267,DEVI_284a47f5e0,COMMS4D,06537#B1,Solar,18/06/2026 11:00:00 AM,18/06/2026 11:29:59 AM,0.001,0,A
ACCO_15e06beda2,NMI_df2d025267,DEVI_284a47f5e0,COMMS4D,06537#E1,Generalusage,18/06/2026 11:00:00 AM,18/06/2026 11:29:59 AM,0.002,0,A
ACCO_15e06beda2,NMI_df2d025267,DEVI_284a47f5e0,COMMS4D,06537#B1,Solar,18/06/2026 11:30:00 AM,18/06/2026 11:59:59 AM,0.001,0,A
ACCO_15e06beda2,NMI_df2d025267,DEVI_284a47f5e0,COMMS4D,06537#E1,Generalusage,18/06/2026 11:30:00 AM,18/06/2026 11:59:59 AM,0.001,0,A
ACCO_15e06beda2,NMI_df2d025267,DEVI_284a47f5e0,COMMS4D,06537#B1,Solar,18/06/2026 12:00:00 PM,18/06/2026 12:29:59 PM,0.002,0,A
ACCO_15e06beda2,NMI_df2d025267,DEVI_284a47f5e0,COMMS4D,06537#E1,Generalusage,18/06/2026 12:00:00 PM,18/06/2026 12:29:59 PM,0.001,0,A
ACCO_15e06beda2,NMI_df2d025267,DEVI_284a47f5e0,COMMS4D,06537#B1,Solar,18/06/2026 12:30:00 PM,18/06/2026 12:59:59 PM,0.003,0,A
ACCO_15e06beda2,NMI_df2d025267,DEVI_284a47f5e0,COMMS4D,06537#E1,Generalusage,18/06/2026 12:30:00 PM,18/06/2026 12:59:59 PM,0,0,A
ACCO_15e06beda2,NMI_df2d025267,DEVI_284a47f5e0,COMMS4D,06537#B1,Solar,18/06/2026 01:00:00 PM,18/06/2026 01:29:59 PM,0.003,0,A
ACCO_15e06beda2,NMI_df2d025267,DEVI_284a47f5e0,COMMS4D,06537#E1,Generalusage,18/06/2026 01:00:00 PM,18/06/2026 01:29:59 PM,0.001,0,A
ACCO_15e06beda2,NMI_df2d025267,DEVI_284a47f5e0,COMMS4D,06537#B1,Solar,18/06/2026 01:30:00 PM,18/06/2026 01:59:59 PM,0.002,0,A
ACCO_15e06beda2,NMI_df2d025267,DEVI_284a47f5e0,COMMS4D,06537#E1,Generalusage,18/06/2026 01:30:00 PM,18/06/2026 01:59:59 PM,0,0,A
ACCO_15e06beda2,NMI_df2d025267,DEVI_284a47f5e0,COMMS4D,06537#B1,Solar,18/06/2026 02:00:00 PM,18/06/2026 02:29:59 PM,0.002,0,A
ACCO_15e06beda2,NMI_df2d025267,DEVI_284a47f5e0,COMMS4D,06537#E1,Generalusage,18/06/2026 02:00:00 PM,18/06/2026 02:29:59 PM,0.002,0,A
ACCO_15e06beda2,NMI_df2d025267,DEVI_284a47f5e0,COMMS4D,06537#B1,Solar,18/06/2026 02:30:00 PM,18/06/2026 02:59:59 PM,0.002,0,A
ACCO_15e06beda2,NMI_df2d025267,DEVI_284a47f5e0,COMMS4D,06537#E1,Generalusage,18/06/2026 02:30:00 PM,18/06/2026 02:59:59 PM,0.001,0,A
ACCO_15e06beda2,NMI_df2d025267,DEVI_284a47f5e0,COMMS4D,06537#B1,Solar,18/06/2026 03:00:00 PM,18/06/2026 03:29:59 PM,0.003,0,A
ACCO_15e06beda2,NMI_df2d025267,DEVI_284a47f5e0,COMMS4D,06537#E1,Generalusage,18/06/2026 03:00:00 PM,18/06/2026 03:29:59 PM,0.001,0,A
ACCO_15e06beda2,NMI_df2d025267,DEVI_284a47f5e0,COMMS4D,06537#B1,Solar,18/06/2026 03:30:00 PM,18/06/2026 03:59:59 PM,0.002,0,A
ACCO_15e06beda2,NMI_df2d025267,DEVI_284a47f5e0,COMMS4D,06537#E1,Generalusage,18/06/2026 03:30:00 PM,18/06/2026 03:59:59 PM,0,0,A
ACCO_15e06beda2,NMI_df2d025267,DEVI_284a47f5e0,COMMS4D,06537#B1,Solar,18/06/2026 04:00:00 PM,18/06/2026 04:29:59 PM,0.002,0,A
ACCO_15e06beda2,NMI_df2d025267,DEVI_284a47f5e0,COMMS4D,06537#E1,Generalusage,18/06/2026 04:00:00 PM,18/06/2026 04:29:59 PM,0.001,0,A
ACCO_15e06beda2,NMI_df2d025267,DEVI_284a47f5e0,COMMS4D,06537#B1,Solar,18/06/2026 04:30:00 PM,18/06/2026 04:59:59 PM,0.002,0,A
ACCO_15e06beda2,NMI_df2d025267,DEVI_284a47f5e0,COMMS4D,06537#E1,Generalusage,18/06/2026 04:30:00 PM,18/06/2026 04:59:59 PM,0.001,0,A
ACCO_15e06beda2,NMI_df2d025267,DEVI_284a47f5e0,COMMS4D,06537#B1,Solar,18/06/2026 05:00:00 PM,18/06/2026 05:29:59 PM,0.003,0,A
ACCO_15e06beda2,NMI_df2d025267,DEVI_284a47f5e0,COMMS4D,06537#E1,Generalusage,18/06/2026 05:00:00 PM,18/06/2026 05:29:59 PM,0.001,0,A
ACCO_15e06beda2,NMI_df2d025267,DEVI_284a47f5e0,COMMS4D,06537#B1,Solar,18/06/2026 05:30:00 PM,18/06/2026 05:59:59 PM,0.002,0,A
ACCO_15e06beda2,NMI_df2d025267,DEVI_284a47f5e0,COMMS4D,06537#E1,Generalusage,18/06/2026 05:30:00 PM,18/06/2026 05:59:59 PM,0.001,0,A
ACCO_15e06beda2,NMI_df2d025267,DEVI_284a47f5e0,COMMS4D,06537#B1,Solar,18/06/2026 06:00:00 PM,18/06/2026 06:29:59 PM,0.001,0,A
ACCO_15e06beda2,NMI_df2d025267,DEVI_284a47f5e0,COMMS4D,06537#E1,Generalusage,18/06/2026 06:00:00 PM,18/06/2026 06:29:59 PM,0.001,0,A
ACCO_15e06beda2,NMI_df2d025267,DEVI_284a47f5e0,COMMS4D,06537#B1,Solar,18/06/2026 06:30:00 PM,18/06/2026 06:59:59 PM,0.002,0,A
ACCO_15e06beda2,NMI_df2d025267,DEVI_284a47f5e0,COMMS4D,06537#E1,Generalusage,18/06/2026 06:30:00 PM,18/06/2026 06:59:59 PM,0.001,0,A
ACCO_15e06beda2,NMI_df2d025267,DEVI_284a47f5e0,COMMS4D,06537#B1,Solar,18/06/2026 07:00:00 PM,18/06/2026 07:29:59 PM,0.002,0,A
ACCO_15e06beda2,NMI_df2d025267,DEVI_284a47f5e0,COMMS4D,06537#E1,Generalusage,18/06/2026 07:00:00 PM,18/06/2026 07:29:59 PM,0.001,0,A
ACCO_15e06beda2,NMI_df2d025267,DEVI_284a47f5e0,COMMS4D,06537#B1,Solar,18/06/2026 07:30:00 PM,18/06/2026 07:59:59 PM,0.003,0,A
ACCO_15e06beda2,NMI_df2d025267,DEVI_284a47f5e0,COMMS4D,06537#E1,Generalusage,18/06/2026 07:30:00 PM,18/06/2026 07:59:59 PM,0.001,0,A
ACCO_15e06beda2,NMI_df2d025267,DEVI_284a47f5e0,COMMS4D,06537#B1,Solar,18/06/2026 08:00:00 PM,18/06/2026 08:29:59 PM,0.003,0,A
ACCO_15e06beda2,NMI_df2d025267,DEVI_284a47f5e0,COMMS4D,06537#E1,Generalusage,18/06/2026 08:00:00 PM,18/06/2026 08:29:59 PM,0.001,0,A
ACCO_15e06beda2,NMI_df2d025267,DEVI_284a47f5e0,COMMS4D,06537#B1,Solar,18/06/2026 08:30:00 PM,18/06/2026 08:59:59 PM,0.002,0,A
ACCO_15e06beda2,NMI_df2d025267,DEVI_284a47f5e0,COMMS4D,06537#E1,Generalusage,18/06/2026 08:30:00 PM,18/06/2026 08:59:59 PM,0.001,0,A
ACCO_15e06beda2,NMI_df2d025267,DEVI_284a47f5e0,COMMS4D,06537#B1,Solar,18/06/2026 09:00:00 PM,18/06/2026 09:29:59 PM,0.003,0,A
ACCO_15e06beda2,NMI_df2d025267,DEVI_284a47f5e0,COMMS4D,06537#E1,Generalusage,18/06/2026 09:00:00 PM,18/06/2026 09:29:59 PM,0.001,0,A
ACCO_15e06beda2,NMI_df2d025267,DEVI_284a47f5e0,COMMS4D,06537#B1,Solar,18/06/2026 09:30:00 PM,18/06/2026 09:59:59 PM,0.002,0,A
ACCO_15e06beda2,NMI_df2d025267,DEVI_284a47f5e0,COMMS4D,06537#E1,Generalusage,18/06/2026 09:30:00 PM,18/06/2026 09:59:59 PM,0,0,A
ACCO_15e06beda2,NMI_df2d025267,DEVI_284a47f5e0,COMMS4D,06537#B1,Solar,18/06/2026 10:00:00 PM,18/06/2026 10:29:59 PM,0.002,0,A
ACCO_15e06beda2,NMI_df2d025267,DEVI_284a47f5e0,COMMS4D,06537#E1,Generalusage,18/06/2026 10:00:00 PM,18/06/2026 10:29:59 PM,0.002,0,A
ACCO_15e06beda2,NMI_df2d025267,DEVI_284a47f5e0,COMMS4D,06537#B1,Solar,18/06/2026 10:30:00 PM,18/06/2026 10:59:59 PM,0.002,0,A
ACCO_15e06beda2,NMI_df2d025267,DEVI_284a47f5e0,COMMS4D,06537#E1,Generalusage,18/06/2026 10:30:00 PM,18/06/2026 10:59:59 PM,0,0,A
ACCO_15e06beda2,NMI_df2d025267,DEVI_284a47f5e0,COMMS4D,06537#B1,Solar,18/06/2026 11:00:00 PM,18/06/2026 11:29:59 PM,0.003,0,A
ACCO_15e06beda2,NMI_df2d025267,DEVI_284a47f5e0,COMMS4D,06537#E1,Generalusage,18/06/2026 11:00:00 PM,18/06/2026 11:29:59 PM,0.001,0,A
ACCO_15e06beda2,NMI_df2d025267,DEVI_284a47f5e0,COMMS4D,06537#B1,Solar,18/06/2026 11:30:00 PM,18/06/2026 11:59:59 PM,0.001,0,A
ACCO_15e06beda2,NMI_df2d025267,DEVI_284a47f5e0,COMMS4D,06537#E1,Generalusage,18/06/2026 11:30:00 PM,18/06/2026 11:59:59 PM,0.001,0,A
ACCO_15e06beda2,NMI_df2d025267,DEVI_284a47f5e0,COMMS4D,06537#B1,Solar,19/06/2026 12:00:00 AM,19/06/2026 12:29:59 AM,0.002,0,A
ACCO_15e06beda2,NMI_df2d025267,DEVI_284a47f5e0,COMMS4D,06537#E1,Generalusage,19/06/2026 12:00:00 AM,19/06/2026 12:29:59 AM,0.001,0,A
ACCO_15e06beda2,NMI_df2d025267,DEVI_284a47f5e0,COMMS4D,06537#B1,Solar,19/06/2026 12:30:00 AM,19/06/2026 12:59:59 AM,0.003,0,A
ACCO_15e06beda2,NMI_df2d025267,DEVI_284a47f5e0,COMMS4D,06537#E1,Generalusage,19/06/2026 12:30:00 AM,19/06/2026 12:59:59 AM,0.001,0,A
ACCO_15e06beda2,NMI_df2d025267,DEVI_284a47f5e0,COMMS4D,06537#B1,Solar,19/06/2026 01:00:00 AM,19/06/2026 01:29:59 AM,0.001,0,A
ACCO_15e06beda2,NMI_df2d025267,DEVI_284a47f5e0,COMMS4D,06537#E1,Generalusage,19/06/2026 01:00:00 AM,19/06/2026 01:29:59 AM,0.001,0,A
ACCO_15e06beda2,NMI_df2d025267,DEVI_284a47f5e0,COMMS4D,06537#B1,Solar,19/06/2026 01:30:00 AM,19/06/2026 01:59:59 AM,0.002,0,A
ACCO_15e06beda2,NMI_df2d025267,DEVI_284a47f5e0,COMMS4D,06537#E1,Generalusage,19/06/2026 01:30:00 AM,19/06/2026 01:59:59 AM,0.002,0,A
ACCO_15e06beda2,NMI_df2d025267,DEVI_284a47f5e0,COMMS4D,06537#B1,Solar,19/06/2026 02:00:00 AM,19/06/2026 02:29:59 AM,0.002,0,A
ACCO_15e06beda2,NMI_df2d025267,DEVI_284a47f5e0,COMMS4D,06537#E1,Generalusage,19/06/2026 02:00:00 AM,19/06/2026 02:29:59 AM,0,0,A
ACCO_15e06beda2,NMI_df2d025267,DEVI_284a47f5e0,COMMS4D,06537#B1,Solar,19/06/2026 02:30:00 AM,19/06/2026 02:59:59 AM,0.002,0,A
ACCO_15e06beda2,NMI_df2d025267,DEVI_284a47f5e0,COMMS4D,06537#E1,Generalusage,19/06/2026 02:30:00 AM,19/06/2026 02:59:59 AM,0.001,0,A
ACCO_15e06beda2,NMI_df2d025267,DEVI_284a47f5e0,COMMS4D,06537#B1,Solar,19/06/2026 03:00:00 AM,19/06/2026 03:29:59 AM,0.001,0,A
ACCO_15e06beda2,NMI_df2d025267,DEVI_284a47f5e0,COMMS4D,06537#E1,Generalusage,19/06/2026 03:00:00 AM,19/06/2026 03:29:59 AM,0.002,0,A
ACCO_15e06beda2,NMI_df2d025267,DEVI_284a47f5e0,COMMS4D,06537#B1,Solar,19/06/2026 03:30:00 AM,19/06/2026 03:59:59 AM,0.001,0,A
ACCO_15e06beda2,NMI_df2d025267,DEVI_284a47f5e0,COMMS4D,06537#E1,Generalusage,19/06/2026 03:30:00 AM,19/06/2026 03:59:59 AM,0.001,0,A
ACCO_15e06beda2,NMI_df2d025267,DEVI_284a47f5e0,COMMS4D,06537#B1,Solar,19/06/2026 04:00:00 AM,19/06/2026 04:29:59 AM,0.001,0,A
ACCO_15e06beda2,NMI_df2d025267,DEVI_284a47f5e0,COMMS4D,06537#E1,Generalusage,19/06/2026 04:00:00 AM,19/06/2026 04:29:59 AM,0.002,0,A
ACCO_15e06beda2,NMI_df2d025267,DEVI_284a47f5e0,COMMS4D,06537#B1,Solar,19/06/2026 04:30:00 AM,19/06/2026 04:59:59 AM,0.001,0,A
ACCO_15e06beda2,NMI_df2d025267,DEVI_284a47f5e0,COMMS4D,06537#E1,Generalusage,19/06/2026 04:30:00 AM,19/06/2026 04:59:59 AM,0.002,0,A
ACCO_15e06beda2,NMI_df2d025267,DEVI_284a47f5e0,COMMS4D,06537#B1,Solar,19/06/2026 05:00:00 AM,19/06/2026 05:29:59 AM,0.001,0,A
ACCO_15e06beda2,NMI_df2d025267,DEVI_284a47f5e0,COMMS4D,06537#E1,Generalusage,19/06/2026 05:00:00 AM,19/06/2026 05:29:59 AM,0.002,0,A
ACCO_15e06beda2,NMI_df2d025267,DEVI_284a47f5e0,COMMS4D,06537#B1,Solar,19/06/2026 05:30:00 AM,19/06/2026 05:59:59 AM,0.002,0,A
ACCO_15e06beda2,NMI_df2d025267,DEVI_284a47f5e0,COMMS4D,06537#E1,Generalusage,19/06/2026 05:30:00 AM,19/06/2026 05:59:59 AM,0.001,0,A
ACCO_15e06beda2,NMI_df2d025267,DEVI_284a47f5e0,COMMS4D,06537#B1,Solar,19/06/2026 06:00:00 AM,19/06/2026 06:29:59 AM,0.001,0,A
ACCO_15e06beda2,NMI_df2d025267,DEVI_284a47f5e0,COMMS4D,06537#E1,Generalusage,19/06/2026 06:00:00 AM,19/06/2026 06:29:59 AM,0.001,0,A
ACCO_15e06beda2,NMI_df2d025267,DEVI_284a47f5e0,COMMS4D,06537#B1,Solar,19/06/2026 06:30:00 AM,19/06/2026 06:59:59 AM,0.003,0,A
ACCO_15e06beda2,NMI_df2d025267,DEVI_284a47f5e0,COMMS4D,06537#E1,Generalusage,19/06/2026 06:30:00 AM,19/06/2026 06:59:59 AM,0.001,0,A
ACCO_15e06beda2,NMI_df2d025267,DEVI_284a47f5e0,COMMS4D,06537#B1,Solar,19/06/2026 07:00:00 AM,19/06/2026 07:29:59 AM,0.003,0,A
ACCO_15e06beda2,NMI_df2d025267,DEVI_284a47f5e0,COMMS4D,06537#E1,Generalusage,19/06/2026 07:00:00 AM,19/06/2026 07:29:59 AM,0.001,0,A
ACCO_15e06beda2,NMI_df2d025267,DEVI_284a47f5e0,COMMS4D,06537#B1,Solar,19/06/2026 07:30:00 AM,19/06/2026 07:59:59 AM,0.002,0,A
ACCO_15e06beda2,NMI_df2d025267,DEVI_284a47f5e0,COMMS4D,06537#E1,Generalusage,19/06/2026 07:30:00 AM,19/06/2026 07:59:59 AM,0.001,0,A
ACCO_15e06beda2,NMI_df2d025267,DEVI_284a47f5e0,COMMS4D,06537#B1,Solar,19/06/2026 08:00:00 AM,19/06/2026 08:29:59 AM,0.002,0,A
ACCO_15e06beda2,NMI_df2d025267,DEVI_284a47f5e0,COMMS4D,06537#E1,Generalusage,19/06/2026 08:00:00 AM,19/06/2026 08:29:59 AM,0.001,0,A
ACCO_15e06beda2,NMI_df2d025267,DEVI_284a47f5e0,COMMS4D,06537#B1,Solar,19/06/2026 08:30:00 AM,19/06/2026 08:59:59 AM,0.002,0,A
ACCO_15e06beda2,NMI_df2d025267,DEVI_284a47f5e0,COMMS4D,06537#E1,Generalusage,19/06/2026 08:30:00 AM,19/06/2026 08:59:59 AM,0.001,0,A
ACCO_15e06beda2,NMI_df2d025267,DEVI_284a47f5e0,COMMS4D,06537#B1,Solar,19/06/2026 09:00:00 AM,19/06/2026 09:29:59 AM,0.003,0,A
ACCO_15e06beda2,NMI_df2d025267,DEVI_284a47f5e0,COMMS4D,06537#E1,Generalusage,19/06/2026 09:00:00 AM,19/06/2026 09:29:59 AM,0.001,0,A
ACCO_15e06beda2,NMI_df2d025267,DEVI_284a47f5e0,COMMS4D,06537#B1,Solar,19/06/2026 09:30:00 AM,19/06/2026 09:59:59 AM,0.002,0,A
ACCO_15e06beda2,NMI_df2d025267,DEVI_284a47f5e0,COMMS4D,06537#E1,Generalusage,19/06/2026 09:30:00 AM,19/06/2026 09:59:59 AM,0.001,0,A
ACCO_15e06beda2,NMI_df2d025267,DEVI_284a47f5e0,COMMS4D,06537#B1,Solar,19/06/2026 10:00:00 AM,19/06/2026 10:29:59 AM,0.003,0,A
ACCO_15e06beda2,NMI_df2d025267,DEVI_284a47f5e0,COMMS4D,06537#E1,Generalusage,19/06/2026 10:00:00 AM,19/06/2026 10:29:59 AM,0,0,A
ACCO_15e06beda2,NMI_df2d025267,DEVI_284a47f5e0,COMMS4D,06537#B1,Solar,19/06/2026 10:30:00 AM,19/06/2026 10:59:59 AM,0.002,0,A
ACCO_15e06beda2,NMI_df2d025267,DEVI_284a47f5e0,COMMS4D,06537#E1,Generalusage,19/06/2026 10:30:00 AM,19/06/2026 10:59:59 AM,0.002,0,A
ACCO_15e06beda2,NMI_df2d025267,DEVI_284a47f5e0,COMMS4D,06537#B1,Solar,19/06/2026 11:00:00 AM,19/06/2026 11:29:59 AM,0.003,0,A
ACCO_15e06beda2,NMI_df2d025267,DEVI_284a47f5e0,COMMS4D,06537#E1,Generalusage,19/06/2026 11:00:00 AM,19/06/2026 11:29:59 AM,0.002,0,A
ACCO_15e06beda2,NMI_df2d025267,DEVI_284a47f5e0,COMMS4D,06537#B1,Solar,19/06/2026 11:30:00 AM,19/06/2026 11:59:59 AM,0.004,0,A
ACCO_15e06beda2,NMI_df2d025267,DEVI_284a47f5e0,COMMS4D,06537#E1,Generalusage,19/06/2026 11:30:00 AM,19/06/2026 11:59:59 AM,0.002,0,A
ACCO_15e06beda2,NMI_df2d025267,DEVI_284a47f5e0,COMMS4D,06537#B1,Solar,19/06/2026 12:00:00 PM,19/06/2026 12:29:59 PM,0.003,0,A
ACCO_15e06beda2,NMI_df2d025267,DEVI_284a47f5e0,COMMS4D,06537#E1,Generalusage,19/06/2026 12:00:00 PM,19/06/2026 12:29:59 PM,0.001,0,A
ACCO_15e06beda2,NMI_df2d025267,DEVI_284a47f5e0,COMMS4D,06537#B1,Solar,19/06/2026 12:30:00 PM,19/06/2026 12:59:59 PM,0.003,0,A
ACCO_15e06beda2,NMI_df2d025267,DEVI_284a47f5e0,COMMS4D,06537#E1,Generalusage,19/06/2026 12:30:00 PM,19/06/2026 12:59:59 PM,0.001,0,A
ACCO_15e06beda2,NMI_df2d025267,DEVI_284a47f5e0,COMMS4D,06537#B1,Solar,19/06/2026 01:00:00 PM,19/06/2026 01:29:59 PM,0.002,0,A
ACCO_15e06beda2,NMI_df2d025267,DEVI_284a47f5e0,COMMS4D,06537#E1,Generalusage,19/06/2026 01:00:00 PM,19/06/2026 01:29:59 PM,0,0,A
ACCO_15e06beda2,NMI_df2d025267,DEVI_284a47f5e0,COMMS4D,06537#B1,Solar,19/06/2026 01:30:00 PM,19/06/2026 01:59:59 PM,0.003,0,A
ACCO_15e06beda2,NMI_df2d025267,DEVI_284a47f5e0,COMMS4D,06537#E1,Generalusage,19/06/2026 01:30:00 PM,19/06/2026 01:59:59 PM,0.001,0,A
ACCO_15e06beda2,NMI_df2d025267,DEVI_284a47f5e0,COMMS4D,06537#B1,Solar,19/06/2026 02:00:00 PM,19/06/2026 02:29:59 PM,0.003,0,A
ACCO_15e06beda2,NMI_df2d025267,DEVI_284a47f5e0,COMMS4D,06537#E1,Generalusage,19/06/2026 02:00:00 PM,19/06/2026 02:29:59 PM,0.001,0,A
ACCO_15e06beda2,NMI_df2d025267,DEVI_284a47f5e0,COMMS4D,06537#B1,Solar,19/06/2026 02:30:00 PM,19/06/2026 02:59:59 PM,0.003,0,A
ACCO_15e06beda2,NMI_df2d025267,DEVI_284a47f5e0,COMMS4D,06537#E1,Generalusage,19/06/2026 02:30:00 PM,19/06/2026 02:59:59 PM,0.001,0,A
ACCO_15e06beda2,NMI_df2d025267,DEVI_284a47f5e0,COMMS4D,06537#B1,Solar,19/06/2026 03:00:00 PM,19/06/2026 03:29:59 PM,0.003,0,A
ACCO_15e06beda2,NMI_df2d025267,DEVI_284a47f5e0,COMMS4D,06537#E1,Generalusage,19/06/2026 03:00:00 PM,19/06/2026 03:29:59 PM,0.001,0,A
ACCO_15e06beda2,NMI_df2d025267,DEVI_284a47f5e0,COMMS4D,06537#B1,Solar,19/06/2026 03:30:00 PM,19/06/2026 03:59:59 PM,0.002,0,A
ACCO_15e06beda2,NMI_df2d025267,DEVI_284a47f5e0,COMMS4D,06537#E1,Generalusage,19/06/2026 03:30:00 PM,19/06/2026 03:59:59 PM,0.001,0,A
ACCO_15e06beda2,NMI_df2d025267,DEVI_284a47f5e0,COMMS4D,06537#B1,Solar,19/06/2026 04:00:00 PM,19/06/2026 04:29:59 PM,0.003,0,A
ACCO_15e06beda2,NMI_df2d025267,DEVI_284a47f5e0,COMMS4D,06537#E1,Generalusage,19/06/2026 04:00:00 PM,19/06/2026 04:29:59 PM,0.001,0,A
ACCO_15e06beda2,NMI_df2d025267,DEVI_284a47f5e0,COMMS4D,06537#B1,Solar,19/06/2026 04:30:00 PM,19/06/2026 04:59:59 PM,0.003,0,A
ACCO_15e06beda2,NMI_df2d025267,DEVI_284a47f5e0,COMMS4D,06537#E1,Generalusage,19/06/2026 04:30:00 PM,19/06/2026 04:59:59 PM,0.001,0,A
ACCO_15e06beda2,NMI_df2d025267,DEVI_284a47f5e0,COMMS4D,06537#B1,Solar,19/06/2026 05:00:00 PM,19/06/2026 05:29:59 PM,0.003,0,A
ACCO_15e06beda2,NMI_df2d025267,DEVI_284a47f5e0,COMMS4D,06537#E1,Generalusage,19/06/2026 05:00:00 PM,19/06/2026 05:29:59 PM,0.001,0,A
ACCO_15e06beda2,NMI_df2d025267,DEVI_284a47f5e0,COMMS4D,06537#B1,Solar,19/06/2026 05:30:00 PM,19/06/2026 05:59:59 PM,0.003,0,A
ACCO_15e06beda2,NMI_df2d025267,DEVI_284a47f5e0,COMMS4D,06537#E1,Generalusage,19/06/2026 05:30:00 PM,19/06/2026 05:59:59 PM,0.001,0,A
ACCO_15e06beda2,NMI_df2d025267,DEVI_284a47f5e0,COMMS4D,06537#B1,Solar,19/06/2026 06:00:00 PM,19/06/2026 06:29:59 PM,0.002,0,A
ACCO_15e06beda2,NMI_df2d025267,DEVI_284a47f5e0,COMMS4D,06537#E1,Generalusage,19/06/2026 06:00:00 PM,19/06/2026 06:29:59 PM,0.001,0,A
ACCO_15e06beda2,NMI_df2d025267,DEVI_284a47f5e0,COMMS4D,06537#B1,Solar,19/06/2026 06:30:00 PM,19/06/2026 06:59:59 PM,0.002,0,A
ACCO_15e06beda2,NMI_df2d025267,DEVI_284a47f5e0,COMMS4D,06537#E1,Generalusage,19/06/2026 06:30:00 PM,19/06/2026 06:59:59 PM,0,0,A
ACCO_15e06beda2,NMI_df2d025267,DEVI_284a47f5e0,COMMS4D,06537#B1,Solar,19/06/2026 07:00:00 PM,19/06/2026 07:29:59 PM,0.005,0,A
ACCO_15e06beda2,NMI_df2d025267,DEVI_284a47f5e0,COMMS4D,06537#E1,Generalusage,19/06/2026 07:00:00 PM,19/06/2026 07:29:59 PM,0.003,0,A
ACCO_15e06beda2,NMI_df2d025267,DEVI_284a47f5e0,COMMS4D,06537#B1,Solar,19/06/2026 07:30:00 PM,19/06/2026 07:59:59 PM,0.002,0,A
ACCO_15e06beda2,NMI_df2d025267,DEVI_284a47f5e0,COMMS4D,06537#E1,Generalusage,19/06/2026 07:30:00 PM,19/06/2026 07:59:59 PM,0.001,0,A
ACCO_15e06beda2,NMI_df2d025267,DEVI_284a47f5e0,COMMS4D,06537#B1,Solar,19/06/2026 08:00:00 PM,19/06/2026 08:29:59 PM,0.003,0,A
ACCO_15e06beda2,NMI_df2d025267,DEVI_284a47f5e0,COMMS4D,06537#E1,Generalusage,19/06/2026 08:00:00 PM,19/06/2026 08:29:59 PM,0.001,0,A
ACCO_15e06beda2,NMI_df2d025267,DEVI_284a47f5e0,COMMS4D,06537#B1,Solar,19/06/2026 08:30:00 PM,19/06/2026 08:59:59 PM,0.003,0,A
ACCO_15e06beda2,NMI_df2d025267,DEVI_284a47f5e0,COMMS4D,06537#E1,Generalusage,19/06/2026 08:30:00 PM,19/06/2026 08:59:59 PM,0.001,0,A
ACCO_15e06beda2,NMI_df2d025267,DEVI_284a47f5e0,COMMS4D,06537#B1,Solar,19/06/2026 09:00:00 PM,19/06/2026 09:29:59 PM,0.002,0,A
ACCO_15e06beda2,NMI_df2d025267,DEVI_284a47f5e0,COMMS4D,06537#E1,Generalusage,19/06/2026 09:00:00 PM,19/06/2026 09:29:59 PM,0.001,0,A
ACCO_15e06beda2,NMI_df2d025267,DEVI_284a47f5e0,COMMS4D,06537#B1,Solar,19/06/2026 09:30:00 PM,19/06/2026 09:59:59 PM,0.002,0,A
ACCO_15e06beda2,NMI_df2d025267,DEVI_284a47f5e0,COMMS4D,06537#E1,Generalusage,19/06/2026 09:30:00 PM,19/06/2026 09:59:59 PM,0.001,0,A
ACCO_15e06beda2,NMI_df2d025267,DEVI_284a47f5e0,COMMS4D,06537#B1,Solar,19/06/2026 10:00:00 PM,19/06/2026 10:29:59 PM,0.002,0,A
ACCO_15e06beda2,NMI_df2d025267,DEVI_284a47f5e0,COMMS4D,06537#E1,Generalusage,19/06/2026 10:00:00 PM,19/06/2026 10:29:59 PM,0.001,0,A
ACCO_15e06beda2,NMI_df2d025267,DEVI_284a47f5e0,COMMS4D,06537#B1,Solar,19/06/2026 10:30:00 PM,19/06/2026 10:59:59 PM,0.002,0,A
ACCO_15e06beda2,NMI_df2d025267,DEVI_284a47f5e0,COMMS4D,06537#E1,Generalusage,19/06/2026 10:30:00 PM,19/06/2026 10:59:59 PM,0.001,0,A
ACCO_15e06beda2,NMI_df2d025267,DEVI_284a47f5e0,COMMS4D,06537#B1,Solar,19/06/2026 11:00:00 PM,19/06/2026 11:29:59 PM,0.003,0,A
ACCO_15e06beda2,NMI_df2d025267,DEVI_284a47f5e0,COMMS4D,06537#E1,Generalusage,19/06/2026 11:00:00 PM,19/06/2026 11:29:59 PM,0.001,0,A
ACCO_15e06beda2,NMI_df2d025267,DEVI_284a47f5e0,COMMS4D,06537#B1,Solar,19/06/2026 11:30:00 PM,19/06/2026 11:59:59 PM,0.002,0,A
ACCO_15e06beda2,NMI_df2d025267,DEVI_284a47f5e0,COMMS4D,06537#E1,Generalusage,19/06/2026 11:30:00 PM,19/06/2026 11:59:59 PM,0.001,0,A
ACCO_15e06beda2,NMI_df2d025267,DEVI_284a47f5e0,COMMS4D,06537#B1,Solar,20/06/2026 12:00:00 AM,20/06/2026 12:29:59 AM,0.002,0,A
ACCO_15e06beda2,NMI_df2d025267,DEVI_284a47f5e0,COMMS4D,06537#E1,Generalusage,20/06/2026 12:00:00 AM,20/06/2026 12:29:59 AM,0.001,0,A
ACCO_15e06beda2,NMI_df2d025267,DEVI_284a47f5e0,COMMS4D,06537#B1,Solar,20/06/2026 12:30:00 AM,20/06/2026 12:59:59 AM,0.002,0,A
ACCO_15e06beda2,NMI_df2d025267,DEVI_284a47f5e0,COMMS4D,06537#E1,Generalusage,20/06/2026 12:30:00 AM,20/06/2026 12:59:59 AM,0.001,0,A
ACCO_15e06beda2,NMI_df2d025267,DEVI_284a47f5e0,COMMS4D,06537#B1,Solar,20/06/2026 01:00:00 AM,20/06/2026 01:29:59 AM,0.003,0,A
ACCO_15e06beda2,NMI_df2d025267,DEVI_284a47f5e0,COMMS4D,06537#E1,Generalusage,20/06/2026 01:00:00 AM,20/06/2026 01:29:59 AM,0.001,0,A
ACCO_15e06beda2,NMI_df2d025267,DEVI_284a47f5e0,COMMS4D,06537#B1,Solar,20/06/2026 01:30:00 AM,20/06/2026 01:59:59 AM,0.002,0,A
ACCO_15e06beda2,NMI_df2d025267,DEVI_284a47f5e0,COMMS4D,06537#E1,Generalusage,20/06/2026 01:30:00 AM,20/06/2026 01:59:59 AM,0.108,0,A
ACCO_15e06beda2,NMI_df2d025267,DEVI_284a47f5e0,COMMS4D,06537#B1,Solar,20/06/2026 02:00:00 AM,20/06/2026 02:29:59 AM,0,0,A
ACCO_15e06beda2,NMI_df2d025267,DEVI_284a47f5e0,COMMS4D,06537#E1,Generalusage,20/06/2026 02:00:00 AM,20/06/2026 02:29:59 AM,0.231,0,A
ACCO_15e06beda2,NMI_df2d025267,DEVI_284a47f5e0,COMMS4D,06537#B1,Solar,20/06/2026 02:30:00 AM,20/06/2026 02:59:59 AM,0,0,A
ACCO_15e06beda2,NMI_df2d025267,DEVI_284a47f5e0,COMMS4D,06537#E1,Generalusage,20/06/2026 02:30:00 AM,20/06/2026 02:59:59 AM,0.229,0,A
ACCO_15e06beda2,NMI_df2d025267,DEVI_284a47f5e0,COMMS4D,06537#B1,Solar,20/06/2026 03:00:00 AM,20/06/2026 03:29:59 AM,0,0,A
ACCO_15e06beda2,NMI_df2d025267,DEVI_284a47f5e0,COMMS4D,06537#E1,Generalusage,20/06/2026 03:00:00 AM,20/06/2026 03:29:59 AM,0.22,0,A
ACCO_15e06beda2,NMI_df2d025267,DEVI_284a47f5e0,COMMS4D,06537#B1,Solar,20/06/2026 03:30:00 AM,20/06/2026 03:59:59 AM,0,0,A
ACCO_15e06beda2,NMI_df2d025267,DEVI_284a47f5e0,COMMS4D,06537#E1,Generalusage,20/06/2026 03:30:00 AM,20/06/2026 03:59:59 AM,0.22,0,A
ACCO_15e06beda2,NMI_df2d025267,DEVI_284a47f5e0,COMMS4D,06537#B1,Solar,20/06/2026 04:00:00 AM,20/06/2026 04:29:59 AM,0,0,A
ACCO_15e06beda2,NMI_df2d025267,DEVI_284a47f5e0,COMMS4D,06537#E1,Generalusage,20/06/2026 04:00:00 AM,20/06/2026 04:29:59 AM,0.217,0,A
ACCO_15e06beda2,NMI_df2d025267,DEVI_284a47f5e0,COMMS4D,06537#B1,Solar,20/06/2026 04:30:00 AM,20/06/2026 04:59:59 AM,0,0,A
ACCO_15e06beda2,NMI_df2d025267,DEVI_284a47f5e0,COMMS4D,06537#E1,Generalusage,20/06/2026 04:30:00 AM,20/06/2026 04:59:59 AM,0.227,0,A
ACCO_15e06beda2,NMI_df2d025267,DEVI_284a47f5e0,COMMS4D,06537#B1,Solar,20/06/2026 05:00:00 AM,20/06/2026 05:29:59 AM,0,0,A
ACCO_15e06beda2,NMI_df2d025267,DEVI_284a47f5e0,COMMS4D,06537#E1,Generalusage,20/06/2026 05:00:00 AM,20/06/2026 05:29:59 AM,0.265,0,A
ACCO_15e06beda2,NMI_df2d025267,DEVI_284a47f5e0,COMMS4D,06537#B1,Solar,20/06/2026 05:30:00 AM,20/06/2026 05:59:59 AM,0,0,A
ACCO_15e06beda2,NMI_df2d025267,DEVI_284a47f5e0,COMMS4D,06537#E1,Generalusage,20/06/2026 05:30:00 AM,20/06/2026 05:59:59 AM,0.306,0,A
ACCO_15e06beda2,NMI_df2d025267,DEVI_284a47f5e0,COMMS4D,06537#B1,Solar,20/06/2026 06:00:00 AM,20/06/2026 06:29:59 AM,0,0,A
ACCO_15e06beda2,NMI_df2d025267,DEVI_284a47f5e0,COMMS4D,06537#E1,Generalusage,20/06/2026 06:00:00 AM,20/06/2026 06:29:59 AM,0.281,0,A
ACCO_15e06beda2,NMI_df2d025267,DEVI_284a47f5e0,COMMS4D,06537#B1,Solar,20/06/2026 06:30:00 AM,20/06/2026 06:59:59 AM,0,0,A
ACCO_15e06beda2,NMI_df2d025267,DEVI_284a47f5e0,COMMS4D,06537#E1,Generalusage,20/06/2026 06:30:00 AM,20/06/2026 06:59:59 AM,0.287,0,A
ACCO_15e06beda2,NMI_df2d025267,DEVI_284a47f5e0,COMMS4D,06537#B1,Solar,20/06/2026 07:00:00 AM,20/06/2026 07:29:59 AM,0,0,A
ACCO_15e06beda2,NMI_df2d025267,DEVI_284a47f5e0,COMMS4D,06537#E1,Generalusage,20/06/2026 07:00:00 AM,20/06/2026 07:29:59 AM,0.251,0,A
ACCO_15e06beda2,NMI_df2d025267,DEVI_284a47f5e0,COMMS4D,06537#B1,Solar,20/06/2026 07:30:00 AM,20/06/2026 07:59:59 AM,0,0,A
ACCO_15e06beda2,NMI_df2d025267,DEVI_284a47f5e0,COMMS4D,06537#E1,Generalusage,20/06/2026 07:30:00 AM,20/06/2026 07:59:59 AM,0.139,0,A
ACCO_15e06beda2,NMI_df2d025267,DEVI_284a47f5e0,COMMS4D,06537#B1,Solar,20/06/2026 08:00:00 AM,20/06/2026 08:29:59 AM,0.003,0,A
ACCO_15e06beda2,NMI_df2d025267,DEVI_284a47f5e0,COMMS4D,06537#E1,Generalusage,20/06/2026 08:00:00 AM,20/06/2026 08:29:59 AM,0.001,0,A
ACCO_15e06beda2,NMI_df2d025267,DEVI_284a47f5e0,COMMS4D,06537#B1,Solar,20/06/2026 08:30:00 AM,20/06/2026 08:59:59 AM,0.002,0,A
ACCO_15e06beda2,NMI_df2d025267,DEVI_284a47f5e0,COMMS4D,06537#E1,Generalusage,20/06/2026 08:30:00 AM,20/06/2026 08:59:59 AM,0.001,0,A
ACCO_15e06beda2,NMI_df2d025267,DEVI_284a47f5e0,COMMS4D,06537#B1,Solar,20/06/2026 09:00:00 AM,20/06/2026 09:29:59 AM,0.003,0,A
ACCO_15e06beda2,NMI_df2d025267,DEVI_284a47f5e0,COMMS4D,06537#E1,Generalusage,20/06/2026 09:00:00 AM,20/06/2026 09:29:59 AM,0.001,0,A
ACCO_15e06beda2,NMI_df2d025267,DEVI_284a47f5e0,COMMS4D,06537#B1,Solar,20/06/2026 09:30:00 AM,20/06/2026 09:59:59 AM,0.002,0,A
ACCO_15e06beda2,NMI_df2d025267,DEVI_284a47f5e0,COMMS4D,06537#E1,Generalusage,20/06/2026 09:30:00 AM,20/06/2026 09:59:59 AM,0.001,0,A
ACCO_15e06beda2,NMI_df2d025267,DEVI_284a47f5e0,COMMS4D,06537#B1,Solar,20/06/2026 10:00:00 AM,20/06/2026 10:29:59 AM,0.003,0,A
ACCO_15e06beda2,NMI_df2d025267,DEVI_284a47f5e0,COMMS4D,06537#E1,Generalusage,20/06/2026 10:00:00 AM,20/06/2026 10:29:59 AM,0.001,0,A
ACCO_15e06beda2,NMI_df2d025267,DEVI_284a47f5e0,COMMS4D,06537#B1,Solar,20/06/2026 10:30:00 AM,20/06/2026 10:59:59 AM,0.002,0,A
ACCO_15e06beda2,NMI_df2d025267,DEVI_284a47f5e0,COMMS4D,06537#E1,Generalusage,20/06/2026 10:30:00 AM,20/06/2026 10:59:59 AM,0.001,0,A
ACCO_15e06beda2,NMI_df2d025267,DEVI_284a47f5e0,COMMS4D,06537#B1,Solar,20/06/2026 11:00:00 AM,20/06/2026 11:29:59 AM,0.003,0,A
ACCO_15e06beda2,NMI_df2d025267,DEVI_284a47f5e0,COMMS4D,06537#E1,Generalusage,20/06/2026 11:00:00 AM,20/06/2026 11:29:59 AM,0.001,0,A
ACCO_15e06beda2,NMI_df2d025267,DEVI_284a47f5e0,COMMS4D,06537#B1,Solar,20/06/2026 11:30:00 AM,20/06/2026 11:59:59 AM,0.36,0,A
ACCO_15e06beda2,NMI_df2d025267,DEVI_284a47f5e0,COMMS4D,06537#E1,Generalusage,20/06/2026 11:30:00 AM,20/06/2026 11:59:59 AM,0.003,0,A
ACCO_15e06beda2,NMI_df2d025267,DEVI_284a47f5e0,COMMS4D,06537#B1,Solar,20/06/2026 12:00:00 PM,20/06/2026 12:29:59 PM,1.831,0,A
ACCO_15e06beda2,NMI_df2d025267,DEVI_284a47f5e0,COMMS4D,06537#E1,Generalusage,20/06/2026 12:00:00 PM,20/06/2026 12:29:59 PM,0,0,A
ACCO_15e06beda2,NMI_df2d025267,DEVI_284a47f5e0,COMMS4D,06537#B1,Solar,20/06/2026 12:30:00 PM,20/06/2026 12:59:59 PM,2.553,0,A
ACCO_15e06beda2,NMI_df2d025267,DEVI_284a47f5e0,COMMS4D,06537#E1,Generalusage,20/06/2026 12:30:00 PM,20/06/2026 12:59:59 PM,0,0,A
ACCO_15e06beda2,NMI_df2d025267,DEVI_284a47f5e0,COMMS4D,06537#B1,Solar,20/06/2026 01:00:00 PM,20/06/2026 01:29:59 PM,3.055,0,A
ACCO_15e06beda2,NMI_df2d025267,DEVI_284a47f5e0,COMMS4D,06537#E1,Generalusage,20/06/2026 01:00:00 PM,20/06/2026 01:29:59 PM,0,0,A
ACCO_15e06beda2,NMI_df2d025267,DEVI_284a47f5e0,COMMS4D,06537#B1,Solar,20/06/2026 01:30:00 PM,20/06/2026 01:59:59 PM,2.615,0,A
ACCO_15e06beda2,NMI_df2d025267,DEVI_284a47f5e0,COMMS4D,06537#E1,Generalusage,20/06/2026 01:30:00 PM,20/06/2026 01:59:59 PM,0,0,A
ACCO_15e06beda2,NMI_df2d025267,DEVI_284a47f5e0,COMMS4D,06537#B1,Solar,20/06/2026 02:00:00 PM,20/06/2026 02:29:59 PM,2.148,0,A
ACCO_15e06beda2,NMI_df2d025267,DEVI_284a47f5e0,COMMS4D,06537#E1,Generalusage,20/06/2026 02:00:00 PM,20/06/2026 02:29:59 PM,0,0,A
ACCO_15e06beda2,NMI_df2d025267,DEVI_284a47f5e0,COMMS4D,06537#B1,Solar,20/06/2026 02:30:00 PM,20/06/2026 02:59:59 PM,1.466,0,A
ACCO_15e06beda2,NMI_df2d025267,DEVI_284a47f5e0,COMMS4D,06537#E1,Generalusage,20/06/2026 02:30:00 PM,20/06/2026 02:59:59 PM,0,0,A
ACCO_15e06beda2,NMI_df2d025267,DEVI_284a47f5e0,COMMS4D,06537#B1,Solar,20/06/2026 03:00:00 PM,20/06/2026 03:29:59 PM,1.8,0,A
ACCO_15e06beda2,NMI_df2d025267,DEVI_284a47f5e0,COMMS4D,06537#E1,Generalusage,20/06/2026 03:00:00 PM,20/06/2026 03:29:59 PM,0,0,A
ACCO_15e06beda2,NMI_df2d025267,DEVI_284a47f5e0,COMMS4D,06537#B1,Solar,20/06/2026 03:30:00 PM,20/06/2026 03:59:59 PM,1.154,0,A
ACCO_15e06beda2,NMI_df2d025267,DEVI_284a47f5e0,COMMS4D,06537#E1,Generalusage,20/06/2026 03:30:00 PM,20/06/2026 03:59:59 PM,0,0,A
ACCO_15e06beda2,NMI_df2d025267,DEVI_284a47f5e0,COMMS4D,06537#B1,Solar,20/06/2026 04:00:00 PM,20/06/2026 04:29:59 PM,0.27,0,A
ACCO_15e06beda2,NMI_df2d025267,DEVI_284a47f5e0,COMMS4D,06537#E1,Generalusage,20/06/2026 04:00:00 PM,20/06/2026 04:29:59 PM,0.001,0,A
ACCO_15e06beda2,NMI_df2d025267,DEVI_284a47f5e0,COMMS4D,06537#B1,Solar,20/06/2026 04:30:00 PM,20/06/2026 04:59:59 PM,0.003,0,A
ACCO_15e06beda2,NMI_df2d025267,DEVI_284a47f5e0,COMMS4D,06537#E1,Generalusage,20/06/2026 04:30:00 PM,20/06/2026 04:59:59 PM,0,0,A
ACCO_15e06beda2,NMI_df2d025267,DEVI_284a47f5e0,COMMS4D,06537#B1,Solar,20/06/2026 05:00:00 PM,20/06/2026 05:29:59 PM,0.002,0,A
ACCO_15e06beda2,NMI_df2d025267,DEVI_284a47f5e0,COMMS4D,06537#E1,Generalusage,20/06/2026 05:00:00 PM,20/06/2026 05:29:59 PM,0.002,0,A
ACCO_15e06beda2,NMI_df2d025267,DEVI_284a47f5e0,COMMS4D,06537#B1,Solar,20/06/2026 05:30:00 PM,20/06/2026 05:59:59 PM,0.003,0,A
ACCO_15e06beda2,NMI_df2d025267,DEVI_284a47f5e0,COMMS4D,06537#E1,Generalusage,20/06/2026 05:30:00 PM,20/06/2026 05:59:59 PM,0,0,A
ACCO_15e06beda2,NMI_df2d025267,DEVI_284a47f5e0,COMMS4D,06537#B1,Solar,20/06/2026 06:00:00 PM,20/06/2026 06:29:59 PM,0.002,0,A
ACCO_15e06beda2,NMI_df2d025267,DEVI_284a47f5e0,COMMS4D,06537#E1,Generalusage,20/06/2026 06:00:00 PM,20/06/2026 06:29:59 PM,0.001,0,A
ACCO_15e06beda2,NMI_df2d025267,DEVI_284a47f5e0,COMMS4D,06537#B1,Solar,20/06/2026 06:30:00 PM,20/06/2026 06:59:59 PM,0.002,0,A
ACCO_15e06beda2,NMI_df2d025267,DEVI_284a47f5e0,COMMS4D,06537#E1,Generalusage,20/06/2026 06:30:00 PM,20/06/2026 06:59:59 PM,0,0,A
ACCO_15e06beda2,NMI_df2d025267,DEVI_284a47f5e0,COMMS4D,06537#B1,Solar,20/06/2026 07:00:00 PM,20/06/2026 07:29:59 PM,0.003,0,A
ACCO_15e06beda2,NMI_df2d025267,DEVI_284a47f5e0,COMMS4D,06537#E1,Generalusage,20/06/2026 07:00:00 PM,20/06/2026 07:29:59 PM,0.001,0,A
ACCO_15e06beda2,NMI_df2d025267,DEVI_284a47f5e0,COMMS4D,06537#B1,Solar,20/06/2026 07:30:00 PM,20/06/2026 07:59:59 PM,0.002,0,A
ACCO_15e06beda2,NMI_df2d025267,DEVI_284a47f5e0,COMMS4D,06537#E1,Generalusage,20/06/2026 07:30:00 PM,20/06/2026 07:59:59 PM,0.001,0,A
ACCO_15e06beda2,NMI_df2d025267,DEVI_284a47f5e0,COMMS4D,06537#B1,Solar,20/06/2026 08:00:00 PM,20/06/2026 08:29:59 PM,0.002,0,A
ACCO_15e06beda2,NMI_df2d025267,DEVI_284a47f5e0,COMMS4D,06537#E1,Generalusage,20/06/2026 08:00:00 PM,20/06/2026 08:29:59 PM,0.001,0,A
ACCO_15e06beda2,NMI_df2d025267,DEVI_284a47f5e0,COMMS4D,06537#B1,Solar,20/06/2026 08:30:00 PM,20/06/2026 08:59:59 PM,0.002,0,A
ACCO_15e06beda2,NMI_df2d025267,DEVI_284a47f5e0,COMMS4D,06537#E1,Generalusage,20/06/2026 08:30:00 PM,20/06/2026 08:59:59 PM,0.001,0,A
ACCO_15e06beda2,NMI_df2d025267,DEVI_284a47f5e0,COMMS4D,06537#B1,Solar,20/06/2026 09:00:00 PM,20/06/2026 09:29:59 PM,0.002,0,A
ACCO_15e06beda2,NMI_df2d025267,DEVI_284a47f5e0,COMMS4D,06537#E1,Generalusage,20/06/2026 09:00:00 PM,20/06/2026 09:29:59 PM,0,0,A
ACCO_15e06beda2,NMI_df2d025267,DEVI_284a47f5e0,COMMS4D,06537#B1,Solar,20/06/2026 09:30:00 PM,20/06/2026 09:59:59 PM,0.003,0,A
ACCO_15e06beda2,NMI_df2d025267,DEVI_284a47f5e0,COMMS4D,06537#E1,Generalusage,20/06/2026 09:30:00 PM,20/06/2026 09:59:59 PM,0.001,0,A
ACCO_15e06beda2,NMI_df2d025267,DEVI_284a47f5e0,COMMS4D,06537#B1,Solar,20/06/2026 10:00:00 PM,20/06/2026 10:29:59 PM,0.002,0,A
ACCO_15e06beda2,NMI_df2d025267,DEVI_284a47f5e0,COMMS4D,06537#E1,Generalusage,20/06/2026 10:00:00 PM,20/06/2026 10:29:59 PM,0.001,0,A
ACCO_15e06beda2,NMI_df2d025267,DEVI_284a47f5e0,COMMS4D,06537#B1,Solar,20/06/2026 10:30:00 PM,20/06/2026 10:59:59 PM,0.003,0,A
ACCO_15e06beda2,NMI_df2d025267,DEVI_284a47f5e0,COMMS4D,06537#E1,Generalusage,20/06/2026 10:30:00 PM,20/06/2026 10:59:59 PM,0.001,0,A
ACCO_15e06beda2,NMI_df2d025267,DEVI_284a47f5e0,COMMS4D,06537#B1,Solar,20/06/2026 11:00:00 PM,20/06/2026 11:29:59 PM,0.002,0,A
ACCO_15e06beda2,NMI_df2d025267,DEVI_284a47f5e0,COMMS4D,06537#E1,Generalusage,20/06/2026 11:00:00 PM,20/06/2026 11:29:59 PM,0.001,0,A
ACCO_15e06beda2,NMI_df2d025267,DEVI_284a47f5e0,COMMS4D,06537#B1,Solar,20/06/2026 11:30:00 PM,20/06/2026 11:59:59 PM,0.004,0,A
ACCO_15e06beda2,NMI_df2d025267,DEVI_284a47f5e0,COMMS4D,06537#E1,Generalusage,20/06/2026 11:30:00 PM,20/06/2026 11:59:59 PM,0.001,0,A
ACCO_15e06beda2,NMI_df2d025267,DEVI_284a47f5e0,COMMS4D,06537#B1,Solar,21/06/2026 12:00:00 AM,21/06/2026 12:29:59 AM,0.003,0,A
ACCO_15e06beda2,NMI_df2d025267,DEVI_284a47f5e0,COMMS4D,06537#E1,Generalusage,21/06/2026 12:00:00 AM,21/06/2026 12:29:59 AM,0.001,0,A
ACCO_15e06beda2,NMI_df2d025267,DEVI_284a47f5e0,COMMS4D,06537#B1,Solar,21/06/2026 12:30:00 AM,21/06/2026 12:59:59 AM,0.002,0,A
ACCO_15e06beda2,NMI_df2d025267,DEVI_284a47f5e0,COMMS4D,06537#E1,Generalusage,21/06/2026 12:30:00 AM,21/06/2026 12:59:59 AM,0.001,0,A
ACCO_15e06beda2,NMI_df2d025267,DEVI_284a47f5e0,COMMS4D,06537#B1,Solar,21/06/2026 01:00:00 AM,21/06/2026 01:29:59 AM,0.002,0,A
ACCO_15e06beda2,NMI_df2d025267,DEVI_284a47f5e0,COMMS4D,06537#E1,Generalusage,21/06/2026 01:00:00 AM,21/06/2026 01:29:59 AM,0.001,0,A
ACCO_15e06beda2,NMI_df2d025267,DEVI_284a47f5e0,COMMS4D,06537#B1,Solar,21/06/2026 01:30:00 AM,21/06/2026 01:59:59 AM,0.001,0,A
ACCO_15e06beda2,NMI_df2d025267,DEVI_284a47f5e0,COMMS4D,06537#E1,Generalusage,21/06/2026 01:30:00 AM,21/06/2026 01:59:59 AM,0.001,0,A
ACCO_15e06beda2,NMI_df2d025267,DEVI_284a47f5e0,COMMS4D,06537#B1,Solar,21/06/2026 02:00:00 AM,21/06/2026 02:29:59 AM,0.002,0,A
ACCO_15e06beda2,NMI_df2d025267,DEVI_284a47f5e0,COMMS4D,06537#E1,Generalusage,21/06/2026 02:00:00 AM,21/06/2026 02:29:59 AM,0.001,0,A
ACCO_15e06beda2,NMI_df2d025267,DEVI_284a47f5e0,COMMS4D,06537#B1,Solar,21/06/2026 02:30:00 AM,21/06/2026 02:59:59 AM,0.001,0,A
ACCO_15e06beda2,NMI_df2d025267,DEVI_284a47f5e0,COMMS4D,06537#E1,Generalusage,21/06/2026 02:30:00 AM,21/06/2026 02:59:59 AM,0.002,0,A
ACCO_15e06beda2,NMI_df2d025267,DEVI_284a47f5e0,COMMS4D,06537#B1,Solar,21/06/2026 03:00:00 AM,21/06/2026 03:29:59 AM,0.002,0,A
ACCO_15e06beda2,NMI_df2d025267,DEVI_284a47f5e0,COMMS4D,06537#E1,Generalusage,21/06/2026 03:00:00 AM,21/06/2026 03:29:59 AM,0.001,0,A
ACCO_15e06beda2,NMI_df2d025267,DEVI_284a47f5e0,COMMS4D,06537#B1,Solar,21/06/2026 03:30:00 AM,21/06/2026 03:59:59 AM,0.001,0,A
ACCO_15e06beda2,NMI_df2d025267,DEVI_284a47f5e0,COMMS4D,06537#E1,Generalusage,21/06/2026 03:30:00 AM,21/06/2026 03:59:59 AM,0.002,0,A
ACCO_15e06beda2,NMI_df2d025267,DEVI_284a47f5e0,COMMS4D,06537#B1,Solar,21/06/2026 04:00:00 AM,21/06/2026 04:29:59 AM,0.001,0,A
ACCO_15e06beda2,NMI_df2d025267,DEVI_284a47f5e0,COMMS4D,06537#E1,Generalusage,21/06/2026 04:00:00 AM,21/06/2026 04:29:59 AM,0.001,0,A
ACCO_15e06beda2,NMI_df2d025267,DEVI_284a47f5e0,COMMS4D,06537#B1,Solar,21/06/2026 04:30:00 AM,21/06/2026 04:59:59 AM,0.001,0,A
ACCO_15e06beda2,NMI_df2d025267,DEVI_284a47f5e0,COMMS4D,06537#E1,Generalusage,21/06/2026 04:30:00 AM,21/06/2026 04:59:59 AM,0.002,0,A
ACCO_15e06beda2,NMI_df2d025267,DEVI_284a47f5e0,COMMS4D,06537#B1,Solar,21/06/2026 05:00:00 AM,21/06/2026 05:29:59 AM,0.002,0,A
ACCO_15e06beda2,NMI_df2d025267,DEVI_284a47f5e0,COMMS4D,06537#E1,Generalusage,21/06/2026 05:00:00 AM,21/06/2026 05:29:59 AM,0,0,A
ACCO_15e06beda2,NMI_df2d025267,DEVI_284a47f5e0,COMMS4D,06537#B1,Solar,21/06/2026 05:30:00 AM,21/06/2026 05:59:59 AM,0.003,0,A
ACCO_15e06beda2,NMI_df2d025267,DEVI_284a47f5e0,COMMS4D,06537#E1,Generalusage,21/06/2026 05:30:00 AM,21/06/2026 05:59:59 AM,0.001,0,A
ACCO_15e06beda2,NMI_df2d025267,DEVI_284a47f5e0,COMMS4D,06537#B1,Solar,21/06/2026 06:00:00 AM,21/06/2026 06:29:59 AM,0.001,0,A
ACCO_15e06beda2,NMI_df2d025267,DEVI_284a47f5e0,COMMS4D,06537#E1,Generalusage,21/06/2026 06:00:00 AM,21/06/2026 06:29:59 AM,0.001,0,A
ACCO_15e06beda2,NMI_df2d025267,DEVI_284a47f5e0,COMMS4D,06537#B1,Solar,21/06/2026 06:30:00 AM,21/06/2026 06:59:59 AM,0.003,0,A
ACCO_15e06beda2,NMI_df2d025267,DEVI_284a47f5e0,COMMS4D,06537#E1,Generalusage,21/06/2026 06:30:00 AM,21/06/2026 06:59:59 AM,0,0,A
ACCO_15e06beda2,NMI_df2d025267,DEVI_284a47f5e0,COMMS4D,06537#B1,Solar,21/06/2026 07:00:00 AM,21/06/2026 07:29:59 AM,0.003,0,A
ACCO_15e06beda2,NMI_df2d025267,DEVI_284a47f5e0,COMMS4D,06537#E1,Generalusage,21/06/2026 07:00:00 AM,21/06/2026 07:29:59 AM,0.002,0,A
ACCO_15e06beda2,NMI_df2d025267,DEVI_284a47f5e0,COMMS4D,06537#B1,Solar,21/06/2026 07:30:00 AM,21/06/2026 07:59:59 AM,0.003,0,A
ACCO_15e06beda2,NMI_df2d025267,DEVI_284a47f5e0,COMMS4D,06537#E1,Generalusage,21/06/2026 07:30:00 AM,21/06/2026 07:59:59 AM,0.001,0,A
ACCO_15e06beda2,NMI_df2d025267,DEVI_284a47f5e0,COMMS4D,06537#B1,Solar,21/06/2026 08:00:00 AM,21/06/2026 08:29:59 AM,0.002,0,A
ACCO_15e06beda2,NMI_df2d025267,DEVI_284a47f5e0,COMMS4D,06537#E1,Generalusage,21/06/2026 08:00:00 AM,21/06/2026 08:29:59 AM,0.001,0,A
ACCO_15e06beda2,NMI_df2d025267,DEVI_284a47f5e0,COMMS4D,06537#B1,Solar,21/06/2026 08:30:00 AM,21/06/2026 08:59:59 AM,0.002,0,A
ACCO_15e06beda2,NMI_df2d025267,DEVI_284a47f5e0,COMMS4D,06537#E1,Generalusage,21/06/2026 08:30:00 AM,21/06/2026 08:59:59 AM,0.001,0,A
ACCO_15e06beda2,NMI_df2d025267,DEVI_284a47f5e0,COMMS4D,06537#B1,Solar,21/06/2026 09:00:00 AM,21/06/2026 09:29:59 AM,0.003,0,A
ACCO_15e06beda2,NMI_df2d025267,DEVI_284a47f5e0,COMMS4D,06537#E1,Generalusage,21/06/2026 09:00:00 AM,21/06/2026 09:29:59 AM,0.001,0,A
ACCO_15e06beda2,NMI_df2d025267,DEVI_284a47f5e0,COMMS4D,06537#B1,Solar,21/06/2026 09:30:00 AM,21/06/2026 09:59:59 AM,0.003,0,A
ACCO_15e06beda2,NMI_df2d025267,DEVI_284a47f5e0,COMMS4D,06537#E1,Generalusage,21/06/2026 09:30:00 AM,21/06/2026 09:59:59 AM,0.001,0,A
ACCO_15e06beda2,NMI_df2d025267,DEVI_284a47f5e0,COMMS4D,06537#B1,Solar,21/06/2026 10:00:00 AM,21/06/2026 10:29:59 AM,0.003,0,A
ACCO_15e06beda2,NMI_df2d025267,DEVI_284a47f5e0,COMMS4D,06537#E1,Generalusage,21/06/2026 10:00:00 AM,21/06/2026 10:29:59 AM,0.001,0,A
ACCO_15e06beda2,NMI_df2d025267,DEVI_284a47f5e0,COMMS4D,06537#B1,Solar,21/06/2026 10:30:00 AM,21/06/2026 10:59:59 AM,0.715,0,A
ACCO_15e06beda2,NMI_df2d025267,DEVI_284a47f5e0,COMMS4D,06537#E1,Generalusage,21/06/2026 10:30:00 AM,21/06/2026 10:59:59 AM,0.001,0,A
ACCO_15e06beda2,NMI_df2d025267,DEVI_284a47f5e0,COMMS4D,06537#B1,Solar,21/06/2026 11:00:00 AM,21/06/2026 11:29:59 AM,2.693,0,A
ACCO_15e06beda2,NMI_df2d025267,DEVI_284a47f5e0,COMMS4D,06537#E1,Generalusage,21/06/2026 11:00:00 AM,21/06/2026 11:29:59 AM,0,0,A
ACCO_15e06beda2,NMI_df2d025267,DEVI_284a47f5e0,COMMS4D,06537#B1,Solar,21/06/2026 11:30:00 AM,21/06/2026 11:59:59 AM,2.978,0,A
ACCO_15e06beda2,NMI_df2d025267,DEVI_284a47f5e0,COMMS4D,06537#E1,Generalusage,21/06/2026 11:30:00 AM,21/06/2026 11:59:59 AM,0,0,A
ACCO_15e06beda2,NMI_df2d025267,DEVI_284a47f5e0,COMMS4D,06537#B1,Solar,21/06/2026 12:00:00 PM,21/06/2026 12:29:59 PM,3.175,0,A
ACCO_15e06beda2,NMI_df2d025267,DEVI_284a47f5e0,COMMS4D,06537#E1,Generalusage,21/06/2026 12:00:00 PM,21/06/2026 12:29:59 PM,0,0,A
ACCO_15e06beda2,NMI_df2d025267,DEVI_284a47f5e0,COMMS4D,06537#B1,Solar,21/06/2026 12:30:00 PM,21/06/2026 12:59:59 PM,1.241,0,A
ACCO_15e06beda2,NMI_df2d025267,DEVI_284a47f5e0,COMMS4D,06537#E1,Generalusage,21/06/2026 12:30:00 PM,21/06/2026 12:59:59 PM,0.003,0,A
ACCO_15e06beda2,NMI_df2d025267,DEVI_284a47f5e0,COMMS4D,06537#B1,Solar,21/06/2026 01:00:00 PM,21/06/2026 01:29:59 PM,0.082,0,A
ACCO_15e06beda2,NMI_df2d025267,DEVI_284a47f5e0,COMMS4D,06537#E1,Generalusage,21/06/2026 01:00:00 PM,21/06/2026 01:29:59 PM,0.003,0,A
ACCO_15e06beda2,NMI_df2d025267,DEVI_284a47f5e0,COMMS4D,06537#B1,Solar,21/06/2026 01:30:00 PM,21/06/2026 01:59:59 PM,0.612,0,A
ACCO_15e06beda2,NMI_df2d025267,DEVI_284a47f5e0,COMMS4D,06537#E1,Generalusage,21/06/2026 01:30:00 PM,21/06/2026 01:59:59 PM,0.001,0,A
ACCO_15e06beda2,NMI_df2d025267,DEVI_284a47f5e0,COMMS4D,06537#B1,Solar,21/06/2026 02:00:00 PM,21/06/2026 02:29:59 PM,0.4,0,A
ACCO_15e06beda2,NMI_df2d025267,DEVI_284a47f5e0,COMMS4D,06537#E1,Generalusage,21/06/2026 02:00:00 PM,21/06/2026 02:29:59 PM,0.001,0,A
ACCO_15e06beda2,NMI_df2d025267,DEVI_284a47f5e0,COMMS4D,06537#B1,Solar,21/06/2026 02:30:00 PM,21/06/2026 02:59:59 PM,0.267,0,A
ACCO_15e06beda2,NMI_df2d025267,DEVI_284a47f5e0,COMMS4D,06537#E1,Generalusage,21/06/2026 02:30:00 PM,21/06/2026 02:59:59 PM,0,0,A
ACCO_15e06beda2,NMI_df2d025267,DEVI_284a47f5e0,COMMS4D,06537#B1,Solar,21/06/2026 03:00:00 PM,21/06/2026 03:29:59 PM,0.194,0,A
ACCO_15e06beda2,NMI_df2d025267,DEVI_284a47f5e0,COMMS4D,06537#E1,Generalusage,21/06/2026 03:00:00 PM,21/06/2026 03:29:59 PM,0.001,0,A
ACCO_15e06beda2,NMI_df2d025267,DEVI_284a47f5e0,COMMS4D,06537#B1,Solar,21/06/2026 03:30:00 PM,21/06/2026 03:59:59 PM,0.011,0,A
ACCO_15e06beda2,NMI_df2d025267,DEVI_284a47f5e0,COMMS4D,06537#E1,Generalusage,21/06/2026 03:30:00 PM,21/06/2026 03:59:59 PM,0.002,0,A
ACCO_15e06beda2,NMI_df2d025267,DEVI_284a47f5e0,COMMS4D,06537#B1,Solar,21/06/2026 04:00:00 PM,21/06/2026 04:29:59 PM,0.003,0,A
ACCO_15e06beda2,NMI_df2d025267,DEVI_284a47f5e0,COMMS4D,06537#E1,Generalusage,21/06/2026 04:00:00 PM,21/06/2026 04:29:59 PM,0,0,A
ACCO_15e06beda2,NMI_df2d025267,DEVI_284a47f5e0,COMMS4D,06537#B1,Solar,21/06/2026 04:30:00 PM,21/06/2026 04:59:59 PM,0.003,0,A
ACCO_15e06beda2,NMI_df2d025267,DEVI_284a47f5e0,COMMS4D,06537#E1,Generalusage,21/06/2026 04:30:00 PM,21/06/2026 04:59:59 PM,0.001,0,A
ACCO_15e06beda2,NMI_df2d025267,DEVI_284a47f5e0,COMMS4D,06537#B1,Solar,21/06/2026 05:00:00 PM,21/06/2026 05:29:59 PM,0.002,0,A
ACCO_15e06beda2,NMI_df2d025267,DEVI_284a47f5e0,COMMS4D,06537#E1,Generalusage,21/06/2026 05:00:00 PM,21/06/2026 05:29:59 PM,0.002,0,A
ACCO_15e06beda2,NMI_df2d025267,DEVI_284a47f5e0,COMMS4D,06537#B1,Solar,21/06/2026 05:30:00 PM,21/06/2026 05:59:59 PM,0.003,0,A
ACCO_15e06beda2,NMI_df2d025267,DEVI_284a47f5e0,COMMS4D,06537#E1,Generalusage,21/06/2026 05:30:00 PM,21/06/2026 05:59:59 PM,0.001,0,A
ACCO_15e06beda2,NMI_df2d025267,DEVI_284a47f5e0,COMMS4D,06537#B1,Solar,21/06/2026 06:00:00 PM,21/06/2026 06:29:59 PM,0.002,0,A
ACCO_15e06beda2,NMI_df2d025267,DEVI_284a47f5e0,COMMS4D,06537#E1,Generalusage,21/06/2026 06:00:00 PM,21/06/2026 06:29:59 PM,0.002,0,A
ACCO_15e06beda2,NMI_df2d025267,DEVI_284a47f5e0,COMMS4D,06537#B1,Solar,21/06/2026 06:30:00 PM,21/06/2026 06:59:59 PM,0.002,0,A
ACCO_15e06beda2,NMI_df2d025267,DEVI_284a47f5e0,COMMS4D,06537#E1,Generalusage,21/06/2026 06:30:00 PM,21/06/2026 06:59:59 PM,0.001,0,A
ACCO_15e06beda2,NMI_df2d025267,DEVI_284a47f5e0,COMMS4D,06537#B1,Solar,21/06/2026 07:00:00 PM,21/06/2026 07:29:59 PM,0.002,0,A
ACCO_15e06beda2,NMI_df2d025267,DEVI_284a47f5e0,COMMS4D,06537#E1,Generalusage,21/06/2026 07:00:00 PM,21/06/2026 07:29:59 PM,0.001,0,A
ACCO_15e06beda2,NMI_df2d025267,DEVI_284a47f5e0,COMMS4D,06537#B1,Solar,21/06/2026 07:30:00 PM,21/06/2026 07:59:59 PM,0.002,0,A
ACCO_15e06beda2,NMI_df2d025267,DEVI_284a47f5e0,COMMS4D,06537#E1,Generalusage,21/06/2026 07:30:00 PM,21/06/2026 07:59:59 PM,0.001,0,A
ACCO_15e06beda2,NMI_df2d025267,DEVI_284a47f5e0,COMMS4D,06537#B1,Solar,21/06/2026 08:00:00 PM,21/06/2026 08:29:59 PM,0.003,0,A
ACCO_15e06beda2,NMI_df2d025267,DEVI_284a47f5e0,COMMS4D,06537#E1,Generalusage,21/06/2026 08:00:00 PM,21/06/2026 08:29:59 PM,0,0,A
ACCO_15e06beda2,NMI_df2d025267,DEVI_284a47f5e0,COMMS4D,06537#B1,Solar,21/06/2026 08:30:00 PM,21/06/2026 08:59:59 PM,0.003,0,A
ACCO_15e06beda2,NMI_df2d025267,DEVI_284a47f5e0,COMMS4D,06537#E1,Generalusage,21/06/2026 08:30:00 PM,21/06/2026 08:59:59 PM,0.001,0,A
ACCO_15e06beda2,NMI_df2d025267,DEVI_284a47f5e0,COMMS4D,06537#B1,Solar,21/06/2026 09:00:00 PM,21/06/2026 09:29:59 PM,0.002,0,A
ACCO_15e06beda2,NMI_df2d025267,DEVI_284a47f5e0,COMMS4D,06537#E1,Generalusage,21/06/2026 09:00:00 PM,21/06/2026 09:29:59 PM,0.001,0,A
ACCO_15e06beda2,NMI_df2d025267,DEVI_284a47f5e0,COMMS4D,06537#B1,Solar,21/06/2026 09:30:00 PM,21/06/2026 09:59:59 PM,0.002,0,A
ACCO_15e06beda2,NMI_df2d025267,DEVI_284a47f5e0,COMMS4D,06537#E1,Generalusage,21/06/2026 09:30:00 PM,21/06/2026 09:59:59 PM,0.001,0,A
ACCO_15e06beda2,NMI_df2d025267,DEVI_284a47f5e0,COMMS4D,06537#B1,Solar,21/06/2026 10:00:00 PM,21/06/2026 10:29:59 PM,0.002,0,A
ACCO_15e06beda2,NMI_df2d025267,DEVI_284a47f5e0,COMMS4D,06537#E1,Generalusage,21/06/2026 10:00:00 PM,21/06/2026 10:29:59 PM,0.001,0,A
ACCO_15e06beda2,NMI_df2d025267,DEVI_284a47f5e0,COMMS4D,06537#B1,Solar,21/06/2026 10:30:00 PM,21/06/2026 10:59:59 PM,0.003,0,A
ACCO_15e06beda2,NMI_df2d025267,DEVI_284a47f5e0,COMMS4D,06537#E1,Generalusage,21/06/2026 10:30:00 PM,21/06/2026 10:59:59 PM,0.001,0,A
ACCO_15e06beda2,NMI_df2d025267,DEVI_284a47f5e0,COMMS4D,06537#B1,Solar,21/06/2026 11:00:00 PM,21/06/2026 11:29:59 PM,0.003,0,A
ACCO_15e06beda2,NMI_df2d025267,DEVI_284a47f5e0,COMMS4D,06537#E1,Generalusage,21/06/2026 11:00:00 PM,21/06/2026 11:29:59 PM,0,0,A
ACCO_15e06beda2,NMI_df2d025267,DEVI_284a47f5e0,COMMS4D,06537#B1,Solar,21/06/2026 11:30:00 PM,21/06/2026 11:59:59 PM,0.001,0,A
ACCO_15e06beda2,NMI_df2d025267,DEVI_284a47f5e0,COMMS4D,06537#E1,Generalusage,21/06/2026 11:30:00 PM,21/06/2026 11:59:59 PM,0.002,0,A
ACCO_15e06beda2,NMI_df2d025267,DEVI_284a47f5e0,COMMS4D,06537#B1,Solar,22/06/2026 12:00:00 AM,22/06/2026 12:29:59 AM,0.002,0,A
ACCO_15e06beda2,NMI_df2d025267,DEVI_284a47f5e0,COMMS4D,06537#E1,Generalusage,22/06/2026 12:00:00 AM,22/06/2026 12:29:59 AM,0,0,A
ACCO_15e06beda2,NMI_df2d025267,DEVI_284a47f5e0,COMMS4D,06537#B1,Solar,22/06/2026 12:30:00 AM,22/06/2026 12:59:59 AM,0.003,0,A
ACCO_15e06beda2,NMI_df2d025267,DEVI_284a47f5e0,COMMS4D,06537#E1,Generalusage,22/06/2026 12:30:00 AM,22/06/2026 12:59:59 AM,0.001,0,A
ACCO_15e06beda2,NMI_df2d025267,DEVI_284a47f5e0,COMMS4D,06537#B1,Solar,22/06/2026 01:00:00 AM,22/06/2026 01:29:59 AM,0.002,0,A
ACCO_15e06beda2,NMI_df2d025267,DEVI_284a47f5e0,COMMS4D,06537#E1,Generalusage,22/06/2026 01:00:00 AM,22/06/2026 01:29:59 AM,0.001,0,A
ACCO_15e06beda2,NMI_df2d025267,DEVI_284a47f5e0,COMMS4D,06537#B1,Solar,22/06/2026 01:30:00 AM,22/06/2026 01:59:59 AM,0.001,0,A
ACCO_15e06beda2,NMI_df2d025267,DEVI_284a47f5e0,COMMS4D,06537#E1,Generalusage,22/06/2026 01:30:00 AM,22/06/2026 01:59:59 AM,0.001,0,A
ACCO_15e06beda2,NMI_df2d025267,DEVI_284a47f5e0,COMMS4D,06537#B1,Solar,22/06/2026 02:00:00 AM,22/06/2026 02:29:59 AM,0.002,0,A
ACCO_15e06beda2,NMI_df2d025267,DEVI_284a47f5e0,COMMS4D,06537#E1,Generalusage,22/06/2026 02:00:00 AM,22/06/2026 02:29:59 AM,0.001,0,A
ACCO_15e06beda2,NMI_df2d025267,DEVI_284a47f5e0,COMMS4D,06537#B1,Solar,22/06/2026 02:30:00 AM,22/06/2026 02:59:59 AM,0.002,0,A
ACCO_15e06beda2,NMI_df2d025267,DEVI_284a47f5e0,COMMS4D,06537#E1,Generalusage,22/06/2026 02:30:00 AM,22/06/2026 02:59:59 AM,0.001,0,A
ACCO_15e06beda2,NMI_df2d025267,DEVI_284a47f5e0,COMMS4D,06537#B1,Solar,22/06/2026 03:00:00 AM,22/06/2026 03:29:59 AM,0.001,0,A
ACCO_15e06beda2,NMI_df2d025267,DEVI_284a47f5e0,COMMS4D,06537#E1,Generalusage,22/06/2026 03:00:00 AM,22/06/2026 03:29:59 AM,0.002,0,A
ACCO_15e06beda2,NMI_df2d025267,DEVI_284a47f5e0,COMMS4D,06537#B1,Solar,22/06/2026 03:30:00 AM,22/06/2026 03:59:59 AM,0.002,0,A
ACCO_15e06beda2,NMI_df2d025267,DEVI_284a47f5e0,COMMS4D,06537#E1,Generalusage,22/06/2026 03:30:00 AM,22/06/2026 03:59:59 AM,0.001,0,A
ACCO_15e06beda2,NMI_df2d025267,DEVI_284a47f5e0,COMMS4D,06537#B1,Solar,22/06/2026 04:00:00 AM,22/06/2026 04:29:59 AM,0.001,0,A
ACCO_15e06beda2,NMI_df2d025267,DEVI_284a47f5e0,COMMS4D,06537#E1,Generalusage,22/06/2026 04:00:00 AM,22/06/2026 04:29:59 AM,0.001,0,A
ACCO_15e06beda2,NMI_df2d025267,DEVI_284a47f5e0,COMMS4D,06537#B1,Solar,22/06/2026 04:30:00 AM,22/06/2026 04:59:59 AM,0.001,0,A
ACCO_15e06beda2,NMI_df2d025267,DEVI_284a47f5e0,COMMS4D,06537#E1,Generalusage,22/06/2026 04:30:00 AM,22/06/2026 04:59:59 AM,0.002,0,A
ACCO_15e06beda2,NMI_df2d025267,DEVI_284a47f5e0,COMMS4D,06537#B1,Solar,22/06/2026 05:00:00 AM,22/06/2026 05:29:59 AM,0.001,0,A
ACCO_15e06beda2,NMI_df2d025267,DEVI_284a47f5e0,COMMS4D,06537#E1,Generalusage,22/06/2026 05:00:00 AM,22/06/2026 05:29:59 AM,0.001,0,A
ACCO_15e06beda2,NMI_df2d025267,DEVI_284a47f5e0,COMMS4D,06537#B1,Solar,22/06/2026 05:30:00 AM,22/06/2026 05:59:59 AM,0.001,0,A
ACCO_15e06beda2,NMI_df2d025267,DEVI_284a47f5e0,COMMS4D,06537#E1,Generalusage,22/06/2026 05:30:00 AM,22/06/2026 05:59:59 AM,0.002,0,A
ACCO_15e06beda2,NMI_df2d025267,DEVI_284a47f5e0,COMMS4D,06537#B1,Solar,22/06/2026 06:00:00 AM,22/06/2026 06:29:59 AM,0.002,0,A
ACCO_15e06beda2,NMI_df2d025267,DEVI_284a47f5e0,COMMS4D,06537#E1,Generalusage,22/06/2026 06:00:00 AM,22/06/2026 06:29:59 AM,0.001,0,A
ACCO_15e06beda2,NMI_df2d025267,DEVI_284a47f5e0,COMMS4D,06537#B1,Solar,22/06/2026 06:30:00 AM,22/06/2026 06:59:59 AM,0.003,0,A
ACCO_15e06beda2,NMI_df2d025267,DEVI_284a47f5e0,COMMS4D,06537#E1,Generalusage,22/06/2026 06:30:00 AM,22/06/2026 06:59:59 AM,0,0,A
ACCO_15e06beda2,NMI_df2d025267,DEVI_284a47f5e0,COMMS4D,06537#B1,Solar,22/06/2026 07:00:00 AM,22/06/2026 07:29:59 AM,0.003,0,A
ACCO_15e06beda2,NMI_df2d025267,DEVI_284a47f5e0,COMMS4D,06537#E1,Generalusage,22/06/2026 07:00:00 AM,22/06/2026 07:29:59 AM,0.002,0,A
ACCO_15e06beda2,NMI_df2d025267,DEVI_284a47f5e0,COMMS4D,06537#B1,Solar,22/06/2026 07:30:00 AM,22/06/2026 07:59:59 AM,0.001,0,A
ACCO_15e06beda2,NMI_df2d025267,DEVI_284a47f5e0,COMMS4D,06537#E1,Generalusage,22/06/2026 07:30:00 AM,22/06/2026 07:59:59 AM,0.001,0,A
ACCO_15e06beda2,NMI_df2d025267,DEVI_284a47f5e0,COMMS4D,06537#B1,Solar,22/06/2026 08:00:00 AM,22/06/2026 08:29:59 AM,0.002,0,A
ACCO_15e06beda2,NMI_df2d025267,DEVI_284a47f5e0,COMMS4D,06537#E1,Generalusage,22/06/2026 08:00:00 AM,22/06/2026 08:29:59 AM,0.001,0,A
ACCO_15e06beda2,NMI_df2d025267,DEVI_284a47f5e0,COMMS4D,06537#B1,Solar,22/06/2026 08:30:00 AM,22/06/2026 08:59:59 AM,0.002,0,A
ACCO_15e06beda2,NMI_df2d025267,DEVI_284a47f5e0,COMMS4D,06537#E1,Generalusage,22/06/2026 08:30:00 AM,22/06/2026 08:59:59 AM,0.001,0,A
ACCO_15e06beda2,NMI_df2d025267,DEVI_284a47f5e0,COMMS4D,06537#B1,Solar,22/06/2026 09:00:00 AM,22/06/2026 09:29:59 AM,0.001,0,A
ACCO_15e06beda2,NMI_df2d025267,DEVI_284a47f5e0,COMMS4D,06537#E1,Generalusage,22/06/2026 09:00:00 AM,22/06/2026 09:29:59 AM,0.002,0,A
ACCO_15e06beda2,NMI_df2d025267,DEVI_284a47f5e0,COMMS4D,06537#B1,Solar,22/06/2026 09:30:00 AM,22/06/2026 09:59:59 AM,0.003,0,A
ACCO_15e06beda2,NMI_df2d025267,DEVI_284a47f5e0,COMMS4D,06537#E1,Generalusage,22/06/2026 09:30:00 AM,22/06/2026 09:59:59 AM,0.001,0,A
ACCO_15e06beda2,NMI_df2d025267,DEVI_284a47f5e0,COMMS4D,06537#B1,Solar,22/06/2026 10:00:00 AM,22/06/2026 10:29:59 AM,0.003,0,A
ACCO_15e06beda2,NMI_df2d025267,DEVI_284a47f5e0,COMMS4D,06537#E1,Generalusage,22/06/2026 10:00:00 AM,22/06/2026 10:29:59 AM,0.002,0,A
ACCO_15e06beda2,NMI_df2d025267,DEVI_284a47f5e0,COMMS4D,06537#B1,Solar,22/06/2026 10:30:00 AM,22/06/2026 10:59:59 AM,0.014,0,A
ACCO_15e06beda2,NMI_df2d025267,DEVI_284a47f5e0,COMMS4D,06537#E1,Generalusage,22/06/2026 10:30:00 AM,22/06/2026 10:59:59 AM,0.001,0,A
ACCO_15e06beda2,NMI_df2d025267,DEVI_284a47f5e0,COMMS4D,06537#B1,Solar,22/06/2026 11:00:00 AM,22/06/2026 11:29:59 AM,1.754,0,A
ACCO_15e06beda2,NMI_df2d025267,DEVI_284a47f5e0,COMMS4D,06537#E1,Generalusage,22/06/2026 11:00:00 AM,22/06/2026 11:29:59 AM,0,0,A
ACCO_15e06beda2,NMI_df2d025267,DEVI_284a47f5e0,COMMS4D,06537#B1,Solar,22/06/2026 11:30:00 AM,22/06/2026 11:59:59 AM,3.054,0,A
ACCO_15e06beda2,NMI_df2d025267,DEVI_284a47f5e0,COMMS4D,06537#E1,Generalusage,22/06/2026 11:30:00 AM,22/06/2026 11:59:59 AM,0,0,A
ACCO_15e06beda2,NMI_df2d025267,DEVI_284a47f5e0,COMMS4D,06537#B1,Solar,22/06/2026 12:00:00 PM,22/06/2026 12:29:59 PM,3.075,0,A
ACCO_15e06beda2,NMI_df2d025267,DEVI_284a47f5e0,COMMS4D,06537#E1,Generalusage,22/06/2026 12:00:00 PM,22/06/2026 12:29:59 PM,0,0,A
ACCO_15e06beda2,NMI_df2d025267,DEVI_284a47f5e0,COMMS4D,06537#B1,Solar,22/06/2026 12:30:00 PM,22/06/2026 12:59:59 PM,1.783,0,A
ACCO_15e06beda2,NMI_df2d025267,DEVI_284a47f5e0,COMMS4D,06537#E1,Generalusage,22/06/2026 12:30:00 PM,22/06/2026 12:59:59 PM,0,0,A
ACCO_15e06beda2,NMI_df2d025267,DEVI_284a47f5e0,COMMS4D,06537#B1,Solar,22/06/2026 01:00:00 PM,22/06/2026 01:29:59 PM,2.85,0,A
ACCO_15e06beda2,NMI_df2d025267,DEVI_284a47f5e0,COMMS4D,06537#E1,Generalusage,22/06/2026 01:00:00 PM,22/06/2026 01:29:59 PM,0,0,A
ACCO_15e06beda2,NMI_df2d025267,DEVI_284a47f5e0,COMMS4D,06537#B1,Solar,22/06/2026 01:30:00 PM,22/06/2026 01:59:59 PM,2.386,0,A
ACCO_15e06beda2,NMI_df2d025267,DEVI_284a47f5e0,COMMS4D,06537#E1,Generalusage,22/06/2026 01:30:00 PM,22/06/2026 01:59:59 PM,0.002,0,A
ACCO_15e06beda2,NMI_df2d025267,DEVI_284a47f5e0,COMMS4D,06537#B1,Solar,22/06/2026 02:00:00 PM,22/06/2026 02:29:59 PM,1.163,0,A
ACCO_15e06beda2,NMI_df2d025267,DEVI_284a47f5e0,COMMS4D,06537#E1,Generalusage,22/06/2026 02:00:00 PM,22/06/2026 02:29:59 PM,0,0,A
ACCO_15e06beda2,NMI_df2d025267,DEVI_284a47f5e0,COMMS4D,06537#B1,Solar,22/06/2026 02:30:00 PM,22/06/2026 02:59:59 PM,1.885,0,A
ACCO_15e06beda2,NMI_df2d025267,DEVI_284a47f5e0,COMMS4D,06537#E1,Generalusage,22/06/2026 02:30:00 PM,22/06/2026 02:59:59 PM,0,0,A
ACCO_15e06beda2,NMI_df2d025267,DEVI_284a47f5e0,COMMS4D,06537#B1,Solar,22/06/2026 03:00:00 PM,22/06/2026 03:29:59 PM,1.739,0,A
ACCO_15e06beda2,NMI_df2d025267,DEVI_284a47f5e0,COMMS4D,06537#E1,Generalusage,22/06/2026 03:00:00 PM,22/06/2026 03:29:59 PM,0,0,A
ACCO_15e06beda2,NMI_df2d025267,DEVI_284a47f5e0,COMMS4D,06537#B1,Solar,22/06/2026 03:30:00 PM,22/06/2026 03:59:59 PM,0.981,0,A
ACCO_15e06beda2,NMI_df2d025267,DEVI_284a47f5e0,COMMS4D,06537#E1,Generalusage,22/06/2026 03:30:00 PM,22/06/2026 03:59:59 PM,0,0,A
ACCO_15e06beda2,NMI_df2d025267,DEVI_284a47f5e0,COMMS4D,06537#B1,Solar,22/06/2026 04:00:00 PM,22/06/2026 04:29:59 PM,0.269,0,A
ACCO_15e06beda2,NMI_df2d025267,DEVI_284a47f5e0,COMMS4D,06537#E1,Generalusage,22/06/2026 04:00:00 PM,22/06/2026 04:29:59 PM,0.001,0,A
ACCO_15e06beda2,NMI_df2d025267,DEVI_284a47f5e0,COMMS4D,06537#B1,Solar,22/06/2026 04:30:00 PM,22/06/2026 04:59:59 PM,0.002,0,A
ACCO_15e06beda2,NMI_df2d025267,DEVI_284a47f5e0,COMMS4D,06537#E1,Generalusage,22/06/2026 04:30:00 PM,22/06/2026 04:59:59 PM,0.001,0,A
ACCO_15e06beda2,NMI_df2d025267,DEVI_284a47f5e0,COMMS4D,06537#B1,Solar,22/06/2026 05:00:00 PM,22/06/2026 05:29:59 PM,0.003,0,A
ACCO_15e06beda2,NMI_df2d025267,DEVI_284a47f5e0,COMMS4D,06537#E1,Generalusage,22/06/2026 05:00:00 PM,22/06/2026 05:29:59 PM,0.001,0,A
ACCO_15e06beda2,NMI_df2d025267,DEVI_284a47f5e0,COMMS4D,06537#B1,Solar,22/06/2026 05:30:00 PM,22/06/2026 05:59:59 PM,0.002,0,A
ACCO_15e06beda2,NMI_df2d025267,DEVI_284a47f5e0,COMMS4D,06537#E1,Generalusage,22/06/2026 05:30:00 PM,22/06/2026 05:59:59 PM,0.001,0,A
ACCO_15e06beda2,NMI_df2d025267,DEVI_284a47f5e0,COMMS4D,06537#B1,Solar,22/06/2026 06:00:00 PM,22/06/2026 06:29:59 PM,0.005,0,A
ACCO_15e06beda2,NMI_df2d025267,DEVI_284a47f5e0,COMMS4D,06537#E1,Generalusage,22/06/2026 06:00:00 PM,22/06/2026 06:29:59 PM,0.003,0,A
ACCO_15e06beda2,NMI_df2d025267,DEVI_284a47f5e0,COMMS4D,06537#B1,Solar,22/06/2026 06:30:00 PM,22/06/2026 06:59:59 PM,0.004,0,A
ACCO_15e06beda2,NMI_df2d025267,DEVI_284a47f5e0,COMMS4D,06537#E1,Generalusage,22/06/2026 06:30:00 PM,22/06/2026 06:59:59 PM,0.002,0,A
ACCO_15e06beda2,NMI_df2d025267,DEVI_284a47f5e0,COMMS4D,06537#B1,Solar,22/06/2026 07:00:00 PM,22/06/2026 07:29:59 PM,0.002,0,A
ACCO_15e06beda2,NMI_df2d025267,DEVI_284a47f5e0,COMMS4D,06537#E1,Generalusage,22/06/2026 07:00:00 PM,22/06/2026 07:29:59 PM,0,0,A
ACCO_15e06beda2,NMI_df2d025267,DEVI_284a47f5e0,COMMS4D,06537#B1,Solar,22/06/2026 07:30:00 PM,22/06/2026 07:59:59 PM,0.003,0,A
ACCO_15e06beda2,NMI_df2d025267,DEVI_284a47f5e0,COMMS4D,06537#E1,Generalusage,22/06/2026 07:30:00 PM,22/06/2026 07:59:59 PM,0.001,0,A
ACCO_15e06beda2,NMI_df2d025267,DEVI_284a47f5e0,COMMS4D,06537#B1,Solar,22/06/2026 08:00:00 PM,22/06/2026 08:29:59 PM,0.002,0,A
ACCO_15e06beda2,NMI_df2d025267,DEVI_284a47f5e0,COMMS4D,06537#E1,Generalusage,22/06/2026 08:00:00 PM,22/06/2026 08:29:59 PM,0.001,0,A
ACCO_15e06beda2,NMI_df2d025267,DEVI_284a47f5e0,COMMS4D,06537#B1,Solar,22/06/2026 08:30:00 PM,22/06/2026 08:59:59 PM,0.002,0,A
ACCO_15e06beda2,NMI_df2d025267,DEVI_284a47f5e0,COMMS4D,06537#E1,Generalusage,22/06/2026 08:30:00 PM,22/06/2026 08:59:59 PM,0.001,0,A
ACCO_15e06beda2,NMI_df2d025267,DEVI_284a47f5e0,COMMS4D,06537#B1,Solar,22/06/2026 09:00:00 PM,22/06/2026 09:29:59 PM,0.002,0,A
ACCO_15e06beda2,NMI_df2d025267,DEVI_284a47f5e0,COMMS4D,06537#E1,Generalusage,22/06/2026 09:00:00 PM,22/06/2026 09:29:59 PM,0.001,0,A
ACCO_15e06beda2,NMI_df2d025267,DEVI_284a47f5e0,COMMS4D,06537#B1,Solar,22/06/2026 09:30:00 PM,22/06/2026 09:59:59 PM,0.003,0,A
ACCO_15e06beda2,NMI_df2d025267,DEVI_284a47f5e0,COMMS4D,06537#E1,Generalusage,22/06/2026 09:30:00 PM,22/06/2026 09:59:59 PM,0.001,0,A
ACCO_15e06beda2,NMI_df2d025267,DEVI_284a47f5e0,COMMS4D,06537#B1,Solar,22/06/2026 10:00:00 PM,22/06/2026 10:29:59 PM,0.004,0,A
ACCO_15e06beda2,NMI_df2d025267,DEVI_284a47f5e0,COMMS4D,06537#E1,Generalusage,22/06/2026 10:00:00 PM,22/06/2026 10:29:59 PM,0,0,A
ACCO_15e06beda2,NMI_df2d025267,DEVI_284a47f5e0,COMMS4D,06537#B1,Solar,22/06/2026 10:30:00 PM,22/06/2026 10:59:59 PM,0.002,0,A
ACCO_15e06beda2,NMI_df2d025267,DEVI_284a47f5e0,COMMS4D,06537#E1,Generalusage,22/06/2026 10:30:00 PM,22/06/2026 10:59:59 PM,0.001,0,A
ACCO_15e06beda2,NMI_df2d025267,DEVI_284a47f5e0,COMMS4D,06537#B1,Solar,22/06/2026 11:00:00 PM,22/06/2026 11:29:59 PM,0.003,0,A
ACCO_15e06beda2,NMI_df2d025267,DEVI_284a47f5e0,COMMS4D,06537#E1,Generalusage,22/06/2026 11:00:00 PM,22/06/2026 11:29:59 PM,0,0,A
ACCO_15e06beda2,NMI_df2d025267,DEVI_284a47f5e0,COMMS4D,06537#B1,Solar,22/06/2026 11:30:00 PM,22/06/2026 11:59:59 PM,0.002,0,A
ACCO_15e06beda2,NMI_df2d025267,DEVI_284a47f5e0,COMMS4D,06537#E1,Generalusage,22/06/2026 11:30:00 PM,22/06/2026 11:59:59 PM,0.001,0,A
ACCO_15e06beda2,NMI_df2d025267,DEVI_284a47f5e0,COMMS4D,06537#B1,Solar,23/06/2026 12:00:00 AM,23/06/2026 12:29:59 AM,0.001,0,A
ACCO_15e06beda2,NMI_df2d025267,DEVI_284a47f5e0,COMMS4D,06537#E1,Generalusage,23/06/2026 12:00:00 AM,23/06/2026 12:29:59 AM,0.001,0,A
ACCO_15e06beda2,NMI_df2d025267,DEVI_284a47f5e0,COMMS4D,06537#B1,Solar,23/06/2026 12:30:00 AM,23/06/2026 12:59:59 AM,0.003,0,A
ACCO_15e06beda2,NMI_df2d025267,DEVI_284a47f5e0,COMMS4D,06537#E1,Generalusage,23/06/2026 12:30:00 AM,23/06/2026 12:59:59 AM,0.001,0,A
ACCO_15e06beda2,NMI_df2d025267,DEVI_284a47f5e0,COMMS4D,06537#B1,Solar,23/06/2026 01:00:00 AM,23/06/2026 01:29:59 AM,0.001,0,A
ACCO_15e06beda2,NMI_df2d025267,DEVI_284a47f5e0,COMMS4D,06537#E1,Generalusage,23/06/2026 01:00:00 AM,23/06/2026 01:29:59 AM,0.001,0,A
ACCO_15e06beda2,NMI_df2d025267,DEVI_284a47f5e0,COMMS4D,06537#B1,Solar,23/06/2026 01:30:00 AM,23/06/2026 01:59:59 AM,0.002,0,A
ACCO_15e06beda2,NMI_df2d025267,DEVI_284a47f5e0,COMMS4D,06537#E1,Generalusage,23/06/2026 01:30:00 AM,23/06/2026 01:59:59 AM,0.001,0,A
ACCO_15e06beda2,NMI_df2d025267,DEVI_284a47f5e0,COMMS4D,06537#B1,Solar,23/06/2026 02:00:00 AM,23/06/2026 02:29:59 AM,0.001,0,A
ACCO_15e06beda2,NMI_df2d025267,DEVI_284a47f5e0,COMMS4D,06537#E1,Generalusage,23/06/2026 02:00:00 AM,23/06/2026 02:29:59 AM,0.001,0,A
ACCO_15e06beda2,NMI_df2d025267,DEVI_284a47f5e0,COMMS4D,06537#B1,Solar,23/06/2026 02:30:00 AM,23/06/2026 02:59:59 AM,0.003,0,A
ACCO_15e06beda2,NMI_df2d025267,DEVI_284a47f5e0,COMMS4D,06537#E1,Generalusage,23/06/2026 02:30:00 AM,23/06/2026 02:59:59 AM,0.001,0,A
ACCO_15e06beda2,NMI_df2d025267,DEVI_284a47f5e0,COMMS4D,06537#B1,Solar,23/06/2026 03:00:00 AM,23/06/2026 03:29:59 AM,0.001,0,A
ACCO_15e06beda2,NMI_df2d025267,DEVI_284a47f5e0,COMMS4D,06537#E1,Generalusage,23/06/2026 03:00:00 AM,23/06/2026 03:29:59 AM,0.001,0,A
ACCO_15e06beda2,NMI_df2d025267,DEVI_284a47f5e0,COMMS4D,06537#B1,Solar,23/06/2026 03:30:00 AM,23/06/2026 03:59:59 AM,0.002,0,A
ACCO_15e06beda2,NMI_df2d025267,DEVI_284a47f5e0,COMMS4D,06537#E1,Generalusage,23/06/2026 03:30:00 AM,23/06/2026 03:59:59 AM,0.002,0,A
ACCO_15e06beda2,NMI_df2d025267,DEVI_284a47f5e0,COMMS4D,06537#B1,Solar,23/06/2026 04:00:00 AM,23/06/2026 04:29:59 AM,0.001,0,A
ACCO_15e06beda2,NMI_df2d025267,DEVI_284a47f5e0,COMMS4D,06537#E1,Generalusage,23/06/2026 04:00:00 AM,23/06/2026 04:29:59 AM,0.001,0,A
ACCO_15e06beda2,NMI_df2d025267,DEVI_284a47f5e0,COMMS4D,06537#B1,Solar,23/06/2026 04:30:00 AM,23/06/2026 04:59:59 AM,0.001,0,A
ACCO_15e06beda2,NMI_df2d025267,DEVI_284a47f5e0,COMMS4D,06537#E1,Generalusage,23/06/2026 04:30:00 AM,23/06/2026 04:59:59 AM,0.002,0,A
ACCO_15e06beda2,NMI_df2d025267,DEVI_284a47f5e0,COMMS4D,06537#B1,Solar,23/06/2026 05:00:00 AM,23/06/2026 05:29:59 AM,0.001,0,A
ACCO_15e06beda2,NMI_df2d025267,DEVI_284a47f5e0,COMMS4D,06537#E1,Generalusage,23/06/2026 05:00:00 AM,23/06/2026 05:29:59 AM,0.002,0,A
ACCO_15e06beda2,NMI_df2d025267,DEVI_284a47f5e0,COMMS4D,06537#B1,Solar,23/06/2026 05:30:00 AM,23/06/2026 05:59:59 AM,0.001,0,A
ACCO_15e06beda2,NMI_df2d025267,DEVI_284a47f5e0,COMMS4D,06537#E1,Generalusage,23/06/2026 05:30:00 AM,23/06/2026 05:59:59 AM,0.001,0,A
ACCO_15e06beda2,NMI_df2d025267,DEVI_284a47f5e0,COMMS4D,06537#B1,Solar,23/06/2026 06:00:00 AM,23/06/2026 06:29:59 AM,0.003,0,A
ACCO_15e06beda2,NMI_df2d025267,DEVI_284a47f5e0,COMMS4D,06537#E1,Generalusage,23/06/2026 06:00:00 AM,23/06/2026 06:29:59 AM,0.002,0,A
ACCO_15e06beda2,NMI_df2d025267,DEVI_284a47f5e0,COMMS4D,06537#B1,Solar,23/06/2026 06:30:00 AM,23/06/2026 06:59:59 AM,0.002,0,A
ACCO_15e06beda2,NMI_df2d025267,DEVI_284a47f5e0,COMMS4D,06537#E1,Generalusage,23/06/2026 06:30:00 AM,23/06/2026 06:59:59 AM,0.001,0,A
ACCO_15e06beda2,NMI_df2d025267,DEVI_284a47f5e0,COMMS4D,06537#B1,Solar,23/06/2026 07:00:00 AM,23/06/2026 07:29:59 AM,0.002,0,A
ACCO_15e06beda2,NMI_df2d025267,DEVI_284a47f5e0,COMMS4D,06537#E1,Generalusage,23/06/2026 07:00:00 AM,23/06/2026 07:29:59 AM,0.001,0,A
ACCO_15e06beda2,NMI_df2d025267,DEVI_284a47f5e0,COMMS4D,06537#B1,Solar,23/06/2026 07:30:00 AM,23/06/2026 07:59:59 AM,0.003,0,A
ACCO_15e06beda2,NMI_df2d025267,DEVI_284a47f5e0,COMMS4D,06537#E1,Generalusage,23/06/2026 07:30:00 AM,23/06/2026 07:59:59 AM,0.001,0,A
ACCO_15e06beda2,NMI_df2d025267,DEVI_284a47f5e0,COMMS4D,06537#B1,Solar,23/06/2026 08:00:00 AM,23/06/2026 08:29:59 AM,0.001,0,A
ACCO_15e06beda2,NMI_df2d025267,DEVI_284a47f5e0,COMMS4D,06537#E1,Generalusage,23/06/2026 08:00:00 AM,23/06/2026 08:29:59 AM,0.001,0,A
ACCO_15e06beda2,NMI_df2d025267,DEVI_284a47f5e0,COMMS4D,06537#B1,Solar,23/06/2026 08:30:00 AM,23/06/2026 08:59:59 AM,0.002,0,A
ACCO_15e06beda2,NMI_df2d025267,DEVI_284a47f5e0,COMMS4D,06537#E1,Generalusage,23/06/2026 08:30:00 AM,23/06/2026 08:59:59 AM,0.002,0,A
ACCO_15e06beda2,NMI_df2d025267,DEVI_284a47f5e0,COMMS4D,06537#B1,Solar,23/06/2026 09:00:00 AM,23/06/2026 09:29:59 AM,0.003,0,A
ACCO_15e06beda2,NMI_df2d025267,DEVI_284a47f5e0,COMMS4D,06537#E1,Generalusage,23/06/2026 09:00:00 AM,23/06/2026 09:29:59 AM,0,0,A
ACCO_15e06beda2,NMI_df2d025267,DEVI_284a47f5e0,COMMS4D,06537#B1,Solar,23/06/2026 09:30:00 AM,23/06/2026 09:59:59 AM,0.004,0,A
ACCO_15e06beda2,NMI_df2d025267,DEVI_284a47f5e0,COMMS4D,06537#E1,Generalusage,23/06/2026 09:30:00 AM,23/06/2026 09:59:59 AM,0.002,0,A
ACCO_15e06beda2,NMI_df2d025267,DEVI_284a47f5e0,COMMS4D,06537#B1,Solar,23/06/2026 10:00:00 AM,23/06/2026 10:29:59 AM,0.003,0,A
ACCO_15e06beda2,NMI_df2d025267,DEVI_284a47f5e0,COMMS4D,06537#E1,Generalusage,23/06/2026 10:00:00 AM,23/06/2026 10:29:59 AM,0.002,0,A
ACCO_15e06beda2,NMI_df2d025267,DEVI_284a47f5e0,COMMS4D,06537#B1,Solar,23/06/2026 10:30:00 AM,23/06/2026 10:59:59 AM,0.004,0,A
ACCO_15e06beda2,NMI_df2d025267,DEVI_284a47f5e0,COMMS4D,06537#E1,Generalusage,23/06/2026 10:30:00 AM,23/06/2026 10:59:59 AM,0.002,0,A
ACCO_15e06beda2,NMI_df2d025267,DEVI_284a47f5e0,COMMS4D,06537#B1,Solar,23/06/2026 11:00:00 AM,23/06/2026 11:29:59 AM,0.596,0,A
ACCO_15e06beda2,NMI_df2d025267,DEVI_284a47f5e0,COMMS4D,06537#E1,Generalusage,23/06/2026 11:00:00 AM,23/06/2026 11:29:59 AM,0.002,0,A
ACCO_15e06beda2,NMI_df2d025267,DEVI_284a47f5e0,COMMS4D,06537#B1,Solar,23/06/2026 11:30:00 AM,23/06/2026 11:59:59 AM,3.107,0,A
ACCO_15e06beda2,NMI_df2d025267,DEVI_284a47f5e0,COMMS4D,06537#E1,Generalusage,23/06/2026 11:30:00 AM,23/06/2026 11:59:59 AM,0,0,A
ACCO_15e06beda2,NMI_df2d025267,DEVI_284a47f5e0,COMMS4D,06537#B1,Solar,23/06/2026 12:00:00 PM,23/06/2026 12:29:59 PM,3.162,0,A
ACCO_15e06beda2,NMI_df2d025267,DEVI_284a47f5e0,COMMS4D,06537#E1,Generalusage,23/06/2026 12:00:00 PM,23/06/2026 12:29:59 PM,0,0,A
ACCO_15e06beda2,NMI_df2d025267,DEVI_284a47f5e0,COMMS4D,06537#B1,Solar,23/06/2026 12:30:00 PM,23/06/2026 12:59:59 PM,2.398,0,A
ACCO_15e06beda2,NMI_df2d025267,DEVI_284a47f5e0,COMMS4D,06537#E1,Generalusage,23/06/2026 12:30:00 PM,23/06/2026 12:59:59 PM,0,0,A
ACCO_15e06beda2,NMI_df2d025267,DEVI_284a47f5e0,COMMS4D,06537#B1,Solar,23/06/2026 01:00:00 PM,23/06/2026 01:29:59 PM,2.722,0,A
ACCO_15e06beda2,NMI_df2d025267,DEVI_284a47f5e0,COMMS4D,06537#E1,Generalusage,23/06/2026 01:00:00 PM,23/06/2026 01:29:59 PM,0,0,A
ACCO_15e06beda2,NMI_df2d025267,DEVI_284a47f5e0,COMMS4D,06537#B1,Solar,23/06/2026 01:30:00 PM,23/06/2026 01:59:59 PM,2.479,0,A
ACCO_15e06beda2,NMI_df2d025267,DEVI_284a47f5e0,COMMS4D,06537#E1,Generalusage,23/06/2026 01:30:00 PM,23/06/2026 01:59:59 PM,0,0,A
ACCO_15e06beda2,NMI_df2d025267,DEVI_284a47f5e0,COMMS4D,06537#B1,Solar,23/06/2026 02:00:00 PM,23/06/2026 02:29:59 PM,2.038,0,A
ACCO_15e06beda2,NMI_df2d025267,DEVI_284a47f5e0,COMMS4D,06537#E1,Generalusage,23/06/2026 02:00:00 PM,23/06/2026 02:29:59 PM,0,0,A
ACCO_15e06beda2,NMI_df2d025267,DEVI_284a47f5e0,COMMS4D,06537#B1,Solar,23/06/2026 02:30:00 PM,23/06/2026 02:59:59 PM,1.103,0,A
ACCO_15e06beda2,NMI_df2d025267,DEVI_284a47f5e0,COMMS4D,06537#E1,Generalusage,23/06/2026 02:30:00 PM,23/06/2026 02:59:59 PM,0,0,A
ACCO_15e06beda2,NMI_df2d025267,DEVI_284a47f5e0,COMMS4D,06537#B1,Solar,23/06/2026 03:00:00 PM,23/06/2026 03:29:59 PM,0.359,0,A
ACCO_15e06beda2,NMI_df2d025267,DEVI_284a47f5e0,COMMS4D,06537#E1,Generalusage,23/06/2026 03:00:00 PM,23/06/2026 03:29:59 PM,0,0,A
ACCO_15e06beda2,NMI_df2d025267,DEVI_284a47f5e0,COMMS4D,06537#B1,Solar,23/06/2026 03:30:00 PM,23/06/2026 03:59:59 PM,0.14,0,A
ACCO_15e06beda2,NMI_df2d025267,DEVI_284a47f5e0,COMMS4D,06537#E1,Generalusage,23/06/2026 03:30:00 PM,23/06/2026 03:59:59 PM,0,0,A
ACCO_15e06beda2,NMI_df2d025267,DEVI_284a47f5e0,COMMS4D,06537#B1,Solar,23/06/2026 04:00:00 PM,23/06/2026 04:29:59 PM,0.003,0,A
ACCO_15e06beda2,NMI_df2d025267,DEVI_284a47f5e0,COMMS4D,06537#E1,Generalusage,23/06/2026 04:00:00 PM,23/06/2026 04:29:59 PM,0.002,0,A
ACCO_15e06beda2,NMI_df2d025267,DEVI_284a47f5e0,COMMS4D,06537#B1,Solar,23/06/2026 04:30:00 PM,23/06/2026 04:59:59 PM,0.003,0,A
ACCO_15e06beda2,NMI_df2d025267,DEVI_284a47f5e0,COMMS4D,06537#E1,Generalusage,23/06/2026 04:30:00 PM,23/06/2026 04:59:59 PM,0.001,0,A
ACCO_15e06beda2,NMI_df2d025267,DEVI_284a47f5e0,COMMS4D,06537#B1,Solar,23/06/2026 05:00:00 PM,23/06/2026 05:29:59 PM,0.002,0,A
ACCO_15e06beda2,NMI_df2d025267,DEVI_284a47f5e0,COMMS4D,06537#E1,Generalusage,23/06/2026 05:00:00 PM,23/06/2026 05:29:59 PM,0.001,0,A
ACCO_15e06beda2,NMI_df2d025267,DEVI_284a47f5e0,COMMS4D,06537#B1,Solar,23/06/2026 05:30:00 PM,23/06/2026 05:59:59 PM,0.002,0,A
ACCO_15e06beda2,NMI_df2d025267,DEVI_284a47f5e0,COMMS4D,06537#E1,Generalusage,23/06/2026 05:30:00 PM,23/06/2026 05:59:59 PM,0.001,0,A
ACCO_15e06beda2,NMI_df2d025267,DEVI_284a47f5e0,COMMS4D,06537#B1,Solar,23/06/2026 06:00:00 PM,23/06/2026 06:29:59 PM,0.002,0,A
ACCO_15e06beda2,NMI_df2d025267,DEVI_284a47f5e0,COMMS4D,06537#E1,Generalusage,23/06/2026 06:00:00 PM,23/06/2026 06:29:59 PM,0.001,0,A
ACCO_15e06beda2,NMI_df2d025267,DEVI_284a47f5e0,COMMS4D,06537#B1,Solar,23/06/2026 06:30:00 PM,23/06/2026 06:59:59 PM,0.004,0,A
ACCO_15e06beda2,NMI_df2d025267,DEVI_284a47f5e0,COMMS4D,06537#E1,Generalusage,23/06/2026 06:30:00 PM,23/06/2026 06:59:59 PM,0.001,0,A
ACCO_15e06beda2,NMI_df2d025267,DEVI_284a47f5e0,COMMS4D,06537#B1,Solar,23/06/2026 07:00:00 PM,23/06/2026 07:29:59 PM,0.005,0,A
ACCO_15e06beda2,NMI_df2d025267,DEVI_284a47f5e0,COMMS4D,06537#E1,Generalusage,23/06/2026 07:00:00 PM,23/06/2026 07:29:59 PM,0.004,0,A
ACCO_15e06beda2,NMI_df2d025267,DEVI_284a47f5e0,COMMS4D,06537#B1,Solar,23/06/2026 07:30:00 PM,23/06/2026 07:59:59 PM,0.003,0,A
ACCO_15e06beda2,NMI_df2d025267,DEVI_284a47f5e0,COMMS4D,06537#E1,Generalusage,23/06/2026 07:30:00 PM,23/06/2026 07:59:59 PM,0,0,A
ACCO_15e06beda2,NMI_df2d025267,DEVI_284a47f5e0,COMMS4D,06537#B1,Solar,23/06/2026 08:00:00 PM,23/06/2026 08:29:59 PM,0.002,0,A
ACCO_15e06beda2,NMI_df2d025267,DEVI_284a47f5e0,COMMS4D,06537#E1,Generalusage,23/06/2026 08:00:00 PM,23/06/2026 08:29:59 PM,0.001,0,A
ACCO_15e06beda2,NMI_df2d025267,DEVI_284a47f5e0,COMMS4D,06537#B1,Solar,23/06/2026 08:30:00 PM,23/06/2026 08:59:59 PM,0.002,0,A
ACCO_15e06beda2,NMI_df2d025267,DEVI_284a47f5e0,COMMS4D,06537#E1,Generalusage,23/06/2026 08:30:00 PM,23/06/2026 08:59:59 PM,0.001,0,A
ACCO_15e06beda2,NMI_df2d025267,DEVI_284a47f5e0,COMMS4D,06537#B1,Solar,23/06/2026 09:00:00 PM,23/06/2026 09:29:59 PM,0.003,0,A
ACCO_15e06beda2,NMI_df2d025267,DEVI_284a47f5e0,COMMS4D,06537#E1,Generalusage,23/06/2026 09:00:00 PM,23/06/2026 09:29:59 PM,0.001,0,A
ACCO_15e06beda2,NMI_df2d025267,DEVI_284a47f5e0,COMMS4D,06537#B1,Solar,23/06/2026 09:30:00 PM,23/06/2026 09:59:59 PM,0.003,0,A
ACCO_15e06beda2,NMI_df2d025267,DEVI_284a47f5e0,COMMS4D,06537#E1,Generalusage,23/06/2026 09:30:00 PM,23/06/2026 09:59:59 PM,0,0,A
ACCO_15e06beda2,NMI_df2d025267,DEVI_284a47f5e0,COMMS4D,06537#B1,Solar,23/06/2026 10:00:00 PM,23/06/2026 10:29:59 PM,0.003,0,A
ACCO_15e06beda2,NMI_df2d025267,DEVI_284a47f5e0,COMMS4D,06537#E1,Generalusage,23/06/2026 10:00:00 PM,23/06/2026 10:29:59 PM,0.001,0,A
ACCO_15e06beda2,NMI_df2d025267,DEVI_284a47f5e0,COMMS4D,06537#B1,Solar,23/06/2026 10:30:00 PM,23/06/2026 10:59:59 PM,0.002,0,A
ACCO_15e06beda2,NMI_df2d025267,DEVI_284a47f5e0,COMMS4D,06537#E1,Generalusage,23/06/2026 10:30:00 PM,23/06/2026 10:59:59 PM,0,0,A
ACCO_15e06beda2,NMI_df2d025267,DEVI_284a47f5e0,COMMS4D,06537#B1,Solar,23/06/2026 11:00:00 PM,23/06/2026 11:29:59 PM,0.003,0,A
ACCO_15e06beda2,NMI_df2d025267,DEVI_284a47f5e0,COMMS4D,06537#E1,Generalusage,23/06/2026 11:00:00 PM,23/06/2026 11:29:59 PM,0.001,0,A
ACCO_15e06beda2,NMI_df2d025267,DEVI_284a47f5e0,COMMS4D,06537#B1,Solar,23/06/2026 11:30:00 PM,23/06/2026 11:59:59 PM,0.002,0,A
ACCO_15e06beda2,NMI_df2d025267,DEVI_284a47f5e0,COMMS4D,06537#E1,Generalusage,23/06/2026 11:30:00 PM,23/06/2026 11:59:59 PM,0.001,0,A
ACCO_15e06beda2,NMI_df2d025267,DEVI_284a47f5e0,COMMS4D,06537#B1,Solar,24/06/2026 12:00:00 AM,24/06/2026 12:29:59 AM,0.002,0,A
ACCO_15e06beda2,NMI_df2d025267,DEVI_284a47f5e0,COMMS4D,06537#E1,Generalusage,24/06/2026 12:00:00 AM,24/06/2026 12:29:59 AM,0.001,0,A
ACCO_15e06beda2,NMI_df2d025267,DEVI_284a47f5e0,COMMS4D,06537#B1,Solar,24/06/2026 12:30:00 AM,24/06/2026 12:59:59 AM,0.002,0,A
ACCO_15e06beda2,NMI_df2d025267,DEVI_284a47f5e0,COMMS4D,06537#E1,Generalusage,24/06/2026 12:30:00 AM,24/06/2026 12:59:59 AM,0.001,0,A
ACCO_15e06beda2,NMI_df2d025267,DEVI_284a47f5e0,COMMS4D,06537#B1,Solar,24/06/2026 01:00:00 AM,24/06/2026 01:29:59 AM,0.002,0,A
ACCO_15e06beda2,NMI_df2d025267,DEVI_284a47f5e0,COMMS4D,06537#E1,Generalusage,24/06/2026 01:00:00 AM,24/06/2026 01:29:59 AM,0.001,0,A
ACCO_15e06beda2,NMI_df2d025267,DEVI_284a47f5e0,COMMS4D,06537#B1,Solar,24/06/2026 01:30:00 AM,24/06/2026 01:59:59 AM,0.001,0,A
ACCO_15e06beda2,NMI_df2d025267,DEVI_284a47f5e0,COMMS4D,06537#E1,Generalusage,24/06/2026 01:30:00 AM,24/06/2026 01:59:59 AM,0.002,0,A
ACCO_15e06beda2,NMI_df2d025267,DEVI_284a47f5e0,COMMS4D,06537#B1,Solar,24/06/2026 02:00:00 AM,24/06/2026 02:29:59 AM,0.001,0,A
ACCO_15e06beda2,NMI_df2d025267,DEVI_284a47f5e0,COMMS4D,06537#E1,Generalusage,24/06/2026 02:00:00 AM,24/06/2026 02:29:59 AM,0.001,0,A
ACCO_15e06beda2,NMI_df2d025267,DEVI_284a47f5e0,COMMS4D,06537#B1,Solar,24/06/2026 02:30:00 AM,24/06/2026 02:59:59 AM,0.002,0,A
ACCO_15e06beda2,NMI_df2d025267,DEVI_284a47f5e0,COMMS4D,06537#E1,Generalusage,24/06/2026 02:30:00 AM,24/06/2026 02:59:59 AM,0.001,0,A
ACCO_15e06beda2,NMI_df2d025267,DEVI_284a47f5e0,COMMS4D,06537#B1,Solar,24/06/2026 03:00:00 AM,24/06/2026 03:29:59 AM,0.002,0,A
ACCO_15e06beda2,NMI_df2d025267,DEVI_284a47f5e0,COMMS4D,06537#E1,Generalusage,24/06/2026 03:00:00 AM,24/06/2026 03:29:59 AM,0.001,0,A
ACCO_15e06beda2,NMI_df2d025267,DEVI_284a47f5e0,COMMS4D,06537#B1,Solar,24/06/2026 03:30:00 AM,24/06/2026 03:59:59 AM,0.001,0,A
ACCO_15e06beda2,NMI_df2d025267,DEVI_284a47f5e0,COMMS4D,06537#E1,Generalusage,24/06/2026 03:30:00 AM,24/06/2026 03:59:59 AM,0.002,0,A
ACCO_15e06beda2,NMI_df2d025267,DEVI_284a47f5e0,COMMS4D,06537#B1,Solar,24/06/2026 04:00:00 AM,24/06/2026 04:29:59 AM,0.002,0,A
ACCO_15e06beda2,NMI_df2d025267,DEVI_284a47f5e0,COMMS4D,06537#E1,Generalusage,24/06/2026 04:00:00 AM,24/06/2026 04:29:59 AM,0.001,0,A
ACCO_15e06beda2,NMI_df2d025267,DEVI_284a47f5e0,COMMS4D,06537#B1,Solar,24/06/2026 04:30:00 AM,24/06/2026 04:59:59 AM,0.001,0,A
ACCO_15e06beda2,NMI_df2d025267,DEVI_284a47f5e0,COMMS4D,06537#E1,Generalusage,24/06/2026 04:30:00 AM,24/06/2026 04:59:59 AM,0.002,0,A
ACCO_15e06beda2,NMI_df2d025267,DEVI_284a47f5e0,COMMS4D,06537#B1,Solar,24/06/2026 05:00:00 AM,24/06/2026 05:29:59 AM,0.002,0,A
ACCO_15e06beda2,NMI_df2d025267,DEVI_284a47f5e0,COMMS4D,06537#E1,Generalusage,24/06/2026 05:00:00 AM,24/06/2026 05:29:59 AM,0.001,0,A
ACCO_15e06beda2,NMI_df2d025267,DEVI_284a47f5e0,COMMS4D,06537#B1,Solar,24/06/2026 05:30:00 AM,24/06/2026 05:59:59 AM,0.001,0,A
ACCO_15e06beda2,NMI_df2d025267,DEVI_284a47f5e0,COMMS4D,06537#E1,Generalusage,24/06/2026 05:30:00 AM,24/06/2026 05:59:59 AM,0.002,0,A
ACCO_15e06beda2,NMI_df2d025267,DEVI_284a47f5e0,COMMS4D,06537#B1,Solar,24/06/2026 06:00:00 AM,24/06/2026 06:29:59 AM,0.002,0,A
ACCO_15e06beda2,NMI_df2d025267,DEVI_284a47f5e0,COMMS4D,06537#E1,Generalusage,24/06/2026 06:00:00 AM,24/06/2026 06:29:59 AM,0.001,0,A
ACCO_15e06beda2,NMI_df2d025267,DEVI_284a47f5e0,COMMS4D,06537#B1,Solar,24/06/2026 06:30:00 AM,24/06/2026 06:59:59 AM,0.003,0,A
ACCO_15e06beda2,NMI_df2d025267,DEVI_284a47f5e0,COMMS4D,06537#E1,Generalusage,24/06/2026 06:30:00 AM,24/06/2026 06:59:59 AM,0.001,0,A
ACCO_15e06beda2,NMI_df2d025267,DEVI_284a47f5e0,COMMS4D,06537#B1,Solar,24/06/2026 07:00:00 AM,24/06/2026 07:29:59 AM,0.002,0,A
ACCO_15e06beda2,NMI_df2d025267,DEVI_284a47f5e0,COMMS4D,06537#E1,Generalusage,24/06/2026 07:00:00 AM,24/06/2026 07:29:59 AM,0.001,0,A
ACCO_15e06beda2,NMI_df2d025267,DEVI_284a47f5e0,COMMS4D,06537#B1,Solar,24/06/2026 07:30:00 AM,24/06/2026 07:59:59 AM,0.003,0,A
ACCO_15e06beda2,NMI_df2d025267,DEVI_284a47f5e0,COMMS4D,06537#E1,Generalusage,24/06/2026 07:30:00 AM,24/06/2026 07:59:59 AM,0,0,A
ACCO_15e06beda2,NMI_df2d025267,DEVI_284a47f5e0,COMMS4D,06537#B1,Solar,24/06/2026 08:00:00 AM,24/06/2026 08:29:59 AM,0.003,0,A
ACCO_15e06beda2,NMI_df2d025267,DEVI_284a47f5e0,COMMS4D,06537#E1,Generalusage,24/06/2026 08:00:00 AM,24/06/2026 08:29:59 AM,0.001,0,A
ACCO_15e06beda2,NMI_df2d025267,DEVI_284a47f5e0,COMMS4D,06537#B1,Solar,24/06/2026 08:30:00 AM,24/06/2026 08:59:59 AM,0.001,0,A
ACCO_15e06beda2,NMI_df2d025267,DEVI_284a47f5e0,COMMS4D,06537#E1,Generalusage,24/06/2026 08:30:00 AM,24/06/2026 08:59:59 AM,0.002,0,A
ACCO_15e06beda2,NMI_df2d025267,DEVI_284a47f5e0,COMMS4D,06537#B1,Solar,24/06/2026 09:00:00 AM,24/06/2026 09:29:59 AM,0.003,0,A
ACCO_15e06beda2,NMI_df2d025267,DEVI_284a47f5e0,COMMS4D,06537#E1,Generalusage,24/06/2026 09:00:00 AM,24/06/2026 09:29:59 AM,0,0,A
ACCO_15e06beda2,NMI_df2d025267,DEVI_284a47f5e0,COMMS4D,06537#B1,Solar,24/06/2026 09:30:00 AM,24/06/2026 09:59:59 AM,0.002,0,A
ACCO_15e06beda2,NMI_df2d025267,DEVI_284a47f5e0,COMMS4D,06537#E1,Generalusage,24/06/2026 09:30:00 AM,24/06/2026 09:59:59 AM,0.001,0,A
ACCO_15e06beda2,NMI_df2d025267,DEVI_284a47f5e0,COMMS4D,06537#B1,Solar,24/06/2026 10:00:00 AM,24/06/2026 10:29:59 AM,0.003,0,A
ACCO_15e06beda2,NMI_df2d025267,DEVI_284a47f5e0,COMMS4D,06537#E1,Generalusage,24/06/2026 10:00:00 AM,24/06/2026 10:29:59 AM,0.001,0,A
ACCO_15e06beda2,NMI_df2d025267,DEVI_284a47f5e0,COMMS4D,06537#B1,Solar,24/06/2026 10:30:00 AM,24/06/2026 10:59:59 AM,0.134,0,A
ACCO_15e06beda2,NMI_df2d025267,DEVI_284a47f5e0,COMMS4D,06537#E1,Generalusage,24/06/2026 10:30:00 AM,24/06/2026 10:59:59 AM,0,0,A
ACCO_15e06beda2,NMI_df2d025267,DEVI_284a47f5e0,COMMS4D,06537#B1,Solar,24/06/2026 11:00:00 AM,24/06/2026 11:29:59 AM,2.007,0,A
ACCO_15e06beda2,NMI_df2d025267,DEVI_284a47f5e0,COMMS4D,06537#E1,Generalusage,24/06/2026 11:00:00 AM,24/06/2026 11:29:59 AM,0,0,A
ACCO_15e06beda2,NMI_df2d025267,DEVI_284a47f5e0,COMMS4D,06537#B1,Solar,24/06/2026 11:30:00 AM,24/06/2026 11:59:59 AM,3.039,0,A
ACCO_15e06beda2,NMI_df2d025267,DEVI_284a47f5e0,COMMS4D,06537#E1,Generalusage,24/06/2026 11:30:00 AM,24/06/2026 11:59:59 AM,0,0,A
ACCO_15e06beda2,NMI_df2d025267,DEVI_284a47f5e0,COMMS4D,06537#B1,Solar,24/06/2026 12:00:00 PM,24/06/2026 12:29:59 PM,3.025,0,A
ACCO_15e06beda2,NMI_df2d025267,DEVI_284a47f5e0,COMMS4D,06537#E1,Generalusage,24/06/2026 12:00:00 PM,24/06/2026 12:29:59 PM,0,0,A
ACCO_15e06beda2,NMI_df2d025267,DEVI_284a47f5e0,COMMS4D,06537#B1,Solar,24/06/2026 12:30:00 PM,24/06/2026 12:59:59 PM,2.17,0,A
ACCO_15e06beda2,NMI_df2d025267,DEVI_284a47f5e0,COMMS4D,06537#E1,Generalusage,24/06/2026 12:30:00 PM,24/06/2026 12:59:59 PM,0,0,A
ACCO_15e06beda2,NMI_df2d025267,DEVI_284a47f5e0,COMMS4D,06537#B1,Solar,24/06/2026 01:00:00 PM,24/06/2026 01:29:59 PM,2.798,0,A
ACCO_15e06beda2,NMI_df2d025267,DEVI_284a47f5e0,COMMS4D,06537#E1,Generalusage,24/06/2026 01:00:00 PM,24/06/2026 01:29:59 PM,0,0,A
ACCO_15e06beda2,NMI_df2d025267,DEVI_284a47f5e0,COMMS4D,06537#B1,Solar,24/06/2026 01:30:00 PM,24/06/2026 01:59:59 PM,2.238,0,A
ACCO_15e06beda2,NMI_df2d025267,DEVI_284a47f5e0,COMMS4D,06537#E1,Generalusage,24/06/2026 01:30:00 PM,24/06/2026 01:59:59 PM,0,0,A
ACCO_15e06beda2,NMI_df2d025267,DEVI_284a47f5e0,COMMS4D,06537#B1,Solar,24/06/2026 02:00:00 PM,24/06/2026 02:29:59 PM,2.244,0,A
ACCO_15e06beda2,NMI_df2d025267,DEVI_284a47f5e0,COMMS4D,06537#E1,Generalusage,24/06/2026 02:00:00 PM,24/06/2026 02:29:59 PM,0,0,A
ACCO_15e06beda2,NMI_df2d025267,DEVI_284a47f5e0,COMMS4D,06537#B1,Solar,24/06/2026 02:30:00 PM,24/06/2026 02:59:59 PM,1.869,0,A
ACCO_15e06beda2,NMI_df2d025267,DEVI_284a47f5e0,COMMS4D,06537#E1,Generalusage,24/06/2026 02:30:00 PM,24/06/2026 02:59:59 PM,0,0,A
ACCO_15e06beda2,NMI_df2d025267,DEVI_284a47f5e0,COMMS4D,06537#B1,Solar,24/06/2026 03:00:00 PM,24/06/2026 03:29:59 PM,1.56,0,A
ACCO_15e06beda2,NMI_df2d025267,DEVI_284a47f5e0,COMMS4D,06537#E1,Generalusage,24/06/2026 03:00:00 PM,24/06/2026 03:29:59 PM,0,0,A
ACCO_15e06beda2,NMI_df2d025267,DEVI_284a47f5e0,COMMS4D,06537#B1,Solar,24/06/2026 03:30:00 PM,24/06/2026 03:59:59 PM,0.933,0,A
ACCO_15e06beda2,NMI_df2d025267,DEVI_284a47f5e0,COMMS4D,06537#E1,Generalusage,24/06/2026 03:30:00 PM,24/06/2026 03:59:59 PM,0.001,0,A
ACCO_15e06beda2,NMI_df2d025267,DEVI_284a47f5e0,COMMS4D,06537#B1,Solar,24/06/2026 04:00:00 PM,24/06/2026 04:29:59 PM,0.243,0,A
ACCO_15e06beda2,NMI_df2d025267,DEVI_284a47f5e0,COMMS4D,06537#E1,Generalusage,24/06/2026 04:00:00 PM,24/06/2026 04:29:59 PM,0.001,0,A
ACCO_15e06beda2,NMI_df2d025267,DEVI_284a47f5e0,COMMS4D,06537#B1,Solar,24/06/2026 04:30:00 PM,24/06/2026 04:59:59 PM,0.004,0,A
ACCO_15e06beda2,NMI_df2d025267,DEVI_284a47f5e0,COMMS4D,06537#E1,Generalusage,24/06/2026 04:30:00 PM,24/06/2026 04:59:59 PM,0,0,A
ACCO_15e06beda2,NMI_df2d025267,DEVI_284a47f5e0,COMMS4D,06537#B1,Solar,24/06/2026 05:00:00 PM,24/06/2026 05:29:59 PM,0.002,0,A
ACCO_15e06beda2,NMI_df2d025267,DEVI_284a47f5e0,COMMS4D,06537#E1,Generalusage,24/06/2026 05:00:00 PM,24/06/2026 05:29:59 PM,0.001,0,A
ACCO_15e06beda2,NMI_df2d025267,DEVI_284a47f5e0,COMMS4D,06537#B1,Solar,24/06/2026 05:30:00 PM,24/06/2026 05:59:59 PM,0.002,0,A
ACCO_15e06beda2,NMI_df2d025267,DEVI_284a47f5e0,COMMS4D,06537#E1,Generalusage,24/06/2026 05:30:00 PM,24/06/2026 05:59:59 PM,0.002,0,A
ACCO_15e06beda2,NMI_df2d025267,DEVI_284a47f5e0,COMMS4D,06537#B1,Solar,24/06/2026 06:00:00 PM,24/06/2026 06:29:59 PM,0.001,0,A
ACCO_15e06beda2,NMI_df2d025267,DEVI_284a47f5e0,COMMS4D,06537#E1,Generalusage,24/06/2026 06:00:00 PM,24/06/2026 06:29:59 PM,0.001,0,A
ACCO_15e06beda2,NMI_df2d025267,DEVI_284a47f5e0,COMMS4D,06537#B1,Solar,24/06/2026 06:30:00 PM,24/06/2026 06:59:59 PM,0.003,0,A
ACCO_15e06beda2,NMI_df2d025267,DEVI_284a47f5e0,COMMS4D,06537#E1,Generalusage,24/06/2026 06:30:00 PM,24/06/2026 06:59:59 PM,0.001,0,A
ACCO_15e06beda2,NMI_df2d025267,DEVI_284a47f5e0,COMMS4D,06537#B1,Solar,24/06/2026 07:00:00 PM,24/06/2026 07:29:59 PM,0.005,0,A
ACCO_15e06beda2,NMI_df2d025267,DEVI_284a47f5e0,COMMS4D,06537#E1,Generalusage,24/06/2026 07:00:00 PM,24/06/2026 07:29:59 PM,0.004,0,A
ACCO_15e06beda2,NMI_df2d025267,DEVI_284a47f5e0,COMMS4D,06537#B1,Solar,24/06/2026 07:30:00 PM,24/06/2026 07:59:59 PM,0.002,0,A
ACCO_15e06beda2,NMI_df2d025267,DEVI_284a47f5e0,COMMS4D,06537#E1,Generalusage,24/06/2026 07:30:00 PM,24/06/2026 07:59:59 PM,0.001,0,A
ACCO_15e06beda2,NMI_df2d025267,DEVI_284a47f5e0,COMMS4D,06537#B1,Solar,24/06/2026 08:00:00 PM,24/06/2026 08:29:59 PM,0.003,0,A
ACCO_15e06beda2,NMI_df2d025267,DEVI_284a47f5e0,COMMS4D,06537#E1,Generalusage,24/06/2026 08:00:00 PM,24/06/2026 08:29:59 PM,0.001,0,A
ACCO_15e06beda2,NMI_df2d025267,DEVI_284a47f5e0,COMMS4D,06537#B1,Solar,24/06/2026 08:30:00 PM,24/06/2026 08:59:59 PM,0.002,0,A
ACCO_15e06beda2,NMI_df2d025267,DEVI_284a47f5e0,COMMS4D,06537#E1,Generalusage,24/06/2026 08:30:00 PM,24/06/2026 08:59:59 PM,0.001,0,A
ACCO_15e06beda2,NMI_df2d025267,DEVI_284a47f5e0,COMMS4D,06537#B1,Solar,24/06/2026 09:00:00 PM,24/06/2026 09:29:59 PM,0.003,0,A
ACCO_15e06beda2,NMI_df2d025267,DEVI_284a47f5e0,COMMS4D,06537#E1,Generalusage,24/06/2026 09:00:00 PM,24/06/2026 09:29:59 PM,0,0,A
ACCO_15e06beda2,NMI_df2d025267,DEVI_284a47f5e0,COMMS4D,06537#B1,Solar,24/06/2026 09:30:00 PM,24/06/2026 09:59:59 PM,0.003,0,A
ACCO_15e06beda2,NMI_df2d025267,DEVI_284a47f5e0,COMMS4D,06537#E1,Generalusage,24/06/2026 09:30:00 PM,24/06/2026 09:59:59 PM,0.001,0,A
ACCO_15e06beda2,NMI_df2d025267,DEVI_284a47f5e0,COMMS4D,06537#B1,Solar,24/06/2026 10:00:00 PM,24/06/2026 10:29:59 PM,0.002,0,A
ACCO_15e06beda2,NMI_df2d025267,DEVI_284a47f5e0,COMMS4D,06537#E1,Generalusage,24/06/2026 10:00:00 PM,24/06/2026 10:29:59 PM,0,0,A
ACCO_15e06beda2,NMI_df2d025267,DEVI_284a47f5e0,COMMS4D,06537#B1,Solar,24/06/2026 10:30:00 PM,24/06/2026 10:59:59 PM,0.003,0,A
ACCO_15e06beda2,NMI_df2d025267,DEVI_284a47f5e0,COMMS4D,06537#E1,Generalusage,24/06/2026 10:30:00 PM,24/06/2026 10:59:59 PM,0.001,0,A
ACCO_15e06beda2,NMI_df2d025267,DEVI_284a47f5e0,COMMS4D,06537#B1,Solar,24/06/2026 11:00:00 PM,24/06/2026 11:29:59 PM,0.003,0,A
ACCO_15e06beda2,NMI_df2d025267,DEVI_284a47f5e0,COMMS4D,06537#E1,Generalusage,24/06/2026 11:00:00 PM,24/06/2026 11:29:59 PM,0.001,0,A
ACCO_15e06beda2,NMI_df2d025267,DEVI_284a47f5e0,COMMS4D,06537#B1,Solar,24/06/2026 11:30:00 PM,24/06/2026 11:59:59 PM,0.002,0,A
ACCO_15e06beda2,NMI_df2d025267,DEVI_284a47f5e0,COMMS4D,06537#E1,Generalusage,24/06/2026 11:30:00 PM,24/06/2026 11:59:59 PM,0,0,A
ACCO_15e06beda2,NMI_df2d025267,DEVI_284a47f5e0,COMMS4D,06537#B1,Solar,25/06/2026 12:00:00 AM,25/06/2026 12:29:59 AM,0.002,0,A
ACCO_15e06beda2,NMI_df2d025267,DEVI_284a47f5e0,COMMS4D,06537#E1,Generalusage,25/06/2026 12:00:00 AM,25/06/2026 12:29:59 AM,0.001,0,A
ACCO_15e06beda2,NMI_df2d025267,DEVI_284a47f5e0,COMMS4D,06537#B1,Solar,25/06/2026 12:30:00 AM,25/06/2026 12:59:59 AM,0.002,0,A
ACCO_15e06beda2,NMI_df2d025267,DEVI_284a47f5e0,COMMS4D,06537#E1,Generalusage,25/06/2026 12:30:00 AM,25/06/2026 12:59:59 AM,0.001,0,A
ACCO_15e06beda2,NMI_df2d025267,DEVI_284a47f5e0,COMMS4D,06537#B1,Solar,25/06/2026 01:00:00 AM,25/06/2026 01:29:59 AM,0.002,0,A
ACCO_15e06beda2,NMI_df2d025267,DEVI_284a47f5e0,COMMS4D,06537#E1,Generalusage,25/06/2026 01:00:00 AM,25/06/2026 01:29:59 AM,0.001,0,A
ACCO_15e06beda2,NMI_df2d025267,DEVI_284a47f5e0,COMMS4D,06537#B1,Solar,25/06/2026 01:30:00 AM,25/06/2026 01:59:59 AM,0.001,0,A
ACCO_15e06beda2,NMI_df2d025267,DEVI_284a47f5e0,COMMS4D,06537#E1,Generalusage,25/06/2026 01:30:00 AM,25/06/2026 01:59:59 AM,0.002,0,A
ACCO_15e06beda2,NMI_df2d025267,DEVI_284a47f5e0,COMMS4D,06537#B1,Solar,25/06/2026 02:00:00 AM,25/06/2026 02:29:59 AM,0.001,0,A
ACCO_15e06beda2,NMI_df2d025267,DEVI_284a47f5e0,COMMS4D,06537#E1,Generalusage,25/06/2026 02:00:00 AM,25/06/2026 02:29:59 AM,0.002,0,A
ACCO_15e06beda2,NMI_df2d025267,DEVI_284a47f5e0,COMMS4D,06537#B1,Solar,25/06/2026 02:30:00 AM,25/06/2026 02:59:59 AM,0.002,0,A
ACCO_15e06beda2,NMI_df2d025267,DEVI_284a47f5e0,COMMS4D,06537#E1,Generalusage,25/06/2026 02:30:00 AM,25/06/2026 02:59:59 AM,0.001,0,A
ACCO_15e06beda2,NMI_df2d025267,DEVI_284a47f5e0,COMMS4D,06537#B1,Solar,25/06/2026 03:00:00 AM,25/06/2026 03:29:59 AM,0.002,0,A
ACCO_15e06beda2,NMI_df2d025267,DEVI_284a47f5e0,COMMS4D,06537#E1,Generalusage,25/06/2026 03:00:00 AM,25/06/2026 03:29:59 AM,0,0,A
ACCO_15e06beda2,NMI_df2d025267,DEVI_284a47f5e0,COMMS4D,06537#B1,Solar,25/06/2026 03:30:00 AM,25/06/2026 03:59:59 AM,0.001,0,A
ACCO_15e06beda2,NMI_df2d025267,DEVI_284a47f5e0,COMMS4D,06537#E1,Generalusage,25/06/2026 03:30:00 AM,25/06/2026 03:59:59 AM,0.002,0,A
ACCO_15e06beda2,NMI_df2d025267,DEVI_284a47f5e0,COMMS4D,06537#B1,Solar,25/06/2026 04:00:00 AM,25/06/2026 04:29:59 AM,0.002,0,A
ACCO_15e06beda2,NMI_df2d025267,DEVI_284a47f5e0,COMMS4D,06537#E1,Generalusage,25/06/2026 04:00:00 AM,25/06/2026 04:29:59 AM,0.002,0,A
ACCO_15e06beda2,NMI_df2d025267,DEVI_284a47f5e0,COMMS4D,06537#B1,Solar,25/06/2026 04:30:00 AM,25/06/2026 04:59:59 AM,0.001,0,A
ACCO_15e06beda2,NMI_df2d025267,DEVI_284a47f5e0,COMMS4D,06537#E1,Generalusage,25/06/2026 04:30:00 AM,25/06/2026 04:59:59 AM,0.002,0,A
ACCO_15e06beda2,NMI_df2d025267,DEVI_284a47f5e0,COMMS4D,06537#B1,Solar,25/06/2026 05:00:00 AM,25/06/2026 05:29:59 AM,0.001,0,A
ACCO_15e06beda2,NMI_df2d025267,DEVI_284a47f5e0,COMMS4D,06537#E1,Generalusage,25/06/2026 05:00:00 AM,25/06/2026 05:29:59 AM,0.001,0,A
ACCO_15e06beda2,NMI_df2d025267,DEVI_284a47f5e0,COMMS4D,06537#B1,Solar,25/06/2026 05:30:00 AM,25/06/2026 05:59:59 AM,0.002,0,A
ACCO_15e06beda2,NMI_df2d025267,DEVI_284a47f5e0,COMMS4D,06537#E1,Generalusage,25/06/2026 05:30:00 AM,25/06/2026 05:59:59 AM,0.002,0,A
ACCO_15e06beda2,NMI_df2d025267,DEVI_284a47f5e0,COMMS4D,06537#B1,Solar,25/06/2026 06:00:00 AM,25/06/2026 06:29:59 AM,0.001,0,A
ACCO_15e06beda2,NMI_df2d025267,DEVI_284a47f5e0,COMMS4D,06537#E1,Generalusage,25/06/2026 06:00:00 AM,25/06/2026 06:29:59 AM,0.001,0,A
ACCO_15e06beda2,NMI_df2d025267,DEVI_284a47f5e0,COMMS4D,06537#B1,Solar,25/06/2026 06:30:00 AM,25/06/2026 06:59:59 AM,0.003,0,A
ACCO_15e06beda2,NMI_df2d025267,DEVI_284a47f5e0,COMMS4D,06537#E1,Generalusage,25/06/2026 06:30:00 AM,25/06/2026 06:59:59 AM,0.001,0,A
ACCO_15e06beda2,NMI_df2d025267,DEVI_284a47f5e0,COMMS4D,06537#B1,Solar,25/06/2026 07:00:00 AM,25/06/2026 07:29:59 AM,0.003,0,A
ACCO_15e06beda2,NMI_df2d025267,DEVI_284a47f5e0,COMMS4D,06537#E1,Generalusage,25/06/2026 07:00:00 AM,25/06/2026 07:29:59 AM,0.001,0,A
ACCO_15e06beda2,NMI_df2d025267,DEVI_284a47f5e0,COMMS4D,06537#B1,Solar,25/06/2026 07:30:00 AM,25/06/2026 07:59:59 AM,0.002,0,A
ACCO_15e06beda2,NMI_df2d025267,DEVI_284a47f5e0,COMMS4D,06537#E1,Generalusage,25/06/2026 07:30:00 AM,25/06/2026 07:59:59 AM,0,0,A
ACCO_15e06beda2,NMI_df2d025267,DEVI_284a47f5e0,COMMS4D,06537#B1,Solar,25/06/2026 08:00:00 AM,25/06/2026 08:29:59 AM,0.003,0,A
ACCO_15e06beda2,NMI_df2d025267,DEVI_284a47f5e0,COMMS4D,06537#E1,Generalusage,25/06/2026 08:00:00 AM,25/06/2026 08:29:59 AM,0.001,0,A
ACCO_15e06beda2,NMI_df2d025267,DEVI_284a47f5e0,COMMS4D,06537#B1,Solar,25/06/2026 08:30:00 AM,25/06/2026 08:59:59 AM,0.002,0,A
ACCO_15e06beda2,NMI_df2d025267,DEVI_284a47f5e0,COMMS4D,06537#E1,Generalusage,25/06/2026 08:30:00 AM,25/06/2026 08:59:59 AM,0.001,0,A
ACCO_15e06beda2,NMI_df2d025267,DEVI_284a47f5e0,COMMS4D,06537#B1,Solar,25/06/2026 09:00:00 AM,25/06/2026 09:29:59 AM,0.002,0,A
ACCO_15e06beda2,NMI_df2d025267,DEVI_284a47f5e0,COMMS4D,06537#E1,Generalusage,25/06/2026 09:00:00 AM,25/06/2026 09:29:59 AM,0.001,0,A
ACCO_15e06beda2,NMI_df2d025267,DEVI_284a47f5e0,COMMS4D,06537#B1,Solar,25/06/2026 09:30:00 AM,25/06/2026 09:59:59 AM,0.003,0,A
ACCO_15e06beda2,NMI_df2d025267,DEVI_284a47f5e0,COMMS4D,06537#E1,Generalusage,25/06/2026 09:30:00 AM,25/06/2026 09:59:59 AM,0.001,0,A
ACCO_15e06beda2,NMI_df2d025267,DEVI_284a47f5e0,COMMS4D,06537#B1,Solar,25/06/2026 10:00:00 AM,25/06/2026 10:29:59 AM,0.003,0,A
ACCO_15e06beda2,NMI_df2d025267,DEVI_284a47f5e0,COMMS4D,06537#E1,Generalusage,25/06/2026 10:00:00 AM,25/06/2026 10:29:59 AM,0.001,0,A
ACCO_15e06beda2,NMI_df2d025267,DEVI_284a47f5e0,COMMS4D,06537#B1,Solar,25/06/2026 10:30:00 AM,25/06/2026 10:59:59 AM,0.004,0,A
ACCO_15e06beda2,NMI_df2d025267,DEVI_284a47f5e0,COMMS4D,06537#E1,Generalusage,25/06/2026 10:30:00 AM,25/06/2026 10:59:59 AM,0.002,0,A
ACCO_15e06beda2,NMI_df2d025267,DEVI_284a47f5e0,COMMS4D,06537#B1,Solar,25/06/2026 11:00:00 AM,25/06/2026 11:29:59 AM,0.004,0,A
ACCO_15e06beda2,NMI_df2d025267,DEVI_284a47f5e0,COMMS4D,06537#E1,Generalusage,25/06/2026 11:00:00 AM,25/06/2026 11:29:59 AM,0.002,0,A
ACCO_15e06beda2,NMI_df2d025267,DEVI_284a47f5e0,COMMS4D,06537#B1,Solar,25/06/2026 11:30:00 AM,25/06/2026 11:59:59 AM,0.002,0,A
ACCO_15e06beda2,NMI_df2d025267,DEVI_284a47f5e0,COMMS4D,06537#E1,Generalusage,25/06/2026 11:30:00 AM,25/06/2026 11:59:59 AM,0.001,0,A
ACCO_15e06beda2,NMI_df2d025267,DEVI_284a47f5e0,COMMS4D,06537#B1,Solar,25/06/2026 12:00:00 PM,25/06/2026 12:29:59 PM,0.003,0,A
ACCO_15e06beda2,NMI_df2d025267,DEVI_284a47f5e0,COMMS4D,06537#E1,Generalusage,25/06/2026 12:00:00 PM,25/06/2026 12:29:59 PM,0.001,0,A
ACCO_15e06beda2,NMI_df2d025267,DEVI_284a47f5e0,COMMS4D,06537#B1,Solar,25/06/2026 12:30:00 PM,25/06/2026 12:59:59 PM,0.003,0,A
ACCO_15e06beda2,NMI_df2d025267,DEVI_284a47f5e0,COMMS4D,06537#E1,Generalusage,25/06/2026 12:30:00 PM,25/06/2026 12:59:59 PM,0,0,A
ACCO_15e06beda2,NMI_df2d025267,DEVI_284a47f5e0,COMMS4D,06537#B1,Solar,25/06/2026 01:00:00 PM,25/06/2026 01:29:59 PM,0.002,0,A
ACCO_15e06beda2,NMI_df2d025267,DEVI_284a47f5e0,COMMS4D,06537#E1,Generalusage,25/06/2026 01:00:00 PM,25/06/2026 01:29:59 PM,0.001,0,A
ACCO_15e06beda2,NMI_df2d025267,DEVI_284a47f5e0,COMMS4D,06537#B1,Solar,25/06/2026 01:30:00 PM,25/06/2026 01:59:59 PM,0.003,0,A
ACCO_15e06beda2,NMI_df2d025267,DEVI_284a47f5e0,COMMS4D,06537#E1,Generalusage,25/06/2026 01:30:00 PM,25/06/2026 01:59:59 PM,0.001,0,A
ACCO_15e06beda2,NMI_df2d025267,DEVI_284a47f5e0,COMMS4D,06537#B1,Solar,25/06/2026 02:00:00 PM,25/06/2026 02:29:59 PM,0.003,0,A
ACCO_15e06beda2,NMI_df2d025267,DEVI_284a47f5e0,COMMS4D,06537#E1,Generalusage,25/06/2026 02:00:00 PM,25/06/2026 02:29:59 PM,0.001,0,A
ACCO_15e06beda2,NMI_df2d025267,DEVI_284a47f5e0,COMMS4D,06537#B1,Solar,25/06/2026 02:30:00 PM,25/06/2026 02:59:59 PM,0.002,0,A
ACCO_15e06beda2,NMI_df2d025267,DEVI_284a47f5e0,COMMS4D,06537#E1,Generalusage,25/06/2026 02:30:00 PM,25/06/2026 02:59:59 PM,0.001,0,A
ACCO_15e06beda2,NMI_df2d025267,DEVI_284a47f5e0,COMMS4D,06537#B1,Solar,25/06/2026 03:00:00 PM,25/06/2026 03:29:59 PM,0.002,0,A
ACCO_15e06beda2,NMI_df2d025267,DEVI_284a47f5e0,COMMS4D,06537#E1,Generalusage,25/06/2026 03:00:00 PM,25/06/2026 03:29:59 PM,0.001,0,A
ACCO_15e06beda2,NMI_df2d025267,DEVI_284a47f5e0,COMMS4D,06537#B1,Solar,25/06/2026 03:30:00 PM,25/06/2026 03:59:59 PM,0.003,0,A
ACCO_15e06beda2,NMI_df2d025267,DEVI_284a47f5e0,COMMS4D,06537#E1,Generalusage,25/06/2026 03:30:00 PM,25/06/2026 03:59:59 PM,0.001,0,A
ACCO_15e06beda2,NMI_df2d025267,DEVI_284a47f5e0,COMMS4D,06537#B1,Solar,25/06/2026 04:00:00 PM,25/06/2026 04:29:59 PM,0.002,0,A
ACCO_15e06beda2,NMI_df2d025267,DEVI_284a47f5e0,COMMS4D,06537#E1,Generalusage,25/06/2026 04:00:00 PM,25/06/2026 04:29:59 PM,0,0,A
ACCO_15e06beda2,NMI_df2d025267,DEVI_284a47f5e0,COMMS4D,06537#B1,Solar,25/06/2026 04:30:00 PM,25/06/2026 04:59:59 PM,0.003,0,A
ACCO_15e06beda2,NMI_df2d025267,DEVI_284a47f5e0,COMMS4D,06537#E1,Generalusage,25/06/2026 04:30:00 PM,25/06/2026 04:59:59 PM,0.001,0,A
ACCO_15e06beda2,NMI_df2d025267,DEVI_284a47f5e0,COMMS4D,06537#B1,Solar,25/06/2026 05:00:00 PM,25/06/2026 05:29:59 PM,0.002,0,A
ACCO_15e06beda2,NMI_df2d025267,DEVI_284a47f5e0,COMMS4D,06537#E1,Generalusage,25/06/2026 05:00:00 PM,25/06/2026 05:29:59 PM,0.001,0,A
ACCO_15e06beda2,NMI_df2d025267,DEVI_284a47f5e0,COMMS4D,06537#B1,Solar,25/06/2026 05:30:00 PM,25/06/2026 05:59:59 PM,0.003,0,A
ACCO_15e06beda2,NMI_df2d025267,DEVI_284a47f5e0,COMMS4D,06537#E1,Generalusage,25/06/2026 05:30:00 PM,25/06/2026 05:59:59 PM,0.001,0,A
ACCO_15e06beda2,NMI_df2d025267,DEVI_284a47f5e0,COMMS4D,06537#B1,Solar,25/06/2026 06:00:00 PM,25/06/2026 06:29:59 PM,0.006,0,A
ACCO_15e06beda2,NMI_df2d025267,DEVI_284a47f5e0,COMMS4D,06537#E1,Generalusage,25/06/2026 06:00:00 PM,25/06/2026 06:29:59 PM,0.005,0,A
ACCO_15e06beda2,NMI_df2d025267,DEVI_284a47f5e0,COMMS4D,06537#B1,Solar,25/06/2026 06:30:00 PM,25/06/2026 06:59:59 PM,0.004,0,A
ACCO_15e06beda2,NMI_df2d025267,DEVI_284a47f5e0,COMMS4D,06537#E1,Generalusage,25/06/2026 06:30:00 PM,25/06/2026 06:59:59 PM,0.002,0,A
ACCO_15e06beda2,NMI_df2d025267,DEVI_284a47f5e0,COMMS4D,06537#B1,Solar,25/06/2026 07:00:00 PM,25/06/2026 07:29:59 PM,0.003,0,A
ACCO_15e06beda2,NMI_df2d025267,DEVI_284a47f5e0,COMMS4D,06537#E1,Generalusage,25/06/2026 07:00:00 PM,25/06/2026 07:29:59 PM,0.001,0,A
ACCO_15e06beda2,NMI_df2d025267,DEVI_284a47f5e0,COMMS4D,06537#B1,Solar,25/06/2026 07:30:00 PM,25/06/2026 07:59:59 PM,0.003,0,A
ACCO_15e06beda2,NMI_df2d025267,DEVI_284a47f5e0,COMMS4D,06537#E1,Generalusage,25/06/2026 07:30:00 PM,25/06/2026 07:59:59 PM,0.001,0,A
ACCO_15e06beda2,NMI_df2d025267,DEVI_284a47f5e0,COMMS4D,06537#B1,Solar,25/06/2026 08:00:00 PM,25/06/2026 08:29:59 PM,0.003,0,A
ACCO_15e06beda2,NMI_df2d025267,DEVI_284a47f5e0,COMMS4D,06537#E1,Generalusage,25/06/2026 08:00:00 PM,25/06/2026 08:29:59 PM,0.001,0,A
ACCO_15e06beda2,NMI_df2d025267,DEVI_284a47f5e0,COMMS4D,06537#B1,Solar,25/06/2026 08:30:00 PM,25/06/2026 08:59:59 PM,0.002,0,A
ACCO_15e06beda2,NMI_df2d025267,DEVI_284a47f5e0,COMMS4D,06537#E1,Generalusage,25/06/2026 08:30:00 PM,25/06/2026 08:59:59 PM,0,0,A
ACCO_15e06beda2,NMI_df2d025267,DEVI_284a47f5e0,COMMS4D,06537#B1,Solar,25/06/2026 09:00:00 PM,25/06/2026 09:29:59 PM,0.003,0,A
ACCO_15e06beda2,NMI_df2d025267,DEVI_284a47f5e0,COMMS4D,06537#E1,Generalusage,25/06/2026 09:00:00 PM,25/06/2026 09:29:59 PM,0.001,0,A
ACCO_15e06beda2,NMI_df2d025267,DEVI_284a47f5e0,COMMS4D,06537#B1,Solar,25/06/2026 09:30:00 PM,25/06/2026 09:59:59 PM,0.002,0,A
ACCO_15e06beda2,NMI_df2d025267,DEVI_284a47f5e0,COMMS4D,06537#E1,Generalusage,25/06/2026 09:30:00 PM,25/06/2026 09:59:59 PM,0.001,0,A
ACCO_15e06beda2,NMI_df2d025267,DEVI_284a47f5e0,COMMS4D,06537#B1,Solar,25/06/2026 10:00:00 PM,25/06/2026 10:29:59 PM,0.003,0,A
ACCO_15e06beda2,NMI_df2d025267,DEVI_284a47f5e0,COMMS4D,06537#E1,Generalusage,25/06/2026 10:00:00 PM,25/06/2026 10:29:59 PM,0.001,0,A
ACCO_15e06beda2,NMI_df2d025267,DEVI_284a47f5e0,COMMS4D,06537#B1,Solar,25/06/2026 10:30:00 PM,25/06/2026 10:59:59 PM,0.003,0,A
ACCO_15e06beda2,NMI_df2d025267,DEVI_284a47f5e0,COMMS4D,06537#E1,Generalusage,25/06/2026 10:30:00 PM,25/06/2026 10:59:59 PM,0,0,A
ACCO_15e06beda2,NMI_df2d025267,DEVI_284a47f5e0,COMMS4D,06537#B1,Solar,25/06/2026 11:00:00 PM,25/06/2026 11:29:59 PM,0.003,0,A
ACCO_15e06beda2,NMI_df2d025267,DEVI_284a47f5e0,COMMS4D,06537#E1,Generalusage,25/06/2026 11:00:00 PM,25/06/2026 11:29:59 PM,0.001,0,A
ACCO_15e06beda2,NMI_df2d025267,DEVI_284a47f5e0,COMMS4D,06537#B1,Solar,25/06/2026 11:30:00 PM,25/06/2026 11:59:59 PM,0.001,0,A
ACCO_15e06beda2,NMI_df2d025267,DEVI_284a47f5e0,COMMS4D,06537#E1,Generalusage,25/06/2026 11:30:00 PM,25/06/2026 11:59:59 PM,0.001,0,A
ACCO_15e06beda2,NMI_df2d025267,DEVI_284a47f5e0,COMMS4D,06537#B1,Solar,26/06/2026 12:00:00 AM,26/06/2026 12:29:59 AM,0.003,0,A
ACCO_15e06beda2,NMI_df2d025267,DEVI_284a47f5e0,COMMS4D,06537#E1,Generalusage,26/06/2026 12:00:00 AM,26/06/2026 12:29:59 AM,0.001,0,A
ACCO_15e06beda2,NMI_df2d025267,DEVI_284a47f5e0,COMMS4D,06537#B1,Solar,26/06/2026 12:30:00 AM,26/06/2026 12:59:59 AM,0.002,0,A
ACCO_15e06beda2,NMI_df2d025267,DEVI_284a47f5e0,COMMS4D,06537#E1,Generalusage,26/06/2026 12:30:00 AM,26/06/2026 12:59:59 AM,0.001,0,A
ACCO_15e06beda2,NMI_df2d025267,DEVI_284a47f5e0,COMMS4D,06537#B1,Solar,26/06/2026 01:00:00 AM,26/06/2026 01:29:59 AM,0.002,0,A
ACCO_15e06beda2,NMI_df2d025267,DEVI_284a47f5e0,COMMS4D,06537#E1,Generalusage,26/06/2026 01:00:00 AM,26/06/2026 01:29:59 AM,0,0,A
ACCO_15e06beda2,NMI_df2d025267,DEVI_284a47f5e0,COMMS4D,06537#B1,Solar,26/06/2026 01:30:00 AM,26/06/2026 01:59:59 AM,0.001,0,A
ACCO_15e06beda2,NMI_df2d025267,DEVI_284a47f5e0,COMMS4D,06537#E1,Generalusage,26/06/2026 01:30:00 AM,26/06/2026 01:59:59 AM,0.002,0,A
ACCO_15e06beda2,NMI_df2d025267,DEVI_284a47f5e0,COMMS4D,06537#B1,Solar,26/06/2026 02:00:00 AM,26/06/2026 02:29:59 AM,0.002,0,A
ACCO_15e06beda2,NMI_df2d025267,DEVI_284a47f5e0,COMMS4D,06537#E1,Generalusage,26/06/2026 02:00:00 AM,26/06/2026 02:29:59 AM,0.001,0,A
ACCO_15e06beda2,NMI_df2d025267,DEVI_284a47f5e0,COMMS4D,06537#B1,Solar,26/06/2026 02:30:00 AM,26/06/2026 02:59:59 AM,0.002,0,A
ACCO_15e06beda2,NMI_df2d025267,DEVI_284a47f5e0,COMMS4D,06537#E1,Generalusage,26/06/2026 02:30:00 AM,26/06/2026 02:59:59 AM,0.001,0,A
ACCO_15e06beda2,NMI_df2d025267,DEVI_284a47f5e0,COMMS4D,06537#B1,Solar,26/06/2026 03:00:00 AM,26/06/2026 03:29:59 AM,0.001,0,A
ACCO_15e06beda2,NMI_df2d025267,DEVI_284a47f5e0,COMMS4D,06537#E1,Generalusage,26/06/2026 03:00:00 AM,26/06/2026 03:29:59 AM,0.002,0,A
ACCO_15e06beda2,NMI_df2d025267,DEVI_284a47f5e0,COMMS4D,06537#B1,Solar,26/06/2026 03:30:00 AM,26/06/2026 03:59:59 AM,0.001,0,A
ACCO_15e06beda2,NMI_df2d025267,DEVI_284a47f5e0,COMMS4D,06537#E1,Generalusage,26/06/2026 03:30:00 AM,26/06/2026 03:59:59 AM,0.002,0,A
ACCO_15e06beda2,NMI_df2d025267,DEVI_284a47f5e0,COMMS4D,06537#B1,Solar,26/06/2026 04:00:00 AM,26/06/2026 04:29:59 AM,0.001,0,A
ACCO_15e06beda2,NMI_df2d025267,DEVI_284a47f5e0,COMMS4D,06537#E1,Generalusage,26/06/2026 04:00:00 AM,26/06/2026 04:29:59 AM,0.002,0,A
ACCO_15e06beda2,NMI_df2d025267,DEVI_284a47f5e0,COMMS4D,06537#B1,Solar,26/06/2026 04:30:00 AM,26/06/2026 04:59:59 AM,0.001,0,A
ACCO_15e06beda2,NMI_df2d025267,DEVI_284a47f5e0,COMMS4D,06537#E1,Generalusage,26/06/2026 04:30:00 AM,26/06/2026 04:59:59 AM,0.001,0,A
ACCO_15e06beda2,NMI_df2d025267,DEVI_284a47f5e0,COMMS4D,06537#B1,Solar,26/06/2026 05:00:00 AM,26/06/2026 05:29:59 AM,0.002,0,A
ACCO_15e06beda2,NMI_df2d025267,DEVI_284a47f5e0,COMMS4D,06537#E1,Generalusage,26/06/2026 05:00:00 AM,26/06/2026 05:29:59 AM,0.002,0,A
ACCO_15e06beda2,NMI_df2d025267,DEVI_284a47f5e0,COMMS4D,06537#B1,Solar,26/06/2026 05:30:00 AM,26/06/2026 05:59:59 AM,0.001,0,A
ACCO_15e06beda2,NMI_df2d025267,DEVI_284a47f5e0,COMMS4D,06537#E1,Generalusage,26/06/2026 05:30:00 AM,26/06/2026 05:59:59 AM,0.001,0,A
ACCO_15e06beda2,NMI_df2d025267,DEVI_284a47f5e0,COMMS4D,06537#B1,Solar,26/06/2026 06:00:00 AM,26/06/2026 06:29:59 AM,0.002,0,A
ACCO_15e06beda2,NMI_df2d025267,DEVI_284a47f5e0,COMMS4D,06537#E1,Generalusage,26/06/2026 06:00:00 AM,26/06/2026 06:29:59 AM,0.001,0,A
ACCO_15e06beda2,NMI_df2d025267,DEVI_284a47f5e0,COMMS4D,06537#B1,Solar,26/06/2026 06:30:00 AM,26/06/2026 06:59:59 AM,0.002,0,A
ACCO_15e06beda2,NMI_df2d025267,DEVI_284a47f5e0,COMMS4D,06537#E1,Generalusage,26/06/2026 06:30:00 AM,26/06/2026 06:59:59 AM,0.001,0,A
ACCO_15e06beda2,NMI_df2d025267,DEVI_284a47f5e0,COMMS4D,06537#B1,Solar,26/06/2026 07:00:00 AM,26/06/2026 07:29:59 AM,0.003,0,A
ACCO_15e06beda2,NMI_df2d025267,DEVI_284a47f5e0,COMMS4D,06537#E1,Generalusage,26/06/2026 07:00:00 AM,26/06/2026 07:29:59 AM,0.001,0,A
ACCO_15e06beda2,NMI_df2d025267,DEVI_284a47f5e0,COMMS4D,06537#B1,Solar,26/06/2026 07:30:00 AM,26/06/2026 07:59:59 AM,0.003,0,A
ACCO_15e06beda2,NMI_df2d025267,DEVI_284a47f5e0,COMMS4D,06537#E1,Generalusage,26/06/2026 07:30:00 AM,26/06/2026 07:59:59 AM,0.033,0,A
ACCO_15e06beda2,NMI_df2d025267,DEVI_284a47f5e0,COMMS4D,06537#B1,Solar,26/06/2026 08:00:00 AM,26/06/2026 08:29:59 AM,0.003,0,A
ACCO_15e06beda2,NMI_df2d025267,DEVI_284a47f5e0,COMMS4D,06537#E1,Generalusage,26/06/2026 08:00:00 AM,26/06/2026 08:29:59 AM,0.001,0,A
ACCO_15e06beda2,NMI_df2d025267,DEVI_284a47f5e0,COMMS4D,06537#B1,Solar,26/06/2026 08:30:00 AM,26/06/2026 08:59:59 AM,0.003,0,A
ACCO_15e06beda2,NMI_df2d025267,DEVI_284a47f5e0,COMMS4D,06537#E1,Generalusage,26/06/2026 08:30:00 AM,26/06/2026 08:59:59 AM,0.001,0,A
ACCO_15e06beda2,NMI_df2d025267,DEVI_284a47f5e0,COMMS4D,06537#B1,Solar,26/06/2026 09:00:00 AM,26/06/2026 09:29:59 AM,0.002,0,A
ACCO_15e06beda2,NMI_df2d025267,DEVI_284a47f5e0,COMMS4D,06537#E1,Generalusage,26/06/2026 09:00:00 AM,26/06/2026 09:29:59 AM,0,0,A
ACCO_15e06beda2,NMI_df2d025267,DEVI_284a47f5e0,COMMS4D,06537#B1,Solar,26/06/2026 09:30:00 AM,26/06/2026 09:59:59 AM,0.003,0,A
ACCO_15e06beda2,NMI_df2d025267,DEVI_284a47f5e0,COMMS4D,06537#E1,Generalusage,26/06/2026 09:30:00 AM,26/06/2026 09:59:59 AM,0.001,0,A
ACCO_15e06beda2,NMI_df2d025267,DEVI_284a47f5e0,COMMS4D,06537#B1,Solar,26/06/2026 10:00:00 AM,26/06/2026 10:29:59 AM,0.002,0,A
ACCO_15e06beda2,NMI_df2d025267,DEVI_284a47f5e0,COMMS4D,06537#E1,Generalusage,26/06/2026 10:00:00 AM,26/06/2026 10:29:59 AM,0.001,0,A
ACCO_15e06beda2,NMI_df2d025267,DEVI_284a47f5e0,COMMS4D,06537#B1,Solar,26/06/2026 10:30:00 AM,26/06/2026 10:59:59 AM,0.002,0,A
ACCO_15e06beda2,NMI_df2d025267,DEVI_284a47f5e0,COMMS4D,06537#E1,Generalusage,26/06/2026 10:30:00 AM,26/06/2026 10:59:59 AM,0.001,0,A
ACCO_15e06beda2,NMI_df2d025267,DEVI_284a47f5e0,COMMS4D,06537#B1,Solar,26/06/2026 11:00:00 AM,26/06/2026 11:29:59 AM,0.003,0,A
ACCO_15e06beda2,NMI_df2d025267,DEVI_284a47f5e0,COMMS4D,06537#E1,Generalusage,26/06/2026 11:00:00 AM,26/06/2026 11:29:59 AM,0,0,A
ACCO_15e06beda2,NMI_df2d025267,DEVI_284a47f5e0,COMMS4D,06537#B1,Solar,26/06/2026 11:30:00 AM,26/06/2026 11:59:59 AM,0.003,0,A
ACCO_15e06beda2,NMI_df2d025267,DEVI_284a47f5e0,COMMS4D,06537#E1,Generalusage,26/06/2026 11:30:00 AM,26/06/2026 11:59:59 AM,0.001,0,A
ACCO_15e06beda2,NMI_df2d025267,DEVI_284a47f5e0,COMMS4D,06537#B1,Solar,26/06/2026 12:00:00 PM,26/06/2026 12:29:59 PM,0.003,0,A
ACCO_15e06beda2,NMI_df2d025267,DEVI_284a47f5e0,COMMS4D,06537#E1,Generalusage,26/06/2026 12:00:00 PM,26/06/2026 12:29:59 PM,0.001,0,A
ACCO_15e06beda2,NMI_df2d025267,DEVI_284a47f5e0,COMMS4D,06537#B1,Solar,26/06/2026 12:30:00 PM,26/06/2026 12:59:59 PM,0.003,0,A
ACCO_15e06beda2,NMI_df2d025267,DEVI_284a47f5e0,COMMS4D,06537#E1,Generalusage,26/06/2026 12:30:00 PM,26/06/2026 12:59:59 PM,0.001,0,A
ACCO_15e06beda2,NMI_df2d025267,DEVI_284a47f5e0,COMMS4D,06537#B1,Solar,26/06/2026 01:00:00 PM,26/06/2026 01:29:59 PM,0.003,0,A
ACCO_15e06beda2,NMI_df2d025267,DEVI_284a47f5e0,COMMS4D,06537#E1,Generalusage,26/06/2026 01:00:00 PM,26/06/2026 01:29:59 PM,0,0,A
ACCO_15e06beda2,NMI_df2d025267,DEVI_284a47f5e0,COMMS4D,06537#B1,Solar,26/06/2026 01:30:00 PM,26/06/2026 01:59:59 PM,0.004,0,A
ACCO_15e06beda2,NMI_df2d025267,DEVI_284a47f5e0,COMMS4D,06537#E1,Generalusage,26/06/2026 01:30:00 PM,26/06/2026 01:59:59 PM,0.001,0,A
ACCO_15e06beda2,NMI_df2d025267,DEVI_284a47f5e0,COMMS4D,06537#B1,Solar,26/06/2026 02:00:00 PM,26/06/2026 02:29:59 PM,0.003,0,A
ACCO_15e06beda2,NMI_df2d025267,DEVI_284a47f5e0,COMMS4D,06537#E1,Generalusage,26/06/2026 02:00:00 PM,26/06/2026 02:29:59 PM,0,0,A
ACCO_15e06beda2,NMI_df2d025267,DEVI_284a47f5e0,COMMS4D,06537#B1,Solar,26/06/2026 02:30:00 PM,26/06/2026 02:59:59 PM,0.003,0,A
ACCO_15e06beda2,NMI_df2d025267,DEVI_284a47f5e0,COMMS4D,06537#E1,Generalusage,26/06/2026 02:30:00 PM,26/06/2026 02:59:59 PM,0.002,0,A
ACCO_15e06beda2,NMI_df2d025267,DEVI_284a47f5e0,COMMS4D,06537#B1,Solar,26/06/2026 03:00:00 PM,26/06/2026 03:29:59 PM,0.002,0,A
ACCO_15e06beda2,NMI_df2d025267,DEVI_284a47f5e0,COMMS4D,06537#E1,Generalusage,26/06/2026 03:00:00 PM,26/06/2026 03:29:59 PM,0.001,0,A
ACCO_15e06beda2,NMI_df2d025267,DEVI_284a47f5e0,COMMS4D,06537#B1,Solar,26/06/2026 03:30:00 PM,26/06/2026 03:59:59 PM,0.002,0,A
ACCO_15e06beda2,NMI_df2d025267,DEVI_284a47f5e0,COMMS4D,06537#E1,Generalusage,26/06/2026 03:30:00 PM,26/06/2026 03:59:59 PM,0.001,0,A
ACCO_15e06beda2,NMI_df2d025267,DEVI_284a47f5e0,COMMS4D,06537#B1,Solar,26/06/2026 04:00:00 PM,26/06/2026 04:29:59 PM,0.002,0,A
ACCO_15e06beda2,NMI_df2d025267,DEVI_284a47f5e0,COMMS4D,06537#E1,Generalusage,26/06/2026 04:00:00 PM,26/06/2026 04:29:59 PM,0.001,0,A
ACCO_15e06beda2,NMI_df2d025267,DEVI_284a47f5e0,COMMS4D,06537#B1,Solar,26/06/2026 04:30:00 PM,26/06/2026 04:59:59 PM,0.002,0,A
ACCO_15e06beda2,NMI_df2d025267,DEVI_284a47f5e0,COMMS4D,06537#E1,Generalusage,26/06/2026 04:30:00 PM,26/06/2026 04:59:59 PM,0.002,0,A
ACCO_15e06beda2,NMI_df2d025267,DEVI_284a47f5e0,COMMS4D,06537#B1,Solar,26/06/2026 05:00:00 PM,26/06/2026 05:29:59 PM,0.004,0,A
ACCO_15e06beda2,NMI_df2d025267,DEVI_284a47f5e0,COMMS4D,06537#E1,Generalusage,26/06/2026 05:00:00 PM,26/06/2026 05:29:59 PM,0,0,A
ACCO_15e06beda2,NMI_df2d025267,DEVI_284a47f5e0,COMMS4D,06537#B1,Solar,26/06/2026 05:30:00 PM,26/06/2026 05:59:59 PM,0.002,0,A
ACCO_15e06beda2,NMI_df2d025267,DEVI_284a47f5e0,COMMS4D,06537#E1,Generalusage,26/06/2026 05:30:00 PM,26/06/2026 05:59:59 PM,0.001,0,A
ACCO_15e06beda2,NMI_df2d025267,DEVI_284a47f5e0,COMMS4D,06537#B1,Solar,26/06/2026 06:00:00 PM,26/06/2026 06:29:59 PM,0.003,0,A
ACCO_15e06beda2,NMI_df2d025267,DEVI_284a47f5e0,COMMS4D,06537#E1,Generalusage,26/06/2026 06:00:00 PM,26/06/2026 06:29:59 PM,0.001,0,A
ACCO_15e06beda2,NMI_df2d025267,DEVI_284a47f5e0,COMMS4D,06537#B1,Solar,26/06/2026 06:30:00 PM,26/06/2026 06:59:59 PM,0.003,0,A
ACCO_15e06beda2,NMI_df2d025267,DEVI_284a47f5e0,COMMS4D,06537#E1,Generalusage,26/06/2026 06:30:00 PM,26/06/2026 06:59:59 PM,0.001,0,A
ACCO_15e06beda2,NMI_df2d025267,DEVI_284a47f5e0,COMMS4D,06537#B1,Solar,26/06/2026 07:00:00 PM,26/06/2026 07:29:59 PM,0.003,0,A
ACCO_15e06beda2,NMI_df2d025267,DEVI_284a47f5e0,COMMS4D,06537#E1,Generalusage,26/06/2026 07:00:00 PM,26/06/2026 07:29:59 PM,0.002,0,A
ACCO_15e06beda2,NMI_df2d025267,DEVI_284a47f5e0,COMMS4D,06537#B1,Solar,26/06/2026 07:30:00 PM,26/06/2026 07:59:59 PM,0.003,0,A
ACCO_15e06beda2,NMI_df2d025267,DEVI_284a47f5e0,COMMS4D,06537#E1,Generalusage,26/06/2026 07:30:00 PM,26/06/2026 07:59:59 PM,0.001,0,A
ACCO_15e06beda2,NMI_df2d025267,DEVI_284a47f5e0,COMMS4D,06537#B1,Solar,26/06/2026 08:00:00 PM,26/06/2026 08:29:59 PM,0.002,0,A
ACCO_15e06beda2,NMI_df2d025267,DEVI_284a47f5e0,COMMS4D,06537#E1,Generalusage,26/06/2026 08:00:00 PM,26/06/2026 08:29:59 PM,0.001,0,A
ACCO_15e06beda2,NMI_df2d025267,DEVI_284a47f5e0,COMMS4D,06537#B1,Solar,26/06/2026 08:30:00 PM,26/06/2026 08:59:59 PM,0.004,0,A
ACCO_15e06beda2,NMI_df2d025267,DEVI_284a47f5e0,COMMS4D,06537#E1,Generalusage,26/06/2026 08:30:00 PM,26/06/2026 08:59:59 PM,0.001,0,A
ACCO_15e06beda2,NMI_df2d025267,DEVI_284a47f5e0,COMMS4D,06537#B1,Solar,26/06/2026 09:00:00 PM,26/06/2026 09:29:59 PM,0.003,0,A
ACCO_15e06beda2,NMI_df2d025267,DEVI_284a47f5e0,COMMS4D,06537#E1,Generalusage,26/06/2026 09:00:00 PM,26/06/2026 09:29:59 PM,0.001,0,A
ACCO_15e06beda2,NMI_df2d025267,DEVI_284a47f5e0,COMMS4D,06537#B1,Solar,26/06/2026 09:30:00 PM,26/06/2026 09:59:59 PM,0.003,0,A
ACCO_15e06beda2,NMI_df2d025267,DEVI_284a47f5e0,COMMS4D,06537#E1,Generalusage,26/06/2026 09:30:00 PM,26/06/2026 09:59:59 PM,0.001,0,A
ACCO_15e06beda2,NMI_df2d025267,DEVI_284a47f5e0,COMMS4D,06537#B1,Solar,26/06/2026 10:00:00 PM,26/06/2026 10:29:59 PM,0.002,0,A
ACCO_15e06beda2,NMI_df2d025267,DEVI_284a47f5e0,COMMS4D,06537#E1,Generalusage,26/06/2026 10:00:00 PM,26/06/2026 10:29:59 PM,0.001,0,A
ACCO_15e06beda2,NMI_df2d025267,DEVI_284a47f5e0,COMMS4D,06537#B1,Solar,26/06/2026 10:30:00 PM,26/06/2026 10:59:59 PM,0.002,0,A
ACCO_15e06beda2,NMI_df2d025267,DEVI_284a47f5e0,COMMS4D,06537#E1,Generalusage,26/06/2026 10:30:00 PM,26/06/2026 10:59:59 PM,0,0,A
ACCO_15e06beda2,NMI_df2d025267,DEVI_284a47f5e0,COMMS4D,06537#B1,Solar,26/06/2026 11:00:00 PM,26/06/2026 11:29:59 PM,0.002,0,A
ACCO_15e06beda2,NMI_df2d025267,DEVI_284a47f5e0,COMMS4D,06537#E1,Generalusage,26/06/2026 11:00:00 PM,26/06/2026 11:29:59 PM,0.001,0,A
ACCO_15e06beda2,NMI_df2d025267,DEVI_284a47f5e0,COMMS4D,06537#B1,Solar,26/06/2026 11:30:00 PM,26/06/2026 11:59:59 PM,0.002,0,A
ACCO_15e06beda2,NMI_df2d025267,DEVI_284a47f5e0,COMMS4D,06537#E1,Generalusage,26/06/2026 11:30:00 PM,26/06/2026 11:59:59 PM,0,0,A
ACCO_15e06beda2,NMI_df2d025267,DEVI_284a47f5e0,COMMS4D,06537#B1,Solar,27/06/2026 12:00:00 AM,27/06/2026 12:29:59 AM,0.002,0,A
ACCO_15e06beda2,NMI_df2d025267,DEVI_284a47f5e0,COMMS4D,06537#E1,Generalusage,27/06/2026 12:00:00 AM,27/06/2026 12:29:59 AM,0.001,0,A
ACCO_15e06beda2,NMI_df2d025267,DEVI_284a47f5e0,COMMS4D,06537#B1,Solar,27/06/2026 12:30:00 AM,27/06/2026 12:59:59 AM,0.002,0,A
ACCO_15e06beda2,NMI_df2d025267,DEVI_284a47f5e0,COMMS4D,06537#E1,Generalusage,27/06/2026 12:30:00 AM,27/06/2026 12:59:59 AM,0,0,A
ACCO_15e06beda2,NMI_df2d025267,DEVI_284a47f5e0,COMMS4D,06537#B1,Solar,27/06/2026 01:00:00 AM,27/06/2026 01:29:59 AM,0.002,0,A
ACCO_15e06beda2,NMI_df2d025267,DEVI_284a47f5e0,COMMS4D,06537#E1,Generalusage,27/06/2026 01:00:00 AM,27/06/2026 01:29:59 AM,0.001,0,A
ACCO_15e06beda2,NMI_df2d025267,DEVI_284a47f5e0,COMMS4D,06537#B1,Solar,27/06/2026 01:30:00 AM,27/06/2026 01:59:59 AM,0.001,0,A
ACCO_15e06beda2,NMI_df2d025267,DEVI_284a47f5e0,COMMS4D,06537#E1,Generalusage,27/06/2026 01:30:00 AM,27/06/2026 01:59:59 AM,0,0,A
ACCO_15e06beda2,NMI_df2d025267,DEVI_284a47f5e0,COMMS4D,06537#B1,Solar,27/06/2026 02:00:00 AM,27/06/2026 02:29:59 AM,0.002,0,A
ACCO_15e06beda2,NMI_df2d025267,DEVI_284a47f5e0,COMMS4D,06537#E1,Generalusage,27/06/2026 02:00:00 AM,27/06/2026 02:29:59 AM,0.001,0,A
ACCO_15e06beda2,NMI_df2d025267,DEVI_284a47f5e0,COMMS4D,06537#B1,Solar,27/06/2026 02:30:00 AM,27/06/2026 02:59:59 AM,0.002,0,A
ACCO_15e06beda2,NMI_df2d025267,DEVI_284a47f5e0,COMMS4D,06537#E1,Generalusage,27/06/2026 02:30:00 AM,27/06/2026 02:59:59 AM,0.001,0,A
ACCO_15e06beda2,NMI_df2d025267,DEVI_284a47f5e0,COMMS4D,06537#B1,Solar,27/06/2026 03:00:00 AM,27/06/2026 03:29:59 AM,0.002,0,A
ACCO_15e06beda2,NMI_df2d025267,DEVI_284a47f5e0,COMMS4D,06537#E1,Generalusage,27/06/2026 03:00:00 AM,27/06/2026 03:29:59 AM,0,0,A
ACCO_15e06beda2,NMI_df2d025267,DEVI_284a47f5e0,COMMS4D,06537#B1,Solar,27/06/2026 03:30:00 AM,27/06/2026 03:59:59 AM,0.002,0,A
ACCO_15e06beda2,NMI_df2d025267,DEVI_284a47f5e0,COMMS4D,06537#E1,Generalusage,27/06/2026 03:30:00 AM,27/06/2026 03:59:59 AM,0.001,0,A
ACCO_15e06beda2,NMI_df2d025267,DEVI_284a47f5e0,COMMS4D,06537#B1,Solar,27/06/2026 04:00:00 AM,27/06/2026 04:29:59 AM,0.002,0,A
ACCO_15e06beda2,NMI_df2d025267,DEVI_284a47f5e0,COMMS4D,06537#E1,Generalusage,27/06/2026 04:00:00 AM,27/06/2026 04:29:59 AM,0,0,A
ACCO_15e06beda2,NMI_df2d025267,DEVI_284a47f5e0,COMMS4D,06537#B1,Solar,27/06/2026 04:30:00 AM,27/06/2026 04:59:59 AM,0.002,0,A
ACCO_15e06beda2,NMI_df2d025267,DEVI_284a47f5e0,COMMS4D,06537#E1,Generalusage,27/06/2026 04:30:00 AM,27/06/2026 04:59:59 AM,0.001,0,A
ACCO_15e06beda2,NMI_df2d025267,DEVI_284a47f5e0,COMMS4D,06537#B1,Solar,27/06/2026 05:00:00 AM,27/06/2026 05:29:59 AM,0.001,0,A
ACCO_15e06beda2,NMI_df2d025267,DEVI_284a47f5e0,COMMS4D,06537#E1,Generalusage,27/06/2026 05:00:00 AM,27/06/2026 05:29:59 AM,0,0,A
ACCO_15e06beda2,NMI_df2d025267,DEVI_284a47f5e0,COMMS4D,06537#B1,Solar,27/06/2026 05:30:00 AM,27/06/2026 05:59:59 AM,0.003,0,A
ACCO_15e06beda2,NMI_df2d025267,DEVI_284a47f5e0,COMMS4D,06537#E1,Generalusage,27/06/2026 05:30:00 AM,27/06/2026 05:59:59 AM,0.001,0,A
ACCO_15e06beda2,NMI_df2d025267,DEVI_284a47f5e0,COMMS4D,06537#B1,Solar,27/06/2026 06:00:00 AM,27/06/2026 06:29:59 AM,0.002,0,A
ACCO_15e06beda2,NMI_df2d025267,DEVI_284a47f5e0,COMMS4D,06537#E1,Generalusage,27/06/2026 06:00:00 AM,27/06/2026 06:29:59 AM,0.001,0,A
ACCO_15e06beda2,NMI_df2d025267,DEVI_284a47f5e0,COMMS4D,06537#B1,Solar,27/06/2026 06:30:00 AM,27/06/2026 06:59:59 AM,0.002,0,A
ACCO_15e06beda2,NMI_df2d025267,DEVI_284a47f5e0,COMMS4D,06537#E1,Generalusage,27/06/2026 06:30:00 AM,27/06/2026 06:59:59 AM,0,0,A
ACCO_15e06beda2,NMI_df2d025267,DEVI_284a47f5e0,COMMS4D,06537#B1,Solar,27/06/2026 07:00:00 AM,27/06/2026 07:29:59 AM,0.002,0,A
ACCO_15e06beda2,NMI_df2d025267,DEVI_284a47f5e0,COMMS4D,06537#E1,Generalusage,27/06/2026 07:00:00 AM,27/06/2026 07:29:59 AM,0.001,0,A
ACCO_15e06beda2,NMI_df2d025267,DEVI_284a47f5e0,COMMS4D,06537#B1,Solar,27/06/2026 07:30:00 AM,27/06/2026 07:59:59 AM,0.002,0,A
ACCO_15e06beda2,NMI_df2d025267,DEVI_284a47f5e0,COMMS4D,06537#E1,Generalusage,27/06/2026 07:30:00 AM,27/06/2026 07:59:59 AM,0,0,A
ACCO_15e06beda2,NMI_df2d025267,DEVI_284a47f5e0,COMMS4D,06537#B1,Solar,27/06/2026 08:00:00 AM,27/06/2026 08:29:59 AM,0.001,0,A
ACCO_15e06beda2,NMI_df2d025267,DEVI_284a47f5e0,COMMS4D,06537#E1,Generalusage,27/06/2026 08:00:00 AM,27/06/2026 08:29:59 AM,0.001,0,A
ACCO_15e06beda2,NMI_df2d025267,DEVI_284a47f5e0,COMMS4D,06537#B1,Solar,27/06/2026 08:30:00 AM,27/06/2026 08:59:59 AM,0.002,0,A
ACCO_15e06beda2,NMI_df2d025267,DEVI_284a47f5e0,COMMS4D,06537#E1,Generalusage,27/06/2026 08:30:00 AM,27/06/2026 08:59:59 AM,0.001,0,A
ACCO_15e06beda2,NMI_df2d025267,DEVI_284a47f5e0,COMMS4D,06537#B1,Solar,27/06/2026 09:00:00 AM,27/06/2026 09:29:59 AM,0.002,0,A
ACCO_15e06beda2,NMI_df2d025267,DEVI_284a47f5e0,COMMS4D,06537#E1,Generalusage,27/06/2026 09:00:00 AM,27/06/2026 09:29:59 AM,0,0,A
ACCO_15e06beda2,NMI_df2d025267,DEVI_284a47f5e0,COMMS4D,06537#B1,Solar,27/06/2026 09:30:00 AM,27/06/2026 09:59:59 AM,0.002,0,A
ACCO_15e06beda2,NMI_df2d025267,DEVI_284a47f5e0,COMMS4D,06537#E1,Generalusage,27/06/2026 09:30:00 AM,27/06/2026 09:59:59 AM,0.001,0,A
ACCO_15e06beda2,NMI_df2d025267,DEVI_284a47f5e0,COMMS4D,06537#B1,Solar,27/06/2026 10:00:00 AM,27/06/2026 10:29:59 AM,0.002,0,A
ACCO_15e06beda2,NMI_df2d025267,DEVI_284a47f5e0,COMMS4D,06537#E1,Generalusage,27/06/2026 10:00:00 AM,27/06/2026 10:29:59 AM,0,0,A
ACCO_15e06beda2,NMI_df2d025267,DEVI_284a47f5e0,COMMS4D,06537#B1,Solar,27/06/2026 10:30:00 AM,27/06/2026 10:59:59 AM,0.001,0,A
ACCO_15e06beda2,NMI_df2d025267,DEVI_284a47f5e0,COMMS4D,06537#E1,Generalusage,27/06/2026 10:30:00 AM,27/06/2026 10:59:59 AM,0.001,0,A
ACCO_15e06beda2,NMI_df2d025267,DEVI_284a47f5e0,COMMS4D,06537#B1,Solar,27/06/2026 11:00:00 AM,27/06/2026 11:29:59 AM,0.002,0,A
ACCO_15e06beda2,NMI_df2d025267,DEVI_284a47f5e0,COMMS4D,06537#E1,Generalusage,27/06/2026 11:00:00 AM,27/06/2026 11:29:59 AM,0,0,A
ACCO_15e06beda2,NMI_df2d025267,DEVI_284a47f5e0,COMMS4D,06537#B1,Solar,27/06/2026 11:30:00 AM,27/06/2026 11:59:59 AM,0.002,0,A
ACCO_15e06beda2,NMI_df2d025267,DEVI_284a47f5e0,COMMS4D,06537#E1,Generalusage,27/06/2026 11:30:00 AM,27/06/2026 11:59:59 AM,0.001,0,A
ACCO_15e06beda2,NMI_df2d025267,DEVI_284a47f5e0,COMMS4D,06537#B1,Solar,27/06/2026 12:00:00 PM,27/06/2026 12:29:59 PM,0.002,0,A
ACCO_15e06beda2,NMI_df2d025267,DEVI_284a47f5e0,COMMS4D,06537#E1,Generalusage,27/06/2026 12:00:00 PM,27/06/2026 12:29:59 PM,0,0,A
ACCO_15e06beda2,NMI_df2d025267,DEVI_284a47f5e0,COMMS4D,06537#B1,Solar,27/06/2026 12:30:00 PM,27/06/2026 12:59:59 PM,0.002,0,A
ACCO_15e06beda2,NMI_df2d025267,DEVI_284a47f5e0,COMMS4D,06537#E1,Generalusage,27/06/2026 12:30:00 PM,27/06/2026 12:59:59 PM,0.001,0,A
ACCO_15e06beda2,NMI_df2d025267,DEVI_284a47f5e0,COMMS4D,06537#B1,Solar,27/06/2026 01:00:00 PM,27/06/2026 01:29:59 PM,0.001,0,A
ACCO_15e06beda2,NMI_df2d025267,DEVI_284a47f5e0,COMMS4D,06537#E1,Generalusage,27/06/2026 01:00:00 PM,27/06/2026 01:29:59 PM,0,0,A
ACCO_15e06beda2,NMI_df2d025267,DEVI_284a47f5e0,COMMS4D,06537#B1,Solar,27/06/2026 01:30:00 PM,27/06/2026 01:59:59 PM,0.002,0,A
ACCO_15e06beda2,NMI_df2d025267,DEVI_284a47f5e0,COMMS4D,06537#E1,Generalusage,27/06/2026 01:30:00 PM,27/06/2026 01:59:59 PM,0.001,0,A
ACCO_15e06beda2,NMI_df2d025267,DEVI_284a47f5e0,COMMS4D,06537#B1,Solar,27/06/2026 02:00:00 PM,27/06/2026 02:29:59 PM,0.002,0,A
ACCO_15e06beda2,NMI_df2d025267,DEVI_284a47f5e0,COMMS4D,06537#E1,Generalusage,27/06/2026 02:00:00 PM,27/06/2026 02:29:59 PM,0.001,0,A
ACCO_15e06beda2,NMI_df2d025267,DEVI_284a47f5e0,COMMS4D,06537#B1,Solar,27/06/2026 02:30:00 PM,27/06/2026 02:59:59 PM,0.002,0,A
ACCO_15e06beda2,NMI_df2d025267,DEVI_284a47f5e0,COMMS4D,06537#E1,Generalusage,27/06/2026 02:30:00 PM,27/06/2026 02:59:59 PM,0,0,A
ACCO_15e06beda2,NMI_df2d025267,DEVI_284a47f5e0,COMMS4D,06537#B1,Solar,27/06/2026 03:00:00 PM,27/06/2026 03:29:59 PM,0.001,0,A
ACCO_15e06beda2,NMI_df2d025267,DEVI_284a47f5e0,COMMS4D,06537#E1,Generalusage,27/06/2026 03:00:00 PM,27/06/2026 03:29:59 PM,0.001,0,A
ACCO_15e06beda2,NMI_df2d025267,DEVI_284a47f5e0,COMMS4D,06537#B1,Solar,27/06/2026 03:30:00 PM,27/06/2026 03:59:59 PM,0.002,0,A
ACCO_15e06beda2,NMI_df2d025267,DEVI_284a47f5e0,COMMS4D,06537#E1,Generalusage,27/06/2026 03:30:00 PM,27/06/2026 03:59:59 PM,0,0,A
ACCO_15e06beda2,NMI_df2d025267,DEVI_284a47f5e0,COMMS4D,06537#B1,Solar,27/06/2026 04:00:00 PM,27/06/2026 04:29:59 PM,0.002,0,A
ACCO_15e06beda2,NMI_df2d025267,DEVI_284a47f5e0,COMMS4D,06537#E1,Generalusage,27/06/2026 04:00:00 PM,27/06/2026 04:29:59 PM,0.001,0,A
ACCO_15e06beda2,NMI_df2d025267,DEVI_284a47f5e0,COMMS4D,06537#B1,Solar,27/06/2026 04:30:00 PM,27/06/2026 04:59:59 PM,0.002,0,A
ACCO_15e06beda2,NMI_df2d025267,DEVI_284a47f5e0,COMMS4D,06537#E1,Generalusage,27/06/2026 04:30:00 PM,27/06/2026 04:59:59 PM,0,0,A
ACCO_15e06beda2,NMI_df2d025267,DEVI_284a47f5e0,COMMS4D,06537#B1,Solar,27/06/2026 05:00:00 PM,27/06/2026 05:29:59 PM,0.002,0,A
ACCO_15e06beda2,NMI_df2d025267,DEVI_284a47f5e0,COMMS4D,06537#E1,Generalusage,27/06/2026 05:00:00 PM,27/06/2026 05:29:59 PM,0.001,0,A
ACCO_15e06beda2,NMI_df2d025267,DEVI_284a47f5e0,COMMS4D,06537#B1,Solar,27/06/2026 05:30:00 PM,27/06/2026 05:59:59 PM,0.002,0,A
ACCO_15e06beda2,NMI_df2d025267,DEVI_284a47f5e0,COMMS4D,06537#E1,Generalusage,27/06/2026 05:30:00 PM,27/06/2026 05:59:59 PM,0.001,0,A
ACCO_15e06beda2,NMI_df2d025267,DEVI_284a47f5e0,COMMS4D,06537#B1,Solar,27/06/2026 06:00:00 PM,27/06/2026 06:29:59 PM,0.001,0,A
ACCO_15e06beda2,NMI_df2d025267,DEVI_284a47f5e0,COMMS4D,06537#E1,Generalusage,27/06/2026 06:00:00 PM,27/06/2026 06:29:59 PM,0,0,A
ACCO_15e06beda2,NMI_df2d025267,DEVI_284a47f5e0,COMMS4D,06537#B1,Solar,27/06/2026 06:30:00 PM,27/06/2026 06:59:59 PM,0.002,0,A
ACCO_15e06beda2,NMI_df2d025267,DEVI_284a47f5e0,COMMS4D,06537#E1,Generalusage,27/06/2026 06:30:00 PM,27/06/2026 06:59:59 PM,0.001,0,A
ACCO_15e06beda2,NMI_df2d025267,DEVI_284a47f5e0,COMMS4D,06537#B1,Solar,27/06/2026 07:00:00 PM,27/06/2026 07:29:59 PM,0.002,0,A
ACCO_15e06beda2,NMI_df2d025267,DEVI_284a47f5e0,COMMS4D,06537#E1,Generalusage,27/06/2026 07:00:00 PM,27/06/2026 07:29:59 PM,0,0,A
ACCO_15e06beda2,NMI_df2d025267,DEVI_284a47f5e0,COMMS4D,06537#B1,Solar,27/06/2026 07:30:00 PM,27/06/2026 07:59:59 PM,0.002,0,A
ACCO_15e06beda2,NMI_df2d025267,DEVI_284a47f5e0,COMMS4D,06537#E1,Generalusage,27/06/2026 07:30:00 PM,27/06/2026 07:59:59 PM,0.001,0,A
ACCO_15e06beda2,NMI_df2d025267,DEVI_284a47f5e0,COMMS4D,06537#B1,Solar,27/06/2026 08:00:00 PM,27/06/2026 08:29:59 PM,0.001,0,A
ACCO_15e06beda2,NMI_df2d025267,DEVI_284a47f5e0,COMMS4D,06537#E1,Generalusage,27/06/2026 08:00:00 PM,27/06/2026 08:29:59 PM,0,0,A
ACCO_15e06beda2,NMI_df2d025267,DEVI_284a47f5e0,COMMS4D,06537#B1,Solar,27/06/2026 08:30:00 PM,27/06/2026 08:59:59 PM,0.002,0,A
ACCO_15e06beda2,NMI_df2d025267,DEVI_284a47f5e0,COMMS4D,06537#E1,Generalusage,27/06/2026 08:30:00 PM,27/06/2026 08:59:59 PM,0.001,0,A
ACCO_15e06beda2,NMI_df2d025267,DEVI_284a47f5e0,COMMS4D,06537#B1,Solar,27/06/2026 09:00:00 PM,27/06/2026 09:29:59 PM,0.002,0,A
ACCO_15e06beda2,NMI_df2d025267,DEVI_284a47f5e0,COMMS4D,06537#E1,Generalusage,27/06/2026 09:00:00 PM,27/06/2026 09:29:59 PM,0.001,0,A
ACCO_15e06beda2,NMI_df2d025267,DEVI_284a47f5e0,COMMS4D,06537#B1,Solar,27/06/2026 09:30:00 PM,27/06/2026 09:59:59 PM,0.002,0,A
ACCO_15e06beda2,NMI_df2d025267,DEVI_284a47f5e0,COMMS4D,06537#E1,Generalusage,27/06/2026 09:30:00 PM,27/06/2026 09:59:59 PM,0,0,A
ACCO_15e06beda2,NMI_df2d025267,DEVI_284a47f5e0,COMMS4D,06537#B1,Solar,27/06/2026 10:00:00 PM,27/06/2026 10:29:59 PM,0.002,0,A
ACCO_15e06beda2,NMI_df2d025267,DEVI_284a47f5e0,COMMS4D,06537#E1,Generalusage,27/06/2026 10:00:00 PM,27/06/2026 10:29:59 PM,0.001,0,A
ACCO_15e06beda2,NMI_df2d025267,DEVI_284a47f5e0,COMMS4D,06537#B1,Solar,27/06/2026 10:30:00 PM,27/06/2026 10:59:59 PM,0.001,0,A
ACCO_15e06beda2,NMI_df2d025267,DEVI_284a47f5e0,COMMS4D,06537#E1,Generalusage,27/06/2026 10:30:00 PM,27/06/2026 10:59:59 PM,0,0,A
ACCO_15e06beda2,NMI_df2d025267,DEVI_284a47f5e0,COMMS4D,06537#B1,Solar,27/06/2026 11:00:00 PM,27/06/2026 11:29:59 PM,0.002,0,A
ACCO_15e06beda2,NMI_df2d025267,DEVI_284a47f5e0,COMMS4D,06537#E1,Generalusage,27/06/2026 11:00:00 PM,27/06/2026 11:29:59 PM,0.001,0,A
ACCO_15e06beda2,NMI_df2d025267,DEVI_284a47f5e0,COMMS4D,06537#B1,Solar,27/06/2026 11:30:00 PM,27/06/2026 11:59:59 PM,0.002,0,A
ACCO_15e06beda2,NMI_df2d025267,DEVI_284a47f5e0,COMMS4D,06537#E1,Generalusage,27/06/2026 11:30:00 PM,27/06/2026 11:59:59 PM,0,0,A
ACCO_15e06beda2,NMI_df2d025267,DEVI_284a47f5e0,COMMS4D,06537#B1,Solar,28/06/2026 12:00:00 AM,28/06/2026 12:29:59 AM,0.002,0,A
ACCO_15e06beda2,NMI_df2d025267,DEVI_284a47f5e0,COMMS4D,06537#E1,Generalusage,28/06/2026 12:00:00 AM,28/06/2026 12:29:59 AM,0.001,0,A
ACCO_15e06beda2,NMI_df2d025267,DEVI_284a47f5e0,COMMS4D,06537#B1,Solar,28/06/2026 12:30:00 AM,28/06/2026 12:59:59 AM,0.002,0,A
ACCO_15e06beda2,NMI_df2d025267,DEVI_284a47f5e0,COMMS4D,06537#E1,Generalusage,28/06/2026 12:30:00 AM,28/06/2026 12:59:59 AM,0,0,A
ACCO_15e06beda2,NMI_df2d025267,DEVI_284a47f5e0,COMMS4D,06537#B1,Solar,28/06/2026 01:00:00 AM,28/06/2026 01:29:59 AM,0.002,0,A
ACCO_15e06beda2,NMI_df2d025267,DEVI_284a47f5e0,COMMS4D,06537#E1,Generalusage,28/06/2026 01:00:00 AM,28/06/2026 01:29:59 AM,0.001,0,A
ACCO_15e06beda2,NMI_df2d025267,DEVI_284a47f5e0,COMMS4D,06537#B1,Solar,28/06/2026 01:30:00 AM,28/06/2026 01:59:59 AM,0.001,0,A
ACCO_15e06beda2,NMI_df2d025267,DEVI_284a47f5e0,COMMS4D,06537#E1,Generalusage,28/06/2026 01:30:00 AM,28/06/2026 01:59:59 AM,0,0,A
ACCO_15e06beda2,NMI_df2d025267,DEVI_284a47f5e0,COMMS4D,06537#B1,Solar,28/06/2026 02:00:00 AM,28/06/2026 02:29:59 AM,0.002,0,A
ACCO_15e06beda2,NMI_df2d025267,DEVI_284a47f5e0,COMMS4D,06537#E1,Generalusage,28/06/2026 02:00:00 AM,28/06/2026 02:29:59 AM,0.001,0,A
ACCO_15e06beda2,NMI_df2d025267,DEVI_284a47f5e0,COMMS4D,06537#B1,Solar,28/06/2026 02:30:00 AM,28/06/2026 02:59:59 AM,0.002,0,A
ACCO_15e06beda2,NMI_df2d025267,DEVI_284a47f5e0,COMMS4D,06537#E1,Generalusage,28/06/2026 02:30:00 AM,28/06/2026 02:59:59 AM,0,0,A
ACCO_15e06beda2,NMI_df2d025267,DEVI_284a47f5e0,COMMS4D,06537#B1,Solar,28/06/2026 03:00:00 AM,28/06/2026 03:29:59 AM,0.002,0,A
ACCO_15e06beda2,NMI_df2d025267,DEVI_284a47f5e0,COMMS4D,06537#E1,Generalusage,28/06/2026 03:00:00 AM,28/06/2026 03:29:59 AM,0.001,0,A
ACCO_15e06beda2,NMI_df2d025267,DEVI_284a47f5e0,COMMS4D,06537#B1,Solar,28/06/2026 03:30:00 AM,28/06/2026 03:59:59 AM,0.002,0,A
ACCO_15e06beda2,NMI_df2d025267,DEVI_284a47f5e0,COMMS4D,06537#E1,Generalusage,28/06/2026 03:30:00 AM,28/06/2026 03:59:59 AM,0.001,0,A
ACCO_15e06beda2,NMI_df2d025267,DEVI_284a47f5e0,COMMS4D,06537#B1,Solar,28/06/2026 04:00:00 AM,28/06/2026 04:29:59 AM,0.002,0,A
ACCO_15e06beda2,NMI_df2d025267,DEVI_284a47f5e0,COMMS4D,06537#E1,Generalusage,28/06/2026 04:00:00 AM,28/06/2026 04:29:59 AM,0,0,A
ACCO_15e06beda2,NMI_df2d025267,DEVI_284a47f5e0,COMMS4D,06537#B1,Solar,28/06/2026 04:30:00 AM,28/06/2026 04:59:59 AM,0.001,0,A
ACCO_15e06beda2,NMI_df2d025267,DEVI_284a47f5e0,COMMS4D,06537#E1,Generalusage,28/06/2026 04:30:00 AM,28/06/2026 04:59:59 AM,0.001,0,A
ACCO_15e06beda2,NMI_df2d025267,DEVI_284a47f5e0,COMMS4D,06537#B1,Solar,28/06/2026 05:00:00 AM,28/06/2026 05:29:59 AM,0.002,0,A
ACCO_15e06beda2,NMI_df2d025267,DEVI_284a47f5e0,COMMS4D,06537#E1,Generalusage,28/06/2026 05:00:00 AM,28/06/2026 05:29:59 AM,0,0,A
ACCO_15e06beda2,NMI_df2d025267,DEVI_284a47f5e0,COMMS4D,06537#B1,Solar,28/06/2026 05:30:00 AM,28/06/2026 05:59:59 AM,0.002,0,A
ACCO_15e06beda2,NMI_df2d025267,DEVI_284a47f5e0,COMMS4D,06537#E1,Generalusage,28/06/2026 05:30:00 AM,28/06/2026 05:59:59 AM,0.001,0,A
ACCO_15e06beda2,NMI_df2d025267,DEVI_284a47f5e0,COMMS4D,06537#B1,Solar,28/06/2026 06:00:00 AM,28/06/2026 06:29:59 AM,0.002,0,A
ACCO_15e06beda2,NMI_df2d025267,DEVI_284a47f5e0,COMMS4D,06537#E1,Generalusage,28/06/2026 06:00:00 AM,28/06/2026 06:29:59 AM,0,0,A
ACCO_15e06beda2,NMI_df2d025267,DEVI_284a47f5e0,COMMS4D,06537#B1,Solar,28/06/2026 06:30:00 AM,28/06/2026 06:59:59 AM,0.002,0,A
ACCO_15e06beda2,NMI_df2d025267,DEVI_284a47f5e0,COMMS4D,06537#E1,Generalusage,28/06/2026 06:30:00 AM,28/06/2026 06:59:59 AM,0.001,0,A
ACCO_15e06beda2,NMI_df2d025267,DEVI_284a47f5e0,COMMS4D,06537#B1,Solar,28/06/2026 07:00:00 AM,28/06/2026 07:29:59 AM,0.002,0,A
ACCO_15e06beda2,NMI_df2d025267,DEVI_284a47f5e0,COMMS4D,06537#E1,Generalusage,28/06/2026 07:00:00 AM,28/06/2026 07:29:59 AM,0,0,A
ACCO_15e06beda2,NMI_df2d025267,DEVI_284a47f5e0,COMMS4D,06537#B1,Solar,28/06/2026 07:30:00 AM,28/06/2026 07:59:59 AM,0.001,0,A
ACCO_15e06beda2,NMI_df2d025267,DEVI_284a47f5e0,COMMS4D,06537#E1,Generalusage,28/06/2026 07:30:00 AM,28/06/2026 07:59:59 AM,0.001,0,A
ACCO_15e06beda2,NMI_df2d025267,DEVI_284a47f5e0,COMMS4D,06537#B1,Solar,28/06/2026 08:00:00 AM,28/06/2026 08:29:59 AM,0.002,0,A
ACCO_15e06beda2,NMI_df2d025267,DEVI_284a47f5e0,COMMS4D,06537#E1,Generalusage,28/06/2026 08:00:00 AM,28/06/2026 08:29:59 AM,0.001,0,A
ACCO_15e06beda2,NMI_df2d025267,DEVI_284a47f5e0,COMMS4D,06537#B1,Solar,28/06/2026 08:30:00 AM,28/06/2026 08:59:59 AM,0.002,0,A
ACCO_15e06beda2,NMI_df2d025267,DEVI_284a47f5e0,COMMS4D,06537#E1,Generalusage,28/06/2026 08:30:00 AM,28/06/2026 08:59:59 AM,0,0,A
ACCO_15e06beda2,NMI_df2d025267,DEVI_284a47f5e0,COMMS4D,06537#B1,Solar,28/06/2026 09:00:00 AM,28/06/2026 09:29:59 AM,0.002,0,A
ACCO_15e06beda2,NMI_df2d025267,DEVI_284a47f5e0,COMMS4D,06537#E1,Generalusage,28/06/2026 09:00:00 AM,28/06/2026 09:29:59 AM,0.001,0,A
ACCO_15e06beda2,NMI_df2d025267,DEVI_284a47f5e0,COMMS4D,06537#B1,Solar,28/06/2026 09:30:00 AM,28/06/2026 09:59:59 AM,0.002,0,A
ACCO_15e06beda2,NMI_df2d025267,DEVI_284a47f5e0,COMMS4D,06537#E1,Generalusage,28/06/2026 09:30:00 AM,28/06/2026 09:59:59 AM,0,0,A
ACCO_15e06beda2,NMI_df2d025267,DEVI_284a47f5e0,COMMS4D,06537#B1,Solar,28/06/2026 10:00:00 AM,28/06/2026 10:29:59 AM,0.002,0,A
ACCO_15e06beda2,NMI_df2d025267,DEVI_284a47f5e0,COMMS4D,06537#E1,Generalusage,28/06/2026 10:00:00 AM,28/06/2026 10:29:59 AM,0.001,0,A
ACCO_15e06beda2,NMI_df2d025267,DEVI_284a47f5e0,COMMS4D,06537#B1,Solar,28/06/2026 10:30:00 AM,28/06/2026 10:59:59 AM,0.002,0,A
ACCO_15e06beda2,NMI_df2d025267,DEVI_284a47f5e0,COMMS4D,06537#E1,Generalusage,28/06/2026 10:30:00 AM,28/06/2026 10:59:59 AM,0,0,A
ACCO_15e06beda2,NMI_df2d025267,DEVI_284a47f5e0,COMMS4D,06537#B1,Solar,28/06/2026 11:00:00 AM,28/06/2026 11:29:59 AM,0.049,0,A
ACCO_15e06beda2,NMI_df2d025267,DEVI_284a47f5e0,COMMS4D,06537#E1,Generalusage,28/06/2026 11:00:00 AM,28/06/2026 11:29:59 AM,0.003,0,A
ACCO_15e06beda2,NMI_df2d025267,DEVI_284a47f5e0,COMMS4D,06537#B1,Solar,28/06/2026 11:30:00 AM,28/06/2026 11:59:59 AM,0.015,0,A
ACCO_15e06beda2,NMI_df2d025267,DEVI_284a47f5e0,COMMS4D,06537#E1,Generalusage,28/06/2026 11:30:00 AM,28/06/2026 11:59:59 AM,0.003,0,A
ACCO_15e06beda2,NMI_df2d025267,DEVI_284a47f5e0,COMMS4D,06537#B1,Solar,28/06/2026 12:00:00 PM,28/06/2026 12:29:59 PM,0.019,0,A
ACCO_15e06beda2,NMI_df2d025267,DEVI_284a47f5e0,COMMS4D,06537#E1,Generalusage,28/06/2026 12:00:00 PM,28/06/2026 12:29:59 PM,0.002,0,A
ACCO_15e06beda2,NMI_df2d025267,DEVI_284a47f5e0,COMMS4D,06537#B1,Solar,28/06/2026 12:30:00 PM,28/06/2026 12:59:59 PM,1.438,0,A
ACCO_15e06beda2,NMI_df2d025267,DEVI_284a47f5e0,COMMS4D,06537#E1,Generalusage,28/06/2026 12:30:00 PM,28/06/2026 12:59:59 PM,0.001,0,A
ACCO_15e06beda2,NMI_df2d025267,DEVI_284a47f5e0,COMMS4D,06537#B1,Solar,28/06/2026 01:00:00 PM,28/06/2026 01:29:59 PM,2.669,0,A
ACCO_15e06beda2,NMI_df2d025267,DEVI_284a47f5e0,COMMS4D,06537#E1,Generalusage,28/06/2026 01:00:00 PM,28/06/2026 01:29:59 PM,0,0,A
ACCO_15e06beda2,NMI_df2d025267,DEVI_284a47f5e0,COMMS4D,06537#B1,Solar,28/06/2026 01:30:00 PM,28/06/2026 01:59:59 PM,0.662,0,A
ACCO_15e06beda2,NMI_df2d025267,DEVI_284a47f5e0,COMMS4D,06537#E1,Generalusage,28/06/2026 01:30:00 PM,28/06/2026 01:59:59 PM,0,0,A
ACCO_15e06beda2,NMI_df2d025267,DEVI_284a47f5e0,COMMS4D,06537#B1,Solar,28/06/2026 02:00:00 PM,28/06/2026 02:29:59 PM,0.778,0,A
ACCO_15e06beda2,NMI_df2d025267,DEVI_284a47f5e0,COMMS4D,06537#E1,Generalusage,28/06/2026 02:00:00 PM,28/06/2026 02:29:59 PM,0,0,A
ACCO_15e06beda2,NMI_df2d025267,DEVI_284a47f5e0,COMMS4D,06537#B1,Solar,28/06/2026 02:30:00 PM,28/06/2026 02:59:59 PM,0.926,0,A
ACCO_15e06beda2,NMI_df2d025267,DEVI_284a47f5e0,COMMS4D,06537#E1,Generalusage,28/06/2026 02:30:00 PM,28/06/2026 02:59:59 PM,0,0,A
ACCO_15e06beda2,NMI_df2d025267,DEVI_284a47f5e0,COMMS4D,06537#B1,Solar,28/06/2026 03:00:00 PM,28/06/2026 03:29:59 PM,0.283,0,A
ACCO_15e06beda2,NMI_df2d025267,DEVI_284a47f5e0,COMMS4D,06537#E1,Generalusage,28/06/2026 03:00:00 PM,28/06/2026 03:29:59 PM,0,0,A
ACCO_15e06beda2,NMI_df2d025267,DEVI_284a47f5e0,COMMS4D,06537#B1,Solar,28/06/2026 03:30:00 PM,28/06/2026 03:59:59 PM,1.017,0,A
ACCO_15e06beda2,NMI_df2d025267,DEVI_284a47f5e0,COMMS4D,06537#E1,Generalusage,28/06/2026 03:30:00 PM,28/06/2026 03:59:59 PM,0,0,A
ACCO_15e06beda2,NMI_df2d025267,DEVI_284a47f5e0,COMMS4D,06537#B1,Solar,28/06/2026 04:00:00 PM,28/06/2026 04:29:59 PM,0.222,0,A
ACCO_15e06beda2,NMI_df2d025267,DEVI_284a47f5e0,COMMS4D,06537#E1,Generalusage,28/06/2026 04:00:00 PM,28/06/2026 04:29:59 PM,0.002,0,A
ACCO_15e06beda2,NMI_df2d025267,DEVI_284a47f5e0,COMMS4D,06537#B1,Solar,28/06/2026 04:30:00 PM,28/06/2026 04:59:59 PM,0.002,0,A
ACCO_15e06beda2,NMI_df2d025267,DEVI_284a47f5e0,COMMS4D,06537#E1,Generalusage,28/06/2026 04:30:00 PM,28/06/2026 04:59:59 PM,0,0,A
ACCO_15e06beda2,NMI_df2d025267,DEVI_284a47f5e0,COMMS4D,06537#B1,Solar,28/06/2026 05:00:00 PM,28/06/2026 05:29:59 PM,0.002,0,A
ACCO_15e06beda2,NMI_df2d025267,DEVI_284a47f5e0,COMMS4D,06537#E1,Generalusage,28/06/2026 05:00:00 PM,28/06/2026 05:29:59 PM,0.001,0,A
ACCO_15e06beda2,NMI_df2d025267,DEVI_284a47f5e0,COMMS4D,06537#B1,Solar,28/06/2026 05:30:00 PM,28/06/2026 05:59:59 PM,0.002,0,A
ACCO_15e06beda2,NMI_df2d025267,DEVI_284a47f5e0,COMMS4D,06537#E1,Generalusage,28/06/2026 05:30:00 PM,28/06/2026 05:59:59 PM,0,0,A
ACCO_15e06beda2,NMI_df2d025267,DEVI_284a47f5e0,COMMS4D,06537#B1,Solar,28/06/2026 06:00:00 PM,28/06/2026 06:29:59 PM,0.002,0,A
ACCO_15e06beda2,NMI_df2d025267,DEVI_284a47f5e0,COMMS4D,06537#E1,Generalusage,28/06/2026 06:00:00 PM,28/06/2026 06:29:59 PM,0.001,0,A
ACCO_15e06beda2,NMI_df2d025267,DEVI_284a47f5e0,COMMS4D,06537#B1,Solar,28/06/2026 06:30:00 PM,28/06/2026 06:59:59 PM,0.002,0,A
ACCO_15e06beda2,NMI_df2d025267,DEVI_284a47f5e0,COMMS4D,06537#E1,Generalusage,28/06/2026 06:30:00 PM,28/06/2026 06:59:59 PM,0,0,A
ACCO_15e06beda2,NMI_df2d025267,DEVI_284a47f5e0,COMMS4D,06537#B1,Solar,28/06/2026 07:00:00 PM,28/06/2026 07:29:59 PM,0.001,0,A
ACCO_15e06beda2,NMI_df2d025267,DEVI_284a47f5e0,COMMS4D,06537#E1,Generalusage,28/06/2026 07:00:00 PM,28/06/2026 07:29:59 PM,0.001,0,A
ACCO_15e06beda2,NMI_df2d025267,DEVI_284a47f5e0,COMMS4D,06537#B1,Solar,28/06/2026 07:30:00 PM,28/06/2026 07:59:59 PM,0.002,0,A
ACCO_15e06beda2,NMI_df2d025267,DEVI_284a47f5e0,COMMS4D,06537#E1,Generalusage,28/06/2026 07:30:00 PM,28/06/2026 07:59:59 PM,0.001,0,A
ACCO_15e06beda2,NMI_df2d025267,DEVI_284a47f5e0,COMMS4D,06537#B1,Solar,28/06/2026 08:00:00 PM,28/06/2026 08:29:59 PM,0.002,0,A
ACCO_15e06beda2,NMI_df2d025267,DEVI_284a47f5e0,COMMS4D,06537#E1,Generalusage,28/06/2026 08:00:00 PM,28/06/2026 08:29:59 PM,0,0,A
ACCO_15e06beda2,NMI_df2d025267,DEVI_284a47f5e0,COMMS4D,06537#B1,Solar,28/06/2026 08:30:00 PM,28/06/2026 08:59:59 PM,0.002,0,A
ACCO_15e06beda2,NMI_df2d025267,DEVI_284a47f5e0,COMMS4D,06537#E1,Generalusage,28/06/2026 08:30:00 PM,28/06/2026 08:59:59 PM,0.001,0,A
ACCO_15e06beda2,NMI_df2d025267,DEVI_284a47f5e0,COMMS4D,06537#B1,Solar,28/06/2026 09:00:00 PM,28/06/2026 09:29:59 PM,0.002,0,A
ACCO_15e06beda2,NMI_df2d025267,DEVI_284a47f5e0,COMMS4D,06537#E1,Generalusage,28/06/2026 09:00:00 PM,28/06/2026 09:29:59 PM,0,0,A
ACCO_15e06beda2,NMI_df2d025267,DEVI_284a47f5e0,COMMS4D,06537#B1,Solar,28/06/2026 09:30:00 PM,28/06/2026 09:59:59 PM,0.002,0,A
ACCO_15e06beda2,NMI_df2d025267,DEVI_284a47f5e0,COMMS4D,06537#E1,Generalusage,28/06/2026 09:30:00 PM,28/06/2026 09:59:59 PM,0.001,0,A
ACCO_15e06beda2,NMI_df2d025267,DEVI_284a47f5e0,COMMS4D,06537#B1,Solar,28/06/2026 10:00:00 PM,28/06/2026 10:29:59 PM,0.001,0,A
ACCO_15e06beda2,NMI_df2d025267,DEVI_284a47f5e0,COMMS4D,06537#E1,Generalusage,28/06/2026 10:00:00 PM,28/06/2026 10:29:59 PM,0,0,A
ACCO_15e06beda2,NMI_df2d025267,DEVI_284a47f5e0,COMMS4D,06537#B1,Solar,28/06/2026 10:30:00 PM,28/06/2026 10:59:59 PM,0.002,0,A
ACCO_15e06beda2,NMI_df2d025267,DEVI_284a47f5e0,COMMS4D,06537#E1,Generalusage,28/06/2026 10:30:00 PM,28/06/2026 10:59:59 PM,0.001,0,A
ACCO_15e06beda2,NMI_df2d025267,DEVI_284a47f5e0,COMMS4D,06537#B1,Solar,28/06/2026 11:00:00 PM,28/06/2026 11:29:59 PM,0.002,0,A
ACCO_15e06beda2,NMI_df2d025267,DEVI_284a47f5e0,COMMS4D,06537#E1,Generalusage,28/06/2026 11:00:00 PM,28/06/2026 11:29:59 PM,0,0,A
ACCO_15e06beda2,NMI_df2d025267,DEVI_284a47f5e0,COMMS4D,06537#B1,Solar,28/06/2026 11:30:00 PM,28/06/2026 11:59:59 PM,0.002,0,A
ACCO_15e06beda2,NMI_df2d025267,DEVI_284a47f5e0,COMMS4D,06537#E1,Generalusage,28/06/2026 11:30:00 PM,28/06/2026 11:59:59 PM,0.001,0,A
ACCO_15e06beda2,NMI_df2d025267,DEVI_284a47f5e0,COMMS4D,06537#B1,Solar,29/06/2026 12:00:00 AM,29/06/2026 12:29:59 AM,0.002,0,A
ACCO_15e06beda2,NMI_df2d025267,DEVI_284a47f5e0,COMMS4D,06537#E1,Generalusage,29/06/2026 12:00:00 AM,29/06/2026 12:29:59 AM,0.001,0,A
ACCO_15e06beda2,NMI_df2d025267,DEVI_284a47f5e0,COMMS4D,06537#B1,Solar,29/06/2026 12:30:00 AM,29/06/2026 12:59:59 AM,0.002,0,A
ACCO_15e06beda2,NMI_df2d025267,DEVI_284a47f5e0,COMMS4D,06537#E1,Generalusage,29/06/2026 12:30:00 AM,29/06/2026 12:59:59 AM,0,0,A
ACCO_15e06beda2,NMI_df2d025267,DEVI_284a47f5e0,COMMS4D,06537#B1,Solar,29/06/2026 01:00:00 AM,29/06/2026 01:29:59 AM,0.001,0,A
ACCO_15e06beda2,NMI_df2d025267,DEVI_284a47f5e0,COMMS4D,06537#E1,Generalusage,29/06/2026 01:00:00 AM,29/06/2026 01:29:59 AM,0.001,0,A
ACCO_15e06beda2,NMI_df2d025267,DEVI_284a47f5e0,COMMS4D,06537#B1,Solar,29/06/2026 01:30:00 AM,29/06/2026 01:59:59 AM,0.002,0,A
ACCO_15e06beda2,NMI_df2d025267,DEVI_284a47f5e0,COMMS4D,06537#E1,Generalusage,29/06/2026 01:30:00 AM,29/06/2026 01:59:59 AM,0,0,A
ACCO_15e06beda2,NMI_df2d025267,DEVI_284a47f5e0,COMMS4D,06537#B1,Solar,29/06/2026 02:00:00 AM,29/06/2026 02:29:59 AM,0.002,0,A
ACCO_15e06beda2,NMI_df2d025267,DEVI_284a47f5e0,COMMS4D,06537#E1,Generalusage,29/06/2026 02:00:00 AM,29/06/2026 02:29:59 AM,0.001,0,A
ACCO_15e06beda2,NMI_df2d025267,DEVI_284a47f5e0,COMMS4D,06537#B1,Solar,29/06/2026 02:30:00 AM,29/06/2026 02:59:59 AM,0.001,0,A
ACCO_15e06beda2,NMI_df2d025267,DEVI_284a47f5e0,COMMS4D,06537#E1,Generalusage,29/06/2026 02:30:00 AM,29/06/2026 02:59:59 AM,0.001,0,A
ACCO_15e06beda2,NMI_df2d025267,DEVI_284a47f5e0,COMMS4D,06537#B1,Solar,29/06/2026 03:00:00 AM,29/06/2026 03:29:59 AM,0.002,0,A
ACCO_15e06beda2,NMI_df2d025267,DEVI_284a47f5e0,COMMS4D,06537#E1,Generalusage,29/06/2026 03:00:00 AM,29/06/2026 03:29:59 AM,0,0,A
ACCO_15e06beda2,NMI_df2d025267,DEVI_284a47f5e0,COMMS4D,06537#B1,Solar,29/06/2026 03:30:00 AM,29/06/2026 03:59:59 AM,0.002,0,A
ACCO_15e06beda2,NMI_df2d025267,DEVI_284a47f5e0,COMMS4D,06537#E1,Generalusage,29/06/2026 03:30:00 AM,29/06/2026 03:59:59 AM,0.001,0,A
ACCO_15e06beda2,NMI_df2d025267,DEVI_284a47f5e0,COMMS4D,06537#B1,Solar,29/06/2026 04:00:00 AM,29/06/2026 04:29:59 AM,0.002,0,A
ACCO_15e06beda2,NMI_df2d025267,DEVI_284a47f5e0,COMMS4D,06537#E1,Generalusage,29/06/2026 04:00:00 AM,29/06/2026 04:29:59 AM,0,0,A
ACCO_15e06beda2,NMI_df2d025267,DEVI_284a47f5e0,COMMS4D,06537#B1,Solar,29/06/2026 04:30:00 AM,29/06/2026 04:59:59 AM,0.001,0,A
ACCO_15e06beda2,NMI_df2d025267,DEVI_284a47f5e0,COMMS4D,06537#E1,Generalusage,29/06/2026 04:30:00 AM,29/06/2026 04:59:59 AM,0.001,0,A
ACCO_15e06beda2,NMI_df2d025267,DEVI_284a47f5e0,COMMS4D,06537#B1,Solar,29/06/2026 05:00:00 AM,29/06/2026 05:29:59 AM,0.002,0,A
ACCO_15e06beda2,NMI_df2d025267,DEVI_284a47f5e0,COMMS4D,06537#E1,Generalusage,29/06/2026 05:00:00 AM,29/06/2026 05:29:59 AM,0,0,A
ACCO_15e06beda2,NMI_df2d025267,DEVI_284a47f5e0,COMMS4D,06537#B1,Solar,29/06/2026 05:30:00 AM,29/06/2026 05:59:59 AM,0.002,0,A
ACCO_15e06beda2,NMI_df2d025267,DEVI_284a47f5e0,COMMS4D,06537#E1,Generalusage,29/06/2026 05:30:00 AM,29/06/2026 05:59:59 AM,0.001,0,A
ACCO_15e06beda2,NMI_df2d025267,DEVI_284a47f5e0,COMMS4D,06537#B1,Solar,29/06/2026 06:00:00 AM,29/06/2026 06:29:59 AM,0.002,0,A
ACCO_15e06beda2,NMI_df2d025267,DEVI_284a47f5e0,COMMS4D,06537#E1,Generalusage,29/06/2026 06:00:00 AM,29/06/2026 06:29:59 AM,0,0,A
ACCO_15e06beda2,NMI_df2d025267,DEVI_284a47f5e0,COMMS4D,06537#B1,Solar,29/06/2026 06:30:00 AM,29/06/2026 06:59:59 AM,0.001,0,A
ACCO_15e06beda2,NMI_df2d025267,DEVI_284a47f5e0,COMMS4D,06537#E1,Generalusage,29/06/2026 06:30:00 AM,29/06/2026 06:59:59 AM,0.001,0,A
ACCO_15e06beda2,NMI_df2d025267,DEVI_284a47f5e0,COMMS4D,06537#B1,Solar,29/06/2026 07:00:00 AM,29/06/2026 07:29:59 AM,0.002,0,A
ACCO_15e06beda2,NMI_df2d025267,DEVI_284a47f5e0,COMMS4D,06537#E1,Generalusage,29/06/2026 07:00:00 AM,29/06/2026 07:29:59 AM,0.001,0,A
ACCO_15e06beda2,NMI_df2d025267,DEVI_284a47f5e0,COMMS4D,06537#B1,Solar,29/06/2026 07:30:00 AM,29/06/2026 07:59:59 AM,0.002,0,A
ACCO_15e06beda2,NMI_df2d025267,DEVI_284a47f5e0,COMMS4D,06537#E1,Generalusage,29/06/2026 07:30:00 AM,29/06/2026 07:59:59 AM,0,0,A
ACCO_15e06beda2,NMI_df2d025267,DEVI_284a47f5e0,COMMS4D,06537#B1,Solar,29/06/2026 08:00:00 AM,29/06/2026 08:29:59 AM,0.002,0,A
ACCO_15e06beda2,NMI_df2d025267,DEVI_284a47f5e0,COMMS4D,06537#E1,Generalusage,29/06/2026 08:00:00 AM,29/06/2026 08:29:59 AM,0.001,0,A
ACCO_15e06beda2,NMI_df2d025267,DEVI_284a47f5e0,COMMS4D,06537#B1,Solar,29/06/2026 08:30:00 AM,29/06/2026 08:59:59 AM,0.002,0,A
ACCO_15e06beda2,NMI_df2d025267,DEVI_284a47f5e0,COMMS4D,06537#E1,Generalusage,29/06/2026 08:30:00 AM,29/06/2026 08:59:59 AM,0,0,A
ACCO_15e06beda2,NMI_df2d025267,DEVI_284a47f5e0,COMMS4D,06537#B1,Solar,29/06/2026 09:00:00 AM,29/06/2026 09:29:59 AM,0.002,0,A
ACCO_15e06beda2,NMI_df2d025267,DEVI_284a47f5e0,COMMS4D,06537#E1,Generalusage,29/06/2026 09:00:00 AM,29/06/2026 09:29:59 AM,0.001,0,A
ACCO_15e06beda2,NMI_df2d025267,DEVI_284a47f5e0,COMMS4D,06537#B1,Solar,29/06/2026 09:30:00 AM,29/06/2026 09:59:59 AM,0.007,0,A
ACCO_15e06beda2,NMI_df2d025267,DEVI_284a47f5e0,COMMS4D,06537#E1,Generalusage,29/06/2026 09:30:00 AM,29/06/2026 09:59:59 AM,0.001,0,A
ACCO_15e06beda2,NMI_df2d025267,DEVI_284a47f5e0,COMMS4D,06537#B1,Solar,29/06/2026 10:00:00 AM,29/06/2026 10:29:59 AM,0.292,0,A
ACCO_15e06beda2,NMI_df2d025267,DEVI_284a47f5e0,COMMS4D,06537#E1,Generalusage,29/06/2026 10:00:00 AM,29/06/2026 10:29:59 AM,0.006,0,A
ACCO_15e06beda2,NMI_df2d025267,DEVI_284a47f5e0,COMMS4D,06537#B1,Solar,29/06/2026 10:30:00 AM,29/06/2026 10:59:59 AM,0.992,0,A
ACCO_15e06beda2,NMI_df2d025267,DEVI_284a47f5e0,COMMS4D,06537#E1,Generalusage,29/06/2026 10:30:00 AM,29/06/2026 10:59:59 AM,0,0,A
ACCO_15e06beda2,NMI_df2d025267,DEVI_284a47f5e0,COMMS4D,06537#B1,Solar,29/06/2026 11:00:00 AM,29/06/2026 11:29:59 AM,1.102,0,A
ACCO_15e06beda2,NMI_df2d025267,DEVI_284a47f5e0,COMMS4D,06537#E1,Generalusage,29/06/2026 11:00:00 AM,29/06/2026 11:29:59 AM,0,0,A
ACCO_15e06beda2,NMI_df2d025267,DEVI_284a47f5e0,COMMS4D,06537#B1,Solar,29/06/2026 11:30:00 AM,29/06/2026 11:59:59 AM,1.439,0,A
ACCO_15e06beda2,NMI_df2d025267,DEVI_284a47f5e0,COMMS4D,06537#E1,Generalusage,29/06/2026 11:30:00 AM,29/06/2026 11:59:59 AM,0,0,A
ACCO_15e06beda2,NMI_df2d025267,DEVI_284a47f5e0,COMMS4D,06537#B1,Solar,29/06/2026 12:00:00 PM,29/06/2026 12:29:59 PM,0.886,0,A
ACCO_15e06beda2,NMI_df2d025267,DEVI_284a47f5e0,COMMS4D,06537#E1,Generalusage,29/06/2026 12:00:00 PM,29/06/2026 12:29:59 PM,0,0,A
ACCO_15e06beda2,NMI_df2d025267,DEVI_284a47f5e0,COMMS4D,06537#B1,Solar,29/06/2026 12:30:00 PM,29/06/2026 12:59:59 PM,2.141,0,A
ACCO_15e06beda2,NMI_df2d025267,DEVI_284a47f5e0,COMMS4D,06537#E1,Generalusage,29/06/2026 12:30:00 PM,29/06/2026 12:59:59 PM,0,0,A
ACCO_15e06beda2,NMI_df2d025267,DEVI_284a47f5e0,COMMS4D,06537#B1,Solar,29/06/2026 01:00:00 PM,29/06/2026 01:29:59 PM,0.76,0,A
ACCO_15e06beda2,NMI_df2d025267,DEVI_284a47f5e0,COMMS4D,06537#E1,Generalusage,29/06/2026 01:00:00 PM,29/06/2026 01:29:59 PM,0,0,A
ACCO_15e06beda2,NMI_df2d025267,DEVI_284a47f5e0,COMMS4D,06537#B1,Solar,29/06/2026 01:30:00 PM,29/06/2026 01:59:59 PM,0.541,0,A
ACCO_15e06beda2,NMI_df2d025267,DEVI_284a47f5e0,COMMS4D,06537#E1,Generalusage,29/06/2026 01:30:00 PM,29/06/2026 01:59:59 PM,0,0,A
ACCO_15e06beda2,NMI_df2d025267,DEVI_284a47f5e0,COMMS4D,06537#B1,Solar,29/06/2026 02:00:00 PM,29/06/2026 02:29:59 PM,0.825,0,A
ACCO_15e06beda2,NMI_df2d025267,DEVI_284a47f5e0,COMMS4D,06537#E1,Generalusage,29/06/2026 02:00:00 PM,29/06/2026 02:29:59 PM,0,0,A
ACCO_15e06beda2,NMI_df2d025267,DEVI_284a47f5e0,COMMS4D,06537#B1,Solar,29/06/2026 02:30:00 PM,29/06/2026 02:59:59 PM,0.985,0,A
ACCO_15e06beda2,NMI_df2d025267,DEVI_284a47f5e0,COMMS4D,06537#E1,Generalusage,29/06/2026 02:30:00 PM,29/06/2026 02:59:59 PM,0,0,A
ACCO_15e06beda2,NMI_df2d025267,DEVI_284a47f5e0,COMMS4D,06537#B1,Solar,29/06/2026 03:00:00 PM,29/06/2026 03:29:59 PM,0.049,0,A
ACCO_15e06beda2,NMI_df2d025267,DEVI_284a47f5e0,COMMS4D,06537#E1,Generalusage,29/06/2026 03:00:00 PM,29/06/2026 03:29:59 PM,0.001,0,A
ACCO_15e06beda2,NMI_df2d025267,DEVI_284a47f5e0,COMMS4D,06537#B1,Solar,29/06/2026 03:30:00 PM,29/06/2026 03:59:59 PM,0.036,0,A
ACCO_15e06beda2,NMI_df2d025267,DEVI_284a47f5e0,COMMS4D,06537#E1,Generalusage,29/06/2026 03:30:00 PM,29/06/2026 03:59:59 PM,0,0,A
ACCO_15e06beda2,NMI_df2d025267,DEVI_284a47f5e0,COMMS4D,06537#B1,Solar,29/06/2026 04:00:00 PM,29/06/2026 04:29:59 PM,0.142,0,A
ACCO_15e06beda2,NMI_df2d025267,DEVI_284a47f5e0,COMMS4D,06537#E1,Generalusage,29/06/2026 04:00:00 PM,29/06/2026 04:29:59 PM,0.001,0,A
ACCO_15e06beda2,NMI_df2d025267,DEVI_284a47f5e0,COMMS4D,06537#B1,Solar,29/06/2026 04:30:00 PM,29/06/2026 04:59:59 PM,0.001,0,A
ACCO_15e06beda2,NMI_df2d025267,DEVI_284a47f5e0,COMMS4D,06537#E1,Generalusage,29/06/2026 04:30:00 PM,29/06/2026 04:59:59 PM,0,0,A
ACCO_15e06beda2,NMI_df2d025267,DEVI_284a47f5e0,COMMS4D,06537#B1,Solar,29/06/2026 05:00:00 PM,29/06/2026 05:29:59 PM,0.002,0,A
ACCO_15e06beda2,NMI_df2d025267,DEVI_284a47f5e0,COMMS4D,06537#E1,Generalusage,29/06/2026 05:00:00 PM,29/06/2026 05:29:59 PM,0.001,0,A
ACCO_15e06beda2,NMI_df2d025267,DEVI_284a47f5e0,COMMS4D,06537#B1,Solar,29/06/2026 05:30:00 PM,29/06/2026 05:59:59 PM,0.002,0,A
ACCO_15e06beda2,NMI_df2d025267,DEVI_284a47f5e0,COMMS4D,06537#E1,Generalusage,29/06/2026 05:30:00 PM,29/06/2026 05:59:59 PM,0.001,0,A
ACCO_15e06beda2,NMI_df2d025267,DEVI_284a47f5e0,COMMS4D,06537#B1,Solar,29/06/2026 06:00:00 PM,29/06/2026 06:29:59 PM,0.002,0,A
ACCO_15e06beda2,NMI_df2d025267,DEVI_284a47f5e0,COMMS4D,06537#E1,Generalusage,29/06/2026 06:00:00 PM,29/06/2026 06:29:59 PM,0,0,A
ACCO_15e06beda2,NMI_df2d025267,DEVI_284a47f5e0,COMMS4D,06537#B1,Solar,29/06/2026 06:30:00 PM,29/06/2026 06:59:59 PM,0.002,0,A
ACCO_15e06beda2,NMI_df2d025267,DEVI_284a47f5e0,COMMS4D,06537#E1,Generalusage,29/06/2026 06:30:00 PM,29/06/2026 06:59:59 PM,0.001,0,A
ACCO_15e06beda2,NMI_df2d025267,DEVI_284a47f5e0,COMMS4D,06537#B1,Solar,29/06/2026 07:00:00 PM,29/06/2026 07:29:59 PM,0.002,0,A
ACCO_15e06beda2,NMI_df2d025267,DEVI_284a47f5e0,COMMS4D,06537#E1,Generalusage,29/06/2026 07:00:00 PM,29/06/2026 07:29:59 PM,0,0,A
ACCO_15e06beda2,NMI_df2d025267,DEVI_284a47f5e0,COMMS4D,06537#B1,Solar,29/06/2026 07:30:00 PM,29/06/2026 07:59:59 PM,0.001,0,A
ACCO_15e06beda2,NMI_df2d025267,DEVI_284a47f5e0,COMMS4D,06537#E1,Generalusage,29/06/2026 07:30:00 PM,29/06/2026 07:59:59 PM,0.001,0,A
ACCO_15e06beda2,NMI_df2d025267,DEVI_284a47f5e0,COMMS4D,06537#B1,Solar,29/06/2026 08:00:00 PM,29/06/2026 08:29:59 PM,0.002,0,A
ACCO_15e06beda2,NMI_df2d025267,DEVI_284a47f5e0,COMMS4D,06537#E1,Generalusage,29/06/2026 08:00:00 PM,29/06/2026 08:29:59 PM,0,0,A
ACCO_15e06beda2,NMI_df2d025267,DEVI_284a47f5e0,COMMS4D,06537#B1,Solar,29/06/2026 08:30:00 PM,29/06/2026 08:59:59 PM,0.002,0,A
ACCO_15e06beda2,NMI_df2d025267,DEVI_284a47f5e0,COMMS4D,06537#E1,Generalusage,29/06/2026 08:30:00 PM,29/06/2026 08:59:59 PM,0.001,0,A
ACCO_15e06beda2,NMI_df2d025267,DEVI_284a47f5e0,COMMS4D,06537#B1,Solar,29/06/2026 09:00:00 PM,29/06/2026 09:29:59 PM,0.002,0,A
ACCO_15e06beda2,NMI_df2d025267,DEVI_284a47f5e0,COMMS4D,06537#E1,Generalusage,29/06/2026 09:00:00 PM,29/06/2026 09:29:59 PM,0,0,A
ACCO_15e06beda2,NMI_df2d025267,DEVI_284a47f5e0,COMMS4D,06537#B1,Solar,29/06/2026 09:30:00 PM,29/06/2026 09:59:59 PM,0.002,0,A
ACCO_15e06beda2,NMI_df2d025267,DEVI_284a47f5e0,COMMS4D,06537#E1,Generalusage,29/06/2026 09:30:00 PM,29/06/2026 09:59:59 PM,0.001,0,A
ACCO_15e06beda2,NMI_df2d025267,DEVI_284a47f5e0,COMMS4D,06537#B1,Solar,29/06/2026 10:00:00 PM,29/06/2026 10:29:59 PM,0.001,0,A
ACCO_15e06beda2,NMI_df2d025267,DEVI_284a47f5e0,COMMS4D,06537#E1,Generalusage,29/06/2026 10:00:00 PM,29/06/2026 10:29:59 PM,0.001,0,A
ACCO_15e06beda2,NMI_df2d025267,DEVI_284a47f5e0,COMMS4D,06537#B1,Solar,29/06/2026 10:30:00 PM,29/06/2026 10:59:59 PM,0.002,0,A
ACCO_15e06beda2,NMI_df2d025267,DEVI_284a47f5e0,COMMS4D,06537#E1,Generalusage,29/06/2026 10:30:00 PM,29/06/2026 10:59:59 PM,0,0,A
ACCO_15e06beda2,NMI_df2d025267,DEVI_284a47f5e0,COMMS4D,06537#B1,Solar,29/06/2026 11:00:00 PM,29/06/2026 11:29:59 PM,0.002,0,A
ACCO_15e06beda2,NMI_df2d025267,DEVI_284a47f5e0,COMMS4D,06537#E1,Generalusage,29/06/2026 11:00:00 PM,29/06/2026 11:29:59 PM,0.001,0,A
ACCO_15e06beda2,NMI_df2d025267,DEVI_284a47f5e0,COMMS4D,06537#B1,Solar,29/06/2026 11:30:00 PM,29/06/2026 11:59:59 PM,0.002,0,A
ACCO_15e06beda2,NMI_df2d025267,DEVI_284a47f5e0,COMMS4D,06537#E1,Generalusage,29/06/2026 11:30:00 PM,29/06/2026 11:59:59 PM,0,0,A
ACCO_15e06beda2,NMI_df2d025267,DEVI_284a47f5e0,COMMS4D,06537#B1,Solar,30/06/2026 12:00:00 AM,30/06/2026 12:29:59 AM,0.002,0,A
ACCO_15e06beda2,NMI_df2d025267,DEVI_284a47f5e0,COMMS4D,06537#E1,Generalusage,30/06/2026 12:00:00 AM,30/06/2026 12:29:59 AM,0.001,0,A
ACCO_15e06beda2,NMI_df2d025267,DEVI_284a47f5e0,COMMS4D,06537#B1,Solar,30/06/2026 12:30:00 AM,30/06/2026 12:59:59 AM,0.002,0,A
ACCO_15e06beda2,NMI_df2d025267,DEVI_284a47f5e0,COMMS4D,06537#E1,Generalusage,30/06/2026 12:30:00 AM,30/06/2026 12:59:59 AM,0,0,A
ACCO_15e06beda2,NMI_df2d025267,DEVI_284a47f5e0,COMMS4D,06537#B1,Solar,30/06/2026 01:00:00 AM,30/06/2026 01:29:59 AM,0.001,0,A
ACCO_15e06beda2,NMI_df2d025267,DEVI_284a47f5e0,COMMS4D,06537#E1,Generalusage,30/06/2026 01:00:00 AM,30/06/2026 01:29:59 AM,0.001,0,A
ACCO_15e06beda2,NMI_df2d025267,DEVI_284a47f5e0,COMMS4D,06537#B1,Solar,30/06/2026 01:30:00 AM,30/06/2026 01:59:59 AM,0.002,0,A
ACCO_15e06beda2,NMI_df2d025267,DEVI_284a47f5e0,COMMS4D,06537#E1,Generalusage,30/06/2026 01:30:00 AM,30/06/2026 01:59:59 AM,0,0,A
ACCO_15e06beda2,NMI_df2d025267,DEVI_284a47f5e0,COMMS4D,06537#B1,Solar,30/06/2026 02:00:00 AM,30/06/2026 02:29:59 AM,0.002,0,A
ACCO_15e06beda2,NMI_df2d025267,DEVI_284a47f5e0,COMMS4D,06537#E1,Generalusage,30/06/2026 02:00:00 AM,30/06/2026 02:29:59 AM,0.001,0,A
ACCO_15e06beda2,NMI_df2d025267,DEVI_284a47f5e0,COMMS4D,06537#B1,Solar,30/06/2026 02:30:00 AM,30/06/2026 02:59:59 AM,0.001,0,A
ACCO_15e06beda2,NMI_df2d025267,DEVI_284a47f5e0,COMMS4D,06537#E1,Generalusage,30/06/2026 02:30:00 AM,30/06/2026 02:59:59 AM,0,0,A
ACCO_15e06beda2,NMI_df2d025267,DEVI_284a47f5e0,COMMS4D,06537#B1,Solar,30/06/2026 03:00:00 AM,30/06/2026 03:29:59 AM,0.002,0,A
ACCO_15e06beda2,NMI_df2d025267,DEVI_284a47f5e0,COMMS4D,06537#E1,Generalusage,30/06/2026 03:00:00 AM,30/06/2026 03:29:59 AM,0.001,0,A
ACCO_15e06beda2,NMI_df2d025267,DEVI_284a47f5e0,COMMS4D,06537#B1,Solar,30/06/2026 03:30:00 AM,30/06/2026 03:59:59 AM,0.002,0,A
ACCO_15e06beda2,NMI_df2d025267,DEVI_284a47f5e0,COMMS4D,06537#E1,Generalusage,30/06/2026 03:30:00 AM,30/06/2026 03:59:59 AM,0,0,A
ACCO_15e06beda2,NMI_df2d025267,DEVI_284a47f5e0,COMMS4D,06537#B1,Solar,30/06/2026 04:00:00 AM,30/06/2026 04:29:59 AM,0.002,0,A
ACCO_15e06beda2,NMI_df2d025267,DEVI_284a47f5e0,COMMS4D,06537#E1,Generalusage,30/06/2026 04:00:00 AM,30/06/2026 04:29:59 AM,0.001,0,A
ACCO_15e06beda2,NMI_df2d025267,DEVI_284a47f5e0,COMMS4D,06537#B1,Solar,30/06/2026 04:30:00 AM,30/06/2026 04:59:59 AM,0.002,0,A
ACCO_15e06beda2,NMI_df2d025267,DEVI_284a47f5e0,COMMS4D,06537#E1,Generalusage,30/06/2026 04:30:00 AM,30/06/2026 04:59:59 AM,0,0,A
ACCO_15e06beda2,NMI_df2d025267,DEVI_284a47f5e0,COMMS4D,06537#B1,Solar,30/06/2026 05:00:00 AM,30/06/2026 05:29:59 AM,0.002,0,A
ACCO_15e06beda2,NMI_df2d025267,DEVI_284a47f5e0,COMMS4D,06537#E1,Generalusage,30/06/2026 05:00:00 AM,30/06/2026 05:29:59 AM,0.001,0,A
ACCO_15e06beda2,NMI_df2d025267,DEVI_284a47f5e0,COMMS4D,06537#B1,Solar,30/06/2026 05:30:00 AM,30/06/2026 05:59:59 AM,0.001,0,A
ACCO_15e06beda2,NMI_df2d025267,DEVI_284a47f5e0,COMMS4D,06537#E1,Generalusage,30/06/2026 05:30:00 AM,30/06/2026 05:59:59 AM,0,0,A
ACCO_15e06beda2,NMI_df2d025267,DEVI_284a47f5e0,COMMS4D,06537#B1,Solar,30/06/2026 06:00:00 AM,30/06/2026 06:29:59 AM,0.002,0,A
ACCO_15e06beda2,NMI_df2d025267,DEVI_284a47f5e0,COMMS4D,06537#E1,Generalusage,30/06/2026 06:00:00 AM,30/06/2026 06:29:59 AM,0.001,0,A
ACCO_15e06beda2,NMI_df2d025267,DEVI_284a47f5e0,COMMS4D,06537#B1,Solar,30/06/2026 06:30:00 AM,30/06/2026 06:59:59 AM,0.002,0,A
ACCO_15e06beda2,NMI_df2d025267,DEVI_284a47f5e0,COMMS4D,06537#E1,Generalusage,30/06/2026 06:30:00 AM,30/06/2026 06:59:59 AM,0,0,A
ACCO_15e06beda2,NMI_df2d025267,DEVI_284a47f5e0,COMMS4D,06537#B1,Solar,30/06/2026 07:00:00 AM,30/06/2026 07:29:59 AM,0.002,0,A
ACCO_15e06beda2,NMI_df2d025267,DEVI_284a47f5e0,COMMS4D,06537#E1,Generalusage,30/06/2026 07:00:00 AM,30/06/2026 07:29:59 AM,0.001,0,A
ACCO_15e06beda2,NMI_df2d025267,DEVI_284a47f5e0,COMMS4D,06537#B1,Solar,30/06/2026 07:30:00 AM,30/06/2026 07:59:59 AM,0.002,0,A
ACCO_15e06beda2,NMI_df2d025267,DEVI_284a47f5e0,COMMS4D,06537#E1,Generalusage,30/06/2026 07:30:00 AM,30/06/2026 07:59:59 AM,0,0,A
ACCO_15e06beda2,NMI_df2d025267,DEVI_284a47f5e0,COMMS4D,06537#B1,Solar,30/06/2026 08:00:00 AM,30/06/2026 08:29:59 AM,0.001,0,A
ACCO_15e06beda2,NMI_df2d025267,DEVI_284a47f5e0,COMMS4D,06537#E1,Generalusage,30/06/2026 08:00:00 AM,30/06/2026 08:29:59 AM,0.001,0,A
ACCO_15e06beda2,NMI_df2d025267,DEVI_284a47f5e0,COMMS4D,06537#B1,Solar,30/06/2026 08:30:00 AM,30/06/2026 08:59:59 AM,0.002,0,A
ACCO_15e06beda2,NMI_df2d025267,DEVI_284a47f5e0,COMMS4D,06537#E1,Generalusage,30/06/2026 08:30:00 AM,30/06/2026 08:59:59 AM,0,0,A
ACCO_15e06beda2,NMI_df2d025267,DEVI_284a47f5e0,COMMS4D,06537#B1,Solar,30/06/2026 09:00:00 AM,30/06/2026 09:29:59 AM,0.002,0,A
ACCO_15e06beda2,NMI_df2d025267,DEVI_284a47f5e0,COMMS4D,06537#E1,Generalusage,30/06/2026 09:00:00 AM,30/06/2026 09:29:59 AM,0.001,0,A
ACCO_15e06beda2,NMI_df2d025267,DEVI_284a47f5e0,COMMS4D,06537#B1,Solar,30/06/2026 09:30:00 AM,30/06/2026 09:59:59 AM,0.002,0,A
ACCO_15e06beda2,NMI_df2d025267,DEVI_284a47f5e0,COMMS4D,06537#E1,Generalusage,30/06/2026 09:30:00 AM,30/06/2026 09:59:59 AM,0,0,A
ACCO_15e06beda2,NMI_df2d025267,DEVI_284a47f5e0,COMMS4D,06537#B1,Solar,30/06/2026 10:00:00 AM,30/06/2026 10:29:59 AM,0.246,0,A
ACCO_15e06beda2,NMI_df2d025267,DEVI_284a47f5e0,COMMS4D,06537#E1,Generalusage,30/06/2026 10:00:00 AM,30/06/2026 10:29:59 AM,0.002,0,A
ACCO_15e06beda2,NMI_df2d025267,DEVI_284a47f5e0,COMMS4D,06537#B1,Solar,30/06/2026 10:30:00 AM,30/06/2026 10:59:59 AM,1.292,0,A
ACCO_15e06beda2,NMI_df2d025267,DEVI_284a47f5e0,COMMS4D,06537#E1,Generalusage,30/06/2026 10:30:00 AM,30/06/2026 10:59:59 AM,0,0,A
ACCO_15e06beda2,NMI_df2d025267,DEVI_284a47f5e0,COMMS4D,06537#B1,Solar,30/06/2026 11:00:00 AM,30/06/2026 11:29:59 AM,1.591,0,A
ACCO_15e06beda2,NMI_df2d025267,DEVI_284a47f5e0,COMMS4D,06537#E1,Generalusage,30/06/2026 11:00:00 AM,30/06/2026 11:29:59 AM,0,0,A
ACCO_15e06beda2,NMI_df2d025267,DEVI_284a47f5e0,COMMS4D,06537#B1,Solar,30/06/2026 11:30:00 AM,30/06/2026 11:59:59 AM,0.949,0,A
ACCO_15e06beda2,NMI_df2d025267,DEVI_284a47f5e0,COMMS4D,06537#E1,Generalusage,30/06/2026 11:30:00 AM,30/06/2026 11:59:59 AM,0,0,A
ACCO_15e06beda2,NMI_df2d025267,DEVI_284a47f5e0,COMMS4D,06537#B1,Solar,30/06/2026 12:00:00 PM,30/06/2026 12:29:59 PM,0.663,0,A
ACCO_15e06beda2,NMI_df2d025267,DEVI_284a47f5e0,COMMS4D,06537#E1,Generalusage,30/06/2026 12:00:00 PM,30/06/2026 12:29:59 PM,0,0,A
ACCO_15e06beda2,NMI_df2d025267,DEVI_284a47f5e0,COMMS4D,06537#B1,Solar,30/06/2026 12:30:00 PM,30/06/2026 12:59:59 PM,0.818,0,A
ACCO_15e06beda2,NMI_df2d025267,DEVI_284a47f5e0,COMMS4D,06537#E1,Generalusage,30/06/2026 12:30:00 PM,30/06/2026 12:59:59 PM,0,0,A
ACCO_15e06beda2,NMI_df2d025267,DEVI_284a47f5e0,COMMS4D,06537#B1,Solar,30/06/2026 01:00:00 PM,30/06/2026 01:29:59 PM,0.809,0,A
ACCO_15e06beda2,NMI_df2d025267,DEVI_284a47f5e0,COMMS4D,06537#E1,Generalusage,30/06/2026 01:00:00 PM,30/06/2026 01:29:59 PM,0,0,A
ACCO_15e06beda2,NMI_df2d025267,DEVI_284a47f5e0,COMMS4D,06537#B1,Solar,30/06/2026 01:30:00 PM,30/06/2026 01:59:59 PM,0.578,0,A
ACCO_15e06beda2,NMI_df2d025267,DEVI_284a47f5e0,COMMS4D,06537#E1,Generalusage,30/06/2026 01:30:00 PM,30/06/2026 01:59:59 PM,0,0,A
ACCO_15e06beda2,NMI_df2d025267,DEVI_284a47f5e0,COMMS4D,06537#B1,Solar,30/06/2026 02:00:00 PM,30/06/2026 02:29:59 PM,0.942,0,A
ACCO_15e06beda2,NMI_df2d025267,DEVI_284a47f5e0,COMMS4D,06537#E1,Generalusage,30/06/2026 02:00:00 PM,30/06/2026 02:29:59 PM,0,0,A
ACCO_15e06beda2,NMI_df2d025267,DEVI_284a47f5e0,COMMS4D,06537#B1,Solar,30/06/2026 02:30:00 PM,30/06/2026 02:59:59 PM,0.462,0,A
ACCO_15e06beda2,NMI_df2d025267,DEVI_284a47f5e0,COMMS4D,06537#E1,Generalusage,30/06/2026 02:30:00 PM,30/06/2026 02:59:59 PM,0,0,A
ACCO_15e06beda2,NMI_df2d025267,DEVI_284a47f5e0,COMMS4D,06537#B1,Solar,30/06/2026 03:00:00 PM,30/06/2026 03:29:59 PM,0.374,0,A
ACCO_15e06beda2,NMI_df2d025267,DEVI_284a47f5e0,COMMS4D,06537#E1,Generalusage,30/06/2026 03:00:00 PM,30/06/2026 03:29:59 PM,0,0,A
ACCO_15e06beda2,NMI_df2d025267,DEVI_284a47f5e0,COMMS4D,06537#B1,Solar,30/06/2026 03:30:00 PM,30/06/2026 03:59:59 PM,0.099,0,A
ACCO_15e06beda2,NMI_df2d025267,DEVI_284a47f5e0,COMMS4D,06537#E1,Generalusage,30/06/2026 03:30:00 PM,30/06/2026 03:59:59 PM,0,0,A
ACCO_15e06beda2,NMI_df2d025267,DEVI_284a47f5e0,COMMS4D,06537#B1,Solar,30/06/2026 04:00:00 PM,30/06/2026 04:29:59 PM,0.002,0,A
ACCO_15e06beda2,NMI_df2d025267,DEVI_284a47f5e0,COMMS4D,06537#E1,Generalusage,30/06/2026 04:00:00 PM,30/06/2026 04:29:59 PM,0.001,0,A
ACCO_15e06beda2,NMI_df2d025267,DEVI_284a47f5e0,COMMS4D,06537#B1,Solar,30/06/2026 04:30:00 PM,30/06/2026 04:59:59 PM,0.002,0,A
ACCO_15e06beda2,NMI_df2d025267,DEVI_284a47f5e0,COMMS4D,06537#E1,Generalusage,30/06/2026 04:30:00 PM,30/06/2026 04:59:59 PM,0.001,0,A
ACCO_15e06beda2,NMI_df2d025267,DEVI_284a47f5e0,COMMS4D,06537#B1,Solar,30/06/2026 05:00:00 PM,30/06/2026 05:29:59 PM,0.002,0,A
ACCO_15e06beda2,NMI_df2d025267,DEVI_284a47f5e0,COMMS4D,06537#E1,Generalusage,30/06/2026 05:00:00 PM,30/06/2026 05:29:59 PM,0,0,A
ACCO_15e06beda2,NMI_df2d025267,DEVI_284a47f5e0,COMMS4D,06537#B1,Solar,30/06/2026 05:30:00 PM,30/06/2026 05:59:59 PM,0.002,0,A
ACCO_15e06beda2,NMI_df2d025267,DEVI_284a47f5e0,COMMS4D,06537#E1,Generalusage,30/06/2026 05:30:00 PM,30/06/2026 05:59:59 PM,0.001,0,A
ACCO_15e06beda2,NMI_df2d025267,DEVI_284a47f5e0,COMMS4D,06537#B1,Solar,30/06/2026 06:00:00 PM,30/06/2026 06:29:59 PM,0.001,0,A
ACCO_15e06beda2,NMI_df2d025267,DEVI_284a47f5e0,COMMS4D,06537#E1,Generalusage,30/06/2026 06:00:00 PM,30/06/2026 06:29:59 PM,0,0,A
ACCO_15e06beda2,NMI_df2d025267,DEVI_284a47f5e0,COMMS4D,06537#B1,Solar,30/06/2026 06:30:00 PM,30/06/2026 06:59:59 PM,0.002,0,A
ACCO_15e06beda2,NMI_df2d025267,DEVI_284a47f5e0,COMMS4D,06537#E1,Generalusage,30/06/2026 06:30:00 PM,30/06/2026 06:59:59 PM,0.001,0,A
ACCO_15e06beda2,NMI_df2d025267,DEVI_284a47f5e0,COMMS4D,06537#B1,Solar,30/06/2026 07:00:00 PM,30/06/2026 07:29:59 PM,0.002,0,A
ACCO_15e06beda2,NMI_df2d025267,DEVI_284a47f5e0,COMMS4D,06537#E1,Generalusage,30/06/2026 07:00:00 PM,30/06/2026 07:29:59 PM,0,0,A
ACCO_15e06beda2,NMI_df2d025267,DEVI_284a47f5e0,COMMS4D,06537#B1,Solar,30/06/2026 07:30:00 PM,30/06/2026 07:59:59 PM,0.002,0,A
ACCO_15e06beda2,NMI_df2d025267,DEVI_284a47f5e0,COMMS4D,06537#E1,Generalusage,30/06/2026 07:30:00 PM,30/06/2026 07:59:59 PM,0.001,0,A
ACCO_15e06beda2,NMI_df2d025267,DEVI_284a47f5e0,COMMS4D,06537#B1,Solar,30/06/2026 08:00:00 PM,30/06/2026 08:29:59 PM,0.001,0,A
ACCO_15e06beda2,NMI_df2d025267,DEVI_284a47f5e0,COMMS4D,06537#E1,Generalusage,30/06/2026 08:00:00 PM,30/06/2026 08:29:59 PM,0,0,A
ACCO_15e06beda2,NMI_df2d025267,DEVI_284a47f5e0,COMMS4D,06537#B1,Solar,30/06/2026 08:30:00 PM,30/06/2026 08:59:59 PM,0.002,0,A
ACCO_15e06beda2,NMI_df2d025267,DEVI_284a47f5e0,COMMS4D,06537#E1,Generalusage,30/06/2026 08:30:00 PM,30/06/2026 08:59:59 PM,0.001,0,A
ACCO_15e06beda2,NMI_df2d025267,DEVI_284a47f5e0,COMMS4D,06537#B1,Solar,30/06/2026 09:00:00 PM,30/06/2026 09:29:59 PM,0.002,0,A
ACCO_15e06beda2,NMI_df2d025267,DEVI_284a47f5e0,COMMS4D,06537#E1,Generalusage,30/06/2026 09:00:00 PM,30/06/2026 09:29:59 PM,0,0,A
ACCO_15e06beda2,NMI_df2d025267,DEVI_284a47f5e0,COMMS4D,06537#B1,Solar,30/06/2026 09:30:00 PM,30/06/2026 09:59:59 PM,0.002,0,A
ACCO_15e06beda2,NMI_df2d025267,DEVI_284a47f5e0,COMMS4D,06537#E1,Generalusage,30/06/2026 09:30:00 PM,30/06/2026 09:59:59 PM,0.001,0,A
ACCO_15e06beda2,NMI_df2d025267,DEVI_284a47f5e0,COMMS4D,06537#B1,Solar,30/06/2026 10:00:00 PM,30/06/2026 10:29:59 PM,0.002,0,A
ACCO_15e06beda2,NMI_df2d025267,DEVI_284a47f5e0,COMMS4D,06537#E1,Generalusage,30/06/2026 10:00:00 PM,30/06/2026 10:29:59 PM,0,0,A
ACCO_15e06beda2,NMI_df2d025267,DEVI_284a47f5e0,COMMS4D,06537#B1,Solar,30/06/2026 10:30:00 PM,30/06/2026 10:59:59 PM,0.001,0,A
ACCO_15e06beda2,NMI_df2d025267,DEVI_284a47f5e0,COMMS4D,06537#E1,Generalusage,30/06/2026 10:30:00 PM,30/06/2026 10:59:59 PM,0.001,0,A
ACCO_15e06beda2,NMI_df2d025267,DEVI_284a47f5e0,COMMS4D,06537#B1,Solar,30/06/2026 11:00:00 PM,30/06/2026 11:29:59 PM,0.002,0,A
ACCO_15e06beda2,NMI_df2d025267,DEVI_284a47f5e0,COMMS4D,06537#E1,Generalusage,30/06/2026 11:00:00 PM,30/06/2026 11:29:59 PM,0.001,0,A
ACCO_15e06beda2,NMI_df2d025267,DEVI_284a47f5e0,COMMS4D,06537#B1,Solar,30/06/2026 11:30:00 PM,30/06/2026 11:59:59 PM,0.002,0,A
ACCO_15e06beda2,NMI_df2d025267,DEVI_284a47f5e0,COMMS4D,06537#E1,Generalusage,30/06/2026 11:30:00 PM,30/06/2026 11:59:59 PM,0,0,A
ACCO_15e06beda2,NMI_df2d025267,DEVI_284a47f5e0,COMMS4D,06537#B1,Solar,01/07/2026 12:00:00 AM,01/07/2026 12:29:59 AM,0.002,0,A
ACCO_15e06beda2,NMI_df2d025267,DEVI_284a47f5e0,COMMS4D,06537#E1,Generalusage,01/07/2026 12:00:00 AM,01/07/2026 12:29:59 AM,0.001,0,A
ACCO_15e06beda2,NMI_df2d025267,DEVI_284a47f5e0,COMMS4D,06537#B1,Solar,01/07/2026 12:30:00 AM,01/07/2026 12:59:59 AM,0.002,0,A
ACCO_15e06beda2,NMI_df2d025267,DEVI_284a47f5e0,COMMS4D,06537#E1,Generalusage,01/07/2026 12:30:00 AM,01/07/2026 12:59:59 AM,0,0,A
ACCO_15e06beda2,NMI_df2d025267,DEVI_284a47f5e0,COMMS4D,06537#B1,Solar,01/07/2026 01:00:00 AM,01/07/2026 01:29:59 AM,0.002,0,A
ACCO_15e06beda2,NMI_df2d025267,DEVI_284a47f5e0,COMMS4D,06537#E1,Generalusage,01/07/2026 01:00:00 AM,01/07/2026 01:29:59 AM,0.001,0,A
ACCO_15e06beda2,NMI_df2d025267,DEVI_284a47f5e0,COMMS4D,06537#B1,Solar,01/07/2026 01:30:00 AM,01/07/2026 01:59:59 AM,0.001,0,A
ACCO_15e06beda2,NMI_df2d025267,DEVI_284a47f5e0,COMMS4D,06537#E1,Generalusage,01/07/2026 01:30:00 AM,01/07/2026 01:59:59 AM,0,0,A
ACCO_15e06beda2,NMI_df2d025267,DEVI_284a47f5e0,COMMS4D,06537#B1,Solar,01/07/2026 02:00:00 AM,01/07/2026 02:29:59 AM,0.002,0,A
ACCO_15e06beda2,NMI_df2d025267,DEVI_284a47f5e0,COMMS4D,06537#E1,Generalusage,01/07/2026 02:00:00 AM,01/07/2026 02:29:59 AM,0.001,0,A
ACCO_15e06beda2,NMI_df2d025267,DEVI_284a47f5e0,COMMS4D,06537#B1,Solar,01/07/2026 02:30:00 AM,01/07/2026 02:59:59 AM,0.002,0,A
ACCO_15e06beda2,NMI_df2d025267,DEVI_284a47f5e0,COMMS4D,06537#E1,Generalusage,01/07/2026 02:30:00 AM,01/07/2026 02:59:59 AM,0,0,A
ACCO_15e06beda2,NMI_df2d025267,DEVI_284a47f5e0,COMMS4D,06537#B1,Solar,01/07/2026 03:00:00 AM,01/07/2026 03:29:59 AM,0.001,0,A
ACCO_15e06beda2,NMI_df2d025267,DEVI_284a47f5e0,COMMS4D,06537#E1,Generalusage,01/07/2026 03:00:00 AM,01/07/2026 03:29:59 AM,0.001,0,A
ACCO_15e06beda2,NMI_df2d025267,DEVI_284a47f5e0,COMMS4D,06537#B1,Solar,01/07/2026 03:30:00 AM,01/07/2026 03:59:59 AM,0.002,0,A
ACCO_15e06beda2,NMI_df2d025267,DEVI_284a47f5e0,COMMS4D,06537#E1,Generalusage,01/07/2026 03:30:00 AM,01/07/2026 03:59:59 AM,0,0,A
ACCO_15e06beda2,NMI_df2d025267,DEVI_284a47f5e0,COMMS4D,06537#B1,Solar,01/07/2026 04:00:00 AM,01/07/2026 04:29:59 AM,0.002,0,A
ACCO_15e06beda2,NMI_df2d025267,DEVI_284a47f5e0,COMMS4D,06537#E1,Generalusage,01/07/2026 04:00:00 AM,01/07/2026 04:29:59 AM,0.001,0,A
ACCO_15e06beda2,NMI_df2d025267,DEVI_284a47f5e0,COMMS4D,06537#B1,Solar,01/07/2026 04:30:00 AM,01/07/2026 04:59:59 AM,0.002,0,A
ACCO_15e06beda2,NMI_df2d025267,DEVI_284a47f5e0,COMMS4D,06537#E1,Generalusage,01/07/2026 04:30:00 AM,01/07/2026 04:59:59 AM,0,0,A
ACCO_15e06beda2,NMI_df2d025267,DEVI_284a47f5e0,COMMS4D,06537#B1,Solar,01/07/2026 05:00:00 AM,01/07/2026 05:29:59 AM,0.002,0,A
ACCO_15e06beda2,NMI_df2d025267,DEVI_284a47f5e0,COMMS4D,06537#E1,Generalusage,01/07/2026 05:00:00 AM,01/07/2026 05:29:59 AM,0.001,0,A
ACCO_15e06beda2,NMI_df2d025267,DEVI_284a47f5e0,COMMS4D,06537#B1,Solar,01/07/2026 05:30:00 AM,01/07/2026 05:59:59 AM,0.002,0,A
ACCO_15e06beda2,NMI_df2d025267,DEVI_284a47f5e0,COMMS4D,06537#E1,Generalusage,01/07/2026 05:30:00 AM,01/07/2026 05:59:59 AM,0,0,A
ACCO_15e06beda2,NMI_df2d025267,DEVI_284a47f5e0,COMMS4D,06537#B1,Solar,01/07/2026 06:00:00 AM,01/07/2026 06:29:59 AM,0.001,0,A
ACCO_15e06beda2,NMI_df2d025267,DEVI_284a47f5e0,COMMS4D,06537#E1,Generalusage,01/07/2026 06:00:00 AM,01/07/2026 06:29:59 AM,0.001,0,A
ACCO_15e06beda2,NMI_df2d025267,DEVI_284a47f5e0,COMMS4D,06537#B1,Solar,01/07/2026 06:30:00 AM,01/07/2026 06:59:59 AM,0.002,0,A
ACCO_15e06beda2,NMI_df2d025267,DEVI_284a47f5e0,COMMS4D,06537#E1,Generalusage,01/07/2026 06:30:00 AM,01/07/2026 06:59:59 AM,0.001,0,A
ACCO_15e06beda2,NMI_df2d025267,DEVI_284a47f5e0,COMMS4D,06537#B1,Solar,01/07/2026 07:00:00 AM,01/07/2026 07:29:59 AM,0.002,0,A
ACCO_15e06beda2,NMI_df2d025267,DEVI_284a47f5e0,COMMS4D,06537#E1,Generalusage,01/07/2026 07:00:00 AM,01/07/2026 07:29:59 AM,0,0,A
ACCO_15e06beda2,NMI_df2d025267,DEVI_284a47f5e0,COMMS4D,06537#B1,Solar,01/07/2026 07:30:00 AM,01/07/2026 07:59:59 AM,0.002,0,A
ACCO_15e06beda2,NMI_df2d025267,DEVI_284a47f5e0,COMMS4D,06537#E1,Generalusage,01/07/2026 07:30:00 AM,01/07/2026 07:59:59 AM,0.001,0,A
ACCO_15e06beda2,NMI_df2d025267,DEVI_284a47f5e0,COMMS4D,06537#B1,Solar,01/07/2026 08:00:00 AM,01/07/2026 08:29:59 AM,0.002,0,A
ACCO_15e06beda2,NMI_df2d025267,DEVI_284a47f5e0,COMMS4D,06537#E1,Generalusage,01/07/2026 08:00:00 AM,01/07/2026 08:29:59 AM,0,0,A
ACCO_15e06beda2,NMI_df2d025267,DEVI_284a47f5e0,COMMS4D,06537#B1,Solar,01/07/2026 08:30:00 AM,01/07/2026 08:59:59 AM,0.002,0,A
ACCO_15e06beda2,NMI_df2d025267,DEVI_284a47f5e0,COMMS4D,06537#E1,Generalusage,01/07/2026 08:30:00 AM,01/07/2026 08:59:59 AM,0.001,0,A
ACCO_15e06beda2,NMI_df2d025267,DEVI_284a47f5e0,COMMS4D,06537#B1,Solar,01/07/2026 09:00:00 AM,01/07/2026 09:29:59 AM,0.002,0,A
ACCO_15e06beda2,NMI_df2d025267,DEVI_284a47f5e0,COMMS4D,06537#E1,Generalusage,01/07/2026 09:00:00 AM,01/07/2026 09:29:59 AM,0,0,A
ACCO_15e06beda2,NMI_df2d025267,DEVI_284a47f5e0,COMMS4D,06537#B1,Solar,01/07/2026 09:30:00 AM,01/07/2026 09:59:59 AM,0.001,0,A
ACCO_15e06beda2,NMI_df2d025267,DEVI_284a47f5e0,COMMS4D,06537#E1,Generalusage,01/07/2026 09:30:00 AM,01/07/2026 09:59:59 AM,0.001,0,A
ACCO_15e06beda2,NMI_df2d025267,DEVI_284a47f5e0,COMMS4D,06537#B1,Solar,01/07/2026 10:00:00 AM,01/07/2026 10:29:59 AM,0.002,0,A
ACCO_15e06beda2,NMI_df2d025267,DEVI_284a47f5e0,COMMS4D,06537#E1,Generalusage,01/07/2026 10:00:00 AM,01/07/2026 10:29:59 AM,0,0,A
ACCO_15e06beda2,NMI_df2d025267,DEVI_284a47f5e0,COMMS4D,06537#B1,Solar,01/07/2026 10:30:00 AM,01/07/2026 10:59:59 AM,0.002,0,A
ACCO_15e06beda2,NMI_df2d025267,DEVI_284a47f5e0,COMMS4D,06537#E1,Generalusage,01/07/2026 10:30:00 AM,01/07/2026 10:59:59 AM,0.001,0,A
ACCO_15e06beda2,NMI_df2d025267,DEVI_284a47f5e0,COMMS4D,06537#B1,Solar,01/07/2026 11:00:00 AM,01/07/2026 11:29:59 AM,0.54,0,A
ACCO_15e06beda2,NMI_df2d025267,DEVI_284a47f5e0,COMMS4D,06537#E1,Generalusage,01/07/2026 11:00:00 AM,01/07/2026 11:29:59 AM,0.001,0,A
ACCO_15e06beda2,NMI_df2d025267,DEVI_284a47f5e0,COMMS4D,06537#B1,Solar,01/07/2026 11:30:00 AM,01/07/2026 11:59:59 AM,2.2,0,A
ACCO_15e06beda2,NMI_df2d025267,DEVI_284a47f5e0,COMMS4D,06537#E1,Generalusage,01/07/2026 11:30:00 AM,01/07/2026 11:59:59 AM,0,0,A
ACCO_15e06beda2,NMI_df2d025267,DEVI_284a47f5e0,COMMS4D,06537#B1,Solar,01/07/2026 12:00:00 PM,01/07/2026 12:29:59 PM,2.092,0,A
ACCO_15e06beda2,NMI_df2d025267,DEVI_284a47f5e0,COMMS4D,06537#E1,Generalusage,01/07/2026 12:00:00 PM,01/07/2026 12:29:59 PM,0,0,A
ACCO_15e06beda2,NMI_df2d025267,DEVI_284a47f5e0,COMMS4D,06537#B1,Solar,01/07/2026 12:30:00 PM,01/07/2026 12:59:59 PM,1.403,0,A
ACCO_15e06beda2,NMI_df2d025267,DEVI_284a47f5e0,COMMS4D,06537#E1,Generalusage,01/07/2026 12:30:00 PM,01/07/2026 12:59:59 PM,0,0,A
ACCO_15e06beda2,NMI_df2d025267,DEVI_284a47f5e0,COMMS4D,06537#B1,Solar,01/07/2026 01:00:00 PM,01/07/2026 01:29:59 PM,1.066,0,A
ACCO_15e06beda2,NMI_df2d025267,DEVI_284a47f5e0,COMMS4D,06537#E1,Generalusage,01/07/2026 01:00:00 PM,01/07/2026 01:29:59 PM,0,0,A
ACCO_15e06beda2,NMI_df2d025267,DEVI_284a47f5e0,COMMS4D,06537#B1,Solar,01/07/2026 01:30:00 PM,01/07/2026 01:59:59 PM,1.154,0,A
ACCO_15e06beda2,NMI_df2d025267,DEVI_284a47f5e0,COMMS4D,06537#E1,Generalusage,01/07/2026 01:30:00 PM,01/07/2026 01:59:59 PM,0,0,A
ACCO_15e06beda2,NMI_df2d025267,DEVI_284a47f5e0,COMMS4D,06537#B1,Solar,01/07/2026 02:00:00 PM,01/07/2026 02:29:59 PM,1.016,0,A
ACCO_15e06beda2,NMI_df2d025267,DEVI_284a47f5e0,COMMS4D,06537#E1,Generalusage,01/07/2026 02:00:00 PM,01/07/2026 02:29:59 PM,0,0,A
ACCO_15e06beda2,NMI_df2d025267,DEVI_284a47f5e0,COMMS4D,06537#B1,Solar,01/07/2026 02:30:00 PM,01/07/2026 02:59:59 PM,0.475,0,A
ACCO_15e06beda2,NMI_df2d025267,DEVI_284a47f5e0,COMMS4D,06537#E1,Generalusage,01/07/2026 02:30:00 PM,01/07/2026 02:59:59 PM,0,0,A
ACCO_15e06beda2,NMI_df2d025267,DEVI_284a47f5e0,COMMS4D,06537#B1,Solar,01/07/2026 03:00:00 PM,01/07/2026 03:29:59 PM,0.189,0,A
ACCO_15e06beda2,NMI_df2d025267,DEVI_284a47f5e0,COMMS4D,06537#E1,Generalusage,01/07/2026 03:00:00 PM,01/07/2026 03:29:59 PM,0,0,A
ACCO_15e06beda2,NMI_df2d025267,DEVI_284a47f5e0,COMMS4D,06537#B1,Solar,01/07/2026 03:30:00 PM,01/07/2026 03:59:59 PM,0.025,0,A
ACCO_15e06beda2,NMI_df2d025267,DEVI_284a47f5e0,COMMS4D,06537#E1,Generalusage,01/07/2026 03:30:00 PM,01/07/2026 03:59:59 PM,0.001,0,A
ACCO_15e06beda2,NMI_df2d025267,DEVI_284a47f5e0,COMMS4D,06537#B1,Solar,01/07/2026 04:00:00 PM,01/07/2026 04:29:59 PM,0.019,0,A
ACCO_15e06beda2,NMI_df2d025267,DEVI_284a47f5e0,COMMS4D,06537#E1,Generalusage,01/07/2026 04:00:00 PM,01/07/2026 04:29:59 PM,0.001,0,A
ACCO_15e06beda2,NMI_df2d025267,DEVI_284a47f5e0,COMMS4D,06537#B1,Solar,01/07/2026 04:30:00 PM,01/07/2026 04:59:59 PM,0.002,0,A
ACCO_15e06beda2,NMI_df2d025267,DEVI_284a47f5e0,COMMS4D,06537#E1,Generalusage,01/07/2026 04:30:00 PM,01/07/2026 04:59:59 PM,0.001,0,A
ACCO_15e06beda2,NMI_df2d025267,DEVI_284a47f5e0,COMMS4D,06537#B1,Solar,01/07/2026 05:00:00 PM,01/07/2026 05:29:59 PM,0.002,0,A
ACCO_15e06beda2,NMI_df2d025267,DEVI_284a47f5e0,COMMS4D,06537#E1,Generalusage,01/07/2026 05:00:00 PM,01/07/2026 05:29:59 PM,0,0,A
ACCO_15e06beda2,NMI_df2d025267,DEVI_284a47f5e0,COMMS4D,06537#B1,Solar,01/07/2026 05:30:00 PM,01/07/2026 05:59:59 PM,0.002,0,A
ACCO_15e06beda2,NMI_df2d025267,DEVI_284a47f5e0,COMMS4D,06537#E1,Generalusage,01/07/2026 05:30:00 PM,01/07/2026 05:59:59 PM,0.001,0,A
ACCO_15e06beda2,NMI_df2d025267,DEVI_284a47f5e0,COMMS4D,06537#B1,Solar,01/07/2026 06:00:00 PM,01/07/2026 06:29:59 PM,0.001,0,A
ACCO_15e06beda2,NMI_df2d025267,DEVI_284a47f5e0,COMMS4D,06537#E1,Generalusage,01/07/2026 06:00:00 PM,01/07/2026 06:29:59 PM,0,0,A
ACCO_15e06beda2,NMI_df2d025267,DEVI_284a47f5e0,COMMS4D,06537#B1,Solar,01/07/2026 06:30:00 PM,01/07/2026 06:59:59 PM,0.002,0,A
ACCO_15e06beda2,NMI_df2d025267,DEVI_284a47f5e0,COMMS4D,06537#E1,Generalusage,01/07/2026 06:30:00 PM,01/07/2026 06:59:59 PM,0.001,0,A
ACCO_15e06beda2,NMI_df2d025267,DEVI_284a47f5e0,COMMS4D,06537#B1,Solar,01/07/2026 07:00:00 PM,01/07/2026 07:29:59 PM,0.002,0,A
ACCO_15e06beda2,NMI_df2d025267,DEVI_284a47f5e0,COMMS4D,06537#E1,Generalusage,01/07/2026 07:00:00 PM,01/07/2026 07:29:59 PM,0,0,A
ACCO_15e06beda2,NMI_df2d025267,DEVI_284a47f5e0,COMMS4D,06537#B1,Solar,01/07/2026 07:30:00 PM,01/07/2026 07:59:59 PM,0.002,0,A
ACCO_15e06beda2,NMI_df2d025267,DEVI_284a47f5e0,COMMS4D,06537#E1,Generalusage,01/07/2026 07:30:00 PM,01/07/2026 07:59:59 PM,0.001,0,A
ACCO_15e06beda2,NMI_df2d025267,DEVI_284a47f5e0,COMMS4D,06537#B1,Solar,01/07/2026 08:00:00 PM,01/07/2026 08:29:59 PM,0.002,0,A
ACCO_15e06beda2,NMI_df2d025267,DEVI_284a47f5e0,COMMS4D,06537#E1,Generalusage,01/07/2026 08:00:00 PM,01/07/2026 08:29:59 PM,0,0,A
ACCO_15e06beda2,NMI_df2d025267,DEVI_284a47f5e0,COMMS4D,06537#B1,Solar,01/07/2026 08:30:00 PM,01/07/2026 08:59:59 PM,0.001,0,A
ACCO_15e06beda2,NMI_df2d025267,DEVI_284a47f5e0,COMMS4D,06537#E1,Generalusage,01/07/2026 08:30:00 PM,01/07/2026 08:59:59 PM,0.001,0,A
ACCO_15e06beda2,NMI_df2d025267,DEVI_284a47f5e0,COMMS4D,06537#B1,Solar,01/07/2026 09:00:00 PM,01/07/2026 09:29:59 PM,0.002,0,A
ACCO_15e06beda2,NMI_df2d025267,DEVI_284a47f5e0,COMMS4D,06537#E1,Generalusage,01/07/2026 09:00:00 PM,01/07/2026 09:29:59 PM,0.001,0,A
ACCO_15e06beda2,NMI_df2d025267,DEVI_284a47f5e0,COMMS4D,06537#B1,Solar,01/07/2026 09:30:00 PM,01/07/2026 09:59:59 PM,0.002,0,A
ACCO_15e06beda2,NMI_df2d025267,DEVI_284a47f5e0,COMMS4D,06537#E1,Generalusage,01/07/2026 09:30:00 PM,01/07/2026 09:59:59 PM,0,0,A
ACCO_15e06beda2,NMI_df2d025267,DEVI_284a47f5e0,COMMS4D,06537#B1,Solar,01/07/2026 10:00:00 PM,01/07/2026 10:29:59 PM,0.002,0,A
ACCO_15e06beda2,NMI_df2d025267,DEVI_284a47f5e0,COMMS4D,06537#E1,Generalusage,01/07/2026 10:00:00 PM,01/07/2026 10:29:59 PM,0.001,0,A
ACCO_15e06beda2,NMI_df2d025267,DEVI_284a47f5e0,COMMS4D,06537#B1,Solar,01/07/2026 10:30:00 PM,01/07/2026 10:59:59 PM,0.002,0,A
ACCO_15e06beda2,NMI_df2d025267,DEVI_284a47f5e0,COMMS4D,06537#E1,Generalusage,01/07/2026 10:30:00 PM,01/07/2026 10:59:59 PM,0,0,A
ACCO_15e06beda2,NMI_df2d025267,DEVI_284a47f5e0,COMMS4D,06537#B1,Solar,01/07/2026 11:00:00 PM,01/07/2026 11:29:59 PM,0.001,0,A
ACCO_15e06beda2,NMI_df2d025267,DEVI_284a47f5e0,COMMS4D,06537#E1,Generalusage,01/07/2026 11:00:00 PM,01/07/2026 11:29:59 PM,0.001,0,A
ACCO_15e06beda2,NMI_df2d025267,DEVI_284a47f5e0,COMMS4D,06537#B1,Solar,01/07/2026 11:30:00 PM,01/07/2026 11:59:59 PM,0.002,0,A
ACCO_15e06beda2,NMI_df2d025267,DEVI_284a47f5e0,COMMS4D,06537#E1,Generalusage,01/07/2026 11:30:00 PM,01/07/2026 11:59:59 PM,0,0,A
ACCO_15e06beda2,NMI_df2d025267,DEVI_284a47f5e0,COMMS4D,06537#B1,Solar,02/07/2026 12:00:00 AM,02/07/2026 12:29:59 AM,0.002,0,A
ACCO_15e06beda2,NMI_df2d025267,DEVI_284a47f5e0,COMMS4D,06537#E1,Generalusage,02/07/2026 12:00:00 AM,02/07/2026 12:29:59 AM,0.001,0,A
ACCO_15e06beda2,NMI_df2d025267,DEVI_284a47f5e0,COMMS4D,06537#B1,Solar,02/07/2026 12:30:00 AM,02/07/2026 12:59:59 AM,0.002,0,A
ACCO_15e06beda2,NMI_df2d025267,DEVI_284a47f5e0,COMMS4D,06537#E1,Generalusage,02/07/2026 12:30:00 AM,02/07/2026 12:59:59 AM,0,0,A
ACCO_15e06beda2,NMI_df2d025267,DEVI_284a47f5e0,COMMS4D,06537#B1,Solar,02/07/2026 01:00:00 AM,02/07/2026 01:29:59 AM,0.002,0,A
ACCO_15e06beda2,NMI_df2d025267,DEVI_284a47f5e0,COMMS4D,06537#E1,Generalusage,02/07/2026 01:00:00 AM,02/07/2026 01:29:59 AM,0.001,0,A
ACCO_15e06beda2,NMI_df2d025267,DEVI_284a47f5e0,COMMS4D,06537#B1,Solar,02/07/2026 01:30:00 AM,02/07/2026 01:59:59 AM,0.002,0,A
ACCO_15e06beda2,NMI_df2d025267,DEVI_284a47f5e0,COMMS4D,06537#E1,Generalusage,02/07/2026 01:30:00 AM,02/07/2026 01:59:59 AM,0,0,A
ACCO_15e06beda2,NMI_df2d025267,DEVI_284a47f5e0,COMMS4D,06537#B1,Solar,02/07/2026 02:00:00 AM,02/07/2026 02:29:59 AM,0.001,0,A
ACCO_15e06beda2,NMI_df2d025267,DEVI_284a47f5e0,COMMS4D,06537#E1,Generalusage,02/07/2026 02:00:00 AM,02/07/2026 02:29:59 AM,0.001,0,A
ACCO_15e06beda2,NMI_df2d025267,DEVI_284a47f5e0,COMMS4D,06537#B1,Solar,02/07/2026 02:30:00 AM,02/07/2026 02:59:59 AM,0.002,0,A
ACCO_15e06beda2,NMI_df2d025267,DEVI_284a47f5e0,COMMS4D,06537#E1,Generalusage,02/07/2026 02:30:00 AM,02/07/2026 02:59:59 AM,0,0,A
ACCO_15e06beda2,NMI_df2d025267,DEVI_284a47f5e0,COMMS4D,06537#B1,Solar,02/07/2026 03:00:00 AM,02/07/2026 03:29:59 AM,0.002,0,A
ACCO_15e06beda2,NMI_df2d025267,DEVI_284a47f5e0,COMMS4D,06537#E1,Generalusage,02/07/2026 03:00:00 AM,02/07/2026 03:29:59 AM,0.001,0,A
ACCO_15e06beda2,NMI_df2d025267,DEVI_284a47f5e0,COMMS4D,06537#B1,Solar,02/07/2026 03:30:00 AM,02/07/2026 03:59:59 AM,0.002,0,A
ACCO_15e06beda2,NMI_df2d025267,DEVI_284a47f5e0,COMMS4D,06537#E1,Generalusage,02/07/2026 03:30:00 AM,02/07/2026 03:59:59 AM,0.001,0,A
ACCO_15e06beda2,NMI_df2d025267,DEVI_284a47f5e0,COMMS4D,06537#B1,Solar,02/07/2026 04:00:00 AM,02/07/2026 04:29:59 AM,0.002,0,A
ACCO_15e06beda2,NMI_df2d025267,DEVI_284a47f5e0,COMMS4D,06537#E1,Generalusage,02/07/2026 04:00:00 AM,02/07/2026 04:29:59 AM,0,0,A
ACCO_15e06beda2,NMI_df2d025267,DEVI_284a47f5e0,COMMS4D,06537#B1,Solar,02/07/2026 04:30:00 AM,02/07/2026 04:59:59 AM,0.001,0,A
ACCO_15e06beda2,NMI_df2d025267,DEVI_284a47f5e0,COMMS4D,06537#E1,Generalusage,02/07/2026 04:30:00 AM,02/07/2026 04:59:59 AM,0.001,0,A
ACCO_15e06beda2,NMI_df2d025267,DEVI_284a47f5e0,COMMS4D,06537#B1,Solar,02/07/2026 05:00:00 AM,02/07/2026 05:29:59 AM,0.002,0,A
ACCO_15e06beda2,NMI_df2d025267,DEVI_284a47f5e0,COMMS4D,06537#E1,Generalusage,02/07/2026 05:00:00 AM,02/07/2026 05:29:59 AM,0,0,A
ACCO_15e06beda2,NMI_df2d025267,DEVI_284a47f5e0,COMMS4D,06537#B1,Solar,02/07/2026 05:30:00 AM,02/07/2026 05:59:59 AM,0.002,0,A
ACCO_15e06beda2,NMI_df2d025267,DEVI_284a47f5e0,COMMS4D,06537#E1,Generalusage,02/07/2026 05:30:00 AM,02/07/2026 05:59:59 AM,0.001,0,A
ACCO_15e06beda2,NMI_df2d025267,DEVI_284a47f5e0,COMMS4D,06537#B1,Solar,02/07/2026 06:00:00 AM,02/07/2026 06:29:59 AM,0.002,0,A
ACCO_15e06beda2,NMI_df2d025267,DEVI_284a47f5e0,COMMS4D,06537#E1,Generalusage,02/07/2026 06:00:00 AM,02/07/2026 06:29:59 AM,0,0,A
ACCO_15e06beda2,NMI_df2d025267,DEVI_284a47f5e0,COMMS4D,06537#B1,Solar,02/07/2026 06:30:00 AM,02/07/2026 06:59:59 AM,0.001,0,A
ACCO_15e06beda2,NMI_df2d025267,DEVI_284a47f5e0,COMMS4D,06537#E1,Generalusage,02/07/2026 06:30:00 AM,02/07/2026 06:59:59 AM,0.001,0,A
ACCO_15e06beda2,NMI_df2d025267,DEVI_284a47f5e0,COMMS4D,06537#B1,Solar,02/07/2026 07:00:00 AM,02/07/2026 07:29:59 AM,0.002,0,A
ACCO_15e06beda2,NMI_df2d025267,DEVI_284a47f5e0,COMMS4D,06537#E1,Generalusage,02/07/2026 07:00:00 AM,02/07/2026 07:29:59 AM,0.001,0,A
ACCO_15e06beda2,NMI_df2d025267,DEVI_284a47f5e0,COMMS4D,06537#B1,Solar,02/07/2026 07:30:00 AM,02/07/2026 07:59:59 AM,0.002,0,A
ACCO_15e06beda2,NMI_df2d025267,DEVI_284a47f5e0,COMMS4D,06537#E1,Generalusage,02/07/2026 07:30:00 AM,02/07/2026 07:59:59 AM,0,0,A
ACCO_15e06beda2,NMI_df2d025267,DEVI_284a47f5e0,COMMS4D,06537#B1,Solar,02/07/2026 08:00:00 AM,02/07/2026 08:29:59 AM,0.002,0,A
ACCO_15e06beda2,NMI_df2d025267,DEVI_284a47f5e0,COMMS4D,06537#E1,Generalusage,02/07/2026 08:00:00 AM,02/07/2026 08:29:59 AM,0.001,0,A
ACCO_15e06beda2,NMI_df2d025267,DEVI_284a47f5e0,COMMS4D,06537#B1,Solar,02/07/2026 08:30:00 AM,02/07/2026 08:59:59 AM,0.002,0,A
ACCO_15e06beda2,NMI_df2d025267,DEVI_284a47f5e0,COMMS4D,06537#E1,Generalusage,02/07/2026 08:30:00 AM,02/07/2026 08:59:59 AM,0,0,A
ACCO_15e06beda2,NMI_df2d025267,DEVI_284a47f5e0,COMMS4D,06537#B1,Solar,02/07/2026 09:00:00 AM,02/07/2026 09:29:59 AM,0.002,0,A
ACCO_15e06beda2,NMI_df2d025267,DEVI_284a47f5e0,COMMS4D,06537#E1,Generalusage,02/07/2026 09:00:00 AM,02/07/2026 09:29:59 AM,0.001,0,A
ACCO_15e06beda2,NMI_df2d025267,DEVI_284a47f5e0,COMMS4D,06537#B1,Solar,02/07/2026 09:30:00 AM,02/07/2026 09:59:59 AM,0.488,0,A
ACCO_15e06beda2,NMI_df2d025267,DEVI_284a47f5e0,COMMS4D,06537#E1,Generalusage,02/07/2026 09:30:00 AM,02/07/2026 09:59:59 AM,0,0,A
ACCO_15e06beda2,NMI_df2d025267,DEVI_284a47f5e0,COMMS4D,06537#B1,Solar,02/07/2026 10:00:00 AM,02/07/2026 10:29:59 AM,2.41,0,A
ACCO_15e06beda2,NMI_df2d025267,DEVI_284a47f5e0,COMMS4D,06537#E1,Generalusage,02/07/2026 10:00:00 AM,02/07/2026 10:29:59 AM,0,0,A
ACCO_15e06beda2,NMI_df2d025267,DEVI_284a47f5e0,COMMS4D,06537#B1,Solar,02/07/2026 10:30:00 AM,02/07/2026 10:59:59 AM,2.806,0,A
ACCO_15e06beda2,NMI_df2d025267,DEVI_284a47f5e0,COMMS4D,06537#E1,Generalusage,02/07/2026 10:30:00 AM,02/07/2026 10:59:59 AM,0,0,A
ACCO_15e06beda2,NMI_df2d025267,DEVI_284a47f5e0,COMMS4D,06537#B1,Solar,02/07/2026 11:00:00 AM,02/07/2026 11:29:59 AM,2.993,0,A
ACCO_15e06beda2,NMI_df2d025267,DEVI_284a47f5e0,COMMS4D,06537#E1,Generalusage,02/07/2026 11:00:00 AM,02/07/2026 11:29:59 AM,0,0,A
ACCO_15e06beda2,NMI_df2d025267,DEVI_284a47f5e0,COMMS4D,06537#B1,Solar,02/07/2026 11:30:00 AM,02/07/2026 11:59:59 AM,3.098,0,A
ACCO_15e06beda2,NMI_df2d025267,DEVI_284a47f5e0,COMMS4D,06537#E1,Generalusage,02/07/2026 11:30:00 AM,02/07/2026 11:59:59 AM,0,0,A
ACCO_15e06beda2,NMI_df2d025267,DEVI_284a47f5e0,COMMS4D,06537#B1,Solar,02/07/2026 12:00:00 PM,02/07/2026 12:29:59 PM,3.151,0,A
ACCO_15e06beda2,NMI_df2d025267,DEVI_284a47f5e0,COMMS4D,06537#E1,Generalusage,02/07/2026 12:00:00 PM,02/07/2026 12:29:59 PM,0,0,A
ACCO_15e06beda2,NMI_df2d025267,DEVI_284a47f5e0,COMMS4D,06537#B1,Solar,02/07/2026 12:30:00 PM,02/07/2026 12:59:59 PM,3.095,0,A
ACCO_15e06beda2,NMI_df2d025267,DEVI_284a47f5e0,COMMS4D,06537#E1,Generalusage,02/07/2026 12:30:00 PM,02/07/2026 12:59:59 PM,0,0,A
ACCO_15e06beda2,NMI_df2d025267,DEVI_284a47f5e0,COMMS4D,06537#B1,Solar,02/07/2026 01:00:00 PM,02/07/2026 01:29:59 PM,2.955,0,A
ACCO_15e06beda2,NMI_df2d025267,DEVI_284a47f5e0,COMMS4D,06537#E1,Generalusage,02/07/2026 01:00:00 PM,02/07/2026 01:29:59 PM,0,0,A
ACCO_15e06beda2,NMI_df2d025267,DEVI_284a47f5e0,COMMS4D,06537#B1,Solar,02/07/2026 01:30:00 PM,02/07/2026 01:59:59 PM,2.786,0,A
ACCO_15e06beda2,NMI_df2d025267,DEVI_284a47f5e0,COMMS4D,06537#E1,Generalusage,02/07/2026 01:30:00 PM,02/07/2026 01:59:59 PM,0,0,A
ACCO_15e06beda2,NMI_df2d025267,DEVI_284a47f5e0,COMMS4D,06537#B1,Solar,02/07/2026 02:00:00 PM,02/07/2026 02:29:59 PM,2.515,0,A
ACCO_15e06beda2,NMI_df2d025267,DEVI_284a47f5e0,COMMS4D,06537#E1,Generalusage,02/07/2026 02:00:00 PM,02/07/2026 02:29:59 PM,0,0,A
ACCO_15e06beda2,NMI_df2d025267,DEVI_284a47f5e0,COMMS4D,06537#B1,Solar,02/07/2026 02:30:00 PM,02/07/2026 02:59:59 PM,2.164,0,A
ACCO_15e06beda2,NMI_df2d025267,DEVI_284a47f5e0,COMMS4D,06537#E1,Generalusage,02/07/2026 02:30:00 PM,02/07/2026 02:59:59 PM,0,0,A
ACCO_15e06beda2,NMI_df2d025267,DEVI_284a47f5e0,COMMS4D,06537#B1,Solar,02/07/2026 03:00:00 PM,02/07/2026 03:29:59 PM,1.728,0,A
ACCO_15e06beda2,NMI_df2d025267,DEVI_284a47f5e0,COMMS4D,06537#E1,Generalusage,02/07/2026 03:00:00 PM,02/07/2026 03:29:59 PM,0,0,A
ACCO_15e06beda2,NMI_df2d025267,DEVI_284a47f5e0,COMMS4D,06537#B1,Solar,02/07/2026 03:30:00 PM,02/07/2026 03:59:59 PM,1.213,0,A
ACCO_15e06beda2,NMI_df2d025267,DEVI_284a47f5e0,COMMS4D,06537#E1,Generalusage,02/07/2026 03:30:00 PM,02/07/2026 03:59:59 PM,0,0,A
ACCO_15e06beda2,NMI_df2d025267,DEVI_284a47f5e0,COMMS4D,06537#B1,Solar,02/07/2026 04:00:00 PM,02/07/2026 04:29:59 PM,0.404,0,A
ACCO_15e06beda2,NMI_df2d025267,DEVI_284a47f5e0,COMMS4D,06537#E1,Generalusage,02/07/2026 04:00:00 PM,02/07/2026 04:29:59 PM,0.001,0,A
ACCO_15e06beda2,NMI_df2d025267,DEVI_284a47f5e0,COMMS4D,06537#B1,Solar,02/07/2026 04:30:00 PM,02/07/2026 04:59:59 PM,0.001,0,A
ACCO_15e06beda2,NMI_df2d025267,DEVI_284a47f5e0,COMMS4D,06537#E1,Generalusage,02/07/2026 04:30:00 PM,02/07/2026 04:59:59 PM,0,0,A
ACCO_15e06beda2,NMI_df2d025267,DEVI_284a47f5e0,COMMS4D,06537#B1,Solar,02/07/2026 05:00:00 PM,02/07/2026 05:29:59 PM,0.002,0,A
ACCO_15e06beda2,NMI_df2d025267,DEVI_284a47f5e0,COMMS4D,06537#E1,Generalusage,02/07/2026 05:00:00 PM,02/07/2026 05:29:59 PM,0.001,0,A
ACCO_15e06beda2,NMI_df2d025267,DEVI_284a47f5e0,COMMS4D,06537#B1,Solar,02/07/2026 05:30:00 PM,02/07/2026 05:59:59 PM,0.002,0,A
ACCO_15e06beda2,NMI_df2d025267,DEVI_284a47f5e0,COMMS4D,06537#E1,Generalusage,02/07/2026 05:30:00 PM,02/07/2026 05:59:59 PM,0,0,A
ACCO_15e06beda2,NMI_df2d025267,DEVI_284a47f5e0,COMMS4D,06537#B1,Solar,02/07/2026 06:00:00 PM,02/07/2026 06:29:59 PM,0.002,0,A
ACCO_15e06beda2,NMI_df2d025267,DEVI_284a47f5e0,COMMS4D,06537#E1,Generalusage,02/07/2026 06:00:00 PM,02/07/2026 06:29:59 PM,0.001,0,A
ACCO_15e06beda2,NMI_df2d025267,DEVI_284a47f5e0,COMMS4D,06537#B1,Solar,02/07/2026 06:30:00 PM,02/07/2026 06:59:59 PM,0.002,0,A
ACCO_15e06beda2,NMI_df2d025267,DEVI_284a47f5e0,COMMS4D,06537#E1,Generalusage,02/07/2026 06:30:00 PM,02/07/2026 06:59:59 PM,0.001,0,A
ACCO_15e06beda2,NMI_df2d025267,DEVI_284a47f5e0,COMMS4D,06537#B1,Solar,02/07/2026 07:00:00 PM,02/07/2026 07:29:59 PM,0.001,0,A
ACCO_15e06beda2,NMI_df2d025267,DEVI_284a47f5e0,COMMS4D,06537#E1,Generalusage,02/07/2026 07:00:00 PM,02/07/2026 07:29:59 PM,0,0,A
ACCO_15e06beda2,NMI_df2d025267,DEVI_284a47f5e0,COMMS4D,06537#B1,Solar,02/07/2026 07:30:00 PM,02/07/2026 07:59:59 PM,0.002,0,A
ACCO_15e06beda2,NMI_df2d025267,DEVI_284a47f5e0,COMMS4D,06537#E1,Generalusage,02/07/2026 07:30:00 PM,02/07/2026 07:59:59 PM,0.001,0,A
ACCO_15e06beda2,NMI_df2d025267,DEVI_284a47f5e0,COMMS4D,06537#B1,Solar,02/07/2026 08:00:00 PM,02/07/2026 08:29:59 PM,0.002,0,A
ACCO_15e06beda2,NMI_df2d025267,DEVI_284a47f5e0,COMMS4D,06537#E1,Generalusage,02/07/2026 08:00:00 PM,02/07/2026 08:29:59 PM,0,0,A
ACCO_15e06beda2,NMI_df2d025267,DEVI_284a47f5e0,COMMS4D,06537#B1,Solar,02/07/2026 08:30:00 PM,02/07/2026 08:59:59 PM,0.002,0,A
ACCO_15e06beda2,NMI_df2d025267,DEVI_284a47f5e0,COMMS4D,06537#E1,Generalusage,02/07/2026 08:30:00 PM,02/07/2026 08:59:59 PM,0.001,0,A
ACCO_15e06beda2,NMI_df2d025267,DEVI_284a47f5e0,COMMS4D,06537#B1,Solar,02/07/2026 09:00:00 PM,02/07/2026 09:29:59 PM,0.002,0,A
ACCO_15e06beda2,NMI_df2d025267,DEVI_284a47f5e0,COMMS4D,06537#E1,Generalusage,02/07/2026 09:00:00 PM,02/07/2026 09:29:59 PM,0.001,0,A
ACCO_15e06beda2,NMI_df2d025267,DEVI_284a47f5e0,COMMS4D,06537#B1,Solar,02/07/2026 09:30:00 PM,02/07/2026 09:59:59 PM,0.001,0,A
ACCO_15e06beda2,NMI_df2d025267,DEVI_284a47f5e0,COMMS4D,06537#E1,Generalusage,02/07/2026 09:30:00 PM,02/07/2026 09:59:59 PM,0,0,A
ACCO_15e06beda2,NMI_df2d025267,DEVI_284a47f5e0,COMMS4D,06537#B1,Solar,02/07/2026 10:00:00 PM,02/07/2026 10:29:59 PM,0.002,0,A
ACCO_15e06beda2,NMI_df2d025267,DEVI_284a47f5e0,COMMS4D,06537#E1,Generalusage,02/07/2026 10:00:00 PM,02/07/2026 10:29:59 PM,0.001,0,A
ACCO_15e06beda2,NMI_df2d025267,DEVI_284a47f5e0,COMMS4D,06537#B1,Solar,02/07/2026 10:30:00 PM,02/07/2026 10:59:59 PM,0.002,0,A
ACCO_15e06beda2,NMI_df2d025267,DEVI_284a47f5e0,COMMS4D,06537#E1,Generalusage,02/07/2026 10:30:00 PM,02/07/2026 10:59:59 PM,0,0,A
ACCO_15e06beda2,NMI_df2d025267,DEVI_284a47f5e0,COMMS4D,06537#B1,Solar,02/07/2026 11:00:00 PM,02/07/2026 11:29:59 PM,0.002,0,A
ACCO_15e06beda2,NMI_df2d025267,DEVI_284a47f5e0,COMMS4D,06537#E1,Generalusage,02/07/2026 11:00:00 PM,02/07/2026 11:29:59 PM,0.001,0,A
ACCO_15e06beda2,NMI_df2d025267,DEVI_284a47f5e0,COMMS4D,06537#B1,Solar,02/07/2026 11:30:00 PM,02/07/2026 11:59:59 PM,0.002,0,A
ACCO_15e06beda2,NMI_df2d025267,DEVI_284a47f5e0,COMMS4D,06537#E1,Generalusage,02/07/2026 11:30:00 PM,02/07/2026 11:59:59 PM,0,0,A
ACCO_15e06beda2,NMI_df2d025267,DEVI_284a47f5e0,COMMS4D,06537#B1,Solar,03/07/2026 12:00:00 AM,03/07/2026 12:29:59 AM,0.001,0,A
ACCO_15e06beda2,NMI_df2d025267,DEVI_284a47f5e0,COMMS4D,06537#E1,Generalusage,03/07/2026 12:00:00 AM,03/07/2026 12:29:59 AM,0.001,0,A
ACCO_15e06beda2,NMI_df2d025267,DEVI_284a47f5e0,COMMS4D,06537#B1,Solar,03/07/2026 12:30:00 AM,03/07/2026 12:59:59 AM,0.002,0,A
ACCO_15e06beda2,NMI_df2d025267,DEVI_284a47f5e0,COMMS4D,06537#E1,Generalusage,03/07/2026 12:30:00 AM,03/07/2026 12:59:59 AM,0,0,A
ACCO_15e06beda2,NMI_df2d025267,DEVI_284a47f5e0,COMMS4D,06537#B1,Solar,03/07/2026 01:00:00 AM,03/07/2026 01:29:59 AM,0.002,0,A
ACCO_15e06beda2,NMI_df2d025267,DEVI_284a47f5e0,COMMS4D,06537#E1,Generalusage,03/07/2026 01:00:00 AM,03/07/2026 01:29:59 AM,0.001,0,A
ACCO_15e06beda2,NMI_df2d025267,DEVI_284a47f5e0,COMMS4D,06537#B1,Solar,03/07/2026 01:30:00 AM,03/07/2026 01:59:59 AM,0.001,0,A
ACCO_15e06beda2,NMI_df2d025267,DEVI_284a47f5e0,COMMS4D,06537#E1,Generalusage,03/07/2026 01:30:00 AM,03/07/2026 01:59:59 AM,0.001,0,A
ACCO_15e06beda2,NMI_df2d025267,DEVI_284a47f5e0,COMMS4D,06537#B1,Solar,03/07/2026 02:00:00 AM,03/07/2026 02:29:59 AM,0.002,0,A
ACCO_15e06beda2,NMI_df2d025267,DEVI_284a47f5e0,COMMS4D,06537#E1,Generalusage,03/07/2026 02:00:00 AM,03/07/2026 02:29:59 AM,0,0,A
ACCO_15e06beda2,NMI_df2d025267,DEVI_284a47f5e0,COMMS4D,06537#B1,Solar,03/07/2026 02:30:00 AM,03/07/2026 02:59:59 AM,0.002,0,A
ACCO_15e06beda2,NMI_df2d025267,DEVI_284a47f5e0,COMMS4D,06537#E1,Generalusage,03/07/2026 02:30:00 AM,03/07/2026 02:59:59 AM,0.001,0,A
ACCO_15e06beda2,NMI_df2d025267,DEVI_284a47f5e0,COMMS4D,06537#B1,Solar,03/07/2026 03:00:00 AM,03/07/2026 03:29:59 AM,0.002,0,A
ACCO_15e06beda2,NMI_df2d025267,DEVI_284a47f5e0,COMMS4D,06537#E1,Generalusage,03/07/2026 03:00:00 AM,03/07/2026 03:29:59 AM,0,0,A
ACCO_15e06beda2,NMI_df2d025267,DEVI_284a47f5e0,COMMS4D,06537#B1,Solar,03/07/2026 03:30:00 AM,03/07/2026 03:59:59 AM,0.002,0,A
ACCO_15e06beda2,NMI_df2d025267,DEVI_284a47f5e0,COMMS4D,06537#E1,Generalusage,03/07/2026 03:30:00 AM,03/07/2026 03:59:59 AM,0.001,0,A
ACCO_15e06beda2,NMI_df2d025267,DEVI_284a47f5e0,COMMS4D,06537#B1,Solar,03/07/2026 04:00:00 AM,03/07/2026 04:29:59 AM,0.001,0,A
ACCO_15e06beda2,NMI_df2d025267,DEVI_284a47f5e0,COMMS4D,06537#E1,Generalusage,03/07/2026 04:00:00 AM,03/07/2026 04:29:59 AM,0.001,0,A
ACCO_15e06beda2,NMI_df2d025267,DEVI_284a47f5e0,COMMS4D,06537#B1,Solar,03/07/2026 04:30:00 AM,03/07/2026 04:59:59 AM,0.002,0,A
ACCO_15e06beda2,NMI_df2d025267,DEVI_284a47f5e0,COMMS4D,06537#E1,Generalusage,03/07/2026 04:30:00 AM,03/07/2026 04:59:59 AM,0,0,A
ACCO_15e06beda2,NMI_df2d025267,DEVI_284a47f5e0,COMMS4D,06537#B1,Solar,03/07/2026 05:00:00 AM,03/07/2026 05:29:59 AM,0.001,0,A
ACCO_15e06beda2,NMI_df2d025267,DEVI_284a47f5e0,COMMS4D,06537#E1,Generalusage,03/07/2026 05:00:00 AM,03/07/2026 05:29:59 AM,0.001,0,A
ACCO_15e06beda2,NMI_df2d025267,DEVI_284a47f5e0,COMMS4D,06537#B1,Solar,03/07/2026 05:30:00 AM,03/07/2026 05:59:59 AM,0.002,0,A
ACCO_15e06beda2,NMI_df2d025267,DEVI_284a47f5e0,COMMS4D,06537#E1,Generalusage,03/07/2026 05:30:00 AM,03/07/2026 05:59:59 AM,0,0,A
ACCO_15e06beda2,NMI_df2d025267,DEVI_284a47f5e0,COMMS4D,06537#B1,Solar,03/07/2026 06:00:00 AM,03/07/2026 06:29:59 AM,0.002,0,A
ACCO_15e06beda2,NMI_df2d025267,DEVI_284a47f5e0,COMMS4D,06537#E1,Generalusage,03/07/2026 06:00:00 AM,03/07/2026 06:29:59 AM,0.001,0,A
ACCO_15e06beda2,NMI_df2d025267,DEVI_284a47f5e0,COMMS4D,06537#B1,Solar,03/07/2026 06:30:00 AM,03/07/2026 06:59:59 AM,0.002,0,A
ACCO_15e06beda2,NMI_df2d025267,DEVI_284a47f5e0,COMMS4D,06537#E1,Generalusage,03/07/2026 06:30:00 AM,03/07/2026 06:59:59 AM,0.001,0,A
ACCO_15e06beda2,NMI_df2d025267,DEVI_284a47f5e0,COMMS4D,06537#B1,Solar,03/07/2026 07:00:00 AM,03/07/2026 07:29:59 AM,0.002,0,A
ACCO_15e06beda2,NMI_df2d025267,DEVI_284a47f5e0,COMMS4D,06537#E1,Generalusage,03/07/2026 07:00:00 AM,03/07/2026 07:29:59 AM,0,0,A
ACCO_15e06beda2,NMI_df2d025267,DEVI_284a47f5e0,COMMS4D,06537#B1,Solar,03/07/2026 07:30:00 AM,03/07/2026 07:59:59 AM,0.002,0,A
ACCO_15e06beda2,NMI_df2d025267,DEVI_284a47f5e0,COMMS4D,06537#E1,Generalusage,03/07/2026 07:30:00 AM,03/07/2026 07:59:59 AM,0.001,0,A
ACCO_15e06beda2,NMI_df2d025267,DEVI_284a47f5e0,COMMS4D,06537#B1,Solar,03/07/2026 08:00:00 AM,03/07/2026 08:29:59 AM,0.001,0,A
ACCO_15e06beda2,NMI_df2d025267,DEVI_284a47f5e0,COMMS4D,06537#E1,Generalusage,03/07/2026 08:00:00 AM,03/07/2026 08:29:59 AM,0,0,A
ACCO_15e06beda2,NMI_df2d025267,DEVI_284a47f5e0,COMMS4D,06537#B1,Solar,03/07/2026 08:30:00 AM,03/07/2026 08:59:59 AM,0.002,0,A
ACCO_15e06beda2,NMI_df2d025267,DEVI_284a47f5e0,COMMS4D,06537#E1,Generalusage,03/07/2026 08:30:00 AM,03/07/2026 08:59:59 AM,0.001,0,A
ACCO_15e06beda2,NMI_df2d025267,DEVI_284a47f5e0,COMMS4D,06537#B1,Solar,03/07/2026 09:00:00 AM,03/07/2026 09:29:59 AM,0.002,0,A
ACCO_15e06beda2,NMI_df2d025267,DEVI_284a47f5e0,COMMS4D,06537#E1,Generalusage,03/07/2026 09:00:00 AM,03/07/2026 09:29:59 AM,0,0,A
ACCO_15e06beda2,NMI_df2d025267,DEVI_284a47f5e0,COMMS4D,06537#B1,Solar,03/07/2026 09:30:00 AM,03/07/2026 09:59:59 AM,0.003,0,A
ACCO_15e06beda2,NMI_df2d025267,DEVI_284a47f5e0,COMMS4D,06537#E1,Generalusage,03/07/2026 09:30:00 AM,03/07/2026 09:59:59 AM,0.002,0,A
ACCO_15e06beda2,NMI_df2d025267,DEVI_284a47f5e0,COMMS4D,06537#B1,Solar,03/07/2026 10:00:00 AM,03/07/2026 10:29:59 AM,0.182,0,A
ACCO_15e06beda2,NMI_df2d025267,DEVI_284a47f5e0,COMMS4D,06537#E1,Generalusage,03/07/2026 10:00:00 AM,03/07/2026 10:29:59 AM,0.009,0,A
ACCO_15e06beda2,NMI_df2d025267,DEVI_284a47f5e0,COMMS4D,06537#B1,Solar,03/07/2026 10:30:00 AM,03/07/2026 10:59:59 AM,0.443,0,A
ACCO_15e06beda2,NMI_df2d025267,DEVI_284a47f5e0,COMMS4D,06537#E1,Generalusage,03/07/2026 10:30:00 AM,03/07/2026 10:59:59 AM,0.006,0,A
ACCO_15e06beda2,NMI_df2d025267,DEVI_284a47f5e0,COMMS4D,06537#B1,Solar,03/07/2026 11:00:00 AM,03/07/2026 11:29:59 AM,2.819,0,A
ACCO_15e06beda2,NMI_df2d025267,DEVI_284a47f5e0,COMMS4D,06537#E1,Generalusage,03/07/2026 11:00:00 AM,03/07/2026 11:29:59 AM,0,0,A
ACCO_15e06beda2,NMI_df2d025267,DEVI_284a47f5e0,COMMS4D,06537#B1,Solar,03/07/2026 11:30:00 AM,03/07/2026 11:59:59 AM,2.238,0,A
ACCO_15e06beda2,NMI_df2d025267,DEVI_284a47f5e0,COMMS4D,06537#E1,Generalusage,03/07/2026 11:30:00 AM,03/07/2026 11:59:59 AM,0,0,A
ACCO_15e06beda2,NMI_df2d025267,DEVI_284a47f5e0,COMMS4D,06537#B1,Solar,03/07/2026 12:00:00 PM,03/07/2026 12:29:59 PM,3.507,0,A
ACCO_15e06beda2,NMI_df2d025267,DEVI_284a47f5e0,COMMS4D,06537#E1,Generalusage,03/07/2026 12:00:00 PM,03/07/2026 12:29:59 PM,0,0,A
ACCO_15e06beda2,NMI_df2d025267,DEVI_284a47f5e0,COMMS4D,06537#B1,Solar,03/07/2026 12:30:00 PM,03/07/2026 12:59:59 PM,3.253,0,A
ACCO_15e06beda2,NMI_df2d025267,DEVI_284a47f5e0,COMMS4D,06537#E1,Generalusage,03/07/2026 12:30:00 PM,03/07/2026 12:59:59 PM,0,0,A
ACCO_15e06beda2,NMI_df2d025267,DEVI_284a47f5e0,COMMS4D,06537#B1,Solar,03/07/2026 01:00:00 PM,03/07/2026 01:29:59 PM,3.136,0,A
ACCO_15e06beda2,NMI_df2d025267,DEVI_284a47f5e0,COMMS4D,06537#E1,Generalusage,03/07/2026 01:00:00 PM,03/07/2026 01:29:59 PM,0,0,A
ACCO_15e06beda2,NMI_df2d025267,DEVI_284a47f5e0,COMMS4D,06537#B1,Solar,03/07/2026 01:30:00 PM,03/07/2026 01:59:59 PM,3.011,0,A
ACCO_15e06beda2,NMI_df2d025267,DEVI_284a47f5e0,COMMS4D,06537#E1,Generalusage,03/07/2026 01:30:00 PM,03/07/2026 01:59:59 PM,0,0,A
ACCO_15e06beda2,NMI_df2d025267,DEVI_284a47f5e0,COMMS4D,06537#B1,Solar,03/07/2026 02:00:00 PM,03/07/2026 02:29:59 PM,2.722,0,A
ACCO_15e06beda2,NMI_df2d025267,DEVI_284a47f5e0,COMMS4D,06537#E1,Generalusage,03/07/2026 02:00:00 PM,03/07/2026 02:29:59 PM,0,0,A
ACCO_15e06beda2,NMI_df2d025267,DEVI_284a47f5e0,COMMS4D,06537#B1,Solar,03/07/2026 02:30:00 PM,03/07/2026 02:59:59 PM,2.294,0,A
ACCO_15e06beda2,NMI_df2d025267,DEVI_284a47f5e0,COMMS4D,06537#E1,Generalusage,03/07/2026 02:30:00 PM,03/07/2026 02:59:59 PM,0,0,A
ACCO_15e06beda2,NMI_df2d025267,DEVI_284a47f5e0,COMMS4D,06537#B1,Solar,03/07/2026 03:00:00 PM,03/07/2026 03:29:59 PM,1.764,0,A
ACCO_15e06beda2,NMI_df2d025267,DEVI_284a47f5e0,COMMS4D,06537#E1,Generalusage,03/07/2026 03:00:00 PM,03/07/2026 03:29:59 PM,0,0,A
ACCO_15e06beda2,NMI_df2d025267,DEVI_284a47f5e0,COMMS4D,06537#B1,Solar,03/07/2026 03:30:00 PM,03/07/2026 03:59:59 PM,1.274,0,A
ACCO_15e06beda2,NMI_df2d025267,DEVI_284a47f5e0,COMMS4D,06537#E1,Generalusage,03/07/2026 03:30:00 PM,03/07/2026 03:59:59 PM,0,0,A
ACCO_15e06beda2,NMI_df2d025267,DEVI_284a47f5e0,COMMS4D,06537#B1,Solar,03/07/2026 04:00:00 PM,03/07/2026 04:29:59 PM,0.423,0,A
ACCO_15e06beda2,NMI_df2d025267,DEVI_284a47f5e0,COMMS4D,06537#E1,Generalusage,03/07/2026 04:00:00 PM,03/07/2026 04:29:59 PM,0,0,A
ACCO_15e06beda2,NMI_df2d025267,DEVI_284a47f5e0,COMMS4D,06537#B1,Solar,03/07/2026 04:30:00 PM,03/07/2026 04:59:59 PM,0.002,0,A
ACCO_15e06beda2,NMI_df2d025267,DEVI_284a47f5e0,COMMS4D,06537#E1,Generalusage,03/07/2026 04:30:00 PM,03/07/2026 04:59:59 PM,0.001,0,A
ACCO_15e06beda2,NMI_df2d025267,DEVI_284a47f5e0,COMMS4D,06537#B1,Solar,03/07/2026 05:00:00 PM,03/07/2026 05:29:59 PM,0.002,0,A
ACCO_15e06beda2,NMI_df2d025267,DEVI_284a47f5e0,COMMS4D,06537#E1,Generalusage,03/07/2026 05:00:00 PM,03/07/2026 05:29:59 PM,0.001,0,A
ACCO_15e06beda2,NMI_df2d025267,DEVI_284a47f5e0,COMMS4D,06537#B1,Solar,03/07/2026 05:30:00 PM,03/07/2026 05:59:59 PM,0.002,0,A
ACCO_15e06beda2,NMI_df2d025267,DEVI_284a47f5e0,COMMS4D,06537#E1,Generalusage,03/07/2026 05:30:00 PM,03/07/2026 05:59:59 PM,0,0,A
ACCO_15e06beda2,NMI_df2d025267,DEVI_284a47f5e0,COMMS4D,06537#B1,Solar,03/07/2026 06:00:00 PM,03/07/2026 06:29:59 PM,0.001,0,A
ACCO_15e06beda2,NMI_df2d025267,DEVI_284a47f5e0,COMMS4D,06537#E1,Generalusage,03/07/2026 06:00:00 PM,03/07/2026 06:29:59 PM,0.001,0,A
ACCO_15e06beda2,NMI_df2d025267,DEVI_284a47f5e0,COMMS4D,06537#B1,Solar,03/07/2026 06:30:00 PM,03/07/2026 06:59:59 PM,0.002,0,A
ACCO_15e06beda2,NMI_df2d025267,DEVI_284a47f5e0,COMMS4D,06537#E1,Generalusage,03/07/2026 06:30:00 PM,03/07/2026 06:59:59 PM,0,0,A
ACCO_15e06beda2,NMI_df2d025267,DEVI_284a47f5e0,COMMS4D,06537#B1,Solar,03/07/2026 07:00:00 PM,03/07/2026 07:29:59 PM,0.002,0,A
ACCO_15e06beda2,NMI_df2d025267,DEVI_284a47f5e0,COMMS4D,06537#E1,Generalusage,03/07/2026 07:00:00 PM,03/07/2026 07:29:59 PM,0.001,0,A
ACCO_15e06beda2,NMI_df2d025267,DEVI_284a47f5e0,COMMS4D,06537#B1,Solar,03/07/2026 07:30:00 PM,03/07/2026 07:59:59 PM,0.002,0,A
ACCO_15e06beda2,NMI_df2d025267,DEVI_284a47f5e0,COMMS4D,06537#E1,Generalusage,03/07/2026 07:30:00 PM,03/07/2026 07:59:59 PM,0,0,A
ACCO_15e06beda2,NMI_df2d025267,DEVI_284a47f5e0,COMMS4D,06537#B1,Solar,03/07/2026 08:00:00 PM,03/07/2026 08:29:59 PM,0.002,0,A
ACCO_15e06beda2,NMI_df2d025267,DEVI_284a47f5e0,COMMS4D,06537#E1,Generalusage,03/07/2026 08:00:00 PM,03/07/2026 08:29:59 PM,0.001,0,A
ACCO_15e06beda2,NMI_df2d025267,DEVI_284a47f5e0,COMMS4D,06537#B1,Solar,03/07/2026 08:30:00 PM,03/07/2026 08:59:59 PM,0.002,0,A
ACCO_15e06beda2,NMI_df2d025267,DEVI_284a47f5e0,COMMS4D,06537#E1,Generalusage,03/07/2026 08:30:00 PM,03/07/2026 08:59:59 PM,0.001,0,A
ACCO_15e06beda2,NMI_df2d025267,DEVI_284a47f5e0,COMMS4D,06537#B1,Solar,03/07/2026 09:00:00 PM,03/07/2026 09:29:59 PM,0.001,0,A
ACCO_15e06beda2,NMI_df2d025267,DEVI_284a47f5e0,COMMS4D,06537#E1,Generalusage,03/07/2026 09:00:00 PM,03/07/2026 09:29:59 PM,0,0,A
ACCO_15e06beda2,NMI_df2d025267,DEVI_284a47f5e0,COMMS4D,06537#B1,Solar,03/07/2026 09:30:00 PM,03/07/2026 09:59:59 PM,0.002,0,A
ACCO_15e06beda2,NMI_df2d025267,DEVI_284a47f5e0,COMMS4D,06537#E1,Generalusage,03/07/2026 09:30:00 PM,03/07/2026 09:59:59 PM,0.001,0,A
ACCO_15e06beda2,NMI_df2d025267,DEVI_284a47f5e0,COMMS4D,06537#B1,Solar,03/07/2026 10:00:00 PM,03/07/2026 10:29:59 PM,0.002,0,A
ACCO_15e06beda2,NMI_df2d025267,DEVI_284a47f5e0,COMMS4D,06537#E1,Generalusage,03/07/2026 10:00:00 PM,03/07/2026 10:29:59 PM,0,0,A
ACCO_15e06beda2,NMI_df2d025267,DEVI_284a47f5e0,COMMS4D,06537#B1,Solar,03/07/2026 10:30:00 PM,03/07/2026 10:59:59 PM,0.002,0,A
ACCO_15e06beda2,NMI_df2d025267,DEVI_284a47f5e0,COMMS4D,06537#E1,Generalusage,03/07/2026 10:30:00 PM,03/07/2026 10:59:59 PM,0.001,0,A
ACCO_15e06beda2,NMI_df2d025267,DEVI_284a47f5e0,COMMS4D,06537#B1,Solar,03/07/2026 11:00:00 PM,03/07/2026 11:29:59 PM,0.002,0,A
ACCO_15e06beda2,NMI_df2d025267,DEVI_284a47f5e0,COMMS4D,06537#E1,Generalusage,03/07/2026 11:00:00 PM,03/07/2026 11:29:59 PM,0,0,A
ACCO_15e06beda2,NMI_df2d025267,DEVI_284a47f5e0,COMMS4D,06537#B1,Solar,03/07/2026 11:30:00 PM,03/07/2026 11:59:59 PM,0.002,0,A
ACCO_15e06beda2,NMI_df2d025267,DEVI_284a47f5e0,COMMS4D,06537#E1,Generalusage,03/07/2026 11:30:00 PM,03/07/2026 11:59:59 PM,0.001,0,A
ACCO_15e06beda2,NMI_df2d025267,DEVI_284a47f5e0,COMMS4D,06537#B1,Solar,04/07/2026 12:00:00 AM,04/07/2026 12:29:59 AM,0.001,0,A
ACCO_15e06beda2,NMI_df2d025267,DEVI_284a47f5e0,COMMS4D,06537#E1,Generalusage,04/07/2026 12:00:00 AM,04/07/2026 12:29:59 AM,0.001,0,A
ACCO_15e06beda2,NMI_df2d025267,DEVI_284a47f5e0,COMMS4D,06537#B1,Solar,04/07/2026 12:30:00 AM,04/07/2026 12:59:59 AM,0.002,0,A
ACCO_15e06beda2,NMI_df2d025267,DEVI_284a47f5e0,COMMS4D,06537#E1,Generalusage,04/07/2026 12:30:00 AM,04/07/2026 12:59:59 AM,0,0,A
ACCO_15e06beda2,NMI_df2d025267,DEVI_284a47f5e0,COMMS4D,06537#B1,Solar,04/07/2026 01:00:00 AM,04/07/2026 01:29:59 AM,0.002,0,A
ACCO_15e06beda2,NMI_df2d025267,DEVI_284a47f5e0,COMMS4D,06537#E1,Generalusage,04/07/2026 01:00:00 AM,04/07/2026 01:29:59 AM,0.001,0,A
ACCO_15e06beda2,NMI_df2d025267,DEVI_284a47f5e0,COMMS4D,06537#B1,Solar,04/07/2026 01:30:00 AM,04/07/2026 01:59:59 AM,0.002,0,A
ACCO_15e06beda2,NMI_df2d025267,DEVI_284a47f5e0,COMMS4D,06537#E1,Generalusage,04/07/2026 01:30:00 AM,04/07/2026 01:59:59 AM,0,0,A
ACCO_15e06beda2,NMI_df2d025267,DEVI_284a47f5e0,COMMS4D,06537#B1,Solar,04/07/2026 02:00:00 AM,04/07/2026 02:29:59 AM,0.002,0,A
ACCO_15e06beda2,NMI_df2d025267,DEVI_284a47f5e0,COMMS4D,06537#E1,Generalusage,04/07/2026 02:00:00 AM,04/07/2026 02:29:59 AM,0.001,0,A
ACCO_15e06beda2,NMI_df2d025267,DEVI_284a47f5e0,COMMS4D,06537#B1,Solar,04/07/2026 02:30:00 AM,04/07/2026 02:59:59 AM,0.002,0,A
ACCO_15e06beda2,NMI_df2d025267,DEVI_284a47f5e0,COMMS4D,06537#E1,Generalusage,04/07/2026 02:30:00 AM,04/07/2026 02:59:59 AM,0,0,A
ACCO_15e06beda2,NMI_df2d025267,DEVI_284a47f5e0,COMMS4D,06537#B1,Solar,04/07/2026 03:00:00 AM,04/07/2026 03:29:59 AM,0.002,0,A
ACCO_15e06beda2,NMI_df2d025267,DEVI_284a47f5e0,COMMS4D,06537#E1,Generalusage,04/07/2026 03:00:00 AM,04/07/2026 03:29:59 AM,0.001,0,A
ACCO_15e06beda2,NMI_df2d025267,DEVI_284a47f5e0,COMMS4D,06537#B1,Solar,04/07/2026 03:30:00 AM,04/07/2026 03:59:59 AM,0.001,0,A
ACCO_15e06beda2,NMI_df2d025267,DEVI_284a47f5e0,COMMS4D,06537#E1,Generalusage,04/07/2026 03:30:00 AM,04/07/2026 03:59:59 AM,0,0,A
ACCO_15e06beda2,NMI_df2d025267,DEVI_284a47f5e0,COMMS4D,06537#B1,Solar,04/07/2026 04:00:00 AM,04/07/2026 04:29:59 AM,0.002,0,A
ACCO_15e06beda2,NMI_df2d025267,DEVI_284a47f5e0,COMMS4D,06537#E1,Generalusage,04/07/2026 04:00:00 AM,04/07/2026 04:29:59 AM,0.001,0,A
ACCO_15e06beda2,NMI_df2d025267,DEVI_284a47f5e0,COMMS4D,06537#B1,Solar,04/07/2026 04:30:00 AM,04/07/2026 04:59:59 AM,0.002,0,A
ACCO_15e06beda2,NMI_df2d025267,DEVI_284a47f5e0,COMMS4D,06537#E1,Generalusage,04/07/2026 04:30:00 AM,04/07/2026 04:59:59 AM,0.001,0,A
ACCO_15e06beda2,NMI_df2d025267,DEVI_284a47f5e0,COMMS4D,06537#B1,Solar,04/07/2026 05:00:00 AM,04/07/2026 05:29:59 AM,0.002,0,A
ACCO_15e06beda2,NMI_df2d025267,DEVI_284a47f5e0,COMMS4D,06537#E1,Generalusage,04/07/2026 05:00:00 AM,04/07/2026 05:29:59 AM,0,0,A
ACCO_15e06beda2,NMI_df2d025267,DEVI_284a47f5e0,COMMS4D,06537#B1,Solar,04/07/2026 05:30:00 AM,04/07/2026 05:59:59 AM,0.001,0,A
ACCO_15e06beda2,NMI_df2d025267,DEVI_284a47f5e0,COMMS4D,06537#E1,Generalusage,04/07/2026 05:30:00 AM,04/07/2026 05:59:59 AM,0.001,0,A
ACCO_15e06beda2,NMI_df2d025267,DEVI_284a47f5e0,COMMS4D,06537#B1,Solar,04/07/2026 06:00:00 AM,04/07/2026 06:29:59 AM,0.002,0,A
ACCO_15e06beda2,NMI_df2d025267,DEVI_284a47f5e0,COMMS4D,06537#E1,Generalusage,04/07/2026 06:00:00 AM,04/07/2026 06:29:59 AM,0,0,A
ACCO_15e06beda2,NMI_df2d025267,DEVI_284a47f5e0,COMMS4D,06537#B1,Solar,04/07/2026 06:30:00 AM,04/07/2026 06:59:59 AM,0.002,0,A
ACCO_15e06beda2,NMI_df2d025267,DEVI_284a47f5e0,COMMS4D,06537#E1,Generalusage,04/07/2026 06:30:00 AM,04/07/2026 06:59:59 AM,0.001,0,A
ACCO_15e06beda2,NMI_df2d025267,DEVI_284a47f5e0,COMMS4D,06537#B1,Solar,04/07/2026 07:00:00 AM,04/07/2026 07:29:59 AM,0.002,0,A
ACCO_15e06beda2,NMI_df2d025267,DEVI_284a47f5e0,COMMS4D,06537#E1,Generalusage,04/07/2026 07:00:00 AM,04/07/2026 07:29:59 AM,0,0,A
ACCO_15e06beda2,NMI_df2d025267,DEVI_284a47f5e0,COMMS4D,06537#B1,Solar,04/07/2026 07:30:00 AM,04/07/2026 07:59:59 AM,0.002,0,A
ACCO_15e06beda2,NMI_df2d025267,DEVI_284a47f5e0,COMMS4D,06537#E1,Generalusage,04/07/2026 07:30:00 AM,04/07/2026 07:59:59 AM,0.001,0,A
ACCO_15e06beda2,NMI_df2d025267,DEVI_284a47f5e0,COMMS4D,06537#B1,Solar,04/07/2026 08:00:00 AM,04/07/2026 08:29:59 AM,0.002,0,A
ACCO_15e06beda2,NMI_df2d025267,DEVI_284a47f5e0,COMMS4D,06537#E1,Generalusage,04/07/2026 08:00:00 AM,04/07/2026 08:29:59 AM,0.001,0,A
ACCO_15e06beda2,NMI_df2d025267,DEVI_284a47f5e0,COMMS4D,06537#B1,Solar,04/07/2026 08:30:00 AM,04/07/2026 08:59:59 AM,0.002,0,A
ACCO_15e06beda2,NMI_df2d025267,DEVI_284a47f5e0,COMMS4D,06537#E1,Generalusage,04/07/2026 08:30:00 AM,04/07/2026 08:59:59 AM,0,0,A
ACCO_15e06beda2,NMI_df2d025267,DEVI_284a47f5e0,COMMS4D,06537#B1,Solar,04/07/2026 09:00:00 AM,04/07/2026 09:29:59 AM,0.001,0,A
ACCO_15e06beda2,NMI_df2d025267,DEVI_284a47f5e0,COMMS4D,06537#E1,Generalusage,04/07/2026 09:00:00 AM,04/07/2026 09:29:59 AM,0.001,0,A
ACCO_15e06beda2,NMI_df2d025267,DEVI_284a47f5e0,COMMS4D,06537#B1,Solar,04/07/2026 09:30:00 AM,04/07/2026 09:59:59 AM,0.66,0,A
ACCO_15e06beda2,NMI_df2d025267,DEVI_284a47f5e0,COMMS4D,06537#E1,Generalusage,04/07/2026 09:30:00 AM,04/07/2026 09:59:59 AM,0,0,A
ACCO_15e06beda2,NMI_df2d025267,DEVI_284a47f5e0,COMMS4D,06537#B1,Solar,04/07/2026 10:00:00 AM,04/07/2026 10:29:59 AM,2.503,0,A
ACCO_15e06beda2,NMI_df2d025267,DEVI_284a47f5e0,COMMS4D,06537#E1,Generalusage,04/07/2026 10:00:00 AM,04/07/2026 10:29:59 AM,0,0,A
ACCO_15e06beda2,NMI_df2d025267,DEVI_284a47f5e0,COMMS4D,06537#B1,Solar,04/07/2026 10:30:00 AM,04/07/2026 10:59:59 AM,2.899,0,A
ACCO_15e06beda2,NMI_df2d025267,DEVI_284a47f5e0,COMMS4D,06537#E1,Generalusage,04/07/2026 10:30:00 AM,04/07/2026 10:59:59 AM,0,0,A
ACCO_15e06beda2,NMI_df2d025267,DEVI_284a47f5e0,COMMS4D,06537#B1,Solar,04/07/2026 11:00:00 AM,04/07/2026 11:29:59 AM,3.1,0,A
ACCO_15e06beda2,NMI_df2d025267,DEVI_284a47f5e0,COMMS4D,06537#E1,Generalusage,04/07/2026 11:00:00 AM,04/07/2026 11:29:59 AM,0,0,A
ACCO_15e06beda2,NMI_df2d025267,DEVI_284a47f5e0,COMMS4D,06537#B1,Solar,04/07/2026 11:30:00 AM,04/07/2026 11:59:59 AM,3.229,0,A
ACCO_15e06beda2,NMI_df2d025267,DEVI_284a47f5e0,COMMS4D,06537#E1,Generalusage,04/07/2026 11:30:00 AM,04/07/2026 11:59:59 AM,0,0,A
ACCO_15e06beda2,NMI_df2d025267,DEVI_284a47f5e0,COMMS4D,06537#B1,Solar,04/07/2026 12:00:00 PM,04/07/2026 12:29:59 PM,3.281,0,A
ACCO_15e06beda2,NMI_df2d025267,DEVI_284a47f5e0,COMMS4D,06537#E1,Generalusage,04/07/2026 12:00:00 PM,04/07/2026 12:29:59 PM,0,0,A
ACCO_15e06beda2,NMI_df2d025267,DEVI_284a47f5e0,COMMS4D,06537#B1,Solar,04/07/2026 12:30:00 PM,04/07/2026 12:59:59 PM,3.234,0,A
ACCO_15e06beda2,NMI_df2d025267,DEVI_284a47f5e0,COMMS4D,06537#E1,Generalusage,04/07/2026 12:30:00 PM,04/07/2026 12:59:59 PM,0,0,A
ACCO_15e06beda2,NMI_df2d025267,DEVI_284a47f5e0,COMMS4D,06537#B1,Solar,04/07/2026 01:00:00 PM,04/07/2026 01:29:59 PM,3.102,0,A
ACCO_15e06beda2,NMI_df2d025267,DEVI_284a47f5e0,COMMS4D,06537#E1,Generalusage,04/07/2026 01:00:00 PM,04/07/2026 01:29:59 PM,0,0,A
ACCO_15e06beda2,NMI_df2d025267,DEVI_284a47f5e0,COMMS4D,06537#B1,Solar,04/07/2026 01:30:00 PM,04/07/2026 01:59:59 PM,2.9,0,A
ACCO_15e06beda2,NMI_df2d025267,DEVI_284a47f5e0,COMMS4D,06537#E1,Generalusage,04/07/2026 01:30:00 PM,04/07/2026 01:59:59 PM,0,0,A
ACCO_15e06beda2,NMI_df2d025267,DEVI_284a47f5e0,COMMS4D,06537#B1,Solar,04/07/2026 02:00:00 PM,04/07/2026 02:29:59 PM,2.64,0,A
ACCO_15e06beda2,NMI_df2d025267,DEVI_284a47f5e0,COMMS4D,06537#E1,Generalusage,04/07/2026 02:00:00 PM,04/07/2026 02:29:59 PM,0,0,A
ACCO_15e06beda2,NMI_df2d025267,DEVI_284a47f5e0,COMMS4D,06537#B1,Solar,04/07/2026 02:30:00 PM,04/07/2026 02:59:59 PM,2.282,0,A
ACCO_15e06beda2,NMI_df2d025267,DEVI_284a47f5e0,COMMS4D,06537#E1,Generalusage,04/07/2026 02:30:00 PM,04/07/2026 02:59:59 PM,0,0,A
ACCO_15e06beda2,NMI_df2d025267,DEVI_284a47f5e0,COMMS4D,06537#B1,Solar,04/07/2026 03:00:00 PM,04/07/2026 03:29:59 PM,1.842,0,A
ACCO_15e06beda2,NMI_df2d025267,DEVI_284a47f5e0,COMMS4D,06537#E1,Generalusage,04/07/2026 03:00:00 PM,04/07/2026 03:29:59 PM,0,0,A
ACCO_15e06beda2,NMI_df2d025267,DEVI_284a47f5e0,COMMS4D,06537#B1,Solar,04/07/2026 03:30:00 PM,04/07/2026 03:59:59 PM,1.306,0,A
ACCO_15e06beda2,NMI_df2d025267,DEVI_284a47f5e0,COMMS4D,06537#E1,Generalusage,04/07/2026 03:30:00 PM,04/07/2026 03:59:59 PM,0,0,A
ACCO_15e06beda2,NMI_df2d025267,DEVI_284a47f5e0,COMMS4D,06537#B1,Solar,04/07/2026 04:00:00 PM,04/07/2026 04:29:59 PM,0.466,0,A
ACCO_15e06beda2,NMI_df2d025267,DEVI_284a47f5e0,COMMS4D,06537#E1,Generalusage,04/07/2026 04:00:00 PM,04/07/2026 04:29:59 PM,0.001,0,A
ACCO_15e06beda2,NMI_df2d025267,DEVI_284a47f5e0,COMMS4D,06537#B1,Solar,04/07/2026 04:30:00 PM,04/07/2026 04:59:59 PM,0.002,0,A
ACCO_15e06beda2,NMI_df2d025267,DEVI_284a47f5e0,COMMS4D,06537#E1,Generalusage,04/07/2026 04:30:00 PM,04/07/2026 04:59:59 PM,0,0,A
ACCO_15e06beda2,NMI_df2d025267,DEVI_284a47f5e0,COMMS4D,06537#B1,Solar,04/07/2026 05:00:00 PM,04/07/2026 05:29:59 PM,0.002,0,A
ACCO_15e06beda2,NMI_df2d025267,DEVI_284a47f5e0,COMMS4D,06537#E1,Generalusage,04/07/2026 05:00:00 PM,04/07/2026 05:29:59 PM,0.001,0,A
ACCO_15e06beda2,NMI_df2d025267,DEVI_284a47f5e0,COMMS4D,06537#B1,Solar,04/07/2026 05:30:00 PM,04/07/2026 05:59:59 PM,0.001,0,A
ACCO_15e06beda2,NMI_df2d025267,DEVI_284a47f5e0,COMMS4D,06537#E1,Generalusage,04/07/2026 05:30:00 PM,04/07/2026 05:59:59 PM,0,0,A
ACCO_15e06beda2,NMI_df2d025267,DEVI_284a47f5e0,COMMS4D,06537#B1,Solar,04/07/2026 06:00:00 PM,04/07/2026 06:29:59 PM,0.003,0,A
ACCO_15e06beda2,NMI_df2d025267,DEVI_284a47f5e0,COMMS4D,06537#E1,Generalusage,04/07/2026 06:00:00 PM,04/07/2026 06:29:59 PM,0.002,0,A
ACCO_15e06beda2,NMI_df2d025267,DEVI_284a47f5e0,COMMS4D,06537#B1,Solar,04/07/2026 06:30:00 PM,04/07/2026 06:59:59 PM,0.002,0,A
ACCO_15e06beda2,NMI_df2d025267,DEVI_284a47f5e0,COMMS4D,06537#E1,Generalusage,04/07/2026 06:30:00 PM,04/07/2026 06:59:59 PM,0.001,0,A
ACCO_15e06beda2,NMI_df2d025267,DEVI_284a47f5e0,COMMS4D,06537#B1,Solar,04/07/2026 07:00:00 PM,04/07/2026 07:29:59 PM,0.003,0,A
ACCO_15e06beda2,NMI_df2d025267,DEVI_284a47f5e0,COMMS4D,06537#E1,Generalusage,04/07/2026 07:00:00 PM,04/07/2026 07:29:59 PM,0,0,A
ACCO_15e06beda2,NMI_df2d025267,DEVI_284a47f5e0,COMMS4D,06537#B1,Solar,04/07/2026 07:30:00 PM,04/07/2026 07:59:59 PM,0.002,0,A
ACCO_15e06beda2,NMI_df2d025267,DEVI_284a47f5e0,COMMS4D,06537#E1,Generalusage,04/07/2026 07:30:00 PM,04/07/2026 07:59:59 PM,0.001,0,A
ACCO_15e06beda2,NMI_df2d025267,DEVI_284a47f5e0,COMMS4D,06537#B1,Solar,04/07/2026 08:00:00 PM,04/07/2026 08:29:59 PM,0.003,0,A
ACCO_15e06beda2,NMI_df2d025267,DEVI_284a47f5e0,COMMS4D,06537#E1,Generalusage,04/07/2026 08:00:00 PM,04/07/2026 08:29:59 PM,0,0,A
ACCO_15e06beda2,NMI_df2d025267,DEVI_284a47f5e0,COMMS4D,06537#B1,Solar,04/07/2026 08:30:00 PM,04/07/2026 08:59:59 PM,0.002,0,A
ACCO_15e06beda2,NMI_df2d025267,DEVI_284a47f5e0,COMMS4D,06537#E1,Generalusage,04/07/2026 08:30:00 PM,04/07/2026 08:59:59 PM,0.001,0,A
ACCO_15e06beda2,NMI_df2d025267,DEVI_284a47f5e0,COMMS4D,06537#B1,Solar,04/07/2026 09:00:00 PM,04/07/2026 09:29:59 PM,0.003,0,A
ACCO_15e06beda2,NMI_df2d025267,DEVI_284a47f5e0,COMMS4D,06537#E1,Generalusage,04/07/2026 09:00:00 PM,04/07/2026 09:29:59 PM,0.001,0,A
ACCO_15e06beda2,NMI_df2d025267,DEVI_284a47f5e0,COMMS4D,06537#B1,Solar,04/07/2026 09:30:00 PM,04/07/2026 09:59:59 PM,0.003,0,A
ACCO_15e06beda2,NMI_df2d025267,DEVI_284a47f5e0,COMMS4D,06537#E1,Generalusage,04/07/2026 09:30:00 PM,04/07/2026 09:59:59 PM,0,0,A
ACCO_15e06beda2,NMI_df2d025267,DEVI_284a47f5e0,COMMS4D,06537#B1,Solar,04/07/2026 10:00:00 PM,04/07/2026 10:29:59 PM,0.002,0,A
ACCO_15e06beda2,NMI_df2d025267,DEVI_284a47f5e0,COMMS4D,06537#E1,Generalusage,04/07/2026 10:00:00 PM,04/07/2026 10:29:59 PM,0.001,0,A
ACCO_15e06beda2,NMI_df2d025267,DEVI_284a47f5e0,COMMS4D,06537#B1,Solar,04/07/2026 10:30:00 PM,04/07/2026 10:59:59 PM,0.003,0,A
ACCO_15e06beda2,NMI_df2d025267,DEVI_284a47f5e0,COMMS4D,06537#E1,Generalusage,04/07/2026 10:30:00 PM,04/07/2026 10:59:59 PM,0.001,0,A
ACCO_15e06beda2,NMI_df2d025267,DEVI_284a47f5e0,COMMS4D,06537#B1,Solar,04/07/2026 11:00:00 PM,04/07/2026 11:29:59 PM,0.002,0,A
ACCO_15e06beda2,NMI_df2d025267,DEVI_284a47f5e0,COMMS4D,06537#E1,Generalusage,04/07/2026 11:00:00 PM,04/07/2026 11:29:59 PM,0.001,0,A
ACCO_15e06beda2,NMI_df2d025267,DEVI_284a47f5e0,COMMS4D,06537#B1,Solar,04/07/2026 11:30:00 PM,04/07/2026 11:59:59 PM,0.001,0,A
ACCO_15e06beda2,NMI_df2d025267,DEVI_284a47f5e0,COMMS4D,06537#E1,Generalusage,04/07/2026 11:30:00 PM,04/07/2026 11:59:59 PM,0.001,0,A
ACCO_15e06beda2,NMI_df2d025267,DEVI_284a47f5e0,COMMS4D,06537#B1,Solar,05/07/2026 12:00:00 AM,05/07/2026 12:29:59 AM,0.003,0,A
ACCO_15e06beda2,NMI_df2d025267,DEVI_284a47f5e0,COMMS4D,06537#E1,Generalusage,05/07/2026 12:00:00 AM,05/07/2026 12:29:59 AM,0.001,0,A
ACCO_15e06beda2,NMI_df2d025267,DEVI_284a47f5e0,COMMS4D,06537#B1,Solar,05/07/2026 12:30:00 AM,05/07/2026 12:59:59 AM,0.002,0,A
ACCO_15e06beda2,NMI_df2d025267,DEVI_284a47f5e0,COMMS4D,06537#E1,Generalusage,05/07/2026 12:30:00 AM,05/07/2026 12:59:59 AM,0.001,0,A
ACCO_15e06beda2,NMI_df2d025267,DEVI_284a47f5e0,COMMS4D,06537#B1,Solar,05/07/2026 01:00:00 AM,05/07/2026 01:29:59 AM,0.002,0,A
ACCO_15e06beda2,NMI_df2d025267,DEVI_284a47f5e0,COMMS4D,06537#E1,Generalusage,05/07/2026 01:00:00 AM,05/07/2026 01:29:59 AM,0,0,A
ACCO_15e06beda2,NMI_df2d025267,DEVI_284a47f5e0,COMMS4D,06537#B1,Solar,05/07/2026 01:30:00 AM,05/07/2026 01:59:59 AM,0.002,0,A
ACCO_15e06beda2,NMI_df2d025267,DEVI_284a47f5e0,COMMS4D,06537#E1,Generalusage,05/07/2026 01:30:00 AM,05/07/2026 01:59:59 AM,0.001,0,A
ACCO_15e06beda2,NMI_df2d025267,DEVI_284a47f5e0,COMMS4D,06537#B1,Solar,05/07/2026 02:00:00 AM,05/07/2026 02:29:59 AM,0.002,0,A
ACCO_15e06beda2,NMI_df2d025267,DEVI_284a47f5e0,COMMS4D,06537#E1,Generalusage,05/07/2026 02:00:00 AM,05/07/2026 02:29:59 AM,0.002,0,A
ACCO_15e06beda2,NMI_df2d025267,DEVI_284a47f5e0,COMMS4D,06537#B1,Solar,05/07/2026 02:30:00 AM,05/07/2026 02:59:59 AM,0.002,0,A
ACCO_15e06beda2,NMI_df2d025267,DEVI_284a47f5e0,COMMS4D,06537#E1,Generalusage,05/07/2026 02:30:00 AM,05/07/2026 02:59:59 AM,0,0,A
ACCO_15e06beda2,NMI_df2d025267,DEVI_284a47f5e0,COMMS4D,06537#B1,Solar,05/07/2026 03:00:00 AM,05/07/2026 03:29:59 AM,0.002,0,A
ACCO_15e06beda2,NMI_df2d025267,DEVI_284a47f5e0,COMMS4D,06537#E1,Generalusage,05/07/2026 03:00:00 AM,05/07/2026 03:29:59 AM,0.001,0,A
ACCO_15e06beda2,NMI_df2d025267,DEVI_284a47f5e0,COMMS4D,06537#B1,Solar,05/07/2026 03:30:00 AM,05/07/2026 03:59:59 AM,0.002,0,A
ACCO_15e06beda2,NMI_df2d025267,DEVI_284a47f5e0,COMMS4D,06537#E1,Generalusage,05/07/2026 03:30:00 AM,05/07/2026 03:59:59 AM,0.001,0,A
ACCO_15e06beda2,NMI_df2d025267,DEVI_284a47f5e0,COMMS4D,06537#B1,Solar,05/07/2026 04:00:00 AM,05/07/2026 04:29:59 AM,0.002,0,A
ACCO_15e06beda2,NMI_df2d025267,DEVI_284a47f5e0,COMMS4D,06537#E1,Generalusage,05/07/2026 04:00:00 AM,05/07/2026 04:29:59 AM,0.001,0,A
ACCO_15e06beda2,NMI_df2d025267,DEVI_284a47f5e0,COMMS4D,06537#B1,Solar,05/07/2026 04:30:00 AM,05/07/2026 04:59:59 AM,0.002,0,A
ACCO_15e06beda2,NMI_df2d025267,DEVI_284a47f5e0,COMMS4D,06537#E1,Generalusage,05/07/2026 04:30:00 AM,05/07/2026 04:59:59 AM,0.001,0,A
ACCO_15e06beda2,NMI_df2d025267,DEVI_284a47f5e0,COMMS4D,06537#B1,Solar,05/07/2026 05:00:00 AM,05/07/2026 05:29:59 AM,0.002,0,A
ACCO_15e06beda2,NMI_df2d025267,DEVI_284a47f5e0,COMMS4D,06537#E1,Generalusage,05/07/2026 05:00:00 AM,05/07/2026 05:29:59 AM,0.001,0,A
ACCO_15e06beda2,NMI_df2d025267,DEVI_284a47f5e0,COMMS4D,06537#B1,Solar,05/07/2026 05:30:00 AM,05/07/2026 05:59:59 AM,0.003,0,A
ACCO_15e06beda2,NMI_df2d025267,DEVI_284a47f5e0,COMMS4D,06537#E1,Generalusage,05/07/2026 05:30:00 AM,05/07/2026 05:59:59 AM,0.001,0,A
ACCO_15e06beda2,NMI_df2d025267,DEVI_284a47f5e0,COMMS4D,06537#B1,Solar,05/07/2026 06:00:00 AM,05/07/2026 06:29:59 AM,0.002,0,A
ACCO_15e06beda2,NMI_df2d025267,DEVI_284a47f5e0,COMMS4D,06537#E1,Generalusage,05/07/2026 06:00:00 AM,05/07/2026 06:29:59 AM,0,0,A
ACCO_15e06beda2,NMI_df2d025267,DEVI_284a47f5e0,COMMS4D,06537#B1,Solar,05/07/2026 06:30:00 AM,05/07/2026 06:59:59 AM,0.002,0,A
ACCO_15e06beda2,NMI_df2d025267,DEVI_284a47f5e0,COMMS4D,06537#E1,Generalusage,05/07/2026 06:30:00 AM,05/07/2026 06:59:59 AM,0.001,0,A
ACCO_15e06beda2,NMI_df2d025267,DEVI_284a47f5e0,COMMS4D,06537#B1,Solar,05/07/2026 07:00:00 AM,05/07/2026 07:29:59 AM,0.002,0,A
ACCO_15e06beda2,NMI_df2d025267,DEVI_284a47f5e0,COMMS4D,06537#E1,Generalusage,05/07/2026 07:00:00 AM,05/07/2026 07:29:59 AM,0.001,0,A
ACCO_15e06beda2,NMI_df2d025267,DEVI_284a47f5e0,COMMS4D,06537#B1,Solar,05/07/2026 07:30:00 AM,05/07/2026 07:59:59 AM,0.002,0,A
ACCO_15e06beda2,NMI_df2d025267,DEVI_284a47f5e0,COMMS4D,06537#E1,Generalusage,05/07/2026 07:30:00 AM,05/07/2026 07:59:59 AM,0.001,0,A
ACCO_15e06beda2,NMI_df2d025267,DEVI_284a47f5e0,COMMS4D,06537#B1,Solar,05/07/2026 08:00:00 AM,05/07/2026 08:29:59 AM,0.003,0,A
ACCO_15e06beda2,NMI_df2d025267,DEVI_284a47f5e0,COMMS4D,06537#E1,Generalusage,05/07/2026 08:00:00 AM,05/07/2026 08:29:59 AM,0.001,0,A
ACCO_15e06beda2,NMI_df2d025267,DEVI_284a47f5e0,COMMS4D,06537#B1,Solar,05/07/2026 08:30:00 AM,05/07/2026 08:59:59 AM,0.004,0,A
ACCO_15e06beda2,NMI_df2d025267,DEVI_284a47f5e0,COMMS4D,06537#E1,Generalusage,05/07/2026 08:30:00 AM,05/07/2026 08:59:59 AM,0.002,0,A
ACCO_15e06beda2,NMI_df2d025267,DEVI_284a47f5e0,COMMS4D,06537#B1,Solar,05/07/2026 09:00:00 AM,05/07/2026 09:29:59 AM,0.003,0,A
ACCO_15e06beda2,NMI_df2d025267,DEVI_284a47f5e0,COMMS4D,06537#E1,Generalusage,05/07/2026 09:00:00 AM,05/07/2026 09:29:59 AM,0.002,0,A
ACCO_15e06beda2,NMI_df2d025267,DEVI_284a47f5e0,COMMS4D,06537#B1,Solar,05/07/2026 09:30:00 AM,05/07/2026 09:59:59 AM,0.004,0,A
ACCO_15e06beda2,NMI_df2d025267,DEVI_284a47f5e0,COMMS4D,06537#E1,Generalusage,05/07/2026 09:30:00 AM,05/07/2026 09:59:59 AM,0.001,0,A
ACCO_15e06beda2,NMI_df2d025267,DEVI_284a47f5e0,COMMS4D,06537#B1,Solar,05/07/2026 10:00:00 AM,05/07/2026 10:29:59 AM,0.003,0,A
ACCO_15e06beda2,NMI_df2d025267,DEVI_284a47f5e0,COMMS4D,06537#E1,Generalusage,05/07/2026 10:00:00 AM,05/07/2026 10:29:59 AM,0.001,0,A
ACCO_15e06beda2,NMI_df2d025267,DEVI_284a47f5e0,COMMS4D,06537#B1,Solar,05/07/2026 10:30:00 AM,05/07/2026 10:59:59 AM,0.004,0,A
ACCO_15e06beda2,NMI_df2d025267,DEVI_284a47f5e0,COMMS4D,06537#E1,Generalusage,05/07/2026 10:30:00 AM,05/07/2026 10:59:59 AM,0.002,0,A
ACCO_15e06beda2,NMI_df2d025267,DEVI_284a47f5e0,COMMS4D,06537#B1,Solar,05/07/2026 11:00:00 AM,05/07/2026 11:29:59 AM,0.003,0,A
ACCO_15e06beda2,NMI_df2d025267,DEVI_284a47f5e0,COMMS4D,06537#E1,Generalusage,05/07/2026 11:00:00 AM,05/07/2026 11:29:59 AM,0.001,0,A
ACCO_15e06beda2,NMI_df2d025267,DEVI_284a47f5e0,COMMS4D,06537#B1,Solar,05/07/2026 11:30:00 AM,05/07/2026 11:59:59 AM,0.002,0,A
ACCO_15e06beda2,NMI_df2d025267,DEVI_284a47f5e0,COMMS4D,06537#E1,Generalusage,05/07/2026 11:30:00 AM,05/07/2026 11:59:59 AM,0.001,0,A
ACCO_15e06beda2,NMI_df2d025267,DEVI_284a47f5e0,COMMS4D,06537#B1,Solar,05/07/2026 12:00:00 PM,05/07/2026 12:29:59 PM,0.003,0,A
ACCO_15e06beda2,NMI_df2d025267,DEVI_284a47f5e0,COMMS4D,06537#E1,Generalusage,05/07/2026 12:00:00 PM,05/07/2026 12:29:59 PM,0.001,0,A
ACCO_15e06beda2,NMI_df2d025267,DEVI_284a47f5e0,COMMS4D,06537#B1,Solar,05/07/2026 12:30:00 PM,05/07/2026 12:59:59 PM,0.002,0,A
ACCO_15e06beda2,NMI_df2d025267,DEVI_284a47f5e0,COMMS4D,06537#E1,Generalusage,05/07/2026 12:30:00 PM,05/07/2026 12:59:59 PM,0.001,0,A
ACCO_15e06beda2,NMI_df2d025267,DEVI_284a47f5e0,COMMS4D,06537#B1,Solar,05/07/2026 01:00:00 PM,05/07/2026 01:29:59 PM,0.002,0,A
ACCO_15e06beda2,NMI_df2d025267,DEVI_284a47f5e0,COMMS4D,06537#E1,Generalusage,05/07/2026 01:00:00 PM,05/07/2026 01:29:59 PM,0.001,0,A
ACCO_15e06beda2,NMI_df2d025267,DEVI_284a47f5e0,COMMS4D,06537#B1,Solar,05/07/2026 01:30:00 PM,05/07/2026 01:59:59 PM,0.004,0,A
ACCO_15e06beda2,NMI_df2d025267,DEVI_284a47f5e0,COMMS4D,06537#E1,Generalusage,05/07/2026 01:30:00 PM,05/07/2026 01:59:59 PM,0.002,0,A
ACCO_15e06beda2,NMI_df2d025267,DEVI_284a47f5e0,COMMS4D,06537#B1,Solar,05/07/2026 02:00:00 PM,05/07/2026 02:29:59 PM,0.003,0,A
ACCO_15e06beda2,NMI_df2d025267,DEVI_284a47f5e0,COMMS4D,06537#E1,Generalusage,05/07/2026 02:00:00 PM,05/07/2026 02:29:59 PM,0.001,0,A
ACCO_15e06beda2,NMI_df2d025267,DEVI_284a47f5e0,COMMS4D,06537#B1,Solar,05/07/2026 02:30:00 PM,05/07/2026 02:59:59 PM,0.002,0,A
ACCO_15e06beda2,NMI_df2d025267,DEVI_284a47f5e0,COMMS4D,06537#E1,Generalusage,05/07/2026 02:30:00 PM,05/07/2026 02:59:59 PM,0.001,0,A
ACCO_15e06beda2,NMI_df2d025267,DEVI_284a47f5e0,COMMS4D,06537#B1,Solar,05/07/2026 03:00:00 PM,05/07/2026 03:29:59 PM,0.003,0,A
ACCO_15e06beda2,NMI_df2d025267,DEVI_284a47f5e0,COMMS4D,06537#E1,Generalusage,05/07/2026 03:00:00 PM,05/07/2026 03:29:59 PM,0.001,0,A
ACCO_15e06beda2,NMI_df2d025267,DEVI_284a47f5e0,COMMS4D,06537#B1,Solar,05/07/2026 03:30:00 PM,05/07/2026 03:59:59 PM,0.004,0,A
ACCO_15e06beda2,NMI_df2d025267,DEVI_284a47f5e0,COMMS4D,06537#E1,Generalusage,05/07/2026 03:30:00 PM,05/07/2026 03:59:59 PM,0.003,0,A
ACCO_15e06beda2,NMI_df2d025267,DEVI_284a47f5e0,COMMS4D,06537#B1,Solar,05/07/2026 04:00:00 PM,05/07/2026 04:29:59 PM,0.003,0,A
ACCO_15e06beda2,NMI_df2d025267,DEVI_284a47f5e0,COMMS4D,06537#E1,Generalusage,05/07/2026 04:00:00 PM,05/07/2026 04:29:59 PM,0.002,0,A
ACCO_15e06beda2,NMI_df2d025267,DEVI_284a47f5e0,COMMS4D,06537#B1,Solar,05/07/2026 04:30:00 PM,05/07/2026 04:59:59 PM,0.002,0,A
ACCO_15e06beda2,NMI_df2d025267,DEVI_284a47f5e0,COMMS4D,06537#E1,Generalusage,05/07/2026 04:30:00 PM,05/07/2026 04:59:59 PM,0.001,0,A
ACCO_15e06beda2,NMI_df2d025267,DEVI_284a47f5e0,COMMS4D,06537#B1,Solar,05/07/2026 05:00:00 PM,05/07/2026 05:29:59 PM,0.003,0,A
ACCO_15e06beda2,NMI_df2d025267,DEVI_284a47f5e0,COMMS4D,06537#E1,Generalusage,05/07/2026 05:00:00 PM,05/07/2026 05:29:59 PM,0,0,A
ACCO_15e06beda2,NMI_df2d025267,DEVI_284a47f5e0,COMMS4D,06537#B1,Solar,05/07/2026 05:30:00 PM,05/07/2026 05:59:59 PM,0.002,0,A
ACCO_15e06beda2,NMI_df2d025267,DEVI_284a47f5e0,COMMS4D,06537#E1,Generalusage,05/07/2026 05:30:00 PM,05/07/2026 05:59:59 PM,0.001,0,A
ACCO_15e06beda2,NMI_df2d025267,DEVI_284a47f5e0,COMMS4D,06537#B1,Solar,05/07/2026 06:00:00 PM,05/07/2026 06:29:59 PM,0.006,0,A
ACCO_15e06beda2,NMI_df2d025267,DEVI_284a47f5e0,COMMS4D,06537#E1,Generalusage,05/07/2026 06:00:00 PM,05/07/2026 06:29:59 PM,0.004,0,A
ACCO_15e06beda2,NMI_df2d025267,DEVI_284a47f5e0,COMMS4D,06537#B1,Solar,05/07/2026 06:30:00 PM,05/07/2026 06:59:59 PM,0.002,0,A
ACCO_15e06beda2,NMI_df2d025267,DEVI_284a47f5e0,COMMS4D,06537#E1,Generalusage,05/07/2026 06:30:00 PM,05/07/2026 06:59:59 PM,0.001,0,A
ACCO_15e06beda2,NMI_df2d025267,DEVI_284a47f5e0,COMMS4D,06537#B1,Solar,05/07/2026 07:00:00 PM,05/07/2026 07:29:59 PM,0.002,0,A
ACCO_15e06beda2,NMI_df2d025267,DEVI_284a47f5e0,COMMS4D,06537#E1,Generalusage,05/07/2026 07:00:00 PM,05/07/2026 07:29:59 PM,0,0,A
ACCO_15e06beda2,NMI_df2d025267,DEVI_284a47f5e0,COMMS4D,06537#B1,Solar,05/07/2026 07:30:00 PM,05/07/2026 07:59:59 PM,0.003,0,A
ACCO_15e06beda2,NMI_df2d025267,DEVI_284a47f5e0,COMMS4D,06537#E1,Generalusage,05/07/2026 07:30:00 PM,05/07/2026 07:59:59 PM,0.001,0,A
ACCO_15e06beda2,NMI_df2d025267,DEVI_284a47f5e0,COMMS4D,06537#B1,Solar,05/07/2026 08:00:00 PM,05/07/2026 08:29:59 PM,0.003,0,A
ACCO_15e06beda2,NMI_df2d025267,DEVI_284a47f5e0,COMMS4D,06537#E1,Generalusage,05/07/2026 08:00:00 PM,05/07/2026 08:29:59 PM,0.001,0,A
ACCO_15e06beda2,NMI_df2d025267,DEVI_284a47f5e0,COMMS4D,06537#B1,Solar,05/07/2026 08:30:00 PM,05/07/2026 08:59:59 PM,0.002,0,A
ACCO_15e06beda2,NMI_df2d025267,DEVI_284a47f5e0,COMMS4D,06537#E1,Generalusage,05/07/2026 08:30:00 PM,05/07/2026 08:59:59 PM,0.001,0,A
ACCO_15e06beda2,NMI_df2d025267,DEVI_284a47f5e0,COMMS4D,06537#B1,Solar,05/07/2026 09:00:00 PM,05/07/2026 09:29:59 PM,0.003,0,A
ACCO_15e06beda2,NMI_df2d025267,DEVI_284a47f5e0,COMMS4D,06537#E1,Generalusage,05/07/2026 09:00:00 PM,05/07/2026 09:29:59 PM,0.001,0,A
ACCO_15e06beda2,NMI_df2d025267,DEVI_284a47f5e0,COMMS4D,06537#B1,Solar,05/07/2026 09:30:00 PM,05/07/2026 09:59:59 PM,0.002,0,A
ACCO_15e06beda2,NMI_df2d025267,DEVI_284a47f5e0,COMMS4D,06537#E1,Generalusage,05/07/2026 09:30:00 PM,05/07/2026 09:59:59 PM,0.001,0,A
ACCO_15e06beda2,NMI_df2d025267,DEVI_284a47f5e0,COMMS4D,06537#B1,Solar,05/07/2026 10:00:00 PM,05/07/2026 10:29:59 PM,0.002,0,A
ACCO_15e06beda2,NMI_df2d025267,DEVI_284a47f5e0,COMMS4D,06537#E1,Generalusage,05/07/2026 10:00:00 PM,05/07/2026 10:29:59 PM,0.001,0,A
ACCO_15e06beda2,NMI_df2d025267,DEVI_284a47f5e0,COMMS4D,06537#B1,Solar,05/07/2026 10:30:00 PM,05/07/2026 10:59:59 PM,0.002,0,A
ACCO_15e06beda2,NMI_df2d025267,DEVI_284a47f5e0,COMMS4D,06537#E1,Generalusage,05/07/2026 10:30:00 PM,05/07/2026 10:59:59 PM,0.001,0,A
ACCO_15e06beda2,NMI_df2d025267,DEVI_284a47f5e0,COMMS4D,06537#B1,Solar,05/07/2026 11:00:00 PM,05/07/2026 11:29:59 PM,0.002,0,A
ACCO_15e06beda2,NMI_df2d025267,DEVI_284a47f5e0,COMMS4D,06537#E1,Generalusage,05/07/2026 11:00:00 PM,05/07/2026 11:29:59 PM,0.001,0,A
ACCO_15e06beda2,NMI_df2d025267,DEVI_284a47f5e0,COMMS4D,06537#B1,Solar,05/07/2026 11:30:00 PM,05/07/2026 11:59:59 PM,0.002,0,A
ACCO_15e06beda2,NMI_df2d025267,DEVI_284a47f5e0,COMMS4D,06537#E1,Generalusage,05/07/2026 11:30:00 PM,05/07/2026 11:59:59 PM,0.002,0,A
ACCO_15e06beda2,NMI_df2d025267,DEVI_284a47f5e0,COMMS4D,06537#B1,Solar,06/07/2026 12:00:00 AM,06/07/2026 12:29:59 AM,0.002,0,A
ACCO_15e06beda2,NMI_df2d025267,DEVI_284a47f5e0,COMMS4D,06537#E1,Generalusage,06/07/2026 12:00:00 AM,06/07/2026 12:29:59 AM,0.001,0,A
ACCO_15e06beda2,NMI_df2d025267,DEVI_284a47f5e0,COMMS4D,06537#B1,Solar,06/07/2026 12:30:00 AM,06/07/2026 12:59:59 AM,0.002,0,A
ACCO_15e06beda2,NMI_df2d025267,DEVI_284a47f5e0,COMMS4D,06537#E1,Generalusage,06/07/2026 12:30:00 AM,06/07/2026 12:59:59 AM,0,0,A
ACCO_15e06beda2,NMI_df2d025267,DEVI_284a47f5e0,COMMS4D,06537#B1,Solar,06/07/2026 01:00:00 AM,06/07/2026 01:29:59 AM,0.002,0,A
ACCO_15e06beda2,NMI_df2d025267,DEVI_284a47f5e0,COMMS4D,06537#E1,Generalusage,06/07/2026 01:00:00 AM,06/07/2026 01:29:59 AM,0.001,0,A
ACCO_15e06beda2,NMI_df2d025267,DEVI_284a47f5e0,COMMS4D,06537#B1,Solar,06/07/2026 01:30:00 AM,06/07/2026 01:59:59 AM,0.001,0,A
ACCO_15e06beda2,NMI_df2d025267,DEVI_284a47f5e0,COMMS4D,06537#E1,Generalusage,06/07/2026 01:30:00 AM,06/07/2026 01:59:59 AM,0.002,0,A
ACCO_15e06beda2,NMI_df2d025267,DEVI_284a47f5e0,COMMS4D,06537#B1,Solar,06/07/2026 02:00:00 AM,06/07/2026 02:29:59 AM,0.002,0,A
ACCO_15e06beda2,NMI_df2d025267,DEVI_284a47f5e0,COMMS4D,06537#E1,Generalusage,06/07/2026 02:00:00 AM,06/07/2026 02:29:59 AM,0.002,0,A
ACCO_15e06beda2,NMI_df2d025267,DEVI_284a47f5e0,COMMS4D,06537#B1,Solar,06/07/2026 02:30:00 AM,06/07/2026 02:59:59 AM,0.001,0,A
ACCO_15e06beda2,NMI_df2d025267,DEVI_284a47f5e0,COMMS4D,06537#E1,Generalusage,06/07/2026 02:30:00 AM,06/07/2026 02:59:59 AM,0.001,0,A
ACCO_15e06beda2,NMI_df2d025267,DEVI_284a47f5e0,COMMS4D,06537#B1,Solar,06/07/2026 03:00:00 AM,06/07/2026 03:29:59 AM,0.002,0,A
ACCO_15e06beda2,NMI_df2d025267,DEVI_284a47f5e0,COMMS4D,06537#E1,Generalusage,06/07/2026 03:00:00 AM,06/07/2026 03:29:59 AM,0.002,0,A
ACCO_15e06beda2,NMI_df2d025267,DEVI_284a47f5e0,COMMS4D,06537#B1,Solar,06/07/2026 03:30:00 AM,06/07/2026 03:59:59 AM,0.002,0,A
ACCO_15e06beda2,NMI_df2d025267,DEVI_284a47f5e0,COMMS4D,06537#E1,Generalusage,06/07/2026 03:30:00 AM,06/07/2026 03:59:59 AM,0.001,0,A
ACCO_15e06beda2,NMI_df2d025267,DEVI_284a47f5e0,COMMS4D,06537#B1,Solar,06/07/2026 04:00:00 AM,06/07/2026 04:29:59 AM,0.002,0,A
ACCO_15e06beda2,NMI_df2d025267,DEVI_284a47f5e0,COMMS4D,06537#E1,Generalusage,06/07/2026 04:00:00 AM,06/07/2026 04:29:59 AM,0.001,0,A
ACCO_15e06beda2,NMI_df2d025267,DEVI_284a47f5e0,COMMS4D,06537#B1,Solar,06/07/2026 04:30:00 AM,06/07/2026 04:59:59 AM,0.001,0,A
ACCO_15e06beda2,NMI_df2d025267,DEVI_284a47f5e0,COMMS4D,06537#E1,Generalusage,06/07/2026 04:30:00 AM,06/07/2026 04:59:59 AM,0.001,0,A
ACCO_15e06beda2,NMI_df2d025267,DEVI_284a47f5e0,COMMS4D,06537#B1,Solar,06/07/2026 05:00:00 AM,06/07/2026 05:29:59 AM,0.002,0,A
ACCO_15e06beda2,NMI_df2d025267,DEVI_284a47f5e0,COMMS4D,06537#E1,Generalusage,06/07/2026 05:00:00 AM,06/07/2026 05:29:59 AM,0.001,0,A
ACCO_15e06beda2,NMI_df2d025267,DEVI_284a47f5e0,COMMS4D,06537#B1,Solar,06/07/2026 05:30:00 AM,06/07/2026 05:59:59 AM,0.002,0,A
ACCO_15e06beda2,NMI_df2d025267,DEVI_284a47f5e0,COMMS4D,06537#E1,Generalusage,06/07/2026 05:30:00 AM,06/07/2026 05:59:59 AM,0.001,0,A
ACCO_15e06beda2,NMI_df2d025267,DEVI_284a47f5e0,COMMS4D,06537#B1,Solar,06/07/2026 06:00:00 AM,06/07/2026 06:29:59 AM,0.002,0,A
ACCO_15e06beda2,NMI_df2d025267,DEVI_284a47f5e0,COMMS4D,06537#E1,Generalusage,06/07/2026 06:00:00 AM,06/07/2026 06:29:59 AM,0.001,0,A
ACCO_15e06beda2,NMI_df2d025267,DEVI_284a47f5e0,COMMS4D,06537#B1,Solar,06/07/2026 06:30:00 AM,06/07/2026 06:59:59 AM,0.002,0,A
ACCO_15e06beda2,NMI_df2d025267,DEVI_284a47f5e0,COMMS4D,06537#E1,Generalusage,06/07/2026 06:30:00 AM,06/07/2026 06:59:59 AM,0.002,0,A
ACCO_15e06beda2,NMI_df2d025267,DEVI_284a47f5e0,COMMS4D,06537#B1,Solar,06/07/2026 07:00:00 AM,06/07/2026 07:29:59 AM,0.003,0,A
ACCO_15e06beda2,NMI_df2d025267,DEVI_284a47f5e0,COMMS4D,06537#E1,Generalusage,06/07/2026 07:00:00 AM,06/07/2026 07:29:59 AM,0.001,0,A
ACCO_15e06beda2,NMI_df2d025267,DEVI_284a47f5e0,COMMS4D,06537#B1,Solar,06/07/2026 07:30:00 AM,06/07/2026 07:59:59 AM,0.003,0,A
ACCO_15e06beda2,NMI_df2d025267,DEVI_284a47f5e0,COMMS4D,06537#E1,Generalusage,06/07/2026 07:30:00 AM,06/07/2026 07:59:59 AM,0.001,0,A
ACCO_15e06beda2,NMI_df2d025267,DEVI_284a47f5e0,COMMS4D,06537#B1,Solar,06/07/2026 08:00:00 AM,06/07/2026 08:29:59 AM,0.002,0,A
ACCO_15e06beda2,NMI_df2d025267,DEVI_284a47f5e0,COMMS4D,06537#E1,Generalusage,06/07/2026 08:00:00 AM,06/07/2026 08:29:59 AM,0.001,0,A
ACCO_15e06beda2,NMI_df2d025267,DEVI_284a47f5e0,COMMS4D,06537#B1,Solar,06/07/2026 08:30:00 AM,06/07/2026 08:59:59 AM,0.003,0,A
ACCO_15e06beda2,NMI_df2d025267,DEVI_284a47f5e0,COMMS4D,06537#E1,Generalusage,06/07/2026 08:30:00 AM,06/07/2026 08:59:59 AM,0.001,0,A
ACCO_15e06beda2,NMI_df2d025267,DEVI_284a47f5e0,COMMS4D,06537#B1,Solar,06/07/2026 09:00:00 AM,06/07/2026 09:29:59 AM,0.004,0,A
ACCO_15e06beda2,NMI_df2d025267,DEVI_284a47f5e0,COMMS4D,06537#E1,Generalusage,06/07/2026 09:00:00 AM,06/07/2026 09:29:59 AM,0.001,0,A
ACCO_15e06beda2,NMI_df2d025267,DEVI_284a47f5e0,COMMS4D,06537#B1,Solar,06/07/2026 09:30:00 AM,06/07/2026 09:59:59 AM,0.004,0,A
ACCO_15e06beda2,NMI_df2d025267,DEVI_284a47f5e0,COMMS4D,06537#E1,Generalusage,06/07/2026 09:30:00 AM,06/07/2026 09:59:59 AM,0.001,0,A
ACCO_15e06beda2,NMI_df2d025267,DEVI_284a47f5e0,COMMS4D,06537#B1,Solar,06/07/2026 10:00:00 AM,06/07/2026 10:29:59 AM,0.002,0,A
ACCO_15e06beda2,NMI_df2d025267,DEVI_284a47f5e0,COMMS4D,06537#E1,Generalusage,06/07/2026 10:00:00 AM,06/07/2026 10:29:59 AM,0.001,0,A
ACCO_15e06beda2,NMI_df2d025267,DEVI_284a47f5e0,COMMS4D,06537#B1,Solar,06/07/2026 10:30:00 AM,06/07/2026 10:59:59 AM,0.003,0,A
ACCO_15e06beda2,NMI_df2d025267,DEVI_284a47f5e0,COMMS4D,06537#E1,Generalusage,06/07/2026 10:30:00 AM,06/07/2026 10:59:59 AM,0.001,0,A
ACCO_15e06beda2,NMI_df2d025267,DEVI_284a47f5e0,COMMS4D,06537#B1,Solar,06/07/2026 11:00:00 AM,06/07/2026 11:29:59 AM,0.003,0,A
ACCO_15e06beda2,NMI_df2d025267,DEVI_284a47f5e0,COMMS4D,06537#E1,Generalusage,06/07/2026 11:00:00 AM,06/07/2026 11:29:59 AM,0.001,0,A
ACCO_15e06beda2,NMI_df2d025267,DEVI_284a47f5e0,COMMS4D,06537#B1,Solar,06/07/2026 11:30:00 AM,06/07/2026 11:59:59 AM,0.002,0,A
ACCO_15e06beda2,NMI_df2d025267,DEVI_284a47f5e0,COMMS4D,06537#E1,Generalusage,06/07/2026 11:30:00 AM,06/07/2026 11:59:59 AM,0.001,0,A
ACCO_15e06beda2,NMI_df2d025267,DEVI_284a47f5e0,COMMS4D,06537#B1,Solar,06/07/2026 12:00:00 PM,06/07/2026 12:29:59 PM,0.004,0,A
ACCO_15e06beda2,NMI_df2d025267,DEVI_284a47f5e0,COMMS4D,06537#E1,Generalusage,06/07/2026 12:00:00 PM,06/07/2026 12:29:59 PM,0,0,A
ACCO_15e06beda2,NMI_df2d025267,DEVI_284a47f5e0,COMMS4D,06537#B1,Solar,06/07/2026 12:30:00 PM,06/07/2026 12:59:59 PM,0.002,0,A
ACCO_15e06beda2,NMI_df2d025267,DEVI_284a47f5e0,COMMS4D,06537#E1,Generalusage,06/07/2026 12:30:00 PM,06/07/2026 12:59:59 PM,0.002,0,A
ACCO_15e06beda2,NMI_df2d025267,DEVI_284a47f5e0,COMMS4D,06537#B1,Solar,06/07/2026 01:00:00 PM,06/07/2026 01:29:59 PM,0.002,0,A
ACCO_15e06beda2,NMI_df2d025267,DEVI_284a47f5e0,COMMS4D,06537#E1,Generalusage,06/07/2026 01:00:00 PM,06/07/2026 01:29:59 PM,0.001,0,A
ACCO_15e06beda2,NMI_df2d025267,DEVI_284a47f5e0,COMMS4D,06537#B1,Solar,06/07/2026 01:30:00 PM,06/07/2026 01:59:59 PM,0.001,0,A
ACCO_15e06beda2,NMI_df2d025267,DEVI_284a47f5e0,COMMS4D,06537#E1,Generalusage,06/07/2026 01:30:00 PM,06/07/2026 01:59:59 PM,0.002,0,A
ACCO_15e06beda2,NMI_df2d025267,DEVI_284a47f5e0,COMMS4D,06537#B1,Solar,06/07/2026 02:00:00 PM,06/07/2026 02:29:59 PM,0.003,0,A
ACCO_15e06beda2,NMI_df2d025267,DEVI_284a47f5e0,COMMS4D,06537#E1,Generalusage,06/07/2026 02:00:00 PM,06/07/2026 02:29:59 PM,0,0,A
ACCO_15e06beda2,NMI_df2d025267,DEVI_284a47f5e0,COMMS4D,06537#B1,Solar,06/07/2026 02:30:00 PM,06/07/2026 02:59:59 PM,0.001,0,A
ACCO_15e06beda2,NMI_df2d025267,DEVI_284a47f5e0,COMMS4D,06537#E1,Generalusage,06/07/2026 02:30:00 PM,06/07/2026 02:59:59 PM,0.002,0,A
ACCO_15e06beda2,NMI_df2d025267,DEVI_284a47f5e0,COMMS4D,06537#B1,Solar,06/07/2026 03:00:00 PM,06/07/2026 03:29:59 PM,0.003,0,A
ACCO_15e06beda2,NMI_df2d025267,DEVI_284a47f5e0,COMMS4D,06537#E1,Generalusage,06/07/2026 03:00:00 PM,06/07/2026 03:29:59 PM,0,0,A
ACCO_15e06beda2,NMI_df2d025267,DEVI_284a47f5e0,COMMS4D,06537#B1,Solar,06/07/2026 03:30:00 PM,06/07/2026 03:59:59 PM,0.002,0,A
ACCO_15e06beda2,NMI_df2d025267,DEVI_284a47f5e0,COMMS4D,06537#E1,Generalusage,06/07/2026 03:30:00 PM,06/07/2026 03:59:59 PM,0.002,0,A
ACCO_15e06beda2,NMI_df2d025267,DEVI_284a47f5e0,COMMS4D,06537#B1,Solar,06/07/2026 04:00:00 PM,06/07/2026 04:29:59 PM,0.002,0,A
ACCO_15e06beda2,NMI_df2d025267,DEVI_284a47f5e0,COMMS4D,06537#E1,Generalusage,06/07/2026 04:00:00 PM,06/07/2026 04:29:59 PM,0.001,0,A
ACCO_15e06beda2,NMI_df2d025267,DEVI_284a47f5e0,COMMS4D,06537#B1,Solar,06/07/2026 04:30:00 PM,06/07/2026 04:59:59 PM,0.002,0,A
ACCO_15e06beda2,NMI_df2d025267,DEVI_284a47f5e0,COMMS4D,06537#E1,Generalusage,06/07/2026 04:30:00 PM,06/07/2026 04:59:59 PM,0.001,0,A
ACCO_15e06beda2,NMI_df2d025267,DEVI_284a47f5e0,COMMS4D,06537#B1,Solar,06/07/2026 05:00:00 PM,06/07/2026 05:29:59 PM,0.002,0,A
ACCO_15e06beda2,NMI_df2d025267,DEVI_284a47f5e0,COMMS4D,06537#E1,Generalusage,06/07/2026 05:00:00 PM,06/07/2026 05:29:59 PM,0.001,0,A
ACCO_15e06beda2,NMI_df2d025267,DEVI_284a47f5e0,COMMS4D,06537#B1,Solar,06/07/2026 05:30:00 PM,06/07/2026 05:59:59 PM,0.003,0,A
ACCO_15e06beda2,NMI_df2d025267,DEVI_284a47f5e0,COMMS4D,06537#E1,Generalusage,06/07/2026 05:30:00 PM,06/07/2026 05:59:59 PM,0.001,0,A
ACCO_15e06beda2,NMI_df2d025267,DEVI_284a47f5e0,COMMS4D,06537#B1,Solar,06/07/2026 06:00:00 PM,06/07/2026 06:29:59 PM,0.003,0,A
ACCO_15e06beda2,NMI_df2d025267,DEVI_284a47f5e0,COMMS4D,06537#E1,Generalusage,06/07/2026 06:00:00 PM,06/07/2026 06:29:59 PM,0.001,0,A
ACCO_15e06beda2,NMI_df2d025267,DEVI_284a47f5e0,COMMS4D,06537#B1,Solar,06/07/2026 06:30:00 PM,06/07/2026 06:59:59 PM,0.003,0,A
ACCO_15e06beda2,NMI_df2d025267,DEVI_284a47f5e0,COMMS4D,06537#E1,Generalusage,06/07/2026 06:30:00 PM,06/07/2026 06:59:59 PM,0.002,0,A
ACCO_15e06beda2,NMI_df2d025267,DEVI_284a47f5e0,COMMS4D,06537#B1,Solar,06/07/2026 07:00:00 PM,06/07/2026 07:29:59 PM,0.002,0,A
ACCO_15e06beda2,NMI_df2d025267,DEVI_284a47f5e0,COMMS4D,06537#E1,Generalusage,06/07/2026 07:00:00 PM,06/07/2026 07:29:59 PM,0.001,0,A
ACCO_15e06beda2,NMI_df2d025267,DEVI_284a47f5e0,COMMS4D,06537#B1,Solar,06/07/2026 07:30:00 PM,06/07/2026 07:59:59 PM,0.003,0,A
ACCO_15e06beda2,NMI_df2d025267,DEVI_284a47f5e0,COMMS4D,06537#E1,Generalusage,06/07/2026 07:30:00 PM,06/07/2026 07:59:59 PM,0.001,0,A
ACCO_15e06beda2,NMI_df2d025267,DEVI_284a47f5e0,COMMS4D,06537#B1,Solar,06/07/2026 08:00:00 PM,06/07/2026 08:29:59 PM,0.003,0,A
ACCO_15e06beda2,NMI_df2d025267,DEVI_284a47f5e0,COMMS4D,06537#E1,Generalusage,06/07/2026 08:00:00 PM,06/07/2026 08:29:59 PM,0.002,0,A
ACCO_15e06beda2,NMI_df2d025267,DEVI_284a47f5e0,COMMS4D,06537#B1,Solar,06/07/2026 08:30:00 PM,06/07/2026 08:59:59 PM,0.002,0,A
ACCO_15e06beda2,NMI_df2d025267,DEVI_284a47f5e0,COMMS4D,06537#E1,Generalusage,06/07/2026 08:30:00 PM,06/07/2026 08:59:59 PM,0.001,0,A
ACCO_15e06beda2,NMI_df2d025267,DEVI_284a47f5e0,COMMS4D,06537#B1,Solar,06/07/2026 09:00:00 PM,06/07/2026 09:29:59 PM,0.003,0,A
ACCO_15e06beda2,NMI_df2d025267,DEVI_284a47f5e0,COMMS4D,06537#E1,Generalusage,06/07/2026 09:00:00 PM,06/07/2026 09:29:59 PM,0,0,A
ACCO_15e06beda2,NMI_df2d025267,DEVI_284a47f5e0,COMMS4D,06537#B1,Solar,06/07/2026 09:30:00 PM,06/07/2026 09:59:59 PM,0.002,0,A
ACCO_15e06beda2,NMI_df2d025267,DEVI_284a47f5e0,COMMS4D,06537#E1,Generalusage,06/07/2026 09:30:00 PM,06/07/2026 09:59:59 PM,0.001,0,A
ACCO_15e06beda2,NMI_df2d025267,DEVI_284a47f5e0,COMMS4D,06537#B1,Solar,06/07/2026 10:00:00 PM,06/07/2026 10:29:59 PM,0.003,0,A
ACCO_15e06beda2,NMI_df2d025267,DEVI_284a47f5e0,COMMS4D,06537#E1,Generalusage,06/07/2026 10:00:00 PM,06/07/2026 10:29:59 PM,0.001,0,A
ACCO_15e06beda2,NMI_df2d025267,DEVI_284a47f5e0,COMMS4D,06537#B1,Solar,06/07/2026 10:30:00 PM,06/07/2026 10:59:59 PM,0.003,0,A
ACCO_15e06beda2,NMI_df2d025267,DEVI_284a47f5e0,COMMS4D,06537#E1,Generalusage,06/07/2026 10:30:00 PM,06/07/2026 10:59:59 PM,0,0,A
ACCO_15e06beda2,NMI_df2d025267,DEVI_284a47f5e0,COMMS4D,06537#B1,Solar,06/07/2026 11:00:00 PM,06/07/2026 11:29:59 PM,0.001,0,A
ACCO_15e06beda2,NMI_df2d025267,DEVI_284a47f5e0,COMMS4D,06537#E1,Generalusage,06/07/2026 11:00:00 PM,06/07/2026 11:29:59 PM,0.002,0,A
ACCO_15e06beda2,NMI_df2d025267,DEVI_284a47f5e0,COMMS4D,06537#B1,Solar,06/07/2026 11:30:00 PM,06/07/2026 11:59:59 PM,0.001,0,A
ACCO_15e06beda2,NMI_df2d025267,DEVI_284a47f5e0,COMMS4D,06537#E1,Generalusage,06/07/2026 11:30:00 PM,06/07/2026 11:59:59 PM,0.01,0,A
ACCO_15e06beda2,NMI_df2d025267,DEVI_284a47f5e0,COMMS4D,06537#B1,Solar,07/07/2026 12:00:00 AM,07/07/2026 12:29:59 AM,0,0,A
ACCO_15e06beda2,NMI_df2d025267,DEVI_284a47f5e0,COMMS4D,06537#E1,Generalusage,07/07/2026 12:00:00 AM,07/07/2026 12:29:59 AM,0.234,0,A
ACCO_15e06beda2,NMI_df2d025267,DEVI_284a47f5e0,COMMS4D,06537#B1,Solar,07/07/2026 12:30:00 AM,07/07/2026 12:59:59 AM,0,0,A
ACCO_15e06beda2,NMI_df2d025267,DEVI_284a47f5e0,COMMS4D,06537#E1,Generalusage,07/07/2026 12:30:00 AM,07/07/2026 12:59:59 AM,0.241,0,A
ACCO_15e06beda2,NMI_df2d025267,DEVI_284a47f5e0,COMMS4D,06537#B1,Solar,07/07/2026 01:00:00 AM,07/07/2026 01:29:59 AM,0,0,A
ACCO_15e06beda2,NMI_df2d025267,DEVI_284a47f5e0,COMMS4D,06537#E1,Generalusage,07/07/2026 01:00:00 AM,07/07/2026 01:29:59 AM,0.226,0,A
ACCO_15e06beda2,NMI_df2d025267,DEVI_284a47f5e0,COMMS4D,06537#B1,Solar,07/07/2026 01:30:00 AM,07/07/2026 01:59:59 AM,0,0,A
ACCO_15e06beda2,NMI_df2d025267,DEVI_284a47f5e0,COMMS4D,06537#E1,Generalusage,07/07/2026 01:30:00 AM,07/07/2026 01:59:59 AM,0.213,0,A
ACCO_15e06beda2,NMI_df2d025267,DEVI_284a47f5e0,COMMS4D,06537#B1,Solar,07/07/2026 02:00:00 AM,07/07/2026 02:29:59 AM,0,0,A
ACCO_15e06beda2,NMI_df2d025267,DEVI_284a47f5e0,COMMS4D,06537#E1,Generalusage,07/07/2026 02:00:00 AM,07/07/2026 02:29:59 AM,0.219,0,A
ACCO_15e06beda2,NMI_df2d025267,DEVI_284a47f5e0,COMMS4D,06537#B1,Solar,07/07/2026 02:30:00 AM,07/07/2026 02:59:59 AM,0,0,A
ACCO_15e06beda2,NMI_df2d025267,DEVI_284a47f5e0,COMMS4D,06537#E1,Generalusage,07/07/2026 02:30:00 AM,07/07/2026 02:59:59 AM,0.213,0,A
ACCO_15e06beda2,NMI_df2d025267,DEVI_284a47f5e0,COMMS4D,06537#B1,Solar,07/07/2026 03:00:00 AM,07/07/2026 03:29:59 AM,0,0,A
ACCO_15e06beda2,NMI_df2d025267,DEVI_284a47f5e0,COMMS4D,06537#E1,Generalusage,07/07/2026 03:00:00 AM,07/07/2026 03:29:59 AM,0.218,0,A
ACCO_15e06beda2,NMI_df2d025267,DEVI_284a47f5e0,COMMS4D,06537#B1,Solar,07/07/2026 03:30:00 AM,07/07/2026 03:59:59 AM,0,0,A
ACCO_15e06beda2,NMI_df2d025267,DEVI_284a47f5e0,COMMS4D,06537#E1,Generalusage,07/07/2026 03:30:00 AM,07/07/2026 03:59:59 AM,0.24,0,A
ACCO_15e06beda2,NMI_df2d025267,DEVI_284a47f5e0,COMMS4D,06537#B1,Solar,07/07/2026 04:00:00 AM,07/07/2026 04:29:59 AM,0,0,A
ACCO_15e06beda2,NMI_df2d025267,DEVI_284a47f5e0,COMMS4D,06537#E1,Generalusage,07/07/2026 04:00:00 AM,07/07/2026 04:29:59 AM,0.243,0,A
ACCO_15e06beda2,NMI_df2d025267,DEVI_284a47f5e0,COMMS4D,06537#B1,Solar,07/07/2026 04:30:00 AM,07/07/2026 04:59:59 AM,0,0,A
ACCO_15e06beda2,NMI_df2d025267,DEVI_284a47f5e0,COMMS4D,06537#E1,Generalusage,07/07/2026 04:30:00 AM,07/07/2026 04:59:59 AM,0.217,0,A
ACCO_15e06beda2,NMI_df2d025267,DEVI_284a47f5e0,COMMS4D,06537#B1,Solar,07/07/2026 05:00:00 AM,07/07/2026 05:29:59 AM,0,0,A
ACCO_15e06beda2,NMI_df2d025267,DEVI_284a47f5e0,COMMS4D,06537#E1,Generalusage,07/07/2026 05:00:00 AM,07/07/2026 05:29:59 AM,0.214,0,A
ACCO_15e06beda2,NMI_df2d025267,DEVI_284a47f5e0,COMMS4D,06537#B1,Solar,07/07/2026 05:30:00 AM,07/07/2026 05:59:59 AM,0,0,A
ACCO_15e06beda2,NMI_df2d025267,DEVI_284a47f5e0,COMMS4D,06537#E1,Generalusage,07/07/2026 05:30:00 AM,07/07/2026 05:59:59 AM,0.221,0,A
ACCO_15e06beda2,NMI_df2d025267,DEVI_284a47f5e0,COMMS4D,06537#B1,Solar,07/07/2026 06:00:00 AM,07/07/2026 06:29:59 AM,0,0,A
ACCO_15e06beda2,NMI_df2d025267,DEVI_284a47f5e0,COMMS4D,06537#E1,Generalusage,07/07/2026 06:00:00 AM,07/07/2026 06:29:59 AM,0.241,0,A
ACCO_15e06beda2,NMI_df2d025267,DEVI_284a47f5e0,COMMS4D,06537#B1,Solar,07/07/2026 06:30:00 AM,07/07/2026 06:59:59 AM,0,0,A
ACCO_15e06beda2,NMI_df2d025267,DEVI_284a47f5e0,COMMS4D,06537#E1,Generalusage,07/07/2026 06:30:00 AM,07/07/2026 06:59:59 AM,0.236,0,A
ACCO_15e06beda2,NMI_df2d025267,DEVI_284a47f5e0,COMMS4D,06537#B1,Solar,07/07/2026 07:00:00 AM,07/07/2026 07:29:59 AM,0,0,A
ACCO_15e06beda2,NMI_df2d025267,DEVI_284a47f5e0,COMMS4D,06537#E1,Generalusage,07/07/2026 07:00:00 AM,07/07/2026 07:29:59 AM,0.218,0,A
ACCO_15e06beda2,NMI_df2d025267,DEVI_284a47f5e0,COMMS4D,06537#B1,Solar,07/07/2026 07:30:00 AM,07/07/2026 07:59:59 AM,0.002,0,A
ACCO_15e06beda2,NMI_df2d025267,DEVI_284a47f5e0,COMMS4D,06537#E1,Generalusage,07/07/2026 07:30:00 AM,07/07/2026 07:59:59 AM,0.107,0,A
ACCO_15e06beda2,NMI_df2d025267,DEVI_284a47f5e0,COMMS4D,06537#B1,Solar,07/07/2026 08:00:00 AM,07/07/2026 08:29:59 AM,0.002,0,A
ACCO_15e06beda2,NMI_df2d025267,DEVI_284a47f5e0,COMMS4D,06537#E1,Generalusage,07/07/2026 08:00:00 AM,07/07/2026 08:29:59 AM,0.002,0,A
ACCO_15e06beda2,NMI_df2d025267,DEVI_284a47f5e0,COMMS4D,06537#B1,Solar,07/07/2026 08:30:00 AM,07/07/2026 08:59:59 AM,0.003,0,A
ACCO_15e06beda2,NMI_df2d025267,DEVI_284a47f5e0,COMMS4D,06537#E1,Generalusage,07/07/2026 08:30:00 AM,07/07/2026 08:59:59 AM,0.001,0,A
ACCO_15e06beda2,NMI_df2d025267,DEVI_284a47f5e0,COMMS4D,06537#B1,Solar,07/07/2026 09:00:00 AM,07/07/2026 09:29:59 AM,0.004,0,A
ACCO_15e06beda2,NMI_df2d025267,DEVI_284a47f5e0,COMMS4D,06537#E1,Generalusage,07/07/2026 09:00:00 AM,07/07/2026 09:29:59 AM,0.002,0,A
ACCO_15e06beda2,NMI_df2d025267,DEVI_284a47f5e0,COMMS4D,06537#B1,Solar,07/07/2026 09:30:00 AM,07/07/2026 09:59:59 AM,0.004,0,A
ACCO_15e06beda2,NMI_df2d025267,DEVI_284a47f5e0,COMMS4D,06537#E1,Generalusage,07/07/2026 09:30:00 AM,07/07/2026 09:59:59 AM,0.002,0,A
ACCO_15e06beda2,NMI_df2d025267,DEVI_284a47f5e0,COMMS4D,06537#B1,Solar,07/07/2026 10:00:00 AM,07/07/2026 10:29:59 AM,0.003,0,A
ACCO_15e06beda2,NMI_df2d025267,DEVI_284a47f5e0,COMMS4D,06537#E1,Generalusage,07/07/2026 10:00:00 AM,07/07/2026 10:29:59 AM,0.001,0,A
ACCO_15e06beda2,NMI_df2d025267,DEVI_284a47f5e0,COMMS4D,06537#B1,Solar,07/07/2026 10:30:00 AM,07/07/2026 10:59:59 AM,0.003,0,A
ACCO_15e06beda2,NMI_df2d025267,DEVI_284a47f5e0,COMMS4D,06537#E1,Generalusage,07/07/2026 10:30:00 AM,07/07/2026 10:59:59 AM,0,0,A
ACCO_15e06beda2,NMI_df2d025267,DEVI_284a47f5e0,COMMS4D,06537#B1,Solar,07/07/2026 11:00:00 AM,07/07/2026 11:29:59 AM,0.004,0,A
ACCO_15e06beda2,NMI_df2d025267,DEVI_284a47f5e0,COMMS4D,06537#E1,Generalusage,07/07/2026 11:00:00 AM,07/07/2026 11:29:59 AM,0.001,0,A
ACCO_15e06beda2,NMI_df2d025267,DEVI_284a47f5e0,COMMS4D,06537#B1,Solar,07/07/2026 11:30:00 AM,07/07/2026 11:59:59 AM,0.003,0,A
ACCO_15e06beda2,NMI_df2d025267,DEVI_284a47f5e0,COMMS4D,06537#E1,Generalusage,07/07/2026 11:30:00 AM,07/07/2026 11:59:59 AM,0,0,A
ACCO_15e06beda2,NMI_df2d025267,DEVI_284a47f5e0,COMMS4D,06537#B1,Solar,07/07/2026 12:00:00 PM,07/07/2026 12:29:59 PM,0.003,0,A
ACCO_15e06beda2,NMI_df2d025267,DEVI_284a47f5e0,COMMS4D,06537#E1,Generalusage,07/07/2026 12:00:00 PM,07/07/2026 12:29:59 PM,0,0,A
ACCO_15e06beda2,NMI_df2d025267,DEVI_284a47f5e0,COMMS4D,06537#B1,Solar,07/07/2026 12:30:00 PM,07/07/2026 12:59:59 PM,0.003,0,A
ACCO_15e06beda2,NMI_df2d025267,DEVI_284a47f5e0,COMMS4D,06537#E1,Generalusage,07/07/2026 12:30:00 PM,07/07/2026 12:59:59 PM,0.001,0,A
ACCO_15e06beda2,NMI_df2d025267,DEVI_284a47f5e0,COMMS4D,06537#B1,Solar,07/07/2026 01:00:00 PM,07/07/2026 01:29:59 PM,0.003,0,A
ACCO_15e06beda2,NMI_df2d025267,DEVI_284a47f5e0,COMMS4D,06537#E1,Generalusage,07/07/2026 01:00:00 PM,07/07/2026 01:29:59 PM,0.001,0,A
ACCO_15e06beda2,NMI_df2d025267,DEVI_284a47f5e0,COMMS4D,06537#B1,Solar,07/07/2026 01:30:00 PM,07/07/2026 01:59:59 PM,0.004,0,A
ACCO_15e06beda2,NMI_df2d025267,DEVI_284a47f5e0,COMMS4D,06537#E1,Generalusage,07/07/2026 01:30:00 PM,07/07/2026 01:59:59 PM,0.001,0,A
ACCO_15e06beda2,NMI_df2d025267,DEVI_284a47f5e0,COMMS4D,06537#B1,Solar,07/07/2026 02:00:00 PM,07/07/2026 02:29:59 PM,0.003,0,A
ACCO_15e06beda2,NMI_df2d025267,DEVI_284a47f5e0,COMMS4D,06537#E1,Generalusage,07/07/2026 02:00:00 PM,07/07/2026 02:29:59 PM,0.001,0,A
ACCO_15e06beda2,NMI_df2d025267,DEVI_284a47f5e0,COMMS4D,06537#B1,Solar,07/07/2026 02:30:00 PM,07/07/2026 02:59:59 PM,0.004,0,A
ACCO_15e06beda2,NMI_df2d025267,DEVI_284a47f5e0,COMMS4D,06537#E1,Generalusage,07/07/2026 02:30:00 PM,07/07/2026 02:59:59 PM,0.001,0,A
ACCO_15e06beda2,NMI_df2d025267,DEVI_284a47f5e0,COMMS4D,06537#B1,Solar,07/07/2026 03:00:00 PM,07/07/2026 03:29:59 PM,0.003,0,A
ACCO_15e06beda2,NMI_df2d025267,DEVI_284a47f5e0,COMMS4D,06537#E1,Generalusage,07/07/2026 03:00:00 PM,07/07/2026 03:29:59 PM,0.001,0,A
ACCO_15e06beda2,NMI_df2d025267,DEVI_284a47f5e0,COMMS4D,06537#B1,Solar,07/07/2026 03:30:00 PM,07/07/2026 03:59:59 PM,0.002,0,A
ACCO_15e06beda2,NMI_df2d025267,DEVI_284a47f5e0,COMMS4D,06537#E1,Generalusage,07/07/2026 03:30:00 PM,07/07/2026 03:59:59 PM,0.001,0,A
ACCO_15e06beda2,NMI_df2d025267,DEVI_284a47f5e0,COMMS4D,06537#B1,Solar,07/07/2026 04:00:00 PM,07/07/2026 04:29:59 PM,0.003,0,A
ACCO_15e06beda2,NMI_df2d025267,DEVI_284a47f5e0,COMMS4D,06537#E1,Generalusage,07/07/2026 04:00:00 PM,07/07/2026 04:29:59 PM,0.001,0,A
ACCO_15e06beda2,NMI_df2d025267,DEVI_284a47f5e0,COMMS4D,06537#B1,Solar,07/07/2026 04:30:00 PM,07/07/2026 04:59:59 PM,0.002,0,A
ACCO_15e06beda2,NMI_df2d025267,DEVI_284a47f5e0,COMMS4D,06537#E1,Generalusage,07/07/2026 04:30:00 PM,07/07/2026 04:59:59 PM,0.001,0,A
ACCO_15e06beda2,NMI_df2d025267,DEVI_284a47f5e0,COMMS4D,06537#B1,Solar,07/07/2026 05:00:00 PM,07/07/2026 05:29:59 PM,0.005,0,A
ACCO_15e06beda2,NMI_df2d025267,DEVI_284a47f5e0,COMMS4D,06537#E1,Generalusage,07/07/2026 05:00:00 PM,07/07/2026 05:29:59 PM,0.001,0,A
ACCO_15e06beda2,NMI_df2d025267,DEVI_284a47f5e0,COMMS4D,06537#B1,Solar,07/07/2026 05:30:00 PM,07/07/2026 05:59:59 PM,0.002,0,A
ACCO_15e06beda2,NMI_df2d025267,DEVI_284a47f5e0,COMMS4D,06537#E1,Generalusage,07/07/2026 05:30:00 PM,07/07/2026 05:59:59 PM,0.004,0,A
ACCO_15e06beda2,NMI_df2d025267,DEVI_284a47f5e0,COMMS4D,06537#B1,Solar,07/07/2026 06:00:00 PM,07/07/2026 06:29:59 PM,0,0,A
ACCO_15e06beda2,NMI_df2d025267,DEVI_284a47f5e0,COMMS4D,06537#E1,Generalusage,07/07/2026 06:00:00 PM,07/07/2026 06:29:59 PM,0.006,0,A
ACCO_15e06beda2,NMI_df2d025267,DEVI_284a47f5e0,COMMS4D,06537#B1,Solar,07/07/2026 06:30:00 PM,07/07/2026 06:59:59 PM,0,0,A
ACCO_15e06beda2,NMI_df2d025267,DEVI_284a47f5e0,COMMS4D,06537#E1,Generalusage,07/07/2026 06:30:00 PM,07/07/2026 06:59:59 PM,0.716,0,A
ACCO_15e06beda2,NMI_df2d025267,DEVI_284a47f5e0,COMMS4D,06537#B1,Solar,07/07/2026 07:00:00 PM,07/07/2026 07:29:59 PM,0,0,A
ACCO_15e06beda2,NMI_df2d025267,DEVI_284a47f5e0,COMMS4D,06537#E1,Generalusage,07/07/2026 07:00:00 PM,07/07/2026 07:29:59 PM,0.666,0,A
ACCO_15e06beda2,NMI_df2d025267,DEVI_284a47f5e0,COMMS4D,06537#B1,Solar,07/07/2026 07:30:00 PM,07/07/2026 07:59:59 PM,0,0,A
ACCO_15e06beda2,NMI_df2d025267,DEVI_284a47f5e0,COMMS4D,06537#E1,Generalusage,07/07/2026 07:30:00 PM,07/07/2026 07:59:59 PM,0.349,0,A
ACCO_15e06beda2,NMI_df2d025267,DEVI_284a47f5e0,COMMS4D,06537#B1,Solar,07/07/2026 08:00:00 PM,07/07/2026 08:29:59 PM,0,0,A
ACCO_15e06beda2,NMI_df2d025267,DEVI_284a47f5e0,COMMS4D,06537#E1,Generalusage,07/07/2026 08:00:00 PM,07/07/2026 08:29:59 PM,0.423,0,A
ACCO_15e06beda2,NMI_df2d025267,DEVI_284a47f5e0,COMMS4D,06537#B1,Solar,07/07/2026 08:30:00 PM,07/07/2026 08:59:59 PM,0,0,A
ACCO_15e06beda2,NMI_df2d025267,DEVI_284a47f5e0,COMMS4D,06537#E1,Generalusage,07/07/2026 08:30:00 PM,07/07/2026 08:59:59 PM,0.392,0,A
ACCO_15e06beda2,NMI_df2d025267,DEVI_284a47f5e0,COMMS4D,06537#B1,Solar,07/07/2026 09:00:00 PM,07/07/2026 09:29:59 PM,0,0,A
ACCO_15e06beda2,NMI_df2d025267,DEVI_284a47f5e0,COMMS4D,06537#E1,Generalusage,07/07/2026 09:00:00 PM,07/07/2026 09:29:59 PM,0.375,0,A
ACCO_15e06beda2,NMI_df2d025267,DEVI_284a47f5e0,COMMS4D,06537#B1,Solar,07/07/2026 09:30:00 PM,07/07/2026 09:59:59 PM,0,0,A
ACCO_15e06beda2,NMI_df2d025267,DEVI_284a47f5e0,COMMS4D,06537#E1,Generalusage,07/07/2026 09:30:00 PM,07/07/2026 09:59:59 PM,0.273,0,A
ACCO_15e06beda2,NMI_df2d025267,DEVI_284a47f5e0,COMMS4D,06537#B1,Solar,07/07/2026 10:00:00 PM,07/07/2026 10:29:59 PM,0,0,A
ACCO_15e06beda2,NMI_df2d025267,DEVI_284a47f5e0,COMMS4D,06537#E1,Generalusage,07/07/2026 10:00:00 PM,07/07/2026 10:29:59 PM,0.373,0,A
ACCO_15e06beda2,NMI_df2d025267,DEVI_284a47f5e0,COMMS4D,06537#B1,Solar,07/07/2026 10:30:00 PM,07/07/2026 10:59:59 PM,0,0,A
ACCO_15e06beda2,NMI_df2d025267,DEVI_284a47f5e0,COMMS4D,06537#E1,Generalusage,07/07/2026 10:30:00 PM,07/07/2026 10:59:59 PM,0.331,0,A
ACCO_15e06beda2,NMI_df2d025267,DEVI_284a47f5e0,COMMS4D,06537#B1,Solar,07/07/2026 11:00:00 PM,07/07/2026 11:29:59 PM,0,0,A
ACCO_15e06beda2,NMI_df2d025267,DEVI_284a47f5e0,COMMS4D,06537#E1,Generalusage,07/07/2026 11:00:00 PM,07/07/2026 11:29:59 PM,0.225,0,A
ACCO_15e06beda2,NMI_df2d025267,DEVI_284a47f5e0,COMMS4D,06537#B1,Solar,07/07/2026 11:30:00 PM,07/07/2026 11:59:59 PM,0,0,A
ACCO_15e06beda2,NMI_df2d025267,DEVI_284a47f5e0,COMMS4D,06537#E1,Generalusage,07/07/2026 11:30:00 PM,07/07/2026 11:59:59 PM,0.219,0,A
ACCO_15e06beda2,NMI_df2d025267,DEVI_284a47f5e0,COMMS4D,06537#B1,Solar,08/07/2026 12:00:00 AM,08/07/2026 12:29:59 AM,0,0,A
ACCO_15e06beda2,NMI_df2d025267,DEVI_284a47f5e0,COMMS4D,06537#E1,Generalusage,08/07/2026 12:00:00 AM,08/07/2026 12:29:59 AM,0.236,0,A
ACCO_15e06beda2,NMI_df2d025267,DEVI_284a47f5e0,COMMS4D,06537#B1,Solar,08/07/2026 12:30:00 AM,08/07/2026 12:59:59 AM,0,0,A
ACCO_15e06beda2,NMI_df2d025267,DEVI_284a47f5e0,COMMS4D,06537#E1,Generalusage,08/07/2026 12:30:00 AM,08/07/2026 12:59:59 AM,0.245,0,A
ACCO_15e06beda2,NMI_df2d025267,DEVI_284a47f5e0,COMMS4D,06537#B1,Solar,08/07/2026 01:00:00 AM,08/07/2026 01:29:59 AM,0,0,A
ACCO_15e06beda2,NMI_df2d025267,DEVI_284a47f5e0,COMMS4D,06537#E1,Generalusage,08/07/2026 01:00:00 AM,08/07/2026 01:29:59 AM,0.227,0,A
ACCO_15e06beda2,NMI_df2d025267,DEVI_284a47f5e0,COMMS4D,06537#B1,Solar,08/07/2026 01:30:00 AM,08/07/2026 01:59:59 AM,0,0,A
ACCO_15e06beda2,NMI_df2d025267,DEVI_284a47f5e0,COMMS4D,06537#E1,Generalusage,08/07/2026 01:30:00 AM,08/07/2026 01:59:59 AM,0.218,0,A
ACCO_15e06beda2,NMI_df2d025267,DEVI_284a47f5e0,COMMS4D,06537#B1,Solar,08/07/2026 02:00:00 AM,08/07/2026 02:29:59 AM,0,0,A
ACCO_15e06beda2,NMI_df2d025267,DEVI_284a47f5e0,COMMS4D,06537#E1,Generalusage,08/07/2026 02:00:00 AM,08/07/2026 02:29:59 AM,0.219,0,A
ACCO_15e06beda2,NMI_df2d025267,DEVI_284a47f5e0,COMMS4D,06537#B1,Solar,08/07/2026 02:30:00 AM,08/07/2026 02:59:59 AM,0,0,A
ACCO_15e06beda2,NMI_df2d025267,DEVI_284a47f5e0,COMMS4D,06537#E1,Generalusage,08/07/2026 02:30:00 AM,08/07/2026 02:59:59 AM,0.215,0,A
ACCO_15e06beda2,NMI_df2d025267,DEVI_284a47f5e0,COMMS4D,06537#B1,Solar,08/07/2026 03:00:00 AM,08/07/2026 03:29:59 AM,0,0,A
ACCO_15e06beda2,NMI_df2d025267,DEVI_284a47f5e0,COMMS4D,06537#E1,Generalusage,08/07/2026 03:00:00 AM,08/07/2026 03:29:59 AM,0.215,0,A
ACCO_15e06beda2,NMI_df2d025267,DEVI_284a47f5e0,COMMS4D,06537#B1,Solar,08/07/2026 03:30:00 AM,08/07/2026 03:59:59 AM,0,0,A
ACCO_15e06beda2,NMI_df2d025267,DEVI_284a47f5e0,COMMS4D,06537#E1,Generalusage,08/07/2026 03:30:00 AM,08/07/2026 03:59:59 AM,0.215,0,A
ACCO_15e06beda2,NMI_df2d025267,DEVI_284a47f5e0,COMMS4D,06537#B1,Solar,08/07/2026 04:00:00 AM,08/07/2026 04:29:59 AM,0,0,A
ACCO_15e06beda2,NMI_df2d025267,DEVI_284a47f5e0,COMMS4D,06537#E1,Generalusage,08/07/2026 04:00:00 AM,08/07/2026 04:29:59 AM,0.214,0,A
ACCO_15e06beda2,NMI_df2d025267,DEVI_284a47f5e0,COMMS4D,06537#B1,Solar,08/07/2026 04:30:00 AM,08/07/2026 04:59:59 AM,0,0,A
ACCO_15e06beda2,NMI_df2d025267,DEVI_284a47f5e0,COMMS4D,06537#E1,Generalusage,08/07/2026 04:30:00 AM,08/07/2026 04:59:59 AM,0.216,0,A
ACCO_15e06beda2,NMI_df2d025267,DEVI_284a47f5e0,COMMS4D,06537#B1,Solar,08/07/2026 05:00:00 AM,08/07/2026 05:29:59 AM,0,0,A
ACCO_15e06beda2,NMI_df2d025267,DEVI_284a47f5e0,COMMS4D,06537#E1,Generalusage,08/07/2026 05:00:00 AM,08/07/2026 05:29:59 AM,0.212,0,A
ACCO_15e06beda2,NMI_df2d025267,DEVI_284a47f5e0,COMMS4D,06537#B1,Solar,08/07/2026 05:30:00 AM,08/07/2026 05:59:59 AM,0,0,A
ACCO_15e06beda2,NMI_df2d025267,DEVI_284a47f5e0,COMMS4D,06537#E1,Generalusage,08/07/2026 05:30:00 AM,08/07/2026 05:59:59 AM,0.213,0,A
ACCO_15e06beda2,NMI_df2d025267,DEVI_284a47f5e0,COMMS4D,06537#B1,Solar,08/07/2026 06:00:00 AM,08/07/2026 06:29:59 AM,0,0,A
ACCO_15e06beda2,NMI_df2d025267,DEVI_284a47f5e0,COMMS4D,06537#E1,Generalusage,08/07/2026 06:00:00 AM,08/07/2026 06:29:59 AM,0.212,0,A
ACCO_15e06beda2,NMI_df2d025267,DEVI_284a47f5e0,COMMS4D,06537#B1,Solar,08/07/2026 06:30:00 AM,08/07/2026 06:59:59 AM,0,0,A
ACCO_15e06beda2,NMI_df2d025267,DEVI_284a47f5e0,COMMS4D,06537#E1,Generalusage,08/07/2026 06:30:00 AM,08/07/2026 06:59:59 AM,0.215,0,A
ACCO_15e06beda2,NMI_df2d025267,DEVI_284a47f5e0,COMMS4D,06537#B1,Solar,08/07/2026 07:00:00 AM,08/07/2026 07:29:59 AM,0,0,A
ACCO_15e06beda2,NMI_df2d025267,DEVI_284a47f5e0,COMMS4D,06537#E1,Generalusage,08/07/2026 07:00:00 AM,08/07/2026 07:29:59 AM,0.224,0,A
ACCO_15e06beda2,NMI_df2d025267,DEVI_284a47f5e0,COMMS4D,06537#B1,Solar,08/07/2026 07:30:00 AM,08/07/2026 07:59:59 AM,0,0,A
ACCO_15e06beda2,NMI_df2d025267,DEVI_284a47f5e0,COMMS4D,06537#E1,Generalusage,08/07/2026 07:30:00 AM,08/07/2026 07:59:59 AM,0.129,0,A
ACCO_15e06beda2,NMI_df2d025267,DEVI_284a47f5e0,COMMS4D,06537#B1,Solar,08/07/2026 08:00:00 AM,08/07/2026 08:29:59 AM,0.002,0,A
ACCO_15e06beda2,NMI_df2d025267,DEVI_284a47f5e0,COMMS4D,06537#E1,Generalusage,08/07/2026 08:00:00 AM,08/07/2026 08:29:59 AM,0.043,0,A
ACCO_15e06beda2,NMI_df2d025267,DEVI_284a47f5e0,COMMS4D,06537#B1,Solar,08/07/2026 08:30:00 AM,08/07/2026 08:59:59 AM,0.003,0,A
ACCO_15e06beda2,NMI_df2d025267,DEVI_284a47f5e0,COMMS4D,06537#E1,Generalusage,08/07/2026 08:30:00 AM,08/07/2026 08:59:59 AM,0.002,0,A
ACCO_15e06beda2,NMI_df2d025267,DEVI_284a47f5e0,COMMS4D,06537#B1,Solar,08/07/2026 09:00:00 AM,08/07/2026 09:29:59 AM,0.004,0,A
ACCO_15e06beda2,NMI_df2d025267,DEVI_284a47f5e0,COMMS4D,06537#E1,Generalusage,08/07/2026 09:00:00 AM,08/07/2026 09:29:59 AM,0.001,0,A
ACCO_15e06beda2,NMI_df2d025267,DEVI_284a47f5e0,COMMS4D,06537#B1,Solar,08/07/2026 09:30:00 AM,08/07/2026 09:59:59 AM,0.004,0,A
ACCO_15e06beda2,NMI_df2d025267,DEVI_284a47f5e0,COMMS4D,06537#E1,Generalusage,08/07/2026 09:30:00 AM,08/07/2026 09:59:59 AM,0.002,0,A
ACCO_15e06beda2,NMI_df2d025267,DEVI_284a47f5e0,COMMS4D,06537#B1,Solar,08/07/2026 10:00:00 AM,08/07/2026 10:29:59 AM,0.003,0,A
ACCO_15e06beda2,NMI_df2d025267,DEVI_284a47f5e0,COMMS4D,06537#E1,Generalusage,08/07/2026 10:00:00 AM,08/07/2026 10:29:59 AM,0.002,0,A
ACCO_15e06beda2,NMI_df2d025267,DEVI_284a47f5e0,COMMS4D,06537#B1,Solar,08/07/2026 10:30:00 AM,08/07/2026 10:59:59 AM,0.003,0,A
ACCO_15e06beda2,NMI_df2d025267,DEVI_284a47f5e0,COMMS4D,06537#E1,Generalusage,08/07/2026 10:30:00 AM,08/07/2026 10:59:59 AM,0.001,0,A
ACCO_15e06beda2,NMI_df2d025267,DEVI_284a47f5e0,COMMS4D,06537#B1,Solar,08/07/2026 11:00:00 AM,08/07/2026 11:29:59 AM,0.003,0,A
ACCO_15e06beda2,NMI_df2d025267,DEVI_284a47f5e0,COMMS4D,06537#E1,Generalusage,08/07/2026 11:00:00 AM,08/07/2026 11:29:59 AM,0.001,0,A
ACCO_15e06beda2,NMI_df2d025267,DEVI_284a47f5e0,COMMS4D,06537#B1,Solar,08/07/2026 11:30:00 AM,08/07/2026 11:59:59 AM,0.003,0,A
ACCO_15e06beda2,NMI_df2d025267,DEVI_284a47f5e0,COMMS4D,06537#E1,Generalusage,08/07/2026 11:30:00 AM,08/07/2026 11:59:59 AM,0,0,A
ACCO_15e06beda2,NMI_df2d025267,DEVI_284a47f5e0,COMMS4D,06537#B1,Solar,08/07/2026 12:00:00 PM,08/07/2026 12:29:59 PM,0.003,0,A
ACCO_15e06beda2,NMI_df2d025267,DEVI_284a47f5e0,COMMS4D,06537#E1,Generalusage,08/07/2026 12:00:00 PM,08/07/2026 12:29:59 PM,0.001,0,A
ACCO_15e06beda2,NMI_df2d025267,DEVI_284a47f5e0,COMMS4D,06537#B1,Solar,08/07/2026 12:30:00 PM,08/07/2026 12:59:59 PM,0.003,0,A
ACCO_15e06beda2,NMI_df2d025267,DEVI_284a47f5e0,COMMS4D,06537#E1,Generalusage,08/07/2026 12:30:00 PM,08/07/2026 12:59:59 PM,0.001,0,A
ACCO_15e06beda2,NMI_df2d025267,DEVI_284a47f5e0,COMMS4D,06537#B1,Solar,08/07/2026 01:00:00 PM,08/07/2026 01:29:59 PM,0.002,0,A
ACCO_15e06beda2,NMI_df2d025267,DEVI_284a47f5e0,COMMS4D,06537#E1,Generalusage,08/07/2026 01:00:00 PM,08/07/2026 01:29:59 PM,0.001,0,A
ACCO_15e06beda2,NMI_df2d025267,DEVI_284a47f5e0,COMMS4D,06537#B1,Solar,08/07/2026 01:30:00 PM,08/07/2026 01:59:59 PM,0.002,0,A
ACCO_15e06beda2,NMI_df2d025267,DEVI_284a47f5e0,COMMS4D,06537#E1,Generalusage,08/07/2026 01:30:00 PM,08/07/2026 01:59:59 PM,0,0,A
ACCO_15e06beda2,NMI_df2d025267,DEVI_284a47f5e0,COMMS4D,06537#B1,Solar,08/07/2026 02:00:00 PM,08/07/2026 02:29:59 PM,0.003,0,A
ACCO_15e06beda2,NMI_df2d025267,DEVI_284a47f5e0,COMMS4D,06537#E1,Generalusage,08/07/2026 02:00:00 PM,08/07/2026 02:29:59 PM,0.001,0,A
ACCO_15e06beda2,NMI_df2d025267,DEVI_284a47f5e0,COMMS4D,06537#B1,Solar,08/07/2026 02:30:00 PM,08/07/2026 02:59:59 PM,0.004,0,A
ACCO_15e06beda2,NMI_df2d025267,DEVI_284a47f5e0,COMMS4D,06537#E1,Generalusage,08/07/2026 02:30:00 PM,08/07/2026 02:59:59 PM,0.001,0,A
ACCO_15e06beda2,NMI_df2d025267,DEVI_284a47f5e0,COMMS4D,06537#B1,Solar,08/07/2026 03:00:00 PM,08/07/2026 03:29:59 PM,0.003,0,A
ACCO_15e06beda2,NMI_df2d025267,DEVI_284a47f5e0,COMMS4D,06537#E1,Generalusage,08/07/2026 03:00:00 PM,08/07/2026 03:29:59 PM,0.001,0,A
ACCO_15e06beda2,NMI_df2d025267,DEVI_284a47f5e0,COMMS4D,06537#B1,Solar,08/07/2026 03:30:00 PM,08/07/2026 03:59:59 PM,0.002,0,A
ACCO_15e06beda2,NMI_df2d025267,DEVI_284a47f5e0,COMMS4D,06537#E1,Generalusage,08/07/2026 03:30:00 PM,08/07/2026 03:59:59 PM,0.001,0,A
ACCO_15e06beda2,NMI_df2d025267,DEVI_284a47f5e0,COMMS4D,06537#B1,Solar,08/07/2026 04:00:00 PM,08/07/2026 04:29:59 PM,0.003,0,A
ACCO_15e06beda2,NMI_df2d025267,DEVI_284a47f5e0,COMMS4D,06537#E1,Generalusage,08/07/2026 04:00:00 PM,08/07/2026 04:29:59 PM,0,0,A
ACCO_15e06beda2,NMI_df2d025267,DEVI_284a47f5e0,COMMS4D,06537#B1,Solar,08/07/2026 04:30:00 PM,08/07/2026 04:59:59 PM,0.003,0,A
ACCO_15e06beda2,NMI_df2d025267,DEVI_284a47f5e0,COMMS4D,06537#E1,Generalusage,08/07/2026 04:30:00 PM,08/07/2026 04:59:59 PM,0.001,0,A
ACCO_15e06beda2,NMI_df2d025267,DEVI_284a47f5e0,COMMS4D,06537#B1,Solar,08/07/2026 05:00:00 PM,08/07/2026 05:29:59 PM,0.002,0,A
ACCO_15e06beda2,NMI_df2d025267,DEVI_284a47f5e0,COMMS4D,06537#E1,Generalusage,08/07/2026 05:00:00 PM,08/07/2026 05:29:59 PM,0.001,0,A
ACCO_15e06beda2,NMI_df2d025267,DEVI_284a47f5e0,COMMS4D,06537#B1,Solar,08/07/2026 05:30:00 PM,08/07/2026 05:59:59 PM,0.003,0,A
ACCO_15e06beda2,NMI_df2d025267,DEVI_284a47f5e0,COMMS4D,06537#E1,Generalusage,08/07/2026 05:30:00 PM,08/07/2026 05:59:59 PM,0.001,0,A
ACCO_15e06beda2,NMI_df2d025267,DEVI_284a47f5e0,COMMS4D,06537#B1,Solar,08/07/2026 06:00:00 PM,08/07/2026 06:29:59 PM,0.004,0,A
ACCO_15e06beda2,NMI_df2d025267,DEVI_284a47f5e0,COMMS4D,06537#E1,Generalusage,08/07/2026 06:00:00 PM,08/07/2026 06:29:59 PM,0.003,0,A
ACCO_15e06beda2,NMI_df2d025267,DEVI_284a47f5e0,COMMS4D,06537#B1,Solar,08/07/2026 06:30:00 PM,08/07/2026 06:59:59 PM,0.002,0,A
ACCO_15e06beda2,NMI_df2d025267,DEVI_284a47f5e0,COMMS4D,06537#E1,Generalusage,08/07/2026 06:30:00 PM,08/07/2026 06:59:59 PM,0.001,0,A
ACCO_15e06beda2,NMI_df2d025267,DEVI_284a47f5e0,COMMS4D,06537#B1,Solar,08/07/2026 07:00:00 PM,08/07/2026 07:29:59 PM,0.003,0,A
ACCO_15e06beda2,NMI_df2d025267,DEVI_284a47f5e0,COMMS4D,06537#E1,Generalusage,08/07/2026 07:00:00 PM,08/07/2026 07:29:59 PM,0.001,0,A
ACCO_15e06beda2,NMI_df2d025267,DEVI_284a47f5e0,COMMS4D,06537#B1,Solar,08/07/2026 07:30:00 PM,08/07/2026 07:59:59 PM,0.002,0,A
ACCO_15e06beda2,NMI_df2d025267,DEVI_284a47f5e0,COMMS4D,06537#E1,Generalusage,08/07/2026 07:30:00 PM,08/07/2026 07:59:59 PM,0.001,0,A
ACCO_15e06beda2,NMI_df2d025267,DEVI_284a47f5e0,COMMS4D,06537#B1,Solar,08/07/2026 08:00:00 PM,08/07/2026 08:29:59 PM,0.002,0,A
ACCO_15e06beda2,NMI_df2d025267,DEVI_284a47f5e0,COMMS4D,06537#E1,Generalusage,08/07/2026 08:00:00 PM,08/07/2026 08:29:59 PM,0,0,A
ACCO_15e06beda2,NMI_df2d025267,DEVI_284a47f5e0,COMMS4D,06537#B1,Solar,08/07/2026 08:30:00 PM,08/07/2026 08:59:59 PM,0.002,0,A
ACCO_15e06beda2,NMI_df2d025267,DEVI_284a47f5e0,COMMS4D,06537#E1,Generalusage,08/07/2026 08:30:00 PM,08/07/2026 08:59:59 PM,0.001,0,A
ACCO_15e06beda2,NMI_df2d025267,DEVI_284a47f5e0,COMMS4D,06537#B1,Solar,08/07/2026 09:00:00 PM,08/07/2026 09:29:59 PM,0.003,0,A
ACCO_15e06beda2,NMI_df2d025267,DEVI_284a47f5e0,COMMS4D,06537#E1,Generalusage,08/07/2026 09:00:00 PM,08/07/2026 09:29:59 PM,0.001,0,A
ACCO_15e06beda2,NMI_df2d025267,DEVI_284a47f5e0,COMMS4D,06537#B1,Solar,08/07/2026 09:30:00 PM,08/07/2026 09:59:59 PM,0.003,0,A
ACCO_15e06beda2,NMI_df2d025267,DEVI_284a47f5e0,COMMS4D,06537#E1,Generalusage,08/07/2026 09:30:00 PM,08/07/2026 09:59:59 PM,0.001,0,A
ACCO_15e06beda2,NMI_df2d025267,DEVI_284a47f5e0,COMMS4D,06537#B1,Solar,08/07/2026 10:00:00 PM,08/07/2026 10:29:59 PM,0.003,0,A
ACCO_15e06beda2,NMI_df2d025267,DEVI_284a47f5e0,COMMS4D,06537#E1,Generalusage,08/07/2026 10:00:00 PM,08/07/2026 10:29:59 PM,0.002,0,A
ACCO_15e06beda2,NMI_df2d025267,DEVI_284a47f5e0,COMMS4D,06537#B1,Solar,08/07/2026 10:30:00 PM,08/07/2026 10:59:59 PM,0.003,0,A
ACCO_15e06beda2,NMI_df2d025267,DEVI_284a47f5e0,COMMS4D,06537#E1,Generalusage,08/07/2026 10:30:00 PM,08/07/2026 10:59:59 PM,0.001,0,A
ACCO_15e06beda2,NMI_df2d025267,DEVI_284a47f5e0,COMMS4D,06537#B1,Solar,08/07/2026 11:00:00 PM,08/07/2026 11:29:59 PM,0.002,0,A
ACCO_15e06beda2,NMI_df2d025267,DEVI_284a47f5e0,COMMS4D,06537#E1,Generalusage,08/07/2026 11:00:00 PM,08/07/2026 11:29:59 PM,0.001,0,A
ACCO_15e06beda2,NMI_df2d025267,DEVI_284a47f5e0,COMMS4D,06537#B1,Solar,08/07/2026 11:30:00 PM,08/07/2026 11:59:59 PM,0.003,0,A
ACCO_15e06beda2,NMI_df2d025267,DEVI_284a47f5e0,COMMS4D,06537#E1,Generalusage,08/07/2026 11:30:00 PM,08/07/2026 11:59:59 PM,0.001,0,A
ACCO_15e06beda2,NMI_df2d025267,DEVI_284a47f5e0,COMMS4D,06537#B1,Solar,09/07/2026 12:00:00 AM,09/07/2026 12:29:59 AM,0.002,0,A
ACCO_15e06beda2,NMI_df2d025267,DEVI_284a47f5e0,COMMS4D,06537#E1,Generalusage,09/07/2026 12:00:00 AM,09/07/2026 12:29:59 AM,0.001,0,A
ACCO_15e06beda2,NMI_df2d025267,DEVI_284a47f5e0,COMMS4D,06537#B1,Solar,09/07/2026 12:30:00 AM,09/07/2026 12:59:59 AM,0.003,0,A
ACCO_15e06beda2,NMI_df2d025267,DEVI_284a47f5e0,COMMS4D,06537#E1,Generalusage,09/07/2026 12:30:00 AM,09/07/2026 12:59:59 AM,0.001,0,A
ACCO_15e06beda2,NMI_df2d025267,DEVI_284a47f5e0,COMMS4D,06537#B1,Solar,09/07/2026 01:00:00 AM,09/07/2026 01:29:59 AM,0.002,0,A
ACCO_15e06beda2,NMI_df2d025267,DEVI_284a47f5e0,COMMS4D,06537#E1,Generalusage,09/07/2026 01:00:00 AM,09/07/2026 01:29:59 AM,0.002,0,A
ACCO_15e06beda2,NMI_df2d025267,DEVI_284a47f5e0,COMMS4D,06537#B1,Solar,09/07/2026 01:30:00 AM,09/07/2026 01:59:59 AM,0.003,0,A
ACCO_15e06beda2,NMI_df2d025267,DEVI_284a47f5e0,COMMS4D,06537#E1,Generalusage,09/07/2026 01:30:00 AM,09/07/2026 01:59:59 AM,0.002,0,A
ACCO_15e06beda2,NMI_df2d025267,DEVI_284a47f5e0,COMMS4D,06537#B1,Solar,09/07/2026 02:00:00 AM,09/07/2026 02:29:59 AM,0.002,0,A
ACCO_15e06beda2,NMI_df2d025267,DEVI_284a47f5e0,COMMS4D,06537#E1,Generalusage,09/07/2026 02:00:00 AM,09/07/2026 02:29:59 AM,0.001,0,A
ACCO_15e06beda2,NMI_df2d025267,DEVI_284a47f5e0,COMMS4D,06537#B1,Solar,09/07/2026 02:30:00 AM,09/07/2026 02:59:59 AM,0.002,0,A
ACCO_15e06beda2,NMI_df2d025267,DEVI_284a47f5e0,COMMS4D,06537#E1,Generalusage,09/07/2026 02:30:00 AM,09/07/2026 02:59:59 AM,0.002,0,A
ACCO_15e06beda2,NMI_df2d025267,DEVI_284a47f5e0,COMMS4D,06537#B1,Solar,09/07/2026 03:00:00 AM,09/07/2026 03:29:59 AM,0.002,0,A
ACCO_15e06beda2,NMI_df2d025267,DEVI_284a47f5e0,COMMS4D,06537#E1,Generalusage,09/07/2026 03:00:00 AM,09/07/2026 03:29:59 AM,0.001,0,A
ACCO_15e06beda2,NMI_df2d025267,DEVI_284a47f5e0,COMMS4D,06537#B1,Solar,09/07/2026 03:30:00 AM,09/07/2026 03:59:59 AM,0.003,0,A
ACCO_15e06beda2,NMI_df2d025267,DEVI_284a47f5e0,COMMS4D,06537#E1,Generalusage,09/07/2026 03:30:00 AM,09/07/2026 03:59:59 AM,0.002,0,A
ACCO_15e06beda2,NMI_df2d025267,DEVI_284a47f5e0,COMMS4D,06537#B1,Solar,09/07/2026 04:00:00 AM,09/07/2026 04:29:59 AM,0.002,0,A
ACCO_15e06beda2,NMI_df2d025267,DEVI_284a47f5e0,COMMS4D,06537#E1,Generalusage,09/07/2026 04:00:00 AM,09/07/2026 04:29:59 AM,0.001,0,A
ACCO_15e06beda2,NMI_df2d025267,DEVI_284a47f5e0,COMMS4D,06537#B1,Solar,09/07/2026 04:30:00 AM,09/07/2026 04:59:59 AM,0.002,0,A
ACCO_15e06beda2,NMI_df2d025267,DEVI_284a47f5e0,COMMS4D,06537#E1,Generalusage,09/07/2026 04:30:00 AM,09/07/2026 04:59:59 AM,0.002,0,A
ACCO_15e06beda2,NMI_df2d025267,DEVI_284a47f5e0,COMMS4D,06537#B1,Solar,09/07/2026 05:00:00 AM,09/07/2026 05:29:59 AM,0.002,0,A
ACCO_15e06beda2,NMI_df2d025267,DEVI_284a47f5e0,COMMS4D,06537#E1,Generalusage,09/07/2026 05:00:00 AM,09/07/2026 05:29:59 AM,0.002,0,A
ACCO_15e06beda2,NMI_df2d025267,DEVI_284a47f5e0,COMMS4D,06537#B1,Solar,09/07/2026 05:30:00 AM,09/07/2026 05:59:59 AM,0.002,0,A
ACCO_15e06beda2,NMI_df2d025267,DEVI_284a47f5e0,COMMS4D,06537#E1,Generalusage,09/07/2026 05:30:00 AM,09/07/2026 05:59:59 AM,0.001,0,A
ACCO_15e06beda2,NMI_df2d025267,DEVI_284a47f5e0,COMMS4D,06537#B1,Solar,09/07/2026 06:00:00 AM,09/07/2026 06:29:59 AM,0.003,0,A
ACCO_15e06beda2,NMI_df2d025267,DEVI_284a47f5e0,COMMS4D,06537#E1,Generalusage,09/07/2026 06:00:00 AM,09/07/2026 06:29:59 AM,0.002,0,A
ACCO_15e06beda2,NMI_df2d025267,DEVI_284a47f5e0,COMMS4D,06537#B1,Solar,09/07/2026 06:30:00 AM,09/07/2026 06:59:59 AM,0.002,0,A
ACCO_15e06beda2,NMI_df2d025267,DEVI_284a47f5e0,COMMS4D,06537#E1,Generalusage,09/07/2026 06:30:00 AM,09/07/2026 06:59:59 AM,0.025,0,A
ACCO_15e06beda2,NMI_df2d025267,DEVI_284a47f5e0,COMMS4D,06537#B1,Solar,09/07/2026 07:00:00 AM,09/07/2026 07:29:59 AM,0,0,A
ACCO_15e06beda2,NMI_df2d025267,DEVI_284a47f5e0,COMMS4D,06537#E1,Generalusage,09/07/2026 07:00:00 AM,09/07/2026 07:29:59 AM,0.145,0,A
ACCO_15e06beda2,NMI_df2d025267,DEVI_284a47f5e0,COMMS4D,06537#B1,Solar,09/07/2026 07:30:00 AM,09/07/2026 07:59:59 AM,0,0,A
ACCO_15e06beda2,NMI_df2d025267,DEVI_284a47f5e0,COMMS4D,06537#E1,Generalusage,09/07/2026 07:30:00 AM,09/07/2026 07:59:59 AM,0.062,0,A
ACCO_15e06beda2,NMI_df2d025267,DEVI_284a47f5e0,COMMS4D,06537#B1,Solar,09/07/2026 08:00:00 AM,09/07/2026 08:29:59 AM,0.004,0,A
ACCO_15e06beda2,NMI_df2d025267,DEVI_284a47f5e0,COMMS4D,06537#E1,Generalusage,09/07/2026 08:00:00 AM,09/07/2026 08:29:59 AM,0.005,0,A
ACCO_15e06beda2,NMI_df2d025267,DEVI_284a47f5e0,COMMS4D,06537#B1,Solar,09/07/2026 08:30:00 AM,09/07/2026 08:59:59 AM,0.003,0,A
ACCO_15e06beda2,NMI_df2d025267,DEVI_284a47f5e0,COMMS4D,06537#E1,Generalusage,09/07/2026 08:30:00 AM,09/07/2026 08:59:59 AM,0.001,0,A
ACCO_15e06beda2,NMI_df2d025267,DEVI_284a47f5e0,COMMS4D,06537#B1,Solar,09/07/2026 09:00:00 AM,09/07/2026 09:29:59 AM,0.003,0,A
ACCO_15e06beda2,NMI_df2d025267,DEVI_284a47f5e0,COMMS4D,06537#E1,Generalusage,09/07/2026 09:00:00 AM,09/07/2026 09:29:59 AM,0.001,0,A
ACCO_15e06beda2,NMI_df2d025267,DEVI_284a47f5e0,COMMS4D,06537#B1,Solar,09/07/2026 09:30:00 AM,09/07/2026 09:59:59 AM,0.003,0,A
ACCO_15e06beda2,NMI_df2d025267,DEVI_284a47f5e0,COMMS4D,06537#E1,Generalusage,09/07/2026 09:30:00 AM,09/07/2026 09:59:59 AM,0.001,0,A
ACCO_15e06beda2,NMI_df2d025267,DEVI_284a47f5e0,COMMS4D,06537#B1,Solar,09/07/2026 10:00:00 AM,09/07/2026 10:29:59 AM,0.005,0,A
ACCO_15e06beda2,NMI_df2d025267,DEVI_284a47f5e0,COMMS4D,06537#E1,Generalusage,09/07/2026 10:00:00 AM,09/07/2026 10:29:59 AM,0.002,0,A
ACCO_15e06beda2,NMI_df2d025267,DEVI_284a47f5e0,COMMS4D,06537#B1,Solar,09/07/2026 10:30:00 AM,09/07/2026 10:59:59 AM,0.003,0,A
ACCO_15e06beda2,NMI_df2d025267,DEVI_284a47f5e0,COMMS4D,06537#E1,Generalusage,09/07/2026 10:30:00 AM,09/07/2026 10:59:59 AM,0.001,0,A
ACCO_15e06beda2,NMI_df2d025267,DEVI_284a47f5e0,COMMS4D,06537#B1,Solar,09/07/2026 11:00:00 AM,09/07/2026 11:29:59 AM,0.003,0,A
ACCO_15e06beda2,NMI_df2d025267,DEVI_284a47f5e0,COMMS4D,06537#E1,Generalusage,09/07/2026 11:00:00 AM,09/07/2026 11:29:59 AM,0.001,0,A
ACCO_15e06beda2,NMI_df2d025267,DEVI_284a47f5e0,COMMS4D,06537#B1,Solar,09/07/2026 11:30:00 AM,09/07/2026 11:59:59 AM,0.003,0,A
ACCO_15e06beda2,NMI_df2d025267,DEVI_284a47f5e0,COMMS4D,06537#E1,Generalusage,09/07/2026 11:30:00 AM,09/07/2026 11:59:59 AM,0.002,0,A
ACCO_15e06beda2,NMI_df2d025267,DEVI_284a47f5e0,COMMS4D,06537#B1,Solar,09/07/2026 12:00:00 PM,09/07/2026 12:29:59 PM,0.006,0,A
ACCO_15e06beda2,NMI_df2d025267,DEVI_284a47f5e0,COMMS4D,06537#E1,Generalusage,09/07/2026 12:00:00 PM,09/07/2026 12:29:59 PM,0.002,0,A
ACCO_15e06beda2,NMI_df2d025267,DEVI_284a47f5e0,COMMS4D,06537#B1,Solar,09/07/2026 12:30:00 PM,09/07/2026 12:59:59 PM,0.004,0,A
ACCO_15e06beda2,NMI_df2d025267,DEVI_284a47f5e0,COMMS4D,06537#E1,Generalusage,09/07/2026 12:30:00 PM,09/07/2026 12:59:59 PM,0.001,0,A
ACCO_15e06beda2,NMI_df2d025267,DEVI_284a47f5e0,COMMS4D,06537#B1,Solar,09/07/2026 01:00:00 PM,09/07/2026 01:29:59 PM,0.004,0,A
ACCO_15e06beda2,NMI_df2d025267,DEVI_284a47f5e0,COMMS4D,06537#E1,Generalusage,09/07/2026 01:00:00 PM,09/07/2026 01:29:59 PM,0.002,0,A
ACCO_15e06beda2,NMI_df2d025267,DEVI_284a47f5e0,COMMS4D,06537#B1,Solar,09/07/2026 01:30:00 PM,09/07/2026 01:59:59 PM,0.844,0,A
ACCO_15e06beda2,NMI_df2d025267,DEVI_284a47f5e0,COMMS4D,06537#E1,Generalusage,09/07/2026 01:30:00 PM,09/07/2026 01:59:59 PM,0.002,0,A
ACCO_15e06beda2,NMI_df2d025267,DEVI_284a47f5e0,COMMS4D,06537#B1,Solar,09/07/2026 02:00:00 PM,09/07/2026 02:29:59 PM,1.5,0,A
ACCO_15e06beda2,NMI_df2d025267,DEVI_284a47f5e0,COMMS4D,06537#E1,Generalusage,09/07/2026 02:00:00 PM,09/07/2026 02:29:59 PM,0,0,A
ACCO_15e06beda2,NMI_df2d025267,DEVI_284a47f5e0,COMMS4D,06537#B1,Solar,09/07/2026 02:30:00 PM,09/07/2026 02:59:59 PM,2.047,0,A
ACCO_15e06beda2,NMI_df2d025267,DEVI_284a47f5e0,COMMS4D,06537#E1,Generalusage,09/07/2026 02:30:00 PM,09/07/2026 02:59:59 PM,0,0,A
ACCO_15e06beda2,NMI_df2d025267,DEVI_284a47f5e0,COMMS4D,06537#B1,Solar,09/07/2026 03:00:00 PM,09/07/2026 03:29:59 PM,1.049,0,A
ACCO_15e06beda2,NMI_df2d025267,DEVI_284a47f5e0,COMMS4D,06537#E1,Generalusage,09/07/2026 03:00:00 PM,09/07/2026 03:29:59 PM,0,0,A
ACCO_15e06beda2,NMI_df2d025267,DEVI_284a47f5e0,COMMS4D,06537#B1,Solar,09/07/2026 03:30:00 PM,09/07/2026 03:59:59 PM,0.793,0,A
ACCO_15e06beda2,NMI_df2d025267,DEVI_284a47f5e0,COMMS4D,06537#E1,Generalusage,09/07/2026 03:30:00 PM,09/07/2026 03:59:59 PM,0.001,0,A
ACCO_15e06beda2,NMI_df2d025267,DEVI_284a47f5e0,COMMS4D,06537#B1,Solar,09/07/2026 04:00:00 PM,09/07/2026 04:29:59 PM,0.326,0,A
ACCO_15e06beda2,NMI_df2d025267,DEVI_284a47f5e0,COMMS4D,06537#E1,Generalusage,09/07/2026 04:00:00 PM,09/07/2026 04:29:59 PM,0.001,0,A
ACCO_15e06beda2,NMI_df2d025267,DEVI_284a47f5e0,COMMS4D,06537#B1,Solar,09/07/2026 04:30:00 PM,09/07/2026 04:59:59 PM,0.003,0,A
ACCO_15e06beda2,NMI_df2d025267,DEVI_284a47f5e0,COMMS4D,06537#E1,Generalusage,09/07/2026 04:30:00 PM,09/07/2026 04:59:59 PM,0.001,0,A
ACCO_15e06beda2,NMI_df2d025267,DEVI_284a47f5e0,COMMS4D,06537#B1,Solar,09/07/2026 05:00:00 PM,09/07/2026 05:29:59 PM,0.003,0,A
ACCO_15e06beda2,NMI_df2d025267,DEVI_284a47f5e0,COMMS4D,06537#E1,Generalusage,09/07/2026 05:00:00 PM,09/07/2026 05:29:59 PM,0.001,0,A
ACCO_15e06beda2,NMI_df2d025267,DEVI_284a47f5e0,COMMS4D,06537#B1,Solar,09/07/2026 05:30:00 PM,09/07/2026 05:59:59 PM,0.002,0,A
ACCO_15e06beda2,NMI_df2d025267,DEVI_284a47f5e0,COMMS4D,06537#E1,Generalusage,09/07/2026 05:30:00 PM,09/07/2026 05:59:59 PM,0.001,0,A
ACCO_15e06beda2,NMI_df2d025267,DEVI_284a47f5e0,COMMS4D,06537#B1,Solar,09/07/2026 06:00:00 PM,09/07/2026 06:29:59 PM,0.002,0,A
ACCO_15e06beda2,NMI_df2d025267,DEVI_284a47f5e0,COMMS4D,06537#E1,Generalusage,09/07/2026 06:00:00 PM,09/07/2026 06:29:59 PM,0.001,0,A
ACCO_15e06beda2,NMI_df2d025267,DEVI_284a47f5e0,COMMS4D,06537#B1,Solar,09/07/2026 06:30:00 PM,09/07/2026 06:59:59 PM,0.004,0,A
ACCO_15e06beda2,NMI_df2d025267,DEVI_284a47f5e0,COMMS4D,06537#E1,Generalusage,09/07/2026 06:30:00 PM,09/07/2026 06:59:59 PM,0.003,0,A
ACCO_15e06beda2,NMI_df2d025267,DEVI_284a47f5e0,COMMS4D,06537#B1,Solar,09/07/2026 07:00:00 PM,09/07/2026 07:29:59 PM,0.002,0,A
ACCO_15e06beda2,NMI_df2d025267,DEVI_284a47f5e0,COMMS4D,06537#E1,Generalusage,09/07/2026 07:00:00 PM,09/07/2026 07:29:59 PM,0.001,0,A
ACCO_15e06beda2,NMI_df2d025267,DEVI_284a47f5e0,COMMS4D,06537#B1,Solar,09/07/2026 07:30:00 PM,09/07/2026 07:59:59 PM,0.002,0,A
ACCO_15e06beda2,NMI_df2d025267,DEVI_284a47f5e0,COMMS4D,06537#E1,Generalusage,09/07/2026 07:30:00 PM,09/07/2026 07:59:59 PM,0.002,0,A
ACCO_15e06beda2,NMI_df2d025267,DEVI_284a47f5e0,COMMS4D,06537#B1,Solar,09/07/2026 08:00:00 PM,09/07/2026 08:29:59 PM,0.003,0,A
ACCO_15e06beda2,NMI_df2d025267,DEVI_284a47f5e0,COMMS4D,06537#E1,Generalusage,09/07/2026 08:00:00 PM,09/07/2026 08:29:59 PM,0.001,0,A
ACCO_15e06beda2,NMI_df2d025267,DEVI_284a47f5e0,COMMS4D,06537#B1,Solar,09/07/2026 08:30:00 PM,09/07/2026 08:59:59 PM,0.003,0,A
ACCO_15e06beda2,NMI_df2d025267,DEVI_284a47f5e0,COMMS4D,06537#E1,Generalusage,09/07/2026 08:30:00 PM,09/07/2026 08:59:59 PM,0.002,0,A
ACCO_15e06beda2,NMI_df2d025267,DEVI_284a47f5e0,COMMS4D,06537#B1,Solar,09/07/2026 09:00:00 PM,09/07/2026 09:29:59 PM,0.003,0,A
ACCO_15e06beda2,NMI_df2d025267,DEVI_284a47f5e0,COMMS4D,06537#E1,Generalusage,09/07/2026 09:00:00 PM,09/07/2026 09:29:59 PM,0.001,0,A
ACCO_15e06beda2,NMI_df2d025267,DEVI_284a47f5e0,COMMS4D,06537#B1,Solar,09/07/2026 09:30:00 PM,09/07/2026 09:59:59 PM,0.002,0,A
ACCO_15e06beda2,NMI_df2d025267,DEVI_284a47f5e0,COMMS4D,06537#E1,Generalusage,09/07/2026 09:30:00 PM,09/07/2026 09:59:59 PM,0.001,0,A
ACCO_15e06beda2,NMI_df2d025267,DEVI_284a47f5e0,COMMS4D,06537#B1,Solar,09/07/2026 10:00:00 PM,09/07/2026 10:29:59 PM,0.003,0,A
ACCO_15e06beda2,NMI_df2d025267,DEVI_284a47f5e0,COMMS4D,06537#E1,Generalusage,09/07/2026 10:00:00 PM,09/07/2026 10:29:59 PM,0.001,0,A
ACCO_15e06beda2,NMI_df2d025267,DEVI_284a47f5e0,COMMS4D,06537#B1,Solar,09/07/2026 10:30:00 PM,09/07/2026 10:59:59 PM,0.003,0,A
ACCO_15e06beda2,NMI_df2d025267,DEVI_284a47f5e0,COMMS4D,06537#E1,Generalusage,09/07/2026 10:30:00 PM,09/07/2026 10:59:59 PM,0.001,0,A
ACCO_15e06beda2,NMI_df2d025267,DEVI_284a47f5e0,COMMS4D,06537#B1,Solar,09/07/2026 11:00:00 PM,09/07/2026 11:29:59 PM,0.002,0,A
ACCO_15e06beda2,NMI_df2d025267,DEVI_284a47f5e0,COMMS4D,06537#E1,Generalusage,09/07/2026 11:00:00 PM,09/07/2026 11:29:59 PM,0,0,A
ACCO_15e06beda2,NMI_df2d025267,DEVI_284a47f5e0,COMMS4D,06537#B1,Solar,09/07/2026 11:30:00 PM,09/07/2026 11:59:59 PM,0.002,0,A
ACCO_15e06beda2,NMI_df2d025267,DEVI_284a47f5e0,COMMS4D,06537#E1,Generalusage,09/07/2026 11:30:00 PM,09/07/2026 11:59:59 PM,0.001,0,A
ACCO_15e06beda2,NMI_df2d025267,DEVI_284a47f5e0,COMMS4D,06537#B1,Solar,10/07/2026 12:00:00 AM,10/07/2026 12:29:59 AM,0.003,0,A
ACCO_15e06beda2,NMI_df2d025267,DEVI_284a47f5e0,COMMS4D,06537#E1,Generalusage,10/07/2026 12:00:00 AM,10/07/2026 12:29:59 AM,0.001,0,A
ACCO_15e06beda2,NMI_df2d025267,DEVI_284a47f5e0,COMMS4D,06537#B1,Solar,10/07/2026 12:30:00 AM,10/07/2026 12:59:59 AM,0.002,0,A
ACCO_15e06beda2,NMI_df2d025267,DEVI_284a47f5e0,COMMS4D,06537#E1,Generalusage,10/07/2026 12:30:00 AM,10/07/2026 12:59:59 AM,0.001,0,A
ACCO_15e06beda2,NMI_df2d025267,DEVI_284a47f5e0,COMMS4D,06537#B1,Solar,10/07/2026 01:00:00 AM,10/07/2026 01:29:59 AM,0.003,0,A
ACCO_15e06beda2,NMI_df2d025267,DEVI_284a47f5e0,COMMS4D,06537#E1,Generalusage,10/07/2026 01:00:00 AM,10/07/2026 01:29:59 AM,0.001,0,A
ACCO_15e06beda2,NMI_df2d025267,DEVI_284a47f5e0,COMMS4D,06537#B1,Solar,10/07/2026 01:30:00 AM,10/07/2026 01:59:59 AM,0.003,0,A
ACCO_15e06beda2,NMI_df2d025267,DEVI_284a47f5e0,COMMS4D,06537#E1,Generalusage,10/07/2026 01:30:00 AM,10/07/2026 01:59:59 AM,0.001,0,A
ACCO_15e06beda2,NMI_df2d025267,DEVI_284a47f5e0,COMMS4D,06537#B1,Solar,10/07/2026 02:00:00 AM,10/07/2026 02:29:59 AM,0.002,0,A
ACCO_15e06beda2,NMI_df2d025267,DEVI_284a47f5e0,COMMS4D,06537#E1,Generalusage,10/07/2026 02:00:00 AM,10/07/2026 02:29:59 AM,0.001,0,A
ACCO_15e06beda2,NMI_df2d025267,DEVI_284a47f5e0,COMMS4D,06537#B1,Solar,10/07/2026 02:30:00 AM,10/07/2026 02:59:59 AM,0.003,0,A
ACCO_15e06beda2,NMI_df2d025267,DEVI_284a47f5e0,COMMS4D,06537#E1,Generalusage,10/07/2026 02:30:00 AM,10/07/2026 02:59:59 AM,0.001,0,A
ACCO_15e06beda2,NMI_df2d025267,DEVI_284a47f5e0,COMMS4D,06537#B1,Solar,10/07/2026 03:00:00 AM,10/07/2026 03:29:59 AM,0.002,0,A
ACCO_15e06beda2,NMI_df2d025267,DEVI_284a47f5e0,COMMS4D,06537#E1,Generalusage,10/07/2026 03:00:00 AM,10/07/2026 03:29:59 AM,0.001,0,A
ACCO_15e06beda2,NMI_df2d025267,DEVI_284a47f5e0,COMMS4D,06537#B1,Solar,10/07/2026 03:30:00 AM,10/07/2026 03:59:59 AM,0.003,0,A
ACCO_15e06beda2,NMI_df2d025267,DEVI_284a47f5e0,COMMS4D,06537#E1,Generalusage,10/07/2026 03:30:00 AM,10/07/2026 03:59:59 AM,0.001,0,A
ACCO_15e06beda2,NMI_df2d025267,DEVI_284a47f5e0,COMMS4D,06537#B1,Solar,10/07/2026 04:00:00 AM,10/07/2026 04:29:59 AM,0.002,0,A
ACCO_15e06beda2,NMI_df2d025267,DEVI_284a47f5e0,COMMS4D,06537#E1,Generalusage,10/07/2026 04:00:00 AM,10/07/2026 04:29:59 AM,0.001,0,A
ACCO_15e06beda2,NMI_df2d025267,DEVI_284a47f5e0,COMMS4D,06537#B1,Solar,10/07/2026 04:30:00 AM,10/07/2026 04:59:59 AM,0.003,0,A
ACCO_15e06beda2,NMI_df2d025267,DEVI_284a47f5e0,COMMS4D,06537#E1,Generalusage,10/07/2026 04:30:00 AM,10/07/2026 04:59:59 AM,0.001,0,A
ACCO_15e06beda2,NMI_df2d025267,DEVI_284a47f5e0,COMMS4D,06537#B1,Solar,10/07/2026 05:00:00 AM,10/07/2026 05:29:59 AM,0.002,0,A
ACCO_15e06beda2,NMI_df2d025267,DEVI_284a47f5e0,COMMS4D,06537#E1,Generalusage,10/07/2026 05:00:00 AM,10/07/2026 05:29:59 AM,0.001,0,A
ACCO_15e06beda2,NMI_df2d025267,DEVI_284a47f5e0,COMMS4D,06537#B1,Solar,10/07/2026 05:30:00 AM,10/07/2026 05:59:59 AM,0.003,0,A
ACCO_15e06beda2,NMI_df2d025267,DEVI_284a47f5e0,COMMS4D,06537#E1,Generalusage,10/07/2026 05:30:00 AM,10/07/2026 05:59:59 AM,0.001,0,A
ACCO_15e06beda2,NMI_df2d025267,DEVI_284a47f5e0,COMMS4D,06537#B1,Solar,10/07/2026 06:00:00 AM,10/07/2026 06:29:59 AM,0.002,0,A
ACCO_15e06beda2,NMI_df2d025267,DEVI_284a47f5e0,COMMS4D,06537#E1,Generalusage,10/07/2026 06:00:00 AM,10/07/2026 06:29:59 AM,0.002,0,A
ACCO_15e06beda2,NMI_df2d025267,DEVI_284a47f5e0,COMMS4D,06537#B1,Solar,10/07/2026 06:30:00 AM,10/07/2026 06:59:59 AM,0.003,0,A
ACCO_15e06beda2,NMI_df2d025267,DEVI_284a47f5e0,COMMS4D,06537#E1,Generalusage,10/07/2026 06:30:00 AM,10/07/2026 06:59:59 AM,0.001,0,A
ACCO_15e06beda2,NMI_df2d025267,DEVI_284a47f5e0,COMMS4D,06537#B1,Solar,10/07/2026 07:00:00 AM,10/07/2026 07:29:59 AM,0.003,0,A
ACCO_15e06beda2,NMI_df2d025267,DEVI_284a47f5e0,COMMS4D,06537#E1,Generalusage,10/07/2026 07:00:00 AM,10/07/2026 07:29:59 AM,0.001,0,A
ACCO_15e06beda2,NMI_df2d025267,DEVI_284a47f5e0,COMMS4D,06537#B1,Solar,10/07/2026 07:30:00 AM,10/07/2026 07:59:59 AM,0.002,0,A
ACCO_15e06beda2,NMI_df2d025267,DEVI_284a47f5e0,COMMS4D,06537#E1,Generalusage,10/07/2026 07:30:00 AM,10/07/2026 07:59:59 AM,0.001,0,A
ACCO_15e06beda2,NMI_df2d025267,DEVI_284a47f5e0,COMMS4D,06537#B1,Solar,10/07/2026 08:00:00 AM,10/07/2026 08:29:59 AM,0.002,0,A
ACCO_15e06beda2,NMI_df2d025267,DEVI_284a47f5e0,COMMS4D,06537#E1,Generalusage,10/07/2026 08:00:00 AM,10/07/2026 08:29:59 AM,0.001,0,A
ACCO_15e06beda2,NMI_df2d025267,DEVI_284a47f5e0,COMMS4D,06537#B1,Solar,10/07/2026 08:30:00 AM,10/07/2026 08:59:59 AM,0.002,0,A
ACCO_15e06beda2,NMI_df2d025267,DEVI_284a47f5e0,COMMS4D,06537#E1,Generalusage,10/07/2026 08:30:00 AM,10/07/2026 08:59:59 AM,0.001,0,A
ACCO_15e06beda2,NMI_df2d025267,DEVI_284a47f5e0,COMMS4D,06537#B1,Solar,10/07/2026 09:00:00 AM,10/07/2026 09:29:59 AM,0.001,0,A
ACCO_15e06beda2,NMI_df2d025267,DEVI_284a47f5e0,COMMS4D,06537#E1,Generalusage,10/07/2026 09:00:00 AM,10/07/2026 09:29:59 AM,0.005,0,A
ACCO_15e06beda2,NMI_df2d025267,DEVI_284a47f5e0,COMMS4D,06537#B1,Solar,10/07/2026 09:30:00 AM,10/07/2026 09:59:59 AM,0.002,0,A
ACCO_15e06beda2,NMI_df2d025267,DEVI_284a47f5e0,COMMS4D,06537#E1,Generalusage,10/07/2026 09:30:00 AM,10/07/2026 09:59:59 AM,0.005,0,A
ACCO_15e06beda2,NMI_df2d025267,DEVI_284a47f5e0,COMMS4D,06537#B1,Solar,10/07/2026 10:00:00 AM,10/07/2026 10:29:59 AM,0.003,0,A
ACCO_15e06beda2,NMI_df2d025267,DEVI_284a47f5e0,COMMS4D,06537#E1,Generalusage,10/07/2026 10:00:00 AM,10/07/2026 10:29:59 AM,0.003,0,A
ACCO_15e06beda2,NMI_df2d025267,DEVI_284a47f5e0,COMMS4D,06537#B1,Solar,10/07/2026 10:30:00 AM,10/07/2026 10:59:59 AM,0.003,0,A
ACCO_15e06beda2,NMI_df2d025267,DEVI_284a47f5e0,COMMS4D,06537#E1,Generalusage,10/07/2026 10:30:00 AM,10/07/2026 10:59:59 AM,0.003,0,A
ACCO_15e06beda2,NMI_df2d025267,DEVI_284a47f5e0,COMMS4D,06537#B1,Solar,10/07/2026 11:00:00 AM,10/07/2026 11:29:59 AM,0.003,0,A
ACCO_15e06beda2,NMI_df2d025267,DEVI_284a47f5e0,COMMS4D,06537#E1,Generalusage,10/07/2026 11:00:00 AM,10/07/2026 11:29:59 AM,0.002,0,A
ACCO_15e06beda2,NMI_df2d025267,DEVI_284a47f5e0,COMMS4D,06537#B1,Solar,10/07/2026 11:30:00 AM,10/07/2026 11:59:59 AM,0.002,0,A
ACCO_15e06beda2,NMI_df2d025267,DEVI_284a47f5e0,COMMS4D,06537#E1,Generalusage,10/07/2026 11:30:00 AM,10/07/2026 11:59:59 AM,0.002,0,A
ACCO_15e06beda2,NMI_df2d025267,DEVI_284a47f5e0,COMMS4D,06537#B1,Solar,10/07/2026 12:00:00 PM,10/07/2026 12:29:59 PM,0.001,0,A
ACCO_15e06beda2,NMI_df2d025267,DEVI_284a47f5e0,COMMS4D,06537#E1,Generalusage,10/07/2026 12:00:00 PM,10/07/2026 12:29:59 PM,0.002,0,A
ACCO_15e06beda2,NMI_df2d025267,DEVI_284a47f5e0,COMMS4D,06537#B1,Solar,10/07/2026 12:30:00 PM,10/07/2026 12:59:59 PM,0.002,0,A
ACCO_15e06beda2,NMI_df2d025267,DEVI_284a47f5e0,COMMS4D,06537#E1,Generalusage,10/07/2026 12:30:00 PM,10/07/2026 12:59:59 PM,0.003,0,A
ACCO_15e06beda2,NMI_df2d025267,DEVI_284a47f5e0,COMMS4D,06537#B1,Solar,10/07/2026 01:00:00 PM,10/07/2026 01:29:59 PM,0.003,0,A
ACCO_15e06beda2,NMI_df2d025267,DEVI_284a47f5e0,COMMS4D,06537#E1,Generalusage,10/07/2026 01:00:00 PM,10/07/2026 01:29:59 PM,0.002,0,A
ACCO_15e06beda2,NMI_df2d025267,DEVI_284a47f5e0,COMMS4D,06537#B1,Solar,10/07/2026 01:30:00 PM,10/07/2026 01:59:59 PM,0.002,0,A
ACCO_15e06beda2,NMI_df2d025267,DEVI_284a47f5e0,COMMS4D,06537#E1,Generalusage,10/07/2026 01:30:00 PM,10/07/2026 01:59:59 PM,0.004,0,A
ACCO_15e06beda2,NMI_df2d025267,DEVI_284a47f5e0,COMMS4D,06537#B1,Solar,10/07/2026 02:00:00 PM,10/07/2026 02:29:59 PM,0.003,0,A
ACCO_15e06beda2,NMI_df2d025267,DEVI_284a47f5e0,COMMS4D,06537#E1,Generalusage,10/07/2026 02:00:00 PM,10/07/2026 02:29:59 PM,0.001,0,A
ACCO_15e06beda2,NMI_df2d025267,DEVI_284a47f5e0,COMMS4D,06537#B1,Solar,10/07/2026 02:30:00 PM,10/07/2026 02:59:59 PM,0.002,0,A
ACCO_15e06beda2,NMI_df2d025267,DEVI_284a47f5e0,COMMS4D,06537#E1,Generalusage,10/07/2026 02:30:00 PM,10/07/2026 02:59:59 PM,0.002,0,A
ACCO_15e06beda2,NMI_df2d025267,DEVI_284a47f5e0,COMMS4D,06537#B1,Solar,10/07/2026 03:00:00 PM,10/07/2026 03:29:59 PM,0.004,0,A
ACCO_15e06beda2,NMI_df2d025267,DEVI_284a47f5e0,COMMS4D,06537#E1,Generalusage,10/07/2026 03:00:00 PM,10/07/2026 03:29:59 PM,0.003,0,A
ACCO_15e06beda2,NMI_df2d025267,DEVI_284a47f5e0,COMMS4D,06537#B1,Solar,10/07/2026 03:30:00 PM,10/07/2026 03:59:59 PM,0.002,0,A
ACCO_15e06beda2,NMI_df2d025267,DEVI_284a47f5e0,COMMS4D,06537#E1,Generalusage,10/07/2026 03:30:00 PM,10/07/2026 03:59:59 PM,0.002,0,A
ACCO_15e06beda2,NMI_df2d025267,DEVI_284a47f5e0,COMMS4D,06537#B1,Solar,10/07/2026 04:00:00 PM,10/07/2026 04:29:59 PM,0.005,0,A
ACCO_15e06beda2,NMI_df2d025267,DEVI_284a47f5e0,COMMS4D,06537#E1,Generalusage,10/07/2026 04:00:00 PM,10/07/2026 04:29:59 PM,0.003,0,A
ACCO_15e06beda2,NMI_df2d025267,DEVI_284a47f5e0,COMMS4D,06537#B1,Solar,10/07/2026 04:30:00 PM,10/07/2026 04:59:59 PM,0.004,0,A
ACCO_15e06beda2,NMI_df2d025267,DEVI_284a47f5e0,COMMS4D,06537#E1,Generalusage,10/07/2026 04:30:00 PM,10/07/2026 04:59:59 PM,0.002,0,A
ACCO_15e06beda2,NMI_df2d025267,DEVI_284a47f5e0,COMMS4D,06537#B1,Solar,10/07/2026 05:00:00 PM,10/07/2026 05:29:59 PM,0.002,0,A
ACCO_15e06beda2,NMI_df2d025267,DEVI_284a47f5e0,COMMS4D,06537#E1,Generalusage,10/07/2026 05:00:00 PM,10/07/2026 05:29:59 PM,0.001,0,A
ACCO_15e06beda2,NMI_df2d025267,DEVI_284a47f5e0,COMMS4D,06537#B1,Solar,10/07/2026 05:30:00 PM,10/07/2026 05:59:59 PM,0.002,0,A
ACCO_15e06beda2,NMI_df2d025267,DEVI_284a47f5e0,COMMS4D,06537#E1,Generalusage,10/07/2026 05:30:00 PM,10/07/2026 05:59:59 PM,0.001,0,A
ACCO_15e06beda2,NMI_df2d025267,DEVI_284a47f5e0,COMMS4D,06537#B1,Solar,10/07/2026 06:00:00 PM,10/07/2026 06:29:59 PM,0.002,0,A
ACCO_15e06beda2,NMI_df2d025267,DEVI_284a47f5e0,COMMS4D,06537#E1,Generalusage,10/07/2026 06:00:00 PM,10/07/2026 06:29:59 PM,0.001,0,A
ACCO_15e06beda2,NMI_df2d025267,DEVI_284a47f5e0,COMMS4D,06537#B1,Solar,10/07/2026 06:30:00 PM,10/07/2026 06:59:59 PM,0.002,0,A
ACCO_15e06beda2,NMI_df2d025267,DEVI_284a47f5e0,COMMS4D,06537#E1,Generalusage,10/07/2026 06:30:00 PM,10/07/2026 06:59:59 PM,0.001,0,A
ACCO_15e06beda2,NMI_df2d025267,DEVI_284a47f5e0,COMMS4D,06537#B1,Solar,10/07/2026 07:00:00 PM,10/07/2026 07:29:59 PM,0.002,0,A
ACCO_15e06beda2,NMI_df2d025267,DEVI_284a47f5e0,COMMS4D,06537#E1,Generalusage,10/07/2026 07:00:00 PM,10/07/2026 07:29:59 PM,0.002,0,A
ACCO_15e06beda2,NMI_df2d025267,DEVI_284a47f5e0,COMMS4D,06537#B1,Solar,10/07/2026 07:30:00 PM,10/07/2026 07:59:59 PM,0.001,0,A
ACCO_15e06beda2,NMI_df2d025267,DEVI_284a47f5e0,COMMS4D,06537#E1,Generalusage,10/07/2026 07:30:00 PM,10/07/2026 07:59:59 PM,0.001,0,A
ACCO_15e06beda2,NMI_df2d025267,DEVI_284a47f5e0,COMMS4D,06537#B1,Solar,10/07/2026 08:00:00 PM,10/07/2026 08:29:59 PM,0.003,0,A
ACCO_15e06beda2,NMI_df2d025267,DEVI_284a47f5e0,COMMS4D,06537#E1,Generalusage,10/07/2026 08:00:00 PM,10/07/2026 08:29:59 PM,0.001,0,A
ACCO_15e06beda2,NMI_df2d025267,DEVI_284a47f5e0,COMMS4D,06537#B1,Solar,10/07/2026 08:30:00 PM,10/07/2026 08:59:59 PM,0.003,0,A
ACCO_15e06beda2,NMI_df2d025267,DEVI_284a47f5e0,COMMS4D,06537#E1,Generalusage,10/07/2026 08:30:00 PM,10/07/2026 08:59:59 PM,0.001,0,A
ACCO_15e06beda2,NMI_df2d025267,DEVI_284a47f5e0,COMMS4D,06537#B1,Solar,10/07/2026 09:00:00 PM,10/07/2026 09:29:59 PM,0.005,0,A
ACCO_15e06beda2,NMI_df2d025267,DEVI_284a47f5e0,COMMS4D,06537#E1,Generalusage,10/07/2026 09:00:00 PM,10/07/2026 09:29:59 PM,0.003,0,A
ACCO_15e06beda2,NMI_df2d025267,DEVI_284a47f5e0,COMMS4D,06537#B1,Solar,10/07/2026 09:30:00 PM,10/07/2026 09:59:59 PM,0.008,0,A
ACCO_15e06beda2,NMI_df2d025267,DEVI_284a47f5e0,COMMS4D,06537#E1,Generalusage,10/07/2026 09:30:00 PM,10/07/2026 09:59:59 PM,0.006,0,A
ACCO_15e06beda2,NMI_df2d025267,DEVI_284a47f5e0,COMMS4D,06537#B1,Solar,10/07/2026 10:00:00 PM,10/07/2026 10:29:59 PM,0.007,0,A
ACCO_15e06beda2,NMI_df2d025267,DEVI_284a47f5e0,COMMS4D,06537#E1,Generalusage,10/07/2026 10:00:00 PM,10/07/2026 10:29:59 PM,0.006,0,A
ACCO_15e06beda2,NMI_df2d025267,DEVI_284a47f5e0,COMMS4D,06537#B1,Solar,10/07/2026 10:30:00 PM,10/07/2026 10:59:59 PM,0.009,0,A
ACCO_15e06beda2,NMI_df2d025267,DEVI_284a47f5e0,COMMS4D,06537#E1,Generalusage,10/07/2026 10:30:00 PM,10/07/2026 10:59:59 PM,0.007,0,A
ACCO_15e06beda2,NMI_df2d025267,DEVI_284a47f5e0,COMMS4D,06537#B1,Solar,10/07/2026 11:00:00 PM,10/07/2026 11:29:59 PM,0.007,0,A
ACCO_15e06beda2,NMI_df2d025267,DEVI_284a47f5e0,COMMS4D,06537#E1,Generalusage,10/07/2026 11:00:00 PM,10/07/2026 11:29:59 PM,0.005,0,A
ACCO_15e06beda2,NMI_df2d025267,DEVI_284a47f5e0,COMMS4D,06537#B1,Solar,10/07/2026 11:30:00 PM,10/07/2026 11:59:59 PM,0.009,0,A
ACCO_15e06beda2,NMI_df2d025267,DEVI_284a47f5e0,COMMS4D,06537#E1,Generalusage,10/07/2026 11:30:00 PM,10/07/2026 11:59:59 PM,0.008,0,A
ACCO_15e06beda2,NMI_df2d025267,DEVI_284a47f5e0,COMMS4D,06537#B1,Solar,11/07/2026 12:00:00 AM,11/07/2026 12:29:59 AM,0.011,0,A
ACCO_15e06beda2,NMI_df2d025267,DEVI_284a47f5e0,COMMS4D,06537#E1,Generalusage,11/07/2026 12:00:00 AM,11/07/2026 12:29:59 AM,0.008,0,A
ACCO_15e06beda2,NMI_df2d025267,DEVI_284a47f5e0,COMMS4D,06537#B1,Solar,11/07/2026 12:30:00 AM,11/07/2026 12:59:59 AM,0.01,0,A
ACCO_15e06beda2,NMI_df2d025267,DEVI_284a47f5e0,COMMS4D,06537#E1,Generalusage,11/07/2026 12:30:00 AM,11/07/2026 12:59:59 AM,0.01,0,A
ACCO_15e06beda2,NMI_df2d025267,DEVI_284a47f5e0,COMMS4D,06537#B1,Solar,11/07/2026 01:00:00 AM,11/07/2026 01:29:59 AM,0.01,0,A
ACCO_15e06beda2,NMI_df2d025267,DEVI_284a47f5e0,COMMS4D,06537#E1,Generalusage,11/07/2026 01:00:00 AM,11/07/2026 01:29:59 AM,0.008,0,A
ACCO_15e06beda2,NMI_df2d025267,DEVI_284a47f5e0,COMMS4D,06537#B1,Solar,11/07/2026 01:30:00 AM,11/07/2026 01:59:59 AM,0.001,0,A
ACCO_15e06beda2,NMI_df2d025267,DEVI_284a47f5e0,COMMS4D,06537#E1,Generalusage,11/07/2026 01:30:00 AM,11/07/2026 01:59:59 AM,0.19,0,A
ACCO_15e06beda2,NMI_df2d025267,DEVI_284a47f5e0,COMMS4D,06537#B1,Solar,11/07/2026 02:00:00 AM,11/07/2026 02:29:59 AM,0,0,A
ACCO_15e06beda2,NMI_df2d025267,DEVI_284a47f5e0,COMMS4D,06537#E1,Generalusage,11/07/2026 02:00:00 AM,11/07/2026 02:29:59 AM,0.223,0,A
ACCO_15e06beda2,NMI_df2d025267,DEVI_284a47f5e0,COMMS4D,06537#B1,Solar,11/07/2026 02:30:00 AM,11/07/2026 02:59:59 AM,0,0,A
ACCO_15e06beda2,NMI_df2d025267,DEVI_284a47f5e0,COMMS4D,06537#E1,Generalusage,11/07/2026 02:30:00 AM,11/07/2026 02:59:59 AM,0.217,0,A
ACCO_15e06beda2,NMI_df2d025267,DEVI_284a47f5e0,COMMS4D,06537#B1,Solar,11/07/2026 03:00:00 AM,11/07/2026 03:29:59 AM,0,0,A
ACCO_15e06beda2,NMI_df2d025267,DEVI_284a47f5e0,COMMS4D,06537#E1,Generalusage,11/07/2026 03:00:00 AM,11/07/2026 03:29:59 AM,0.217,0,A
ACCO_15e06beda2,NMI_df2d025267,DEVI_284a47f5e0,COMMS4D,06537#B1,Solar,11/07/2026 03:30:00 AM,11/07/2026 03:59:59 AM,0,0,A
ACCO_15e06beda2,NMI_df2d025267,DEVI_284a47f5e0,COMMS4D,06537#E1,Generalusage,11/07/2026 03:30:00 AM,11/07/2026 03:59:59 AM,0.216,0,A
ACCO_15e06beda2,NMI_df2d025267,DEVI_284a47f5e0,COMMS4D,06537#B1,Solar,11/07/2026 04:00:00 AM,11/07/2026 04:29:59 AM,0,0,A
ACCO_15e06beda2,NMI_df2d025267,DEVI_284a47f5e0,COMMS4D,06537#E1,Generalusage,11/07/2026 04:00:00 AM,11/07/2026 04:29:59 AM,0.217,0,A
ACCO_15e06beda2,NMI_df2d025267,DEVI_284a47f5e0,COMMS4D,06537#B1,Solar,11/07/2026 04:30:00 AM,11/07/2026 04:59:59 AM,0,0,A
ACCO_15e06beda2,NMI_df2d025267,DEVI_284a47f5e0,COMMS4D,06537#E1,Generalusage,11/07/2026 04:30:00 AM,11/07/2026 04:59:59 AM,0.214,0,A
ACCO_15e06beda2,NMI_df2d025267,DEVI_284a47f5e0,COMMS4D,06537#B1,Solar,11/07/2026 05:00:00 AM,11/07/2026 05:29:59 AM,0,0,A
ACCO_15e06beda2,NMI_df2d025267,DEVI_284a47f5e0,COMMS4D,06537#E1,Generalusage,11/07/2026 05:00:00 AM,11/07/2026 05:29:59 AM,0.213,0,A
ACCO_15e06beda2,NMI_df2d025267,DEVI_284a47f5e0,COMMS4D,06537#B1,Solar,11/07/2026 05:30:00 AM,11/07/2026 05:59:59 AM,0,0,A
ACCO_15e06beda2,NMI_df2d025267,DEVI_284a47f5e0,COMMS4D,06537#E1,Generalusage,11/07/2026 05:30:00 AM,11/07/2026 05:59:59 AM,0.212,0,A
ACCO_15e06beda2,NMI_df2d025267,DEVI_284a47f5e0,COMMS4D,06537#B1,Solar,11/07/2026 06:00:00 AM,11/07/2026 06:29:59 AM,0,0,A
ACCO_15e06beda2,NMI_df2d025267,DEVI_284a47f5e0,COMMS4D,06537#E1,Generalusage,11/07/2026 06:00:00 AM,11/07/2026 06:29:59 AM,0.213,0,A
ACCO_15e06beda2,NMI_df2d025267,DEVI_284a47f5e0,COMMS4D,06537#B1,Solar,11/07/2026 06:30:00 AM,11/07/2026 06:59:59 AM,0,0,A
ACCO_15e06beda2,NMI_df2d025267,DEVI_284a47f5e0,COMMS4D,06537#E1,Generalusage,11/07/2026 06:30:00 AM,11/07/2026 06:59:59 AM,0.213,0,A
ACCO_15e06beda2,NMI_df2d025267,DEVI_284a47f5e0,COMMS4D,06537#B1,Solar,11/07/2026 07:00:00 AM,11/07/2026 07:29:59 AM,0,0,A
ACCO_15e06beda2,NMI_df2d025267,DEVI_284a47f5e0,COMMS4D,06537#E1,Generalusage,11/07/2026 07:00:00 AM,11/07/2026 07:29:59 AM,0.185,0,A
ACCO_15e06beda2,NMI_df2d025267,DEVI_284a47f5e0,COMMS4D,06537#B1,Solar,11/07/2026 07:30:00 AM,11/07/2026 07:59:59 AM,0.001,0,A
ACCO_15e06beda2,NMI_df2d025267,DEVI_284a47f5e0,COMMS4D,06537#E1,Generalusage,11/07/2026 07:30:00 AM,11/07/2026 07:59:59 AM,0.058,0,A
ACCO_15e06beda2,NMI_df2d025267,DEVI_284a47f5e0,COMMS4D,06537#B1,Solar,11/07/2026 08:00:00 AM,11/07/2026 08:29:59 AM,0.007,0,A
ACCO_15e06beda2,NMI_df2d025267,DEVI_284a47f5e0,COMMS4D,06537#E1,Generalusage,11/07/2026 08:00:00 AM,11/07/2026 08:29:59 AM,0.006,0,A
ACCO_15e06beda2,NMI_df2d025267,DEVI_284a47f5e0,COMMS4D,06537#B1,Solar,11/07/2026 08:30:00 AM,11/07/2026 08:59:59 AM,0.006,0,A
ACCO_15e06beda2,NMI_df2d025267,DEVI_284a47f5e0,COMMS4D,06537#E1,Generalusage,11/07/2026 08:30:00 AM,11/07/2026 08:59:59 AM,0.005,0,A
ACCO_15e06beda2,NMI_df2d025267,DEVI_284a47f5e0,COMMS4D,06537#B1,Solar,11/07/2026 09:00:00 AM,11/07/2026 09:29:59 AM,0.005,0,A
ACCO_15e06beda2,NMI_df2d025267,DEVI_284a47f5e0,COMMS4D,06537#E1,Generalusage,11/07/2026 09:00:00 AM,11/07/2026 09:29:59 AM,0.005,0,A
ACCO_15e06beda2,NMI_df2d025267,DEVI_284a47f5e0,COMMS4D,06537#B1,Solar,11/07/2026 09:30:00 AM,11/07/2026 09:59:59 AM,0.004,0,A
ACCO_15e06beda2,NMI_df2d025267,DEVI_284a47f5e0,COMMS4D,06537#E1,Generalusage,11/07/2026 09:30:00 AM,11/07/2026 09:59:59 AM,0.001,0,A
ACCO_15e06beda2,NMI_df2d025267,DEVI_284a47f5e0,COMMS4D,06537#B1,Solar,11/07/2026 10:00:00 AM,11/07/2026 10:29:59 AM,0.003,0,A
ACCO_15e06beda2,NMI_df2d025267,DEVI_284a47f5e0,COMMS4D,06537#E1,Generalusage,11/07/2026 10:00:00 AM,11/07/2026 10:29:59 AM,0.002,0,A
ACCO_15e06beda2,NMI_df2d025267,DEVI_284a47f5e0,COMMS4D,06537#B1,Solar,11/07/2026 10:30:00 AM,11/07/2026 10:59:59 AM,0.003,0,A
ACCO_15e06beda2,NMI_df2d025267,DEVI_284a47f5e0,COMMS4D,06537#E1,Generalusage,11/07/2026 10:30:00 AM,11/07/2026 10:59:59 AM,0.001,0,A
ACCO_15e06beda2,NMI_df2d025267,DEVI_284a47f5e0,COMMS4D,06537#B1,Solar,11/07/2026 11:00:00 AM,11/07/2026 11:29:59 AM,0.003,0,A
ACCO_15e06beda2,NMI_df2d025267,DEVI_284a47f5e0,COMMS4D,06537#E1,Generalusage,11/07/2026 11:00:00 AM,11/07/2026 11:29:59 AM,0.002,0,A
ACCO_15e06beda2,NMI_df2d025267,DEVI_284a47f5e0,COMMS4D,06537#B1,Solar,11/07/2026 11:30:00 AM,11/07/2026 11:59:59 AM,0.003,0,A
ACCO_15e06beda2,NMI_df2d025267,DEVI_284a47f5e0,COMMS4D,06537#E1,Generalusage,11/07/2026 11:30:00 AM,11/07/2026 11:59:59 AM,0.001,0,A
ACCO_15e06beda2,NMI_df2d025267,DEVI_284a47f5e0,COMMS4D,06537#B1,Solar,11/07/2026 12:00:00 PM,11/07/2026 12:29:59 PM,0.856,0,A
ACCO_15e06beda2,NMI_df2d025267,DEVI_284a47f5e0,COMMS4D,06537#E1,Generalusage,11/07/2026 12:00:00 PM,11/07/2026 12:29:59 PM,0.001,0,A
ACCO_15e06beda2,NMI_df2d025267,DEVI_284a47f5e0,COMMS4D,06537#B1,Solar,11/07/2026 12:30:00 PM,11/07/2026 12:59:59 PM,2.293,0,A
ACCO_15e06beda2,NMI_df2d025267,DEVI_284a47f5e0,COMMS4D,06537#E1,Generalusage,11/07/2026 12:30:00 PM,11/07/2026 12:59:59 PM,0,0,A
ACCO_15e06beda2,NMI_df2d025267,DEVI_284a47f5e0,COMMS4D,06537#B1,Solar,11/07/2026 01:00:00 PM,11/07/2026 01:29:59 PM,1.906,0,A
ACCO_15e06beda2,NMI_df2d025267,DEVI_284a47f5e0,COMMS4D,06537#E1,Generalusage,11/07/2026 01:00:00 PM,11/07/2026 01:29:59 PM,0,0,A
ACCO_15e06beda2,NMI_df2d025267,DEVI_284a47f5e0,COMMS4D,06537#B1,Solar,11/07/2026 01:30:00 PM,11/07/2026 01:59:59 PM,1.703,0,A
ACCO_15e06beda2,NMI_df2d025267,DEVI_284a47f5e0,COMMS4D,06537#E1,Generalusage,11/07/2026 01:30:00 PM,11/07/2026 01:59:59 PM,0,0,A
ACCO_15e06beda2,NMI_df2d025267,DEVI_284a47f5e0,COMMS4D,06537#B1,Solar,11/07/2026 02:00:00 PM,11/07/2026 02:29:59 PM,2.537,0,A
ACCO_15e06beda2,NMI_df2d025267,DEVI_284a47f5e0,COMMS4D,06537#E1,Generalusage,11/07/2026 02:00:00 PM,11/07/2026 02:29:59 PM,0,0,A
ACCO_15e06beda2,NMI_df2d025267,DEVI_284a47f5e0,COMMS4D,06537#B1,Solar,11/07/2026 02:30:00 PM,11/07/2026 02:59:59 PM,2.098,0,A
ACCO_15e06beda2,NMI_df2d025267,DEVI_284a47f5e0,COMMS4D,06537#E1,Generalusage,11/07/2026 02:30:00 PM,11/07/2026 02:59:59 PM,0,0,A
ACCO_15e06beda2,NMI_df2d025267,DEVI_284a47f5e0,COMMS4D,06537#B1,Solar,11/07/2026 03:00:00 PM,11/07/2026 03:29:59 PM,1.25,0,A
ACCO_15e06beda2,NMI_df2d025267,DEVI_284a47f5e0,COMMS4D,06537#E1,Generalusage,11/07/2026 03:00:00 PM,11/07/2026 03:29:59 PM,0,0,A
ACCO_15e06beda2,NMI_df2d025267,DEVI_284a47f5e0,COMMS4D,06537#B1,Solar,11/07/2026 03:30:00 PM,11/07/2026 03:59:59 PM,0.622,0,A
ACCO_15e06beda2,NMI_df2d025267,DEVI_284a47f5e0,COMMS4D,06537#E1,Generalusage,11/07/2026 03:30:00 PM,11/07/2026 03:59:59 PM,0,0,A
ACCO_15e06beda2,NMI_df2d025267,DEVI_284a47f5e0,COMMS4D,06537#B1,Solar,11/07/2026 04:00:00 PM,11/07/2026 04:29:59 PM,0.334,0,A
ACCO_15e06beda2,NMI_df2d025267,DEVI_284a47f5e0,COMMS4D,06537#E1,Generalusage,11/07/2026 04:00:00 PM,11/07/2026 04:29:59 PM,0.001,0,A
ACCO_15e06beda2,NMI_df2d025267,DEVI_284a47f5e0,COMMS4D,06537#B1,Solar,11/07/2026 04:30:00 PM,11/07/2026 04:59:59 PM,0.003,0,A
ACCO_15e06beda2,NMI_df2d025267,DEVI_284a47f5e0,COMMS4D,06537#E1,Generalusage,11/07/2026 04:30:00 PM,11/07/2026 04:59:59 PM,0.001,0,A
ACCO_15e06beda2,NMI_df2d025267,DEVI_284a47f5e0,COMMS4D,06537#B1,Solar,11/07/2026 05:00:00 PM,11/07/2026 05:29:59 PM,0.002,0,A
ACCO_15e06beda2,NMI_df2d025267,DEVI_284a47f5e0,COMMS4D,06537#E1,Generalusage,11/07/2026 05:00:00 PM,11/07/2026 05:29:59 PM,0.001,0,A
ACCO_15e06beda2,NMI_df2d025267,DEVI_284a47f5e0,COMMS4D,06537#B1,Solar,11/07/2026 05:30:00 PM,11/07/2026 05:59:59 PM,0.003,0,A
ACCO_15e06beda2,NMI_df2d025267,DEVI_284a47f5e0,COMMS4D,06537#E1,Generalusage,11/07/2026 05:30:00 PM,11/07/2026 05:59:59 PM,0.001,0,A
ACCO_15e06beda2,NMI_df2d025267,DEVI_284a47f5e0,COMMS4D,06537#B1,Solar,11/07/2026 06:00:00 PM,11/07/2026 06:29:59 PM,0.002,0,A
ACCO_15e06beda2,NMI_df2d025267,DEVI_284a47f5e0,COMMS4D,06537#E1,Generalusage,11/07/2026 06:00:00 PM,11/07/2026 06:29:59 PM,0.001,0,A
ACCO_15e06beda2,NMI_df2d025267,DEVI_284a47f5e0,COMMS4D,06537#B1,Solar,11/07/2026 06:30:00 PM,11/07/2026 06:59:59 PM,0.002,0,A
ACCO_15e06beda2,NMI_df2d025267,DEVI_284a47f5e0,COMMS4D,06537#E1,Generalusage,11/07/2026 06:30:00 PM,11/07/2026 06:59:59 PM,0,0,A
ACCO_15e06beda2,NMI_df2d025267,DEVI_284a47f5e0,COMMS4D,06537#B1,Solar,11/07/2026 07:00:00 PM,11/07/2026 07:29:59 PM,0.003,0,A
ACCO_15e06beda2,NMI_df2d025267,DEVI_284a47f5e0,COMMS4D,06537#E1,Generalusage,11/07/2026 07:00:00 PM,11/07/2026 07:29:59 PM,0.001,0,A
ACCO_15e06beda2,NMI_df2d025267,DEVI_284a47f5e0,COMMS4D,06537#B1,Solar,11/07/2026 07:30:00 PM,11/07/2026 07:59:59 PM,0.002,0,A
ACCO_15e06beda2,NMI_df2d025267,DEVI_284a47f5e0,COMMS4D,06537#E1,Generalusage,11/07/2026 07:30:00 PM,11/07/2026 07:59:59 PM,0.001,0,A
ACCO_15e06beda2,NMI_df2d025267,DEVI_284a47f5e0,COMMS4D,06537#B1,Solar,11/07/2026 08:00:00 PM,11/07/2026 08:29:59 PM,0.003,0,A
ACCO_15e06beda2,NMI_df2d025267,DEVI_284a47f5e0,COMMS4D,06537#E1,Generalusage,11/07/2026 08:00:00 PM,11/07/2026 08:29:59 PM,0.001,0,A
ACCO_15e06beda2,NMI_df2d025267,DEVI_284a47f5e0,COMMS4D,06537#B1,Solar,11/07/2026 08:30:00 PM,11/07/2026 08:59:59 PM,0.003,0,A
ACCO_15e06beda2,NMI_df2d025267,DEVI_284a47f5e0,COMMS4D,06537#E1,Generalusage,11/07/2026 08:30:00 PM,11/07/2026 08:59:59 PM,0.001,0,A
ACCO_15e06beda2,NMI_df2d025267,DEVI_284a47f5e0,COMMS4D,06537#B1,Solar,11/07/2026 09:00:00 PM,11/07/2026 09:29:59 PM,0.002,0,A
ACCO_15e06beda2,NMI_df2d025267,DEVI_284a47f5e0,COMMS4D,06537#E1,Generalusage,11/07/2026 09:00:00 PM,11/07/2026 09:29:59 PM,0.001,0,A
ACCO_15e06beda2,NMI_df2d025267,DEVI_284a47f5e0,COMMS4D,06537#B1,Solar,11/07/2026 09:30:00 PM,11/07/2026 09:59:59 PM,0.003,0,A
ACCO_15e06beda2,NMI_df2d025267,DEVI_284a47f5e0,COMMS4D,06537#E1,Generalusage,11/07/2026 09:30:00 PM,11/07/2026 09:59:59 PM,0,0,A
ACCO_15e06beda2,NMI_df2d025267,DEVI_284a47f5e0,COMMS4D,06537#B1,Solar,11/07/2026 10:00:00 PM,11/07/2026 10:29:59 PM,0.003,0,A
ACCO_15e06beda2,NMI_df2d025267,DEVI_284a47f5e0,COMMS4D,06537#E1,Generalusage,11/07/2026 10:00:00 PM,11/07/2026 10:29:59 PM,0.001,0,A
ACCO_15e06beda2,NMI_df2d025267,DEVI_284a47f5e0,COMMS4D,06537#B1,Solar,11/07/2026 10:30:00 PM,11/07/2026 10:59:59 PM,0.003,0,A
ACCO_15e06beda2,NMI_df2d025267,DEVI_284a47f5e0,COMMS4D,06537#E1,Generalusage,11/07/2026 10:30:00 PM,11/07/2026 10:59:59 PM,0.001,0,A
ACCO_15e06beda2,NMI_df2d025267,DEVI_284a47f5e0,COMMS4D,06537#B1,Solar,11/07/2026 11:00:00 PM,11/07/2026 11:29:59 PM,0.003,0,A
ACCO_15e06beda2,NMI_df2d025267,DEVI_284a47f5e0,COMMS4D,06537#E1,Generalusage,11/07/2026 11:00:00 PM,11/07/2026 11:29:59 PM,0,0,A
ACCO_15e06beda2,NMI_df2d025267,DEVI_284a47f5e0,COMMS4D,06537#B1,Solar,11/07/2026 11:30:00 PM,11/07/2026 11:59:59 PM,0.002,0,A
ACCO_15e06beda2,NMI_df2d025267,DEVI_284a47f5e0,COMMS4D,06537#E1,Generalusage,11/07/2026 11:30:00 PM,11/07/2026 11:59:59 PM,0.001,0,A
ACCO_15e06beda2,NMI_df2d025267,DEVI_284a47f5e0,COMMS4D,06537#B1,Solar,12/07/2026 12:00:00 AM,12/07/2026 12:29:59 AM,0.003,0,A
ACCO_15e06beda2,NMI_df2d025267,DEVI_284a47f5e0,COMMS4D,06537#E1,Generalusage,12/07/2026 12:00:00 AM,12/07/2026 12:29:59 AM,0,0,A
ACCO_15e06beda2,NMI_df2d025267,DEVI_284a47f5e0,COMMS4D,06537#B1,Solar,12/07/2026 12:30:00 AM,12/07/2026 12:59:59 AM,0.002,0,A
ACCO_15e06beda2,NMI_df2d025267,DEVI_284a47f5e0,COMMS4D,06537#E1,Generalusage,12/07/2026 12:30:00 AM,12/07/2026 12:59:59 AM,0.001,0,A
ACCO_15e06beda2,NMI_df2d025267,DEVI_284a47f5e0,COMMS4D,06537#B1,Solar,12/07/2026 01:00:00 AM,12/07/2026 01:29:59 AM,0.003,0,A
ACCO_15e06beda2,NMI_df2d025267,DEVI_284a47f5e0,COMMS4D,06537#E1,Generalusage,12/07/2026 01:00:00 AM,12/07/2026 01:29:59 AM,0.001,0,A
ACCO_15e06beda2,NMI_df2d025267,DEVI_284a47f5e0,COMMS4D,06537#B1,Solar,12/07/2026 01:30:00 AM,12/07/2026 01:59:59 AM,0.001,0,A
ACCO_15e06beda2,NMI_df2d025267,DEVI_284a47f5e0,COMMS4D,06537#E1,Generalusage,12/07/2026 01:30:00 AM,12/07/2026 01:59:59 AM,0.001,0,A
ACCO_15e06beda2,NMI_df2d025267,DEVI_284a47f5e0,COMMS4D,06537#B1,Solar,12/07/2026 02:00:00 AM,12/07/2026 02:29:59 AM,0.002,0,A
ACCO_15e06beda2,NMI_df2d025267,DEVI_284a47f5e0,COMMS4D,06537#E1,Generalusage,12/07/2026 02:00:00 AM,12/07/2026 02:29:59 AM,0.002,0,A
ACCO_15e06beda2,NMI_df2d025267,DEVI_284a47f5e0,COMMS4D,06537#B1,Solar,12/07/2026 02:30:00 AM,12/07/2026 02:59:59 AM,0.001,0,A
ACCO_15e06beda2,NMI_df2d025267,DEVI_284a47f5e0,COMMS4D,06537#E1,Generalusage,12/07/2026 02:30:00 AM,12/07/2026 02:59:59 AM,0.002,0,A
ACCO_15e06beda2,NMI_df2d025267,DEVI_284a47f5e0,COMMS4D,06537#B1,Solar,12/07/2026 03:00:00 AM,12/07/2026 03:29:59 AM,0.002,0,A
ACCO_15e06beda2,NMI_df2d025267,DEVI_284a47f5e0,COMMS4D,06537#E1,Generalusage,12/07/2026 03:00:00 AM,12/07/2026 03:29:59 AM,0.001,0,A
ACCO_15e06beda2,NMI_df2d025267,DEVI_284a47f5e0,COMMS4D,06537#B1,Solar,12/07/2026 03:30:00 AM,12/07/2026 03:59:59 AM,0.002,0,A
ACCO_15e06beda2,NMI_df2d025267,DEVI_284a47f5e0,COMMS4D,06537#E1,Generalusage,12/07/2026 03:30:00 AM,12/07/2026 03:59:59 AM,0.001,0,A
ACCO_15e06beda2,NMI_df2d025267,DEVI_284a47f5e0,COMMS4D,06537#B1,Solar,12/07/2026 04:00:00 AM,12/07/2026 04:29:59 AM,0.002,0,A
ACCO_15e06beda2,NMI_df2d025267,DEVI_284a47f5e0,COMMS4D,06537#E1,Generalusage,12/07/2026 04:00:00 AM,12/07/2026 04:29:59 AM,0.002,0,A
ACCO_15e06beda2,NMI_df2d025267,DEVI_284a47f5e0,COMMS4D,06537#B1,Solar,12/07/2026 04:30:00 AM,12/07/2026 04:59:59 AM,0.001,0,A
ACCO_15e06beda2,NMI_df2d025267,DEVI_284a47f5e0,COMMS4D,06537#E1,Generalusage,12/07/2026 04:30:00 AM,12/07/2026 04:59:59 AM,0.001,0,A
ACCO_15e06beda2,NMI_df2d025267,DEVI_284a47f5e0,COMMS4D,06537#B1,Solar,12/07/2026 05:00:00 AM,12/07/2026 05:29:59 AM,0.001,0,A
ACCO_15e06beda2,NMI_df2d025267,DEVI_284a47f5e0,COMMS4D,06537#E1,Generalusage,12/07/2026 05:00:00 AM,12/07/2026 05:29:59 AM,0.002,0,A
ACCO_15e06beda2,NMI_df2d025267,DEVI_284a47f5e0,COMMS4D,06537#B1,Solar,12/07/2026 05:30:00 AM,12/07/2026 05:59:59 AM,0.001,0,A
ACCO_15e06beda2,NMI_df2d025267,DEVI_284a47f5e0,COMMS4D,06537#E1,Generalusage,12/07/2026 05:30:00 AM,12/07/2026 05:59:59 AM,0.002,0,A
ACCO_15e06beda2,NMI_df2d025267,DEVI_284a47f5e0,COMMS4D,06537#B1,Solar,12/07/2026 06:00:00 AM,12/07/2026 06:29:59 AM,0.001,0,A
ACCO_15e06beda2,NMI_df2d025267,DEVI_284a47f5e0,COMMS4D,06537#E1,Generalusage,12/07/2026 06:00:00 AM,12/07/2026 06:29:59 AM,0.002,0,A
ACCO_15e06beda2,NMI_df2d025267,DEVI_284a47f5e0,COMMS4D,06537#B1,Solar,12/07/2026 06:30:00 AM,12/07/2026 06:59:59 AM,0.002,0,A
ACCO_15e06beda2,NMI_df2d025267,DEVI_284a47f5e0,COMMS4D,06537#E1,Generalusage,12/07/2026 06:30:00 AM,12/07/2026 06:59:59 AM,0.002,0,A
ACCO_15e06beda2,NMI_df2d025267,DEVI_284a47f5e0,COMMS4D,06537#B1,Solar,12/07/2026 07:00:00 AM,12/07/2026 07:29:59 AM,0.002,0,A
ACCO_15e06beda2,NMI_df2d025267,DEVI_284a47f5e0,COMMS4D,06537#E1,Generalusage,12/07/2026 07:00:00 AM,12/07/2026 07:29:59 AM,0,0,A
ACCO_15e06beda2,NMI_df2d025267,DEVI_284a47f5e0,COMMS4D,06537#B1,Solar,12/07/2026 07:30:00 AM,12/07/2026 07:59:59 AM,0.002,0,A
ACCO_15e06beda2,NMI_df2d025267,DEVI_284a47f5e0,COMMS4D,06537#E1,Generalusage,12/07/2026 07:30:00 AM,12/07/2026 07:59:59 AM,0.001,0,A
ACCO_15e06beda2,NMI_df2d025267,DEVI_284a47f5e0,COMMS4D,06537#B1,Solar,12/07/2026 08:00:00 AM,12/07/2026 08:29:59 AM,0.003,0,A
ACCO_15e06beda2,NMI_df2d025267,DEVI_284a47f5e0,COMMS4D,06537#E1,Generalusage,12/07/2026 08:00:00 AM,12/07/2026 08:29:59 AM,0.001,0,A
ACCO_15e06beda2,NMI_df2d025267,DEVI_284a47f5e0,COMMS4D,06537#B1,Solar,12/07/2026 08:30:00 AM,12/07/2026 08:59:59 AM,0.004,0,A
ACCO_15e06beda2,NMI_df2d025267,DEVI_284a47f5e0,COMMS4D,06537#E1,Generalusage,12/07/2026 08:30:00 AM,12/07/2026 08:59:59 AM,0.002,0,A
ACCO_15e06beda2,NMI_df2d025267,DEVI_284a47f5e0,COMMS4D,06537#B1,Solar,12/07/2026 09:00:00 AM,12/07/2026 09:29:59 AM,0.003,0,A
ACCO_15e06beda2,NMI_df2d025267,DEVI_284a47f5e0,COMMS4D,06537#E1,Generalusage,12/07/2026 09:00:00 AM,12/07/2026 09:29:59 AM,0,0,A
ACCO_15e06beda2,NMI_df2d025267,DEVI_284a47f5e0,COMMS4D,06537#B1,Solar,12/07/2026 09:30:00 AM,12/07/2026 09:59:59 AM,0.003,0,A
ACCO_15e06beda2,NMI_df2d025267,DEVI_284a47f5e0,COMMS4D,06537#E1,Generalusage,12/07/2026 09:30:00 AM,12/07/2026 09:59:59 AM,0.001,0,A
ACCO_15e06beda2,NMI_df2d025267,DEVI_284a47f5e0,COMMS4D,06537#B1,Solar,12/07/2026 10:00:00 AM,12/07/2026 10:29:59 AM,0.003,0,A
ACCO_15e06beda2,NMI_df2d025267,DEVI_284a47f5e0,COMMS4D,06537#E1,Generalusage,12/07/2026 10:00:00 AM,12/07/2026 10:29:59 AM,0.001,0,A
ACCO_15e06beda2,NMI_df2d025267,DEVI_284a47f5e0,COMMS4D,06537#B1,Solar,12/07/2026 10:30:00 AM,12/07/2026 10:59:59 AM,0.642,0,A
ACCO_15e06beda2,NMI_df2d025267,DEVI_284a47f5e0,COMMS4D,06537#E1,Generalusage,12/07/2026 10:30:00 AM,12/07/2026 10:59:59 AM,0,0,A
ACCO_15e06beda2,NMI_df2d025267,DEVI_284a47f5e0,COMMS4D,06537#B1,Solar,12/07/2026 11:00:00 AM,12/07/2026 11:29:59 AM,2.565,0,A
ACCO_15e06beda2,NMI_df2d025267,DEVI_284a47f5e0,COMMS4D,06537#E1,Generalusage,12/07/2026 11:00:00 AM,12/07/2026 11:29:59 AM,0,0,A
ACCO_15e06beda2,NMI_df2d025267,DEVI_284a47f5e0,COMMS4D,06537#B1,Solar,12/07/2026 11:30:00 AM,12/07/2026 11:59:59 AM,3.333,0,A
ACCO_15e06beda2,NMI_df2d025267,DEVI_284a47f5e0,COMMS4D,06537#E1,Generalusage,12/07/2026 11:30:00 AM,12/07/2026 11:59:59 AM,0,0,A
ACCO_15e06beda2,NMI_df2d025267,DEVI_284a47f5e0,COMMS4D,06537#B1,Solar,12/07/2026 12:00:00 PM,12/07/2026 12:29:59 PM,3.353,0,A
ACCO_15e06beda2,NMI_df2d025267,DEVI_284a47f5e0,COMMS4D,06537#E1,Generalusage,12/07/2026 12:00:00 PM,12/07/2026 12:29:59 PM,0,0,A
ACCO_15e06beda2,NMI_df2d025267,DEVI_284a47f5e0,COMMS4D,06537#B1,Solar,12/07/2026 12:30:00 PM,12/07/2026 12:59:59 PM,3.356,0,A
ACCO_15e06beda2,NMI_df2d025267,DEVI_284a47f5e0,COMMS4D,06537#E1,Generalusage,12/07/2026 12:30:00 PM,12/07/2026 12:59:59 PM,0,0,A
ACCO_15e06beda2,NMI_df2d025267,DEVI_284a47f5e0,COMMS4D,06537#B1,Solar,12/07/2026 01:00:00 PM,12/07/2026 01:29:59 PM,3.166,0,A
ACCO_15e06beda2,NMI_df2d025267,DEVI_284a47f5e0,COMMS4D,06537#E1,Generalusage,12/07/2026 01:00:00 PM,12/07/2026 01:29:59 PM,0,0,A
ACCO_15e06beda2,NMI_df2d025267,DEVI_284a47f5e0,COMMS4D,06537#B1,Solar,12/07/2026 01:30:00 PM,12/07/2026 01:59:59 PM,1.945,0,A
ACCO_15e06beda2,NMI_df2d025267,DEVI_284a47f5e0,COMMS4D,06537#E1,Generalusage,12/07/2026 01:30:00 PM,12/07/2026 01:59:59 PM,0.004,0,A
ACCO_15e06beda2,NMI_df2d025267,DEVI_284a47f5e0,COMMS4D,06537#B1,Solar,12/07/2026 02:00:00 PM,12/07/2026 02:29:59 PM,2.175,0,A
ACCO_15e06beda2,NMI_df2d025267,DEVI_284a47f5e0,COMMS4D,06537#E1,Generalusage,12/07/2026 02:00:00 PM,12/07/2026 02:29:59 PM,0,0,A
ACCO_15e06beda2,NMI_df2d025267,DEVI_284a47f5e0,COMMS4D,06537#B1,Solar,12/07/2026 02:30:00 PM,12/07/2026 02:59:59 PM,2.285,0,A
ACCO_15e06beda2,NMI_df2d025267,DEVI_284a47f5e0,COMMS4D,06537#E1,Generalusage,12/07/2026 02:30:00 PM,12/07/2026 02:59:59 PM,0,0,A
ACCO_15e06beda2,NMI_df2d025267,DEVI_284a47f5e0,COMMS4D,06537#B1,Solar,12/07/2026 03:00:00 PM,12/07/2026 03:29:59 PM,1.555,0,A
ACCO_15e06beda2,NMI_df2d025267,DEVI_284a47f5e0,COMMS4D,06537#E1,Generalusage,12/07/2026 03:00:00 PM,12/07/2026 03:29:59 PM,0.001,0,A
ACCO_15e06beda2,NMI_df2d025267,DEVI_284a47f5e0,COMMS4D,06537#B1,Solar,12/07/2026 03:30:00 PM,12/07/2026 03:59:59 PM,0.641,0,A
ACCO_15e06beda2,NMI_df2d025267,DEVI_284a47f5e0,COMMS4D,06537#E1,Generalusage,12/07/2026 03:30:00 PM,12/07/2026 03:59:59 PM,0.015,0,A
ACCO_15e06beda2,NMI_df2d025267,DEVI_284a47f5e0,COMMS4D,06537#B1,Solar,12/07/2026 04:00:00 PM,12/07/2026 04:29:59 PM,0.222,0,A
ACCO_15e06beda2,NMI_df2d025267,DEVI_284a47f5e0,COMMS4D,06537#E1,Generalusage,12/07/2026 04:00:00 PM,12/07/2026 04:29:59 PM,0.012,0,A
ACCO_15e06beda2,NMI_df2d025267,DEVI_284a47f5e0,COMMS4D,06537#B1,Solar,12/07/2026 04:30:00 PM,12/07/2026 04:59:59 PM,0.006,0,A
ACCO_15e06beda2,NMI_df2d025267,DEVI_284a47f5e0,COMMS4D,06537#E1,Generalusage,12/07/2026 04:30:00 PM,12/07/2026 04:59:59 PM,0.004,0,A
ACCO_15e06beda2,NMI_df2d025267,DEVI_284a47f5e0,COMMS4D,06537#B1,Solar,12/07/2026 05:00:00 PM,12/07/2026 05:29:59 PM,0.006,0,A
ACCO_15e06beda2,NMI_df2d025267,DEVI_284a47f5e0,COMMS4D,06537#E1,Generalusage,12/07/2026 05:00:00 PM,12/07/2026 05:29:59 PM,0.003,0,A
ACCO_15e06beda2,NMI_df2d025267,DEVI_284a47f5e0,COMMS4D,06537#B1,Solar,12/07/2026 05:30:00 PM,12/07/2026 05:59:59 PM,0.006,0,A
ACCO_15e06beda2,NMI_df2d025267,DEVI_284a47f5e0,COMMS4D,06537#E1,Generalusage,12/07/2026 05:30:00 PM,12/07/2026 05:59:59 PM,0.004,0,A
ACCO_15e06beda2,NMI_df2d025267,DEVI_284a47f5e0,COMMS4D,06537#B1,Solar,12/07/2026 06:00:00 PM,12/07/2026 06:29:59 PM,0.004,0,A
ACCO_15e06beda2,NMI_df2d025267,DEVI_284a47f5e0,COMMS4D,06537#E1,Generalusage,12/07/2026 06:00:00 PM,12/07/2026 06:29:59 PM,0.003,0,A
ACCO_15e06beda2,NMI_df2d025267,DEVI_284a47f5e0,COMMS4D,06537#B1,Solar,12/07/2026 06:30:00 PM,12/07/2026 06:59:59 PM,0.003,0,A
ACCO_15e06beda2,NMI_df2d025267,DEVI_284a47f5e0,COMMS4D,06537#E1,Generalusage,12/07/2026 06:30:00 PM,12/07/2026 06:59:59 PM,0,0,A
ACCO_15e06beda2,NMI_df2d025267,DEVI_284a47f5e0,COMMS4D,06537#B1,Solar,12/07/2026 07:00:00 PM,12/07/2026 07:29:59 PM,0.003,0,A
ACCO_15e06beda2,NMI_df2d025267,DEVI_284a47f5e0,COMMS4D,06537#E1,Generalusage,12/07/2026 07:00:00 PM,12/07/2026 07:29:59 PM,0.001,0,A
ACCO_15e06beda2,NMI_df2d025267,DEVI_284a47f5e0,COMMS4D,06537#B1,Solar,12/07/2026 07:30:00 PM,12/07/2026 07:59:59 PM,0.003,0,A
ACCO_15e06beda2,NMI_df2d025267,DEVI_284a47f5e0,COMMS4D,06537#E1,Generalusage,12/07/2026 07:30:00 PM,12/07/2026 07:59:59 PM,0.001,0,A
ACCO_15e06beda2,NMI_df2d025267,DEVI_284a47f5e0,COMMS4D,06537#B1,Solar,12/07/2026 08:00:00 PM,12/07/2026 08:29:59 PM,0.003,0,A
ACCO_15e06beda2,NMI_df2d025267,DEVI_284a47f5e0,COMMS4D,06537#E1,Generalusage,12/07/2026 08:00:00 PM,12/07/2026 08:29:59 PM,0.001,0,A
ACCO_15e06beda2,NMI_df2d025267,DEVI_284a47f5e0,COMMS4D,06537#B1,Solar,12/07/2026 08:30:00 PM,12/07/2026 08:59:59 PM,0.003,0,A
ACCO_15e06beda2,NMI_df2d025267,DEVI_284a47f5e0,COMMS4D,06537#E1,Generalusage,12/07/2026 08:30:00 PM,12/07/2026 08:59:59 PM,0,0,A
ACCO_15e06beda2,NMI_df2d025267,DEVI_284a47f5e0,COMMS4D,06537#B1,Solar,12/07/2026 09:00:00 PM,12/07/2026 09:29:59 PM,0.003,0,A
ACCO_15e06beda2,NMI_df2d025267,DEVI_284a47f5e0,COMMS4D,06537#E1,Generalusage,12/07/2026 09:00:00 PM,12/07/2026 09:29:59 PM,0.001,0,A
ACCO_15e06beda2,NMI_df2d025267,DEVI_284a47f5e0,COMMS4D,06537#B1,Solar,12/07/2026 09:30:00 PM,12/07/2026 09:59:59 PM,0.003,0,A
ACCO_15e06beda2,NMI_df2d025267,DEVI_284a47f5e0,COMMS4D,06537#E1,Generalusage,12/07/2026 09:30:00 PM,12/07/2026 09:59:59 PM,0.001,0,A
ACCO_15e06beda2,NMI_df2d025267,DEVI_284a47f5e0,COMMS4D,06537#B1,Solar,12/07/2026 10:00:00 PM,12/07/2026 10:29:59 PM,0.002,0,A
ACCO_15e06beda2,NMI_df2d025267,DEVI_284a47f5e0,COMMS4D,06537#E1,Generalusage,12/07/2026 10:00:00 PM,12/07/2026 10:29:59 PM,0,0,A
ACCO_15e06beda2,NMI_df2d025267,DEVI_284a47f5e0,COMMS4D,06537#B1,Solar,12/07/2026 10:30:00 PM,12/07/2026 10:59:59 PM,0.003,0,A
ACCO_15e06beda2,NMI_df2d025267,DEVI_284a47f5e0,COMMS4D,06537#E1,Generalusage,12/07/2026 10:30:00 PM,12/07/2026 10:59:59 PM,0.001,0,A
ACCO_15e06beda2,NMI_df2d025267,DEVI_284a47f5e0,COMMS4D,06537#B1,Solar,12/07/2026 11:00:00 PM,12/07/2026 11:29:59 PM,0.002,0,A
ACCO_15e06beda2,NMI_df2d025267,DEVI_284a47f5e0,COMMS4D,06537#E1,Generalusage,12/07/2026 11:00:00 PM,12/07/2026 11:29:59 PM,0.001,0,A
ACCO_15e06beda2,NMI_df2d025267,DEVI_284a47f5e0,COMMS4D,06537#B1,Solar,12/07/2026 11:30:00 PM,12/07/2026 11:59:59 PM,0.002,0,A
ACCO_15e06beda2,NMI_df2d025267,DEVI_284a47f5e0,COMMS4D,06537#E1,Generalusage,12/07/2026 11:30:00 PM,12/07/2026 11:59:59 PM,0.001,0,A
ACCO_15e06beda2,NMI_df2d025267,DEVI_284a47f5e0,COMMS4D,06537#B1,Solar,13/07/2026 12:00:00 AM,13/07/2026 12:29:59 AM,0.002,0,A
ACCO_15e06beda2,NMI_df2d025267,DEVI_284a47f5e0,COMMS4D,06537#E1,Generalusage,13/07/2026 12:00:00 AM,13/07/2026 12:29:59 AM,0.001,0,A
ACCO_15e06beda2,NMI_df2d025267,DEVI_284a47f5e0,COMMS4D,06537#B1,Solar,13/07/2026 12:30:00 AM,13/07/2026 12:59:59 AM,0.003,0,A
ACCO_15e06beda2,NMI_df2d025267,DEVI_284a47f5e0,COMMS4D,06537#E1,Generalusage,13/07/2026 12:30:00 AM,13/07/2026 12:59:59 AM,0.001,0,A
ACCO_15e06beda2,NMI_df2d025267,DEVI_284a47f5e0,COMMS4D,06537#B1,Solar,13/07/2026 01:00:00 AM,13/07/2026 01:29:59 AM,0.002,0,A
ACCO_15e06beda2,NMI_df2d025267,DEVI_284a47f5e0,COMMS4D,06537#E1,Generalusage,13/07/2026 01:00:00 AM,13/07/2026 01:29:59 AM,0,0,A
ACCO_15e06beda2,NMI_df2d025267,DEVI_284a47f5e0,COMMS4D,06537#B1,Solar,13/07/2026 01:30:00 AM,13/07/2026 01:59:59 AM,0.002,0,A
ACCO_15e06beda2,NMI_df2d025267,DEVI_284a47f5e0,COMMS4D,06537#E1,Generalusage,13/07/2026 01:30:00 AM,13/07/2026 01:59:59 AM,0.001,0,A
ACCO_15e06beda2,NMI_df2d025267,DEVI_284a47f5e0,COMMS4D,06537#B1,Solar,13/07/2026 02:00:00 AM,13/07/2026 02:29:59 AM,0.002,0,A
ACCO_15e06beda2,NMI_df2d025267,DEVI_284a47f5e0,COMMS4D,06537#E1,Generalusage,13/07/2026 02:00:00 AM,13/07/2026 02:29:59 AM,0.001,0,A
ACCO_15e06beda2,NMI_df2d025267,DEVI_284a47f5e0,COMMS4D,06537#B1,Solar,13/07/2026 02:30:00 AM,13/07/2026 02:59:59 AM,0.002,0,A
ACCO_15e06beda2,NMI_df2d025267,DEVI_284a47f5e0,COMMS4D,06537#E1,Generalusage,13/07/2026 02:30:00 AM,13/07/2026 02:59:59 AM,0.001,0,A
ACCO_15e06beda2,NMI_df2d025267,DEVI_284a47f5e0,COMMS4D,06537#B1,Solar,13/07/2026 03:00:00 AM,13/07/2026 03:29:59 AM,0.002,0,A
ACCO_15e06beda2,NMI_df2d025267,DEVI_284a47f5e0,COMMS4D,06537#E1,Generalusage,13/07/2026 03:00:00 AM,13/07/2026 03:29:59 AM,0.001,0,A
ACCO_15e06beda2,NMI_df2d025267,DEVI_284a47f5e0,COMMS4D,06537#B1,Solar,13/07/2026 03:30:00 AM,13/07/2026 03:59:59 AM,0.002,0,A
ACCO_15e06beda2,NMI_df2d025267,DEVI_284a47f5e0,COMMS4D,06537#E1,Generalusage,13/07/2026 03:30:00 AM,13/07/2026 03:59:59 AM,0.001,0,A
ACCO_15e06beda2,NMI_df2d025267,DEVI_284a47f5e0,COMMS4D,06537#B1,Solar,13/07/2026 04:00:00 AM,13/07/2026 04:29:59 AM,0.002,0,A
ACCO_15e06beda2,NMI_df2d025267,DEVI_284a47f5e0,COMMS4D,06537#E1,Generalusage,13/07/2026 04:00:00 AM,13/07/2026 04:29:59 AM,0.001,0,A
ACCO_15e06beda2,NMI_df2d025267,DEVI_284a47f5e0,COMMS4D,06537#B1,Solar,13/07/2026 04:30:00 AM,13/07/2026 04:59:59 AM,0.002,0,A
ACCO_15e06beda2,NMI_df2d025267,DEVI_284a47f5e0,COMMS4D,06537#E1,Generalusage,13/07/2026 04:30:00 AM,13/07/2026 04:59:59 AM,0.001,0,A
ACCO_15e06beda2,NMI_df2d025267,DEVI_284a47f5e0,COMMS4D,06537#B1,Solar,13/07/2026 05:00:00 AM,13/07/2026 05:29:59 AM,0.003,0,A
ACCO_15e06beda2,NMI_df2d025267,DEVI_284a47f5e0,COMMS4D,06537#E1,Generalusage,13/07/2026 05:00:00 AM,13/07/2026 05:29:59 AM,0.001,0,A
ACCO_15e06beda2,NMI_df2d025267,DEVI_284a47f5e0,COMMS4D,06537#B1,Solar,13/07/2026 05:30:00 AM,13/07/2026 05:59:59 AM,0.002,0,A
ACCO_15e06beda2,NMI_df2d025267,DEVI_284a47f5e0,COMMS4D,06537#E1,Generalusage,13/07/2026 05:30:00 AM,13/07/2026 05:59:59 AM,0.001,0,A
ACCO_15e06beda2,NMI_df2d025267,DEVI_284a47f5e0,COMMS4D,06537#B1,Solar,13/07/2026 06:00:00 AM,13/07/2026 06:29:59 AM,0.002,0,A
ACCO_15e06beda2,NMI_df2d025267,DEVI_284a47f5e0,COMMS4D,06537#E1,Generalusage,13/07/2026 06:00:00 AM,13/07/2026 06:29:59 AM,0.001,0,A
ACCO_15e06beda2,NMI_df2d025267,DEVI_284a47f5e0,COMMS4D,06537#B1,Solar,13/07/2026 06:30:00 AM,13/07/2026 06:59:59 AM,0.002,0,A
ACCO_15e06beda2,NMI_df2d025267,DEVI_284a47f5e0,COMMS4D,06537#E1,Generalusage,13/07/2026 06:30:00 AM,13/07/2026 06:59:59 AM,0.001,0,A
ACCO_15e06beda2,NMI_df2d025267,DEVI_284a47f5e0,COMMS4D,06537#B1,Solar,13/07/2026 07:00:00 AM,13/07/2026 07:29:59 AM,0.003,0,A
ACCO_15e06beda2,NMI_df2d025267,DEVI_284a47f5e0,COMMS4D,06537#E1,Generalusage,13/07/2026 07:00:00 AM,13/07/2026 07:29:59 AM,0.001,0,A
ACCO_15e06beda2,NMI_df2d025267,DEVI_284a47f5e0,COMMS4D,06537#B1,Solar,13/07/2026 07:30:00 AM,13/07/2026 07:59:59 AM,0.003,0,A
ACCO_15e06beda2,NMI_df2d025267,DEVI_284a47f5e0,COMMS4D,06537#E1,Generalusage,13/07/2026 07:30:00 AM,13/07/2026 07:59:59 AM,0.001,0,A
ACCO_15e06beda2,NMI_df2d025267,DEVI_284a47f5e0,COMMS4D,06537#B1,Solar,13/07/2026 08:00:00 AM,13/07/2026 08:29:59 AM,0.002,0,A
ACCO_15e06beda2,NMI_df2d025267,DEVI_284a47f5e0,COMMS4D,06537#E1,Generalusage,13/07/2026 08:00:00 AM,13/07/2026 08:29:59 AM,0,0,A
ACCO_15e06beda2,NMI_df2d025267,DEVI_284a47f5e0,COMMS4D,06537#B1,Solar,13/07/2026 08:30:00 AM,13/07/2026 08:59:59 AM,0.003,0,A
ACCO_15e06beda2,NMI_df2d025267,DEVI_284a47f5e0,COMMS4D,06537#E1,Generalusage,13/07/2026 08:30:00 AM,13/07/2026 08:59:59 AM,0.001,0,A
ACCO_15e06beda2,NMI_df2d025267,DEVI_284a47f5e0,COMMS4D,06537#B1,Solar,13/07/2026 09:00:00 AM,13/07/2026 09:29:59 AM,0.002,0,A
ACCO_15e06beda2,NMI_df2d025267,DEVI_284a47f5e0,COMMS4D,06537#E1,Generalusage,13/07/2026 09:00:00 AM,13/07/2026 09:29:59 AM,0.001,0,A
ACCO_15e06beda2,NMI_df2d025267,DEVI_284a47f5e0,COMMS4D,06537#B1,Solar,13/07/2026 09:30:00 AM,13/07/2026 09:59:59 AM,0.003,0,A
ACCO_15e06beda2,NMI_df2d025267,DEVI_284a47f5e0,COMMS4D,06537#E1,Generalusage,13/07/2026 09:30:00 AM,13/07/2026 09:59:59 AM,0.001,0,A
ACCO_15e06beda2,NMI_df2d025267,DEVI_284a47f5e0,COMMS4D,06537#B1,Solar,13/07/2026 10:00:00 AM,13/07/2026 10:29:59 AM,0.004,0,A
ACCO_15e06beda2,NMI_df2d025267,DEVI_284a47f5e0,COMMS4D,06537#E1,Generalusage,13/07/2026 10:00:00 AM,13/07/2026 10:29:59 AM,0.002,0,A
ACCO_15e06beda2,NMI_df2d025267,DEVI_284a47f5e0,COMMS4D,06537#B1,Solar,13/07/2026 10:30:00 AM,13/07/2026 10:59:59 AM,0.003,0,A
ACCO_15e06beda2,NMI_df2d025267,DEVI_284a47f5e0,COMMS4D,06537#E1,Generalusage,13/07/2026 10:30:00 AM,13/07/2026 10:59:59 AM,0.001,0,A
ACCO_15e06beda2,NMI_df2d025267,DEVI_284a47f5e0,COMMS4D,06537#B1,Solar,13/07/2026 11:00:00 AM,13/07/2026 11:29:59 AM,0.002,0,A
ACCO_15e06beda2,NMI_df2d025267,DEVI_284a47f5e0,COMMS4D,06537#E1,Generalusage,13/07/2026 11:00:00 AM,13/07/2026 11:29:59 AM,0.001,0,A
ACCO_15e06beda2,NMI_df2d025267,DEVI_284a47f5e0,COMMS4D,06537#B1,Solar,13/07/2026 11:30:00 AM,13/07/2026 11:59:59 AM,0.039,0,A
ACCO_15e06beda2,NMI_df2d025267,DEVI_284a47f5e0,COMMS4D,06537#E1,Generalusage,13/07/2026 11:30:00 AM,13/07/2026 11:59:59 AM,0,0,A
ACCO_15e06beda2,NMI_df2d025267,DEVI_284a47f5e0,COMMS4D,06537#B1,Solar,13/07/2026 12:00:00 PM,13/07/2026 12:29:59 PM,1.928,0,A
ACCO_15e06beda2,NMI_df2d025267,DEVI_284a47f5e0,COMMS4D,06537#E1,Generalusage,13/07/2026 12:00:00 PM,13/07/2026 12:29:59 PM,0,0,A
ACCO_15e06beda2,NMI_df2d025267,DEVI_284a47f5e0,COMMS4D,06537#B1,Solar,13/07/2026 12:30:00 PM,13/07/2026 12:59:59 PM,2.603,0,A
ACCO_15e06beda2,NMI_df2d025267,DEVI_284a47f5e0,COMMS4D,06537#E1,Generalusage,13/07/2026 12:30:00 PM,13/07/2026 12:59:59 PM,0,0,A
ACCO_15e06beda2,NMI_df2d025267,DEVI_284a47f5e0,COMMS4D,06537#B1,Solar,13/07/2026 01:00:00 PM,13/07/2026 01:29:59 PM,2.652,0,A
ACCO_15e06beda2,NMI_df2d025267,DEVI_284a47f5e0,COMMS4D,06537#E1,Generalusage,13/07/2026 01:00:00 PM,13/07/2026 01:29:59 PM,0,0,A
ACCO_15e06beda2,NMI_df2d025267,DEVI_284a47f5e0,COMMS4D,06537#B1,Solar,13/07/2026 01:30:00 PM,13/07/2026 01:59:59 PM,2.036,0,A
ACCO_15e06beda2,NMI_df2d025267,DEVI_284a47f5e0,COMMS4D,06537#E1,Generalusage,13/07/2026 01:30:00 PM,13/07/2026 01:59:59 PM,0,0,A
ACCO_15e06beda2,NMI_df2d025267,DEVI_284a47f5e0,COMMS4D,06537#B1,Solar,13/07/2026 02:00:00 PM,13/07/2026 02:29:59 PM,2.155,0,A
ACCO_15e06beda2,NMI_df2d025267,DEVI_284a47f5e0,COMMS4D,06537#E1,Generalusage,13/07/2026 02:00:00 PM,13/07/2026 02:29:59 PM,0,0,A
ACCO_15e06beda2,NMI_df2d025267,DEVI_284a47f5e0,COMMS4D,06537#B1,Solar,13/07/2026 02:30:00 PM,13/07/2026 02:59:59 PM,1.628,0,A
ACCO_15e06beda2,NMI_df2d025267,DEVI_284a47f5e0,COMMS4D,06537#E1,Generalusage,13/07/2026 02:30:00 PM,13/07/2026 02:59:59 PM,0,0,A
ACCO_15e06beda2,NMI_df2d025267,DEVI_284a47f5e0,COMMS4D,06537#B1,Solar,13/07/2026 03:00:00 PM,13/07/2026 03:29:59 PM,1.785,0,A
ACCO_15e06beda2,NMI_df2d025267,DEVI_284a47f5e0,COMMS4D,06537#E1,Generalusage,13/07/2026 03:00:00 PM,13/07/2026 03:29:59 PM,0,0,A
ACCO_15e06beda2,NMI_df2d025267,DEVI_284a47f5e0,COMMS4D,06537#B1,Solar,13/07/2026 03:30:00 PM,13/07/2026 03:59:59 PM,1.027,0,A
ACCO_15e06beda2,NMI_df2d025267,DEVI_284a47f5e0,COMMS4D,06537#E1,Generalusage,13/07/2026 03:30:00 PM,13/07/2026 03:59:59 PM,0,0,A
ACCO_15e06beda2,NMI_df2d025267,DEVI_284a47f5e0,COMMS4D,06537#B1,Solar,13/07/2026 04:00:00 PM,13/07/2026 04:29:59 PM,0.495,0,A
ACCO_15e06beda2,NMI_df2d025267,DEVI_284a47f5e0,COMMS4D,06537#E1,Generalusage,13/07/2026 04:00:00 PM,13/07/2026 04:29:59 PM,0.001,0,A
ACCO_15e06beda2,NMI_df2d025267,DEVI_284a47f5e0,COMMS4D,06537#B1,Solar,13/07/2026 04:30:00 PM,13/07/2026 04:59:59 PM,0.003,0,A
ACCO_15e06beda2,NMI_df2d025267,DEVI_284a47f5e0,COMMS4D,06537#E1,Generalusage,13/07/2026 04:30:00 PM,13/07/2026 04:59:59 PM,0.001,0,A
ACCO_15e06beda2,NMI_df2d025267,DEVI_284a47f5e0,COMMS4D,06537#B1,Solar,13/07/2026 05:00:00 PM,13/07/2026 05:29:59 PM,0.003,0,A
ACCO_15e06beda2,NMI_df2d025267,DEVI_284a47f5e0,COMMS4D,06537#E1,Generalusage,13/07/2026 05:00:00 PM,13/07/2026 05:29:59 PM,0.001,0,A
ACCO_15e06beda2,NMI_df2d025267,DEVI_284a47f5e0,COMMS4D,06537#B1,Solar,13/07/2026 05:30:00 PM,13/07/2026 05:59:59 PM,0.002,0,A
ACCO_15e06beda2,NMI_df2d025267,DEVI_284a47f5e0,COMMS4D,06537#E1,Generalusage,13/07/2026 05:30:00 PM,13/07/2026 05:59:59 PM,0.001,0,A
ACCO_15e06beda2,NMI_df2d025267,DEVI_284a47f5e0,COMMS4D,06537#B1,Solar,13/07/2026 06:00:00 PM,13/07/2026 06:29:59 PM,0.003,0,A
ACCO_15e06beda2,NMI_df2d025267,DEVI_284a47f5e0,COMMS4D,06537#E1,Generalusage,13/07/2026 06:00:00 PM,13/07/2026 06:29:59 PM,0.002,0,A
ACCO_15e06beda2,NMI_df2d025267,DEVI_284a47f5e0,COMMS4D,06537#B1,Solar,13/07/2026 06:30:00 PM,13/07/2026 06:59:59 PM,0.002,0,A
ACCO_15e06beda2,NMI_df2d025267,DEVI_284a47f5e0,COMMS4D,06537#E1,Generalusage,13/07/2026 06:30:00 PM,13/07/2026 06:59:59 PM,0.001,0,A
ACCO_15e06beda2,NMI_df2d025267,DEVI_284a47f5e0,COMMS4D,06537#B1,Solar,13/07/2026 07:00:00 PM,13/07/2026 07:29:59 PM,0.003,0,A
ACCO_15e06beda2,NMI_df2d025267,DEVI_284a47f5e0,COMMS4D,06537#E1,Generalusage,13/07/2026 07:00:00 PM,13/07/2026 07:29:59 PM,0.001,0,A
ACCO_15e06beda2,NMI_df2d025267,DEVI_284a47f5e0,COMMS4D,06537#B1,Solar,13/07/2026 07:30:00 PM,13/07/2026 07:59:59 PM,0.003,0,A
ACCO_15e06beda2,NMI_df2d025267,DEVI_284a47f5e0,COMMS4D,06537#E1,Generalusage,13/07/2026 07:30:00 PM,13/07/2026 07:59:59 PM,0.001,0,A
ACCO_15e06beda2,NMI_df2d025267,DEVI_284a47f5e0,COMMS4D,06537#B1,Solar,13/07/2026 08:00:00 PM,13/07/2026 08:29:59 PM,0.003,0,A
ACCO_15e06beda2,NMI_df2d025267,DEVI_284a47f5e0,COMMS4D,06537#E1,Generalusage,13/07/2026 08:00:00 PM,13/07/2026 08:29:59 PM,0.001,0,A
ACCO_15e06beda2,NMI_df2d025267,DEVI_284a47f5e0,COMMS4D,06537#B1,Solar,13/07/2026 08:30:00 PM,13/07/2026 08:59:59 PM,0.004,0,A
ACCO_15e06beda2,NMI_df2d025267,DEVI_284a47f5e0,COMMS4D,06537#E1,Generalusage,13/07/2026 08:30:00 PM,13/07/2026 08:59:59 PM,0.001,0,A
ACCO_15e06beda2,NMI_df2d025267,DEVI_284a47f5e0,COMMS4D,06537#B1,Solar,13/07/2026 09:00:00 PM,13/07/2026 09:29:59 PM,0.003,0,A
ACCO_15e06beda2,NMI_df2d025267,DEVI_284a47f5e0,COMMS4D,06537#E1,Generalusage,13/07/2026 09:00:00 PM,13/07/2026 09:29:59 PM,0.001,0,A
ACCO_15e06beda2,NMI_df2d025267,DEVI_284a47f5e0,COMMS4D,06537#B1,Solar,13/07/2026 09:30:00 PM,13/07/2026 09:59:59 PM,0.003,0,A
ACCO_15e06beda2,NMI_df2d025267,DEVI_284a47f5e0,COMMS4D,06537#E1,Generalusage,13/07/2026 09:30:00 PM,13/07/2026 09:59:59 PM,0.001,0,A
ACCO_15e06beda2,NMI_df2d025267,DEVI_284a47f5e0,COMMS4D,06537#B1,Solar,13/07/2026 10:00:00 PM,13/07/2026 10:29:59 PM,0.003,0,A
ACCO_15e06beda2,NMI_df2d025267,DEVI_284a47f5e0,COMMS4D,06537#E1,Generalusage,13/07/2026 10:00:00 PM,13/07/2026 10:29:59 PM,0.002,0,A
ACCO_15e06beda2,NMI_df2d025267,DEVI_284a47f5e0,COMMS4D,06537#B1,Solar,13/07/2026 10:30:00 PM,13/07/2026 10:59:59 PM,0.004,0,A
ACCO_15e06beda2,NMI_df2d025267,DEVI_284a47f5e0,COMMS4D,06537#E1,Generalusage,13/07/2026 10:30:00 PM,13/07/2026 10:59:59 PM,0.001,0,A
ACCO_15e06beda2,NMI_df2d025267,DEVI_284a47f5e0,COMMS4D,06537#B1,Solar,13/07/2026 11:00:00 PM,13/07/2026 11:29:59 PM,0.002,0,A
ACCO_15e06beda2,NMI_df2d025267,DEVI_284a47f5e0,COMMS4D,06537#E1,Generalusage,13/07/2026 11:00:00 PM,13/07/2026 11:29:59 PM,0.001,0,A
ACCO_15e06beda2,NMI_df2d025267,DEVI_284a47f5e0,COMMS4D,06537#B1,Solar,13/07/2026 11:30:00 PM,13/07/2026 11:59:59 PM,0.002,0,A
ACCO_15e06beda2,NMI_df2d025267,DEVI_284a47f5e0,COMMS4D,06537#E1,Generalusage,13/07/2026 11:30:00 PM,13/07/2026 11:59:59 PM,0.001,0,A
ACCO_15e06beda2,NMI_df2d025267,DEVI_284a47f5e0,COMMS4D,06537#B1,Solar,14/07/2026 12:00:00 AM,14/07/2026 12:29:59 AM,0.002,0,A
ACCO_15e06beda2,NMI_df2d025267,DEVI_284a47f5e0,COMMS4D,06537#E1,Generalusage,14/07/2026 12:00:00 AM,14/07/2026 12:29:59 AM,0.001,0,A
ACCO_15e06beda2,NMI_df2d025267,DEVI_284a47f5e0,COMMS4D,06537#B1,Solar,14/07/2026 12:30:00 AM,14/07/2026 12:59:59 AM,0.003,0,A
ACCO_15e06beda2,NMI_df2d025267,DEVI_284a47f5e0,COMMS4D,06537#E1,Generalusage,14/07/2026 12:30:00 AM,14/07/2026 12:59:59 AM,0.001,0,A
ACCO_15e06beda2,NMI_df2d025267,DEVI_284a47f5e0,COMMS4D,06537#B1,Solar,14/07/2026 01:00:00 AM,14/07/2026 01:29:59 AM,0.002,0,A
ACCO_15e06beda2,NMI_df2d025267,DEVI_284a47f5e0,COMMS4D,06537#E1,Generalusage,14/07/2026 01:00:00 AM,14/07/2026 01:29:59 AM,0.001,0,A
ACCO_15e06beda2,NMI_df2d025267,DEVI_284a47f5e0,COMMS4D,06537#B1,Solar,14/07/2026 01:30:00 AM,14/07/2026 01:59:59 AM,0.002,0,A
ACCO_15e06beda2,NMI_df2d025267,DEVI_284a47f5e0,COMMS4D,06537#E1,Generalusage,14/07/2026 01:30:00 AM,14/07/2026 01:59:59 AM,0.002,0,A
ACCO_15e06beda2,NMI_df2d025267,DEVI_284a47f5e0,COMMS4D,06537#B1,Solar,14/07/2026 02:00:00 AM,14/07/2026 02:29:59 AM,0.002,0,A
ACCO_15e06beda2,NMI_df2d025267,DEVI_284a47f5e0,COMMS4D,06537#E1,Generalusage,14/07/2026 02:00:00 AM,14/07/2026 02:29:59 AM,0.001,0,A
ACCO_15e06beda2,NMI_df2d025267,DEVI_284a47f5e0,COMMS4D,06537#B1,Solar,14/07/2026 02:30:00 AM,14/07/2026 02:59:59 AM,0.001,0,A
ACCO_15e06beda2,NMI_df2d025267,DEVI_284a47f5e0,COMMS4D,06537#E1,Generalusage,14/07/2026 02:30:00 AM,14/07/2026 02:59:59 AM,0.001,0,A
ACCO_15e06beda2,NMI_df2d025267,DEVI_284a47f5e0,COMMS4D,06537#B1,Solar,14/07/2026 03:00:00 AM,14/07/2026 03:29:59 AM,0.001,0,A
ACCO_15e06beda2,NMI_df2d025267,DEVI_284a47f5e0,COMMS4D,06537#E1,Generalusage,14/07/2026 03:00:00 AM,14/07/2026 03:29:59 AM,0.002,0,A
ACCO_15e06beda2,NMI_df2d025267,DEVI_284a47f5e0,COMMS4D,06537#B1,Solar,14/07/2026 03:30:00 AM,14/07/2026 03:59:59 AM,0.002,0,A
ACCO_15e06beda2,NMI_df2d025267,DEVI_284a47f5e0,COMMS4D,06537#E1,Generalusage,14/07/2026 03:30:00 AM,14/07/2026 03:59:59 AM,0.002,0,A
ACCO_15e06beda2,NMI_df2d025267,DEVI_284a47f5e0,COMMS4D,06537#B1,Solar,14/07/2026 04:00:00 AM,14/07/2026 04:29:59 AM,0.001,0,A
ACCO_15e06beda2,NMI_df2d025267,DEVI_284a47f5e0,COMMS4D,06537#E1,Generalusage,14/07/2026 04:00:00 AM,14/07/2026 04:29:59 AM,0.001,0,A
ACCO_15e06beda2,NMI_df2d025267,DEVI_284a47f5e0,COMMS4D,06537#B1,Solar,14/07/2026 04:30:00 AM,14/07/2026 04:59:59 AM,0.002,0,A
ACCO_15e06beda2,NMI_df2d025267,DEVI_284a47f5e0,COMMS4D,06537#E1,Generalusage,14/07/2026 04:30:00 AM,14/07/2026 04:59:59 AM,0.002,0,A
ACCO_15e06beda2,NMI_df2d025267,DEVI_284a47f5e0,COMMS4D,06537#B1,Solar,14/07/2026 05:00:00 AM,14/07/2026 05:29:59 AM,0.001,0,A
ACCO_15e06beda2,NMI_df2d025267,DEVI_284a47f5e0,COMMS4D,06537#E1,Generalusage,14/07/2026 05:00:00 AM,14/07/2026 05:29:59 AM,0.002,0,A
ACCO_15e06beda2,NMI_df2d025267,DEVI_284a47f5e0,COMMS4D,06537#B1,Solar,14/07/2026 05:30:00 AM,14/07/2026 05:59:59 AM,0.001,0,A
ACCO_15e06beda2,NMI_df2d025267,DEVI_284a47f5e0,COMMS4D,06537#E1,Generalusage,14/07/2026 05:30:00 AM,14/07/2026 05:59:59 AM,0.001,0,A
ACCO_15e06beda2,NMI_df2d025267,DEVI_284a47f5e0,COMMS4D,06537#B1,Solar,14/07/2026 06:00:00 AM,14/07/2026 06:29:59 AM,0.002,0,A
ACCO_15e06beda2,NMI_df2d025267,DEVI_284a47f5e0,COMMS4D,06537#E1,Generalusage,14/07/2026 06:00:00 AM,14/07/2026 06:29:59 AM,0.002,0,A
ACCO_15e06beda2,NMI_df2d025267,DEVI_284a47f5e0,COMMS4D,06537#B1,Solar,14/07/2026 06:30:00 AM,14/07/2026 06:59:59 AM,0.002,0,A
ACCO_15e06beda2,NMI_df2d025267,DEVI_284a47f5e0,COMMS4D,06537#E1,Generalusage,14/07/2026 06:30:00 AM,14/07/2026 06:59:59 AM,0.002,0,A
ACCO_15e06beda2,NMI_df2d025267,DEVI_284a47f5e0,COMMS4D,06537#B1,Solar,14/07/2026 07:00:00 AM,14/07/2026 07:29:59 AM,0.002,0,A
ACCO_15e06beda2,NMI_df2d025267,DEVI_284a47f5e0,COMMS4D,06537#E1,Generalusage,14/07/2026 07:00:00 AM,14/07/2026 07:29:59 AM,0.001,0,A
ACCO_15e06beda2,NMI_df2d025267,DEVI_284a47f5e0,COMMS4D,06537#B1,Solar,14/07/2026 07:30:00 AM,14/07/2026 07:59:59 AM,0.003,0,A
ACCO_15e06beda2,NMI_df2d025267,DEVI_284a47f5e0,COMMS4D,06537#E1,Generalusage,14/07/2026 07:30:00 AM,14/07/2026 07:59:59 AM,0.001,0,A
ACCO_15e06beda2,NMI_df2d025267,DEVI_284a47f5e0,COMMS4D,06537#B1,Solar,14/07/2026 08:00:00 AM,14/07/2026 08:29:59 AM,0.003,0,A
ACCO_15e06beda2,NMI_df2d025267,DEVI_284a47f5e0,COMMS4D,06537#E1,Generalusage,14/07/2026 08:00:00 AM,14/07/2026 08:29:59 AM,0.001,0,A
ACCO_15e06beda2,NMI_df2d025267,DEVI_284a47f5e0,COMMS4D,06537#B1,Solar,14/07/2026 08:30:00 AM,14/07/2026 08:59:59 AM,0.003,0,A
ACCO_15e06beda2,NMI_df2d025267,DEVI_284a47f5e0,COMMS4D,06537#E1,Generalusage,14/07/2026 08:30:00 AM,14/07/2026 08:59:59 AM,0.002,0,A
ACCO_15e06beda2,NMI_df2d025267,DEVI_284a47f5e0,COMMS4D,06537#B1,Solar,14/07/2026 09:00:00 AM,14/07/2026 09:29:59 AM,0.002,0,A
ACCO_15e06beda2,NMI_df2d025267,DEVI_284a47f5e0,COMMS4D,06537#E1,Generalusage,14/07/2026 09:00:00 AM,14/07/2026 09:29:59 AM,0.001,0,A
ACCO_15e06beda2,NMI_df2d025267,DEVI_284a47f5e0,COMMS4D,06537#B1,Solar,14/07/2026 09:30:00 AM,14/07/2026 09:59:59 AM,0.004,0,A
ACCO_15e06beda2,NMI_df2d025267,DEVI_284a47f5e0,COMMS4D,06537#E1,Generalusage,14/07/2026 09:30:00 AM,14/07/2026 09:59:59 AM,0.001,0,A
ACCO_15e06beda2,NMI_df2d025267,DEVI_284a47f5e0,COMMS4D,06537#B1,Solar,14/07/2026 10:00:00 AM,14/07/2026 10:29:59 AM,0.004,0,A
ACCO_15e06beda2,NMI_df2d025267,DEVI_284a47f5e0,COMMS4D,06537#E1,Generalusage,14/07/2026 10:00:00 AM,14/07/2026 10:29:59 AM,0.002,0,A
ACCO_15e06beda2,NMI_df2d025267,DEVI_284a47f5e0,COMMS4D,06537#B1,Solar,14/07/2026 10:30:00 AM,14/07/2026 10:59:59 AM,0.004,0,A
ACCO_15e06beda2,NMI_df2d025267,DEVI_284a47f5e0,COMMS4D,06537#E1,Generalusage,14/07/2026 10:30:00 AM,14/07/2026 10:59:59 AM,0.002,0,A
ACCO_15e06beda2,NMI_df2d025267,DEVI_284a47f5e0,COMMS4D,06537#B1,Solar,14/07/2026 11:00:00 AM,14/07/2026 11:29:59 AM,0.805,0,A
ACCO_15e06beda2,NMI_df2d025267,DEVI_284a47f5e0,COMMS4D,06537#E1,Generalusage,14/07/2026 11:00:00 AM,14/07/2026 11:29:59 AM,0.002,0,A
ACCO_15e06beda2,NMI_df2d025267,DEVI_284a47f5e0,COMMS4D,06537#B1,Solar,14/07/2026 11:30:00 AM,14/07/2026 11:59:59 AM,1.894,0,A
ACCO_15e06beda2,NMI_df2d025267,DEVI_284a47f5e0,COMMS4D,06537#E1,Generalusage,14/07/2026 11:30:00 AM,14/07/2026 11:59:59 AM,0,0,A
ACCO_15e06beda2,NMI_df2d025267,DEVI_284a47f5e0,COMMS4D,06537#B1,Solar,14/07/2026 12:00:00 PM,14/07/2026 12:29:59 PM,1.824,0,A
ACCO_15e06beda2,NMI_df2d025267,DEVI_284a47f5e0,COMMS4D,06537#E1,Generalusage,14/07/2026 12:00:00 PM,14/07/2026 12:29:59 PM,0,0,A
ACCO_15e06beda2,NMI_df2d025267,DEVI_284a47f5e0,COMMS4D,06537#B1,Solar,14/07/2026 12:30:00 PM,14/07/2026 12:59:59 PM,0.575,0,A
ACCO_15e06beda2,NMI_df2d025267,DEVI_284a47f5e0,COMMS4D,06537#E1,Generalusage,14/07/2026 12:30:00 PM,14/07/2026 12:59:59 PM,0.003,0,A
ACCO_15e06beda2,NMI_df2d025267,DEVI_284a47f5e0,COMMS4D,06537#B1,Solar,14/07/2026 01:00:00 PM,14/07/2026 01:29:59 PM,0.004,0,A
ACCO_15e06beda2,NMI_df2d025267,DEVI_284a47f5e0,COMMS4D,06537#E1,Generalusage,14/07/2026 01:00:00 PM,14/07/2026 01:29:59 PM,0.002,0,A
ACCO_15e06beda2,NMI_df2d025267,DEVI_284a47f5e0,COMMS4D,06537#B1,Solar,14/07/2026 01:30:00 PM,14/07/2026 01:59:59 PM,0.003,0,A
ACCO_15e06beda2,NMI_df2d025267,DEVI_284a47f5e0,COMMS4D,06537#E1,Generalusage,14/07/2026 01:30:00 PM,14/07/2026 01:59:59 PM,0.001,0,A
ACCO_15e06beda2,NMI_df2d025267,DEVI_284a47f5e0,COMMS4D,06537#B1,Solar,14/07/2026 02:00:00 PM,14/07/2026 02:29:59 PM,0.004,0,A
ACCO_15e06beda2,NMI_df2d025267,DEVI_284a47f5e0,COMMS4D,06537#E1,Generalusage,14/07/2026 02:00:00 PM,14/07/2026 02:29:59 PM,0.001,0,A
ACCO_15e06beda2,NMI_df2d025267,DEVI_284a47f5e0,COMMS4D,06537#B1,Solar,14/07/2026 02:30:00 PM,14/07/2026 02:59:59 PM,0.134,0,A
ACCO_15e06beda2,NMI_df2d025267,DEVI_284a47f5e0,COMMS4D,06537#E1,Generalusage,14/07/2026 02:30:00 PM,14/07/2026 02:59:59 PM,0.002,0,A
ACCO_15e06beda2,NMI_df2d025267,DEVI_284a47f5e0,COMMS4D,06537#B1,Solar,14/07/2026 03:00:00 PM,14/07/2026 03:29:59 PM,0.019,0,A
ACCO_15e06beda2,NMI_df2d025267,DEVI_284a47f5e0,COMMS4D,06537#E1,Generalusage,14/07/2026 03:00:00 PM,14/07/2026 03:29:59 PM,0.002,0,A
ACCO_15e06beda2,NMI_df2d025267,DEVI_284a47f5e0,COMMS4D,06537#B1,Solar,14/07/2026 03:30:00 PM,14/07/2026 03:59:59 PM,0.526,0,A
ACCO_15e06beda2,NMI_df2d025267,DEVI_284a47f5e0,COMMS4D,06537#E1,Generalusage,14/07/2026 03:30:00 PM,14/07/2026 03:59:59 PM,0.006,0,A
ACCO_15e06beda2,NMI_df2d025267,DEVI_284a47f5e0,COMMS4D,06537#B1,Solar,14/07/2026 04:00:00 PM,14/07/2026 04:29:59 PM,0.706,0,A
ACCO_15e06beda2,NMI_df2d025267,DEVI_284a47f5e0,COMMS4D,06537#E1,Generalusage,14/07/2026 04:00:00 PM,14/07/2026 04:29:59 PM,0,0,A
ACCO_15e06beda2,NMI_df2d025267,DEVI_284a47f5e0,COMMS4D,06537#B1,Solar,14/07/2026 04:30:00 PM,14/07/2026 04:59:59 PM,0.004,0,A
ACCO_15e06beda2,NMI_df2d025267,DEVI_284a47f5e0,COMMS4D,06537#E1,Generalusage,14/07/2026 04:30:00 PM,14/07/2026 04:59:59 PM,0.002,0,A
ACCO_15e06beda2,NMI_df2d025267,DEVI_284a47f5e0,COMMS4D,06537#B1,Solar,14/07/2026 05:00:00 PM,14/07/2026 05:29:59 PM,0.003,0,A
ACCO_15e06beda2,NMI_df2d025267,DEVI_284a47f5e0,COMMS4D,06537#E1,Generalusage,14/07/2026 05:00:00 PM,14/07/2026 05:29:59 PM,0.001,0,A
ACCO_15e06beda2,NMI_df2d025267,DEVI_284a47f5e0,COMMS4D,06537#B1,Solar,14/07/2026 05:30:00 PM,14/07/2026 05:59:59 PM,0.003,0,A
ACCO_15e06beda2,NMI_df2d025267,DEVI_284a47f5e0,COMMS4D,06537#E1,Generalusage,14/07/2026 05:30:00 PM,14/07/2026 05:59:59 PM,0.001,0,A
ACCO_15e06beda2,NMI_df2d025267,DEVI_284a47f5e0,COMMS4D,06537#B1,Solar,14/07/2026 06:00:00 PM,14/07/2026 06:29:59 PM,0.003,0,A
ACCO_15e06beda2,NMI_df2d025267,DEVI_284a47f5e0,COMMS4D,06537#E1,Generalusage,14/07/2026 06:00:00 PM,14/07/2026 06:29:59 PM,0.001,0,A
ACCO_15e06beda2,NMI_df2d025267,DEVI_284a47f5e0,COMMS4D,06537#B1,Solar,14/07/2026 06:30:00 PM,14/07/2026 06:59:59 PM,0.003,0,A
ACCO_15e06beda2,NMI_df2d025267,DEVI_284a47f5e0,COMMS4D,06537#E1,Generalusage,14/07/2026 06:30:00 PM,14/07/2026 06:59:59 PM,0.002,0,A
ACCO_15e06beda2,NMI_df2d025267,DEVI_284a47f5e0,COMMS4D,06537#B1,Solar,14/07/2026 07:00:00 PM,14/07/2026 07:29:59 PM,0.003,0,A
ACCO_15e06beda2,NMI_df2d025267,DEVI_284a47f5e0,COMMS4D,06537#E1,Generalusage,14/07/2026 07:00:00 PM,14/07/2026 07:29:59 PM,0.003,0,A
ACCO_15e06beda2,NMI_df2d025267,DEVI_284a47f5e0,COMMS4D,06537#B1,Solar,14/07/2026 07:30:00 PM,14/07/2026 07:59:59 PM,0.003,0,A
ACCO_15e06beda2,NMI_df2d025267,DEVI_284a47f5e0,COMMS4D,06537#E1,Generalusage,14/07/2026 07:30:00 PM,14/07/2026 07:59:59 PM,0,0,A
ACCO_15e06beda2,NMI_df2d025267,DEVI_284a47f5e0,COMMS4D,06537#B1,Solar,14/07/2026 08:00:00 PM,14/07/2026 08:29:59 PM,0.003,0,A
ACCO_15e06beda2,NMI_df2d025267,DEVI_284a47f5e0,COMMS4D,06537#E1,Generalusage,14/07/2026 08:00:00 PM,14/07/2026 08:29:59 PM,0.001,0,A
ACCO_15e06beda2,NMI_df2d025267,DEVI_284a47f5e0,COMMS4D,06537#B1,Solar,14/07/2026 08:30:00 PM,14/07/2026 08:59:59 PM,0.003,0,A
ACCO_15e06beda2,NMI_df2d025267,DEVI_284a47f5e0,COMMS4D,06537#E1,Generalusage,14/07/2026 08:30:00 PM,14/07/2026 08:59:59 PM,0.001,0,A
ACCO_15e06beda2,NMI_df2d025267,DEVI_284a47f5e0,COMMS4D,06537#B1,Solar,14/07/2026 09:00:00 PM,14/07/2026 09:29:59 PM,0.003,0,A
ACCO_15e06beda2,NMI_df2d025267,DEVI_284a47f5e0,COMMS4D,06537#E1,Generalusage,14/07/2026 09:00:00 PM,14/07/2026 09:29:59 PM,0.001,0,A
ACCO_15e06beda2,NMI_df2d025267,DEVI_284a47f5e0,COMMS4D,06537#B1,Solar,14/07/2026 09:30:00 PM,14/07/2026 09:59:59 PM,0.003,0,A
ACCO_15e06beda2,NMI_df2d025267,DEVI_284a47f5e0,COMMS4D,06537#E1,Generalusage,14/07/2026 09:30:00 PM,14/07/2026 09:59:59 PM,0.001,0,A
ACCO_15e06beda2,NMI_df2d025267,DEVI_284a47f5e0,COMMS4D,06537#B1,Solar,14/07/2026 10:00:00 PM,14/07/2026 10:29:59 PM,0.002,0,A
ACCO_15e06beda2,NMI_df2d025267,DEVI_284a47f5e0,COMMS4D,06537#E1,Generalusage,14/07/2026 10:00:00 PM,14/07/2026 10:29:59 PM,0.001,0,A
ACCO_15e06beda2,NMI_df2d025267,DEVI_284a47f5e0,COMMS4D,06537#B1,Solar,14/07/2026 10:30:00 PM,14/07/2026 10:59:59 PM,0.003,0,A
ACCO_15e06beda2,NMI_df2d025267,DEVI_284a47f5e0,COMMS4D,06537#E1,Generalusage,14/07/2026 10:30:00 PM,14/07/2026 10:59:59 PM,0.001,0,A
ACCO_15e06beda2,NMI_df2d025267,DEVI_284a47f5e0,COMMS4D,06537#B1,Solar,14/07/2026 11:00:00 PM,14/07/2026 11:29:59 PM,0.003,0,A
ACCO_15e06beda2,NMI_df2d025267,DEVI_284a47f5e0,COMMS4D,06537#E1,Generalusage,14/07/2026 11:00:00 PM,14/07/2026 11:29:59 PM,0.001,0,A
ACCO_15e06beda2,NMI_df2d025267,DEVI_284a47f5e0,COMMS4D,06537#B1,Solar,14/07/2026 11:30:00 PM,14/07/2026 11:59:59 PM,0.004,0,A
ACCO_15e06beda2,NMI_df2d025267,DEVI_284a47f5e0,COMMS4D,06537#E1,Generalusage,14/07/2026 11:30:00 PM,14/07/2026 11:59:59 PM,0.001,0,A
ACCO_15e06beda2,NMI_df2d025267,DEVI_284a47f5e0,COMMS4D,06537#B1,Solar,15/07/2026 12:00:00 AM,15/07/2026 12:29:59 AM,0.003,0,A
ACCO_15e06beda2,NMI_df2d025267,DEVI_284a47f5e0,COMMS4D,06537#E1,Generalusage,15/07/2026 12:00:00 AM,15/07/2026 12:29:59 AM,0,0,A
ACCO_15e06beda2,NMI_df2d025267,DEVI_284a47f5e0,COMMS4D,06537#B1,Solar,15/07/2026 12:30:00 AM,15/07/2026 12:59:59 AM,0.002,0,A
ACCO_15e06beda2,NMI_df2d025267,DEVI_284a47f5e0,COMMS4D,06537#E1,Generalusage,15/07/2026 12:30:00 AM,15/07/2026 12:59:59 AM,0.001,0,A
ACCO_15e06beda2,NMI_df2d025267,DEVI_284a47f5e0,COMMS4D,06537#B1,Solar,15/07/2026 01:00:00 AM,15/07/2026 01:29:59 AM,0.003,0,A
ACCO_15e06beda2,NMI_df2d025267,DEVI_284a47f5e0,COMMS4D,06537#E1,Generalusage,15/07/2026 01:00:00 AM,15/07/2026 01:29:59 AM,0.001,0,A
ACCO_15e06beda2,NMI_df2d025267,DEVI_284a47f5e0,COMMS4D,06537#B1,Solar,15/07/2026 01:30:00 AM,15/07/2026 01:59:59 AM,0.002,0,A
ACCO_15e06beda2,NMI_df2d025267,DEVI_284a47f5e0,COMMS4D,06537#E1,Generalusage,15/07/2026 01:30:00 AM,15/07/2026 01:59:59 AM,0.001,0,A
ACCO_15e06beda2,NMI_df2d025267,DEVI_284a47f5e0,COMMS4D,06537#B1,Solar,15/07/2026 02:00:00 AM,15/07/2026 02:29:59 AM,0.002,0,A
ACCO_15e06beda2,NMI_df2d025267,DEVI_284a47f5e0,COMMS4D,06537#E1,Generalusage,15/07/2026 02:00:00 AM,15/07/2026 02:29:59 AM,0.001,0,A
ACCO_15e06beda2,NMI_df2d025267,DEVI_284a47f5e0,COMMS4D,06537#B1,Solar,15/07/2026 02:30:00 AM,15/07/2026 02:59:59 AM,0.002,0,A
ACCO_15e06beda2,NMI_df2d025267,DEVI_284a47f5e0,COMMS4D,06537#E1,Generalusage,15/07/2026 02:30:00 AM,15/07/2026 02:59:59 AM,0.001,0,A
ACCO_15e06beda2,NMI_df2d025267,DEVI_284a47f5e0,COMMS4D,06537#B1,Solar,15/07/2026 03:00:00 AM,15/07/2026 03:29:59 AM,0.002,0,A
ACCO_15e06beda2,NMI_df2d025267,DEVI_284a47f5e0,COMMS4D,06537#E1,Generalusage,15/07/2026 03:00:00 AM,15/07/2026 03:29:59 AM,0.002,0,A
ACCO_15e06beda2,NMI_df2d025267,DEVI_284a47f5e0,COMMS4D,06537#B1,Solar,15/07/2026 03:30:00 AM,15/07/2026 03:59:59 AM,0.001,0,A
ACCO_15e06beda2,NMI_df2d025267,DEVI_284a47f5e0,COMMS4D,06537#E1,Generalusage,15/07/2026 03:30:00 AM,15/07/2026 03:59:59 AM,0.001,0,A
ACCO_15e06beda2,NMI_df2d025267,DEVI_284a47f5e0,COMMS4D,06537#B1,Solar,15/07/2026 04:00:00 AM,15/07/2026 04:29:59 AM,0.002,0,A
ACCO_15e06beda2,NMI_df2d025267,DEVI_284a47f5e0,COMMS4D,06537#E1,Generalusage,15/07/2026 04:00:00 AM,15/07/2026 04:29:59 AM,0.002,0,A
ACCO_15e06beda2,NMI_df2d025267,DEVI_284a47f5e0,COMMS4D,06537#B1,Solar,15/07/2026 04:30:00 AM,15/07/2026 04:59:59 AM,0.001,0,A
ACCO_15e06beda2,NMI_df2d025267,DEVI_284a47f5e0,COMMS4D,06537#E1,Generalusage,15/07/2026 04:30:00 AM,15/07/2026 04:59:59 AM,0.001,0,A
ACCO_15e06beda2,NMI_df2d025267,DEVI_284a47f5e0,COMMS4D,06537#B1,Solar,15/07/2026 05:00:00 AM,15/07/2026 05:29:59 AM,0.001,0,A
ACCO_15e06beda2,NMI_df2d025267,DEVI_284a47f5e0,COMMS4D,06537#E1,Generalusage,15/07/2026 05:00:00 AM,15/07/2026 05:29:59 AM,0.002,0,A
ACCO_15e06beda2,NMI_df2d025267,DEVI_284a47f5e0,COMMS4D,06537#B1,Solar,15/07/2026 05:30:00 AM,15/07/2026 05:59:59 AM,0.002,0,A
ACCO_15e06beda2,NMI_df2d025267,DEVI_284a47f5e0,COMMS4D,06537#E1,Generalusage,15/07/2026 05:30:00 AM,15/07/2026 05:59:59 AM,0.002,0,A
ACCO_15e06beda2,NMI_df2d025267,DEVI_284a47f5e0,COMMS4D,06537#B1,Solar,15/07/2026 06:00:00 AM,15/07/2026 06:29:59 AM,0.001,0,A
ACCO_15e06beda2,NMI_df2d025267,DEVI_284a47f5e0,COMMS4D,06537#E1,Generalusage,15/07/2026 06:00:00 AM,15/07/2026 06:29:59 AM,0.001,0,A
ACCO_15e06beda2,NMI_df2d025267,DEVI_284a47f5e0,COMMS4D,06537#B1,Solar,15/07/2026 06:30:00 AM,15/07/2026 06:59:59 AM,0.002,0,A
ACCO_15e06beda2,NMI_df2d025267,DEVI_284a47f5e0,COMMS4D,06537#E1,Generalusage,15/07/2026 06:30:00 AM,15/07/2026 06:59:59 AM,0.002,0,A
ACCO_15e06beda2,NMI_df2d025267,DEVI_284a47f5e0,COMMS4D,06537#B1,Solar,15/07/2026 07:00:00 AM,15/07/2026 07:29:59 AM,0.002,0,A
ACCO_15e06beda2,NMI_df2d025267,DEVI_284a47f5e0,COMMS4D,06537#E1,Generalusage,15/07/2026 07:00:00 AM,15/07/2026 07:29:59 AM,0.001,0,A
ACCO_15e06beda2,NMI_df2d025267,DEVI_284a47f5e0,COMMS4D,06537#B1,Solar,15/07/2026 07:30:00 AM,15/07/2026 07:59:59 AM,0.003,0,A
ACCO_15e06beda2,NMI_df2d025267,DEVI_284a47f5e0,COMMS4D,06537#E1,Generalusage,15/07/2026 07:30:00 AM,15/07/2026 07:59:59 AM,0.001,0,A
ACCO_15e06beda2,NMI_df2d025267,DEVI_284a47f5e0,COMMS4D,06537#B1,Solar,15/07/2026 08:00:00 AM,15/07/2026 08:29:59 AM,0.002,0,A
ACCO_15e06beda2,NMI_df2d025267,DEVI_284a47f5e0,COMMS4D,06537#E1,Generalusage,15/07/2026 08:00:00 AM,15/07/2026 08:29:59 AM,0.002,0,A
ACCO_15e06beda2,NMI_df2d025267,DEVI_284a47f5e0,COMMS4D,06537#B1,Solar,15/07/2026 08:30:00 AM,15/07/2026 08:59:59 AM,0.001,0,A
ACCO_15e06beda2,NMI_df2d025267,DEVI_284a47f5e0,COMMS4D,06537#E1,Generalusage,15/07/2026 08:30:00 AM,15/07/2026 08:59:59 AM,0.001,0,A
ACCO_15e06beda2,NMI_df2d025267,DEVI_284a47f5e0,COMMS4D,06537#B1,Solar,15/07/2026 09:00:00 AM,15/07/2026 09:29:59 AM,0.004,0,A
ACCO_15e06beda2,NMI_df2d025267,DEVI_284a47f5e0,COMMS4D,06537#E1,Generalusage,15/07/2026 09:00:00 AM,15/07/2026 09:29:59 AM,0.001,0,A
ACCO_15e06beda2,NMI_df2d025267,DEVI_284a47f5e0,COMMS4D,06537#B1,Solar,15/07/2026 09:30:00 AM,15/07/2026 09:59:59 AM,0.003,0,A
ACCO_15e06beda2,NMI_df2d025267,DEVI_284a47f5e0,COMMS4D,06537#E1,Generalusage,15/07/2026 09:30:00 AM,15/07/2026 09:59:59 AM,0.001,0,A
ACCO_15e06beda2,NMI_df2d025267,DEVI_284a47f5e0,COMMS4D,06537#B1,Solar,15/07/2026 10:00:00 AM,15/07/2026 10:29:59 AM,0.003,0,A
ACCO_15e06beda2,NMI_df2d025267,DEVI_284a47f5e0,COMMS4D,06537#E1,Generalusage,15/07/2026 10:00:00 AM,15/07/2026 10:29:59 AM,0.001,0,A
ACCO_15e06beda2,NMI_df2d025267,DEVI_284a47f5e0,COMMS4D,06537#B1,Solar,15/07/2026 10:30:00 AM,15/07/2026 10:59:59 AM,0.237,0,A
ACCO_15e06beda2,NMI_df2d025267,DEVI_284a47f5e0,COMMS4D,06537#E1,Generalusage,15/07/2026 10:30:00 AM,15/07/2026 10:59:59 AM,0.001,0,A
ACCO_15e06beda2,NMI_df2d025267,DEVI_284a47f5e0,COMMS4D,06537#B1,Solar,15/07/2026 11:00:00 AM,15/07/2026 11:29:59 AM,2.284,0,A
ACCO_15e06beda2,NMI_df2d025267,DEVI_284a47f5e0,COMMS4D,06537#E1,Generalusage,15/07/2026 11:00:00 AM,15/07/2026 11:29:59 AM,0,0,A
ACCO_15e06beda2,NMI_df2d025267,DEVI_284a47f5e0,COMMS4D,06537#B1,Solar,15/07/2026 11:30:00 AM,15/07/2026 11:59:59 AM,3.106,0,A
ACCO_15e06beda2,NMI_df2d025267,DEVI_284a47f5e0,COMMS4D,06537#E1,Generalusage,15/07/2026 11:30:00 AM,15/07/2026 11:59:59 AM,0,0,A
ACCO_15e06beda2,NMI_df2d025267,DEVI_284a47f5e0,COMMS4D,06537#B1,Solar,15/07/2026 12:00:00 PM,15/07/2026 12:29:59 PM,3.197,0,A
ACCO_15e06beda2,NMI_df2d025267,DEVI_284a47f5e0,COMMS4D,06537#E1,Generalusage,15/07/2026 12:00:00 PM,15/07/2026 12:29:59 PM,0,0,A
ACCO_15e06beda2,NMI_df2d025267,DEVI_284a47f5e0,COMMS4D,06537#B1,Solar,15/07/2026 12:30:00 PM,15/07/2026 12:59:59 PM,3.053,0,A
ACCO_15e06beda2,NMI_df2d025267,DEVI_284a47f5e0,COMMS4D,06537#E1,Generalusage,15/07/2026 12:30:00 PM,15/07/2026 12:59:59 PM,0,0,A
ACCO_15e06beda2,NMI_df2d025267,DEVI_284a47f5e0,COMMS4D,06537#B1,Solar,15/07/2026 01:00:00 PM,15/07/2026 01:29:59 PM,2.539,0,A
ACCO_15e06beda2,NMI_df2d025267,DEVI_284a47f5e0,COMMS4D,06537#E1,Generalusage,15/07/2026 01:00:00 PM,15/07/2026 01:29:59 PM,0,0,A
ACCO_15e06beda2,NMI_df2d025267,DEVI_284a47f5e0,COMMS4D,06537#B1,Solar,15/07/2026 01:30:00 PM,15/07/2026 01:59:59 PM,3.034,0,A
ACCO_15e06beda2,NMI_df2d025267,DEVI_284a47f5e0,COMMS4D,06537#E1,Generalusage,15/07/2026 01:30:00 PM,15/07/2026 01:59:59 PM,0,0,A
ACCO_15e06beda2,NMI_df2d025267,DEVI_284a47f5e0,COMMS4D,06537#B1,Solar,15/07/2026 02:00:00 PM,15/07/2026 02:29:59 PM,1.772,0,A
ACCO_15e06beda2,NMI_df2d025267,DEVI_284a47f5e0,COMMS4D,06537#E1,Generalusage,15/07/2026 02:00:00 PM,15/07/2026 02:29:59 PM,0,0,A
ACCO_15e06beda2,NMI_df2d025267,DEVI_284a47f5e0,COMMS4D,06537#B1,Solar,15/07/2026 02:30:00 PM,15/07/2026 02:59:59 PM,2.005,0,A
ACCO_15e06beda2,NMI_df2d025267,DEVI_284a47f5e0,COMMS4D,06537#E1,Generalusage,15/07/2026 02:30:00 PM,15/07/2026 02:59:59 PM,0,0,A
ACCO_15e06beda2,NMI_df2d025267,DEVI_284a47f5e0,COMMS4D,06537#B1,Solar,15/07/2026 03:00:00 PM,15/07/2026 03:29:59 PM,1.531,0,A
ACCO_15e06beda2,NMI_df2d025267,DEVI_284a47f5e0,COMMS4D,06537#E1,Generalusage,15/07/2026 03:00:00 PM,15/07/2026 03:29:59 PM,0,0,A
ACCO_15e06beda2,NMI_df2d025267,DEVI_284a47f5e0,COMMS4D,06537#B1,Solar,15/07/2026 03:30:00 PM,15/07/2026 03:59:59 PM,1.028,0,A
ACCO_15e06beda2,NMI_df2d025267,DEVI_284a47f5e0,COMMS4D,06537#E1,Generalusage,15/07/2026 03:30:00 PM,15/07/2026 03:59:59 PM,0,0,A
ACCO_15e06beda2,NMI_df2d025267,DEVI_284a47f5e0,COMMS4D,06537#B1,Solar,15/07/2026 04:00:00 PM,15/07/2026 04:29:59 PM,0.369,0,A
ACCO_15e06beda2,NMI_df2d025267,DEVI_284a47f5e0,COMMS4D,06537#E1,Generalusage,15/07/2026 04:00:00 PM,15/07/2026 04:29:59 PM,0.001,0,A
ACCO_15e06beda2,NMI_df2d025267,DEVI_284a47f5e0,COMMS4D,06537#B1,Solar,15/07/2026 04:30:00 PM,15/07/2026 04:59:59 PM,0.003,0,A
ACCO_15e06beda2,NMI_df2d025267,DEVI_284a47f5e0,COMMS4D,06537#E1,Generalusage,15/07/2026 04:30:00 PM,15/07/2026 04:59:59 PM,0.001,0,A
ACCO_15e06beda2,NMI_df2d025267,DEVI_284a47f5e0,COMMS4D,06537#B1,Solar,15/07/2026 05:00:00 PM,15/07/2026 05:29:59 PM,0.003,0,A
ACCO_15e06beda2,NMI_df2d025267,DEVI_284a47f5e0,COMMS4D,06537#E1,Generalusage,15/07/2026 05:00:00 PM,15/07/2026 05:29:59 PM,0.001,0,A
ACCO_15e06beda2,NMI_df2d025267,DEVI_284a47f5e0,COMMS4D,06537#B1,Solar,15/07/2026 05:30:00 PM,15/07/2026 05:59:59 PM,0.002,0,A
ACCO_15e06beda2,NMI_df2d025267,DEVI_284a47f5e0,COMMS4D,06537#E1,Generalusage,15/07/2026 05:30:00 PM,15/07/2026 05:59:59 PM,0.001,0,A
ACCO_15e06beda2,NMI_df2d025267,DEVI_284a47f5e0,COMMS4D,06537#B1,Solar,15/07/2026 06:00:00 PM,15/07/2026 06:29:59 PM,0.002,0,A
ACCO_15e06beda2,NMI_df2d025267,DEVI_284a47f5e0,COMMS4D,06537#E1,Generalusage,15/07/2026 06:00:00 PM,15/07/2026 06:29:59 PM,0.001,0,A
ACCO_15e06beda2,NMI_df2d025267,DEVI_284a47f5e0,COMMS4D,06537#B1,Solar,15/07/2026 06:30:00 PM,15/07/2026 06:59:59 PM,0.002,0,A
ACCO_15e06beda2,NMI_df2d025267,DEVI_284a47f5e0,COMMS4D,06537#E1,Generalusage,15/07/2026 06:30:00 PM,15/07/2026 06:59:59 PM,0.002,0,A
ACCO_15e06beda2,NMI_df2d025267,DEVI_284a47f5e0,COMMS4D,06537#B1,Solar,15/07/2026 07:00:00 PM,15/07/2026 07:29:59 PM,0.005,0,A
ACCO_15e06beda2,NMI_df2d025267,DEVI_284a47f5e0,COMMS4D,06537#E1,Generalusage,15/07/2026 07:00:00 PM,15/07/2026 07:29:59 PM,0.003,0,A
ACCO_15e06beda2,NMI_df2d025267,DEVI_284a47f5e0,COMMS4D,06537#B1,Solar,15/07/2026 07:30:00 PM,15/07/2026 07:59:59 PM,0.002,0,A
ACCO_15e06beda2,NMI_df2d025267,DEVI_284a47f5e0,COMMS4D,06537#E1,Generalusage,15/07/2026 07:30:00 PM,15/07/2026 07:59:59 PM,0.001,0,A
ACCO_15e06beda2,NMI_df2d025267,DEVI_284a47f5e0,COMMS4D,06537#B1,Solar,15/07/2026 08:00:00 PM,15/07/2026 08:29:59 PM,0.003,0,A
ACCO_15e06beda2,NMI_df2d025267,DEVI_284a47f5e0,COMMS4D,06537#E1,Generalusage,15/07/2026 08:00:00 PM,15/07/2026 08:29:59 PM,0.001,0,A
ACCO_15e06beda2,NMI_df2d025267,DEVI_284a47f5e0,COMMS4D,06537#B1,Solar,15/07/2026 08:30:00 PM,15/07/2026 08:59:59 PM,0.003,0,A
ACCO_15e06beda2,NMI_df2d025267,DEVI_284a47f5e0,COMMS4D,06537#E1,Generalusage,15/07/2026 08:30:00 PM,15/07/2026 08:59:59 PM,0.001,0,A
ACCO_15e06beda2,NMI_df2d025267,DEVI_284a47f5e0,COMMS4D,06537#B1,Solar,15/07/2026 09:00:00 PM,15/07/2026 09:29:59 PM,0.002,0,A
ACCO_15e06beda2,NMI_df2d025267,DEVI_284a47f5e0,COMMS4D,06537#E1,Generalusage,15/07/2026 09:00:00 PM,15/07/2026 09:29:59 PM,0.001,0,A
ACCO_15e06beda2,NMI_df2d025267,DEVI_284a47f5e0,COMMS4D,06537#B1,Solar,15/07/2026 09:30:00 PM,15/07/2026 09:59:59 PM,0.003,0,A
ACCO_15e06beda2,NMI_df2d025267,DEVI_284a47f5e0,COMMS4D,06537#E1,Generalusage,15/07/2026 09:30:00 PM,15/07/2026 09:59:59 PM,0.001,0,A
ACCO_15e06beda2,NMI_df2d025267,DEVI_284a47f5e0,COMMS4D,06537#B1,Solar,15/07/2026 10:00:00 PM,15/07/2026 10:29:59 PM,0.003,0,A
ACCO_15e06beda2,NMI_df2d025267,DEVI_284a47f5e0,COMMS4D,06537#E1,Generalusage,15/07/2026 10:00:00 PM,15/07/2026 10:29:59 PM,0.001,0,A
ACCO_15e06beda2,NMI_df2d025267,DEVI_284a47f5e0,COMMS4D,06537#B1,Solar,15/07/2026 10:30:00 PM,15/07/2026 10:59:59 PM,0.001,0,A
ACCO_15e06beda2,NMI_df2d025267,DEVI_284a47f5e0,COMMS4D,06537#E1,Generalusage,15/07/2026 10:30:00 PM,15/07/2026 10:59:59 PM,0.002,0,A
ACCO_15e06beda2,NMI_df2d025267,DEVI_284a47f5e0,COMMS4D,06537#B1,Solar,15/07/2026 11:00:00 PM,15/07/2026 11:29:59 PM,0.002,0,A
ACCO_15e06beda2,NMI_df2d025267,DEVI_284a47f5e0,COMMS4D,06537#E1,Generalusage,15/07/2026 11:00:00 PM,15/07/2026 11:29:59 PM,0.001,0,A
ACCO_15e06beda2,NMI_df2d025267,DEVI_284a47f5e0,COMMS4D,06537#B1,Solar,15/07/2026 11:30:00 PM,15/07/2026 11:59:59 PM,0.001,0,A
ACCO_15e06beda2,NMI_df2d025267,DEVI_284a47f5e0,COMMS4D,06537#E1,Generalusage,15/07/2026 11:30:00 PM,15/07/2026 11:59:59 PM,0.002,0,A
ACCO_15e06beda2,NMI_df2d025267,DEVI_284a47f5e0,COMMS4D,06537#B1,Solar,16/07/2026 12:00:00 AM,16/07/2026 12:29:59 AM,0.003,0,A
ACCO_15e06beda2,NMI_df2d025267,DEVI_284a47f5e0,COMMS4D,06537#E1,Generalusage,16/07/2026 12:00:00 AM,16/07/2026 12:29:59 AM,0.001,0,A
ACCO_15e06beda2,NMI_df2d025267,DEVI_284a47f5e0,COMMS4D,06537#B1,Solar,16/07/2026 12:30:00 AM,16/07/2026 12:59:59 AM,0.002,0,A
ACCO_15e06beda2,NMI_df2d025267,DEVI_284a47f5e0,COMMS4D,06537#E1,Generalusage,16/07/2026 12:30:00 AM,16/07/2026 12:59:59 AM,0.001,0,A
ACCO_15e06beda2,NMI_df2d025267,DEVI_284a47f5e0,COMMS4D,06537#B1,Solar,16/07/2026 01:00:00 AM,16/07/2026 01:29:59 AM,0.002,0,A
ACCO_15e06beda2,NMI_df2d025267,DEVI_284a47f5e0,COMMS4D,06537#E1,Generalusage,16/07/2026 01:00:00 AM,16/07/2026 01:29:59 AM,0.002,0,A
ACCO_15e06beda2,NMI_df2d025267,DEVI_284a47f5e0,COMMS4D,06537#B1,Solar,16/07/2026 01:30:00 AM,16/07/2026 01:59:59 AM,0.002,0,A
ACCO_15e06beda2,NMI_df2d025267,DEVI_284a47f5e0,COMMS4D,06537#E1,Generalusage,16/07/2026 01:30:00 AM,16/07/2026 01:59:59 AM,0.001,0,A
ACCO_15e06beda2,NMI_df2d025267,DEVI_284a47f5e0,COMMS4D,06537#B1,Solar,16/07/2026 02:00:00 AM,16/07/2026 02:29:59 AM,0.002,0,A
ACCO_15e06beda2,NMI_df2d025267,DEVI_284a47f5e0,COMMS4D,06537#E1,Generalusage,16/07/2026 02:00:00 AM,16/07/2026 02:29:59 AM,0.002,0,A
ACCO_15e06beda2,NMI_df2d025267,DEVI_284a47f5e0,COMMS4D,06537#B1,Solar,16/07/2026 02:30:00 AM,16/07/2026 02:59:59 AM,0.002,0,A
ACCO_15e06beda2,NMI_df2d025267,DEVI_284a47f5e0,COMMS4D,06537#E1,Generalusage,16/07/2026 02:30:00 AM,16/07/2026 02:59:59 AM,0.002,0,A
ACCO_15e06beda2,NMI_df2d025267,DEVI_284a47f5e0,COMMS4D,06537#B1,Solar,16/07/2026 03:00:00 AM,16/07/2026 03:29:59 AM,0.001,0,A
ACCO_15e06beda2,NMI_df2d025267,DEVI_284a47f5e0,COMMS4D,06537#E1,Generalusage,16/07/2026 03:00:00 AM,16/07/2026 03:29:59 AM,0.002,0,A
ACCO_15e06beda2,NMI_df2d025267,DEVI_284a47f5e0,COMMS4D,06537#B1,Solar,16/07/2026 03:30:00 AM,16/07/2026 03:59:59 AM,0.002,0,A
ACCO_15e06beda2,NMI_df2d025267,DEVI_284a47f5e0,COMMS4D,06537#E1,Generalusage,16/07/2026 03:30:00 AM,16/07/2026 03:59:59 AM,0.002,0,A
ACCO_15e06beda2,NMI_df2d025267,DEVI_284a47f5e0,COMMS4D,06537#B1,Solar,16/07/2026 04:00:00 AM,16/07/2026 04:29:59 AM,0.002,0,A
ACCO_15e06beda2,NMI_df2d025267,DEVI_284a47f5e0,COMMS4D,06537#E1,Generalusage,16/07/2026 04:00:00 AM,16/07/2026 04:29:59 AM,0.002,0,A
ACCO_15e06beda2,NMI_df2d025267,DEVI_284a47f5e0,COMMS4D,06537#B1,Solar,16/07/2026 04:30:00 AM,16/07/2026 04:59:59 AM,0.001,0,A
ACCO_15e06beda2,NMI_df2d025267,DEVI_284a47f5e0,COMMS4D,06537#E1,Generalusage,16/07/2026 04:30:00 AM,16/07/2026 04:59:59 AM,0.002,0,A
ACCO_15e06beda2,NMI_df2d025267,DEVI_284a47f5e0,COMMS4D,06537#B1,Solar,16/07/2026 05:00:00 AM,16/07/2026 05:29:59 AM,0.002,0,A
ACCO_15e06beda2,NMI_df2d025267,DEVI_284a47f5e0,COMMS4D,06537#E1,Generalusage,16/07/2026 05:00:00 AM,16/07/2026 05:29:59 AM,0.002,0,A
ACCO_15e06beda2,NMI_df2d025267,DEVI_284a47f5e0,COMMS4D,06537#B1,Solar,16/07/2026 05:30:00 AM,16/07/2026 05:59:59 AM,0.002,0,A
ACCO_15e06beda2,NMI_df2d025267,DEVI_284a47f5e0,COMMS4D,06537#E1,Generalusage,16/07/2026 05:30:00 AM,16/07/2026 05:59:59 AM,0.002,0,A
ACCO_15e06beda2,NMI_df2d025267,DEVI_284a47f5e0,COMMS4D,06537#B1,Solar,16/07/2026 06:00:00 AM,16/07/2026 06:29:59 AM,0.002,0,A
ACCO_15e06beda2,NMI_df2d025267,DEVI_284a47f5e0,COMMS4D,06537#E1,Generalusage,16/07/2026 06:00:00 AM,16/07/2026 06:29:59 AM,0.001,0,A
ACCO_15e06beda2,NMI_df2d025267,DEVI_284a47f5e0,COMMS4D,06537#B1,Solar,16/07/2026 06:30:00 AM,16/07/2026 06:59:59 AM,0.002,0,A
ACCO_15e06beda2,NMI_df2d025267,DEVI_284a47f5e0,COMMS4D,06537#E1,Generalusage,16/07/2026 06:30:00 AM,16/07/2026 06:59:59 AM,0.001,0,A
ACCO_15e06beda2,NMI_df2d025267,DEVI_284a47f5e0,COMMS4D,06537#B1,Solar,16/07/2026 07:00:00 AM,16/07/2026 07:29:59 AM,0.003,0,A
ACCO_15e06beda2,NMI_df2d025267,DEVI_284a47f5e0,COMMS4D,06537#E1,Generalusage,16/07/2026 07:00:00 AM,16/07/2026 07:29:59 AM,0.001,0,A
ACCO_15e06beda2,NMI_df2d025267,DEVI_284a47f5e0,COMMS4D,06537#B1,Solar,16/07/2026 07:30:00 AM,16/07/2026 07:59:59 AM,0.003,0,A
ACCO_15e06beda2,NMI_df2d025267,DEVI_284a47f5e0,COMMS4D,06537#E1,Generalusage,16/07/2026 07:30:00 AM,16/07/2026 07:59:59 AM,0.001,0,A
ACCO_15e06beda2,NMI_df2d025267,DEVI_284a47f5e0,COMMS4D,06537#B1,Solar,16/07/2026 08:00:00 AM,16/07/2026 08:29:59 AM,0.003,0,A
ACCO_15e06beda2,NMI_df2d025267,DEVI_284a47f5e0,COMMS4D,06537#E1,Generalusage,16/07/2026 08:00:00 AM,16/07/2026 08:29:59 AM,0.001,0,A
ACCO_15e06beda2,NMI_df2d025267,DEVI_284a47f5e0,COMMS4D,06537#B1,Solar,16/07/2026 08:30:00 AM,16/07/2026 08:59:59 AM,0.003,0,A
ACCO_15e06beda2,NMI_df2d025267,DEVI_284a47f5e0,COMMS4D,06537#E1,Generalusage,16/07/2026 08:30:00 AM,16/07/2026 08:59:59 AM,0,0,A
ACCO_15e06beda2,NMI_df2d025267,DEVI_284a47f5e0,COMMS4D,06537#B1,Solar,16/07/2026 09:00:00 AM,16/07/2026 09:29:59 AM,0.003,0,A
ACCO_15e06beda2,NMI_df2d025267,DEVI_284a47f5e0,COMMS4D,06537#E1,Generalusage,16/07/2026 09:00:00 AM,16/07/2026 09:29:59 AM,0.001,0,A
ACCO_15e06beda2,NMI_df2d025267,DEVI_284a47f5e0,COMMS4D,06537#B1,Solar,16/07/2026 09:30:00 AM,16/07/2026 09:59:59 AM,0.004,0,A
ACCO_15e06beda2,NMI_df2d025267,DEVI_284a47f5e0,COMMS4D,06537#E1,Generalusage,16/07/2026 09:30:00 AM,16/07/2026 09:59:59 AM,0.001,0,A
ACCO_15e06beda2,NMI_df2d025267,DEVI_284a47f5e0,COMMS4D,06537#B1,Solar,16/07/2026 10:00:00 AM,16/07/2026 10:29:59 AM,0.002,0,A
ACCO_15e06beda2,NMI_df2d025267,DEVI_284a47f5e0,COMMS4D,06537#E1,Generalusage,16/07/2026 10:00:00 AM,16/07/2026 10:29:59 AM,0.002,0,A
ACCO_15e06beda2,NMI_df2d025267,DEVI_284a47f5e0,COMMS4D,06537#B1,Solar,16/07/2026 10:30:00 AM,16/07/2026 10:59:59 AM,0.003,0,A
ACCO_15e06beda2,NMI_df2d025267,DEVI_284a47f5e0,COMMS4D,06537#E1,Generalusage,16/07/2026 10:30:00 AM,16/07/2026 10:59:59 AM,0,0,A
ACCO_15e06beda2,NMI_df2d025267,DEVI_284a47f5e0,COMMS4D,06537#B1,Solar,16/07/2026 11:00:00 AM,16/07/2026 11:29:59 AM,0.003,0,A
ACCO_15e06beda2,NMI_df2d025267,DEVI_284a47f5e0,COMMS4D,06537#E1,Generalusage,16/07/2026 11:00:00 AM,16/07/2026 11:29:59 AM,0.001,0,A
ACCO_15e06beda2,NMI_df2d025267,DEVI_284a47f5e0,COMMS4D,06537#B1,Solar,16/07/2026 11:30:00 AM,16/07/2026 11:59:59 AM,1.302,0,A
ACCO_15e06beda2,NMI_df2d025267,DEVI_284a47f5e0,COMMS4D,06537#E1,Generalusage,16/07/2026 11:30:00 AM,16/07/2026 11:59:59 AM,0.002,0,A
ACCO_15e06beda2,NMI_df2d025267,DEVI_284a47f5e0,COMMS4D,06537#B1,Solar,16/07/2026 12:00:00 PM,16/07/2026 12:29:59 PM,2.503,0,A
ACCO_15e06beda2,NMI_df2d025267,DEVI_284a47f5e0,COMMS4D,06537#E1,Generalusage,16/07/2026 12:00:00 PM,16/07/2026 12:29:59 PM,0,0,A
ACCO_15e06beda2,NMI_df2d025267,DEVI_284a47f5e0,COMMS4D,06537#B1,Solar,16/07/2026 12:30:00 PM,16/07/2026 12:59:59 PM,2.567,0,A
ACCO_15e06beda2,NMI_df2d025267,DEVI_284a47f5e0,COMMS4D,06537#E1,Generalusage,16/07/2026 12:30:00 PM,16/07/2026 12:59:59 PM,0,0,A
ACCO_15e06beda2,NMI_df2d025267,DEVI_284a47f5e0,COMMS4D,06537#B1,Solar,16/07/2026 01:00:00 PM,16/07/2026 01:29:59 PM,2.449,0,A
ACCO_15e06beda2,NMI_df2d025267,DEVI_284a47f5e0,COMMS4D,06537#E1,Generalusage,16/07/2026 01:00:00 PM,16/07/2026 01:29:59 PM,0,0,A
ACCO_15e06beda2,NMI_df2d025267,DEVI_284a47f5e0,COMMS4D,06537#B1,Solar,16/07/2026 01:30:00 PM,16/07/2026 01:59:59 PM,2.758,0,A
ACCO_15e06beda2,NMI_df2d025267,DEVI_284a47f5e0,COMMS4D,06537#E1,Generalusage,16/07/2026 01:30:00 PM,16/07/2026 01:59:59 PM,0,0,A
ACCO_15e06beda2,NMI_df2d025267,DEVI_284a47f5e0,COMMS4D,06537#B1,Solar,16/07/2026 02:00:00 PM,16/07/2026 02:29:59 PM,2.382,0,A
ACCO_15e06beda2,NMI_df2d025267,DEVI_284a47f5e0,COMMS4D,06537#E1,Generalusage,16/07/2026 02:00:00 PM,16/07/2026 02:29:59 PM,0,0,A
ACCO_15e06beda2,NMI_df2d025267,DEVI_284a47f5e0,COMMS4D,06537#B1,Solar,16/07/2026 02:30:00 PM,16/07/2026 02:59:59 PM,2.119,0,A
ACCO_15e06beda2,NMI_df2d025267,DEVI_284a47f5e0,COMMS4D,06537#E1,Generalusage,16/07/2026 02:30:00 PM,16/07/2026 02:59:59 PM,0,0,A
ACCO_15e06beda2,NMI_df2d025267,DEVI_284a47f5e0,COMMS4D,06537#B1,Solar,16/07/2026 03:00:00 PM,16/07/2026 03:29:59 PM,1.028,0,A
ACCO_15e06beda2,NMI_df2d025267,DEVI_284a47f5e0,COMMS4D,06537#E1,Generalusage,16/07/2026 03:00:00 PM,16/07/2026 03:29:59 PM,0,0,A
ACCO_15e06beda2,NMI_df2d025267,DEVI_284a47f5e0,COMMS4D,06537#B1,Solar,16/07/2026 03:30:00 PM,16/07/2026 03:59:59 PM,1.329,0,A
ACCO_15e06beda2,NMI_df2d025267,DEVI_284a47f5e0,COMMS4D,06537#E1,Generalusage,16/07/2026 03:30:00 PM,16/07/2026 03:59:59 PM,0,0,A
ACCO_15e06beda2,NMI_df2d025267,DEVI_284a47f5e0,COMMS4D,06537#B1,Solar,16/07/2026 04:00:00 PM,16/07/2026 04:29:59 PM,0.605,0,A
ACCO_15e06beda2,NMI_df2d025267,DEVI_284a47f5e0,COMMS4D,06537#E1,Generalusage,16/07/2026 04:00:00 PM,16/07/2026 04:29:59 PM,0.001,0,A
ACCO_15e06beda2,NMI_df2d025267,DEVI_284a47f5e0,COMMS4D,06537#B1,Solar,16/07/2026 04:30:00 PM,16/07/2026 04:59:59 PM,0.003,0,A
ACCO_15e06beda2,NMI_df2d025267,DEVI_284a47f5e0,COMMS4D,06537#E1,Generalusage,16/07/2026 04:30:00 PM,16/07/2026 04:59:59 PM,0.001,0,A
ACCO_15e06beda2,NMI_df2d025267,DEVI_284a47f5e0,COMMS4D,06537#B1,Solar,16/07/2026 05:00:00 PM,16/07/2026 05:29:59 PM,0.003,0,A
ACCO_15e06beda2,NMI_df2d025267,DEVI_284a47f5e0,COMMS4D,06537#E1,Generalusage,16/07/2026 05:00:00 PM,16/07/2026 05:29:59 PM,0.001,0,A
ACCO_15e06beda2,NMI_df2d025267,DEVI_284a47f5e0,COMMS4D,06537#B1,Solar,16/07/2026 05:30:00 PM,16/07/2026 05:59:59 PM,0.003,0,A
ACCO_15e06beda2,NMI_df2d025267,DEVI_284a47f5e0,COMMS4D,06537#E1,Generalusage,16/07/2026 05:30:00 PM,16/07/2026 05:59:59 PM,0.001,0,A
ACCO_15e06beda2,NMI_df2d025267,DEVI_284a47f5e0,COMMS4D,06537#B1,Solar,16/07/2026 06:00:00 PM,16/07/2026 06:29:59 PM,0.003,0,A
ACCO_15e06beda2,NMI_df2d025267,DEVI_284a47f5e0,COMMS4D,06537#E1,Generalusage,16/07/2026 06:00:00 PM,16/07/2026 06:29:59 PM,0.001,0,A
ACCO_15e06beda2,NMI_df2d025267,DEVI_284a47f5e0,COMMS4D,06537#B1,Solar,16/07/2026 06:30:00 PM,16/07/2026 06:59:59 PM,0.002,0,A
ACCO_15e06beda2,NMI_df2d025267,DEVI_284a47f5e0,COMMS4D,06537#E1,Generalusage,16/07/2026 06:30:00 PM,16/07/2026 06:59:59 PM,0.001,0,A
ACCO_15e06beda2,NMI_df2d025267,DEVI_284a47f5e0,COMMS4D,06537#B1,Solar,16/07/2026 07:00:00 PM,16/07/2026 07:29:59 PM,0.002,0,A
ACCO_15e06beda2,NMI_df2d025267,DEVI_284a47f5e0,COMMS4D,06537#E1,Generalusage,16/07/2026 07:00:00 PM,16/07/2026 07:29:59 PM,0.001,0,A
ACCO_15e06beda2,NMI_df2d025267,DEVI_284a47f5e0,COMMS4D,06537#B1,Solar,16/07/2026 07:30:00 PM,16/07/2026 07:59:59 PM,0.004,0,A
ACCO_15e06beda2,NMI_df2d025267,DEVI_284a47f5e0,COMMS4D,06537#E1,Generalusage,16/07/2026 07:30:00 PM,16/07/2026 07:59:59 PM,0.002,0,A
ACCO_15e06beda2,NMI_df2d025267,DEVI_284a47f5e0,COMMS4D,06537#B1,Solar,16/07/2026 08:00:00 PM,16/07/2026 08:29:59 PM,0.002,0,A
ACCO_15e06beda2,NMI_df2d025267,DEVI_284a47f5e0,COMMS4D,06537#E1,Generalusage,16/07/2026 08:00:00 PM,16/07/2026 08:29:59 PM,0.001,0,A
ACCO_15e06beda2,NMI_df2d025267,DEVI_284a47f5e0,COMMS4D,06537#B1,Solar,16/07/2026 08:30:00 PM,16/07/2026 08:59:59 PM,0.003,0,A
ACCO_15e06beda2,NMI_df2d025267,DEVI_284a47f5e0,COMMS4D,06537#E1,Generalusage,16/07/2026 08:30:00 PM,16/07/2026 08:59:59 PM,0,0,A
ACCO_15e06beda2,NMI_df2d025267,DEVI_284a47f5e0,COMMS4D,06537#B1,Solar,16/07/2026 09:00:00 PM,16/07/2026 09:29:59 PM,0.002,0,A
ACCO_15e06beda2,NMI_df2d025267,DEVI_284a47f5e0,COMMS4D,06537#E1,Generalusage,16/07/2026 09:00:00 PM,16/07/2026 09:29:59 PM,0.001,0,A
ACCO_15e06beda2,NMI_df2d025267,DEVI_284a47f5e0,COMMS4D,06537#B1,Solar,16/07/2026 09:30:00 PM,16/07/2026 09:59:59 PM,0.004,0,A
ACCO_15e06beda2,NMI_df2d025267,DEVI_284a47f5e0,COMMS4D,06537#E1,Generalusage,16/07/2026 09:30:00 PM,16/07/2026 09:59:59 PM,0.001,0,A
ACCO_15e06beda2,NMI_df2d025267,DEVI_284a47f5e0,COMMS4D,06537#B1,Solar,16/07/2026 10:00:00 PM,16/07/2026 10:29:59 PM,0.003,0,A
ACCO_15e06beda2,NMI_df2d025267,DEVI_284a47f5e0,COMMS4D,06537#E1,Generalusage,16/07/2026 10:00:00 PM,16/07/2026 10:29:59 PM,0.001,0,A
ACCO_15e06beda2,NMI_df2d025267,DEVI_284a47f5e0,COMMS4D,06537#B1,Solar,16/07/2026 10:30:00 PM,16/07/2026 10:59:59 PM,0.002,0,A
ACCO_15e06beda2,NMI_df2d025267,DEVI_284a47f5e0,COMMS4D,06537#E1,Generalusage,16/07/2026 10:30:00 PM,16/07/2026 10:59:59 PM,0.001,0,A
ACCO_15e06beda2,NMI_df2d025267,DEVI_284a47f5e0,COMMS4D,06537#B1,Solar,16/07/2026 11:00:00 PM,16/07/2026 11:29:59 PM,0.003,0,A
ACCO_15e06beda2,NMI_df2d025267,DEVI_284a47f5e0,COMMS4D,06537#E1,Generalusage,16/07/2026 11:00:00 PM,16/07/2026 11:29:59 PM,0,0,A
ACCO_15e06beda2,NMI_df2d025267,DEVI_284a47f5e0,COMMS4D,06537#B1,Solar,16/07/2026 11:30:00 PM,16/07/2026 11:59:59 PM,0.003,0,A
ACCO_15e06beda2,NMI_df2d025267,DEVI_284a47f5e0,COMMS4D,06537#E1,Generalusage,16/07/2026 11:30:00 PM,16/07/2026 11:59:59 PM,0.001,0,A
ACCO_15e06beda2,NMI_df2d025267,DEVI_284a47f5e0,COMMS4D,06537#B1,Solar,17/07/2026 12:00:00 AM,17/07/2026 12:29:59 AM,0.002,0,A
ACCO_15e06beda2,NMI_df2d025267,DEVI_284a47f5e0,COMMS4D,06537#E1,Generalusage,17/07/2026 12:00:00 AM,17/07/2026 12:29:59 AM,0.001,0,A
ACCO_15e06beda2,NMI_df2d025267,DEVI_284a47f5e0,COMMS4D,06537#B1,Solar,17/07/2026 12:30:00 AM,17/07/2026 12:59:59 AM,0.003,0,A
ACCO_15e06beda2,NMI_df2d025267,DEVI_284a47f5e0,COMMS4D,06537#E1,Generalusage,17/07/2026 12:30:00 AM,17/07/2026 12:59:59 AM,0.001,0,A
ACCO_15e06beda2,NMI_df2d025267,DEVI_284a47f5e0,COMMS4D,06537#B1,Solar,17/07/2026 01:00:00 AM,17/07/2026 01:29:59 AM,0.002,0,A
ACCO_15e06beda2,NMI_df2d025267,DEVI_284a47f5e0,COMMS4D,06537#E1,Generalusage,17/07/2026 01:00:00 AM,17/07/2026 01:29:59 AM,0.001,0,A
ACCO_15e06beda2,NMI_df2d025267,DEVI_284a47f5e0,COMMS4D,06537#B1,Solar,17/07/2026 01:30:00 AM,17/07/2026 01:59:59 AM,0.001,0,A
ACCO_15e06beda2,NMI_df2d025267,DEVI_284a47f5e0,COMMS4D,06537#E1,Generalusage,17/07/2026 01:30:00 AM,17/07/2026 01:59:59 AM,0.002,0,A
ACCO_15e06beda2,NMI_df2d025267,DEVI_284a47f5e0,COMMS4D,06537#B1,Solar,17/07/2026 02:00:00 AM,17/07/2026 02:29:59 AM,0.002,0,A
ACCO_15e06beda2,NMI_df2d025267,DEVI_284a47f5e0,COMMS4D,06537#E1,Generalusage,17/07/2026 02:00:00 AM,17/07/2026 02:29:59 AM,0.001,0,A
ACCO_15e06beda2,NMI_df2d025267,DEVI_284a47f5e0,COMMS4D,06537#B1,Solar,17/07/2026 02:30:00 AM,17/07/2026 02:59:59 AM,0.001,0,A
ACCO_15e06beda2,NMI_df2d025267,DEVI_284a47f5e0,COMMS4D,06537#E1,Generalusage,17/07/2026 02:30:00 AM,17/07/2026 02:59:59 AM,0.002,0,A
ACCO_15e06beda2,NMI_df2d025267,DEVI_284a47f5e0,COMMS4D,06537#B1,Solar,17/07/2026 03:00:00 AM,17/07/2026 03:29:59 AM,0.001,0,A
ACCO_15e06beda2,NMI_df2d025267,DEVI_284a47f5e0,COMMS4D,06537#E1,Generalusage,17/07/2026 03:00:00 AM,17/07/2026 03:29:59 AM,0.002,0,A
ACCO_15e06beda2,NMI_df2d025267,DEVI_284a47f5e0,COMMS4D,06537#B1,Solar,17/07/2026 03:30:00 AM,17/07/2026 03:59:59 AM,0.003,0,A
ACCO_15e06beda2,NMI_df2d025267,DEVI_284a47f5e0,COMMS4D,06537#E1,Generalusage,17/07/2026 03:30:00 AM,17/07/2026 03:59:59 AM,0.001,0,A
ACCO_15e06beda2,NMI_df2d025267,DEVI_284a47f5e0,COMMS4D,06537#B1,Solar,17/07/2026 04:00:00 AM,17/07/2026 04:29:59 AM,0.002,0,A
ACCO_15e06beda2,NMI_df2d025267,DEVI_284a47f5e0,COMMS4D,06537#E1,Generalusage,17/07/2026 04:00:00 AM,17/07/2026 04:29:59 AM,0.001,0,A
ACCO_15e06beda2,NMI_df2d025267,DEVI_284a47f5e0,COMMS4D,06537#B1,Solar,17/07/2026 04:30:00 AM,17/07/2026 04:59:59 AM,0.002,0,A
ACCO_15e06beda2,NMI_df2d025267,DEVI_284a47f5e0,COMMS4D,06537#E1,Generalusage,17/07/2026 04:30:00 AM,17/07/2026 04:59:59 AM,0.001,0,A
ACCO_15e06beda2,NMI_df2d025267,DEVI_284a47f5e0,COMMS4D,06537#B1,Solar,17/07/2026 05:00:00 AM,17/07/2026 05:29:59 AM,0.001,0,A
ACCO_15e06beda2,NMI_df2d025267,DEVI_284a47f5e0,COMMS4D,06537#E1,Generalusage,17/07/2026 05:00:00 AM,17/07/2026 05:29:59 AM,0.001,0,A
ACCO_15e06beda2,NMI_df2d025267,DEVI_284a47f5e0,COMMS4D,06537#B1,Solar,17/07/2026 05:30:00 AM,17/07/2026 05:59:59 AM,0.002,0,A
ACCO_15e06beda2,NMI_df2d025267,DEVI_284a47f5e0,COMMS4D,06537#E1,Generalusage,17/07/2026 05:30:00 AM,17/07/2026 05:59:59 AM,0.002,0,A
ACCO_15e06beda2,NMI_df2d025267,DEVI_284a47f5e0,COMMS4D,06537#B1,Solar,17/07/2026 06:00:00 AM,17/07/2026 06:29:59 AM,0.001,0,A
ACCO_15e06beda2,NMI_df2d025267,DEVI_284a47f5e0,COMMS4D,06537#E1,Generalusage,17/07/2026 06:00:00 AM,17/07/2026 06:29:59 AM,0.002,0,A
ACCO_15e06beda2,NMI_df2d025267,DEVI_284a47f5e0,COMMS4D,06537#B1,Solar,17/07/2026 06:30:00 AM,17/07/2026 06:59:59 AM,0.001,0,A
ACCO_15e06beda2,NMI_df2d025267,DEVI_284a47f5e0,COMMS4D,06537#E1,Generalusage,17/07/2026 06:30:00 AM,17/07/2026 06:59:59 AM,0.002,0,A
ACCO_15e06beda2,NMI_df2d025267,DEVI_284a47f5e0,COMMS4D,06537#B1,Solar,17/07/2026 07:00:00 AM,17/07/2026 07:29:59 AM,0.004,0,A
ACCO_15e06beda2,NMI_df2d025267,DEVI_284a47f5e0,COMMS4D,06537#E1,Generalusage,17/07/2026 07:00:00 AM,17/07/2026 07:29:59 AM,0.001,0,A
ACCO_15e06beda2,NMI_df2d025267,DEVI_284a47f5e0,COMMS4D,06537#B1,Solar,17/07/2026 07:30:00 AM,17/07/2026 07:59:59 AM,0.002,0,A
ACCO_15e06beda2,NMI_df2d025267,DEVI_284a47f5e0,COMMS4D,06537#E1,Generalusage,17/07/2026 07:30:00 AM,17/07/2026 07:59:59 AM,0.002,0,A
ACCO_15e06beda2,NMI_df2d025267,DEVI_284a47f5e0,COMMS4D,06537#B1,Solar,17/07/2026 08:00:00 AM,17/07/2026 08:29:59 AM,0.002,0,A
ACCO_15e06beda2,NMI_df2d025267,DEVI_284a47f5e0,COMMS4D,06537#E1,Generalusage,17/07/2026 08:00:00 AM,17/07/2026 08:29:59 AM,0.001,0,A
ACCO_15e06beda2,NMI_df2d025267,DEVI_284a47f5e0,COMMS4D,06537#B1,Solar,17/07/2026 08:30:00 AM,17/07/2026 08:59:59 AM,0.002,0,A
ACCO_15e06beda2,NMI_df2d025267,DEVI_284a47f5e0,COMMS4D,06537#E1,Generalusage,17/07/2026 08:30:00 AM,17/07/2026 08:59:59 AM,0.002,0,A
ACCO_15e06beda2,NMI_df2d025267,DEVI_284a47f5e0,COMMS4D,06537#B1,Solar,17/07/2026 09:00:00 AM,17/07/2026 09:29:59 AM,0.003,0,A
ACCO_15e06beda2,NMI_df2d025267,DEVI_284a47f5e0,COMMS4D,06537#E1,Generalusage,17/07/2026 09:00:00 AM,17/07/2026 09:29:59 AM,0.001,0,A
ACCO_15e06beda2,NMI_df2d025267,DEVI_284a47f5e0,COMMS4D,06537#B1,Solar,17/07/2026 09:30:00 AM,17/07/2026 09:59:59 AM,0.003,0,A
ACCO_15e06beda2,NMI_df2d025267,DEVI_284a47f5e0,COMMS4D,06537#E1,Generalusage,17/07/2026 09:30:00 AM,17/07/2026 09:59:59 AM,0.001,0,A
ACCO_15e06beda2,NMI_df2d025267,DEVI_284a47f5e0,COMMS4D,06537#B1,Solar,17/07/2026 10:00:00 AM,17/07/2026 10:29:59 AM,0.004,0,A
ACCO_15e06beda2,NMI_df2d025267,DEVI_284a47f5e0,COMMS4D,06537#E1,Generalusage,17/07/2026 10:00:00 AM,17/07/2026 10:29:59 AM,0.002,0,A
ACCO_15e06beda2,NMI_df2d025267,DEVI_284a47f5e0,COMMS4D,06537#B1,Solar,17/07/2026 10:30:00 AM,17/07/2026 10:59:59 AM,0.003,0,A
ACCO_15e06beda2,NMI_df2d025267,DEVI_284a47f5e0,COMMS4D,06537#E1,Generalusage,17/07/2026 10:30:00 AM,17/07/2026 10:59:59 AM,0.002,0,A
ACCO_15e06beda2,NMI_df2d025267,DEVI_284a47f5e0,COMMS4D,06537#B1,Solar,17/07/2026 11:00:00 AM,17/07/2026 11:29:59 AM,0.004,0,A
ACCO_15e06beda2,NMI_df2d025267,DEVI_284a47f5e0,COMMS4D,06537#E1,Generalusage,17/07/2026 11:00:00 AM,17/07/2026 11:29:59 AM,0.002,0,A
ACCO_15e06beda2,NMI_df2d025267,DEVI_284a47f5e0,COMMS4D,06537#B1,Solar,17/07/2026 11:30:00 AM,17/07/2026 11:59:59 AM,0.003,0,A
ACCO_15e06beda2,NMI_df2d025267,DEVI_284a47f5e0,COMMS4D,06537#E1,Generalusage,17/07/2026 11:30:00 AM,17/07/2026 11:59:59 AM,0.001,0,A
ACCO_15e06beda2,NMI_df2d025267,DEVI_284a47f5e0,COMMS4D,06537#B1,Solar,17/07/2026 12:00:00 PM,17/07/2026 12:29:59 PM,0.003,0,A
ACCO_15e06beda2,NMI_df2d025267,DEVI_284a47f5e0,COMMS4D,06537#E1,Generalusage,17/07/2026 12:00:00 PM,17/07/2026 12:29:59 PM,0.001,0,A
ACCO_15e06beda2,NMI_df2d025267,DEVI_284a47f5e0,COMMS4D,06537#B1,Solar,17/07/2026 12:30:00 PM,17/07/2026 12:59:59 PM,0.003,0,A
ACCO_15e06beda2,NMI_df2d025267,DEVI_284a47f5e0,COMMS4D,06537#E1,Generalusage,17/07/2026 12:30:00 PM,17/07/2026 12:59:59 PM,0.001,0,A
ACCO_15e06beda2,NMI_df2d025267,DEVI_284a47f5e0,COMMS4D,06537#B1,Solar,17/07/2026 01:00:00 PM,17/07/2026 01:29:59 PM,0.004,0,A
ACCO_15e06beda2,NMI_df2d025267,DEVI_284a47f5e0,COMMS4D,06537#E1,Generalusage,17/07/2026 01:00:00 PM,17/07/2026 01:29:59 PM,0.001,0,A
ACCO_15e06beda2,NMI_df2d025267,DEVI_284a47f5e0,COMMS4D,06537#B1,Solar,17/07/2026 01:30:00 PM,17/07/2026 01:59:59 PM,0.003,0,A
ACCO_15e06beda2,NMI_df2d025267,DEVI_284a47f5e0,COMMS4D,06537#E1,Generalusage,17/07/2026 01:30:00 PM,17/07/2026 01:59:59 PM,0.001,0,A
ACCO_15e06beda2,NMI_df2d025267,DEVI_284a47f5e0,COMMS4D,06537#B1,Solar,17/07/2026 02:00:00 PM,17/07/2026 02:29:59 PM,0.003,0,A
ACCO_15e06beda2,NMI_df2d025267,DEVI_284a47f5e0,COMMS4D,06537#E1,Generalusage,17/07/2026 02:00:00 PM,17/07/2026 02:29:59 PM,0,0,A
ACCO_15e06beda2,NMI_df2d025267,DEVI_284a47f5e0,COMMS4D,06537#B1,Solar,17/07/2026 02:30:00 PM,17/07/2026 02:59:59 PM,0.003,0,A
ACCO_15e06beda2,NMI_df2d025267,DEVI_284a47f5e0,COMMS4D,06537#E1,Generalusage,17/07/2026 02:30:00 PM,17/07/2026 02:59:59 PM,0.001,0,A
ACCO_15e06beda2,NMI_df2d025267,DEVI_284a47f5e0,COMMS4D,06537#B1,Solar,17/07/2026 03:00:00 PM,17/07/2026 03:29:59 PM,0.003,0,A
ACCO_15e06beda2,NMI_df2d025267,DEVI_284a47f5e0,COMMS4D,06537#E1,Generalusage,17/07/2026 03:00:00 PM,17/07/2026 03:29:59 PM,0.001,0,A
ACCO_15e06beda2,NMI_df2d025267,DEVI_284a47f5e0,COMMS4D,06537#B1,Solar,17/07/2026 03:30:00 PM,17/07/2026 03:59:59 PM,0.002,0,A
ACCO_15e06beda2,NMI_df2d025267,DEVI_284a47f5e0,COMMS4D,06537#E1,Generalusage,17/07/2026 03:30:00 PM,17/07/2026 03:59:59 PM,0.001,0,A
ACCO_15e06beda2,NMI_df2d025267,DEVI_284a47f5e0,COMMS4D,06537#B1,Solar,17/07/2026 04:00:00 PM,17/07/2026 04:29:59 PM,0.003,0,A
ACCO_15e06beda2,NMI_df2d025267,DEVI_284a47f5e0,COMMS4D,06537#E1,Generalusage,17/07/2026 04:00:00 PM,17/07/2026 04:29:59 PM,0.002,0,A
ACCO_15e06beda2,NMI_df2d025267,DEVI_284a47f5e0,COMMS4D,06537#B1,Solar,17/07/2026 04:30:00 PM,17/07/2026 04:59:59 PM,0.005,0,A
ACCO_15e06beda2,NMI_df2d025267,DEVI_284a47f5e0,COMMS4D,06537#E1,Generalusage,17/07/2026 04:30:00 PM,17/07/2026 04:59:59 PM,0.001,0,A
ACCO_15e06beda2,NMI_df2d025267,DEVI_284a47f5e0,COMMS4D,06537#B1,Solar,17/07/2026 05:00:00 PM,17/07/2026 05:29:59 PM,0.004,0,A
ACCO_15e06beda2,NMI_df2d025267,DEVI_284a47f5e0,COMMS4D,06537#E1,Generalusage,17/07/2026 05:00:00 PM,17/07/2026 05:29:59 PM,0,0,A
ACCO_15e06beda2,NMI_df2d025267,DEVI_284a47f5e0,COMMS4D,06537#B1,Solar,17/07/2026 05:30:00 PM,17/07/2026 05:59:59 PM,0.003,0,A
ACCO_15e06beda2,NMI_df2d025267,DEVI_284a47f5e0,COMMS4D,06537#E1,Generalusage,17/07/2026 05:30:00 PM,17/07/2026 05:59:59 PM,0.001,0,A
ACCO_15e06beda2,NMI_df2d025267,DEVI_284a47f5e0,COMMS4D,06537#B1,Solar,17/07/2026 06:00:00 PM,17/07/2026 06:29:59 PM,0.002,0,A
ACCO_15e06beda2,NMI_df2d025267,DEVI_284a47f5e0,COMMS4D,06537#E1,Generalusage,17/07/2026 06:00:00 PM,17/07/2026 06:29:59 PM,0.002,0,A
ACCO_15e06beda2,NMI_df2d025267,DEVI_284a47f5e0,COMMS4D,06537#B1,Solar,17/07/2026 06:30:00 PM,17/07/2026 06:59:59 PM,0.002,0,A
ACCO_15e06beda2,NMI_df2d025267,DEVI_284a47f5e0,COMMS4D,06537#E1,Generalusage,17/07/2026 06:30:00 PM,17/07/2026 06:59:59 PM,0.001,0,A
ACCO_15e06beda2,NMI_df2d025267,DEVI_284a47f5e0,COMMS4D,06537#B1,Solar,17/07/2026 07:00:00 PM,17/07/2026 07:29:59 PM,0.003,0,A
ACCO_15e06beda2,NMI_df2d025267,DEVI_284a47f5e0,COMMS4D,06537#E1,Generalusage,17/07/2026 07:00:00 PM,17/07/2026 07:29:59 PM,0.001,0,A
ACCO_15e06beda2,NMI_df2d025267,DEVI_284a47f5e0,COMMS4D,06537#B1,Solar,17/07/2026 07:30:00 PM,17/07/2026 07:59:59 PM,0.004,0,A
ACCO_15e06beda2,NMI_df2d025267,DEVI_284a47f5e0,COMMS4D,06537#E1,Generalusage,17/07/2026 07:30:00 PM,17/07/2026 07:59:59 PM,0,0,A
ACCO_15e06beda2,NMI_df2d025267,DEVI_284a47f5e0,COMMS4D,06537#B1,Solar,17/07/2026 08:00:00 PM,17/07/2026 08:29:59 PM,0.002,0,A
ACCO_15e06beda2,NMI_df2d025267,DEVI_284a47f5e0,COMMS4D,06537#E1,Generalusage,17/07/2026 08:00:00 PM,17/07/2026 08:29:59 PM,0.002,0,A
ACCO_15e06beda2,NMI_df2d025267,DEVI_284a47f5e0,COMMS4D,06537#B1,Solar,17/07/2026 08:30:00 PM,17/07/2026 08:59:59 PM,0.003,0,A
ACCO_15e06beda2,NMI_df2d025267,DEVI_284a47f5e0,COMMS4D,06537#E1,Generalusage,17/07/2026 08:30:00 PM,17/07/2026 08:59:59 PM,0.001,0,A
ACCO_15e06beda2,NMI_df2d025267,DEVI_284a47f5e0,COMMS4D,06537#B1,Solar,17/07/2026 09:00:00 PM,17/07/2026 09:29:59 PM,0.003,0,A
ACCO_15e06beda2,NMI_df2d025267,DEVI_284a47f5e0,COMMS4D,06537#E1,Generalusage,17/07/2026 09:00:00 PM,17/07/2026 09:29:59 PM,0,0,A
ACCO_15e06beda2,NMI_df2d025267,DEVI_284a47f5e0,COMMS4D,06537#B1,Solar,17/07/2026 09:30:00 PM,17/07/2026 09:59:59 PM,0.003,0,A
ACCO_15e06beda2,NMI_df2d025267,DEVI_284a47f5e0,COMMS4D,06537#E1,Generalusage,17/07/2026 09:30:00 PM,17/07/2026 09:59:59 PM,0.001,0,A
ACCO_15e06beda2,NMI_df2d025267,DEVI_284a47f5e0,COMMS4D,06537#B1,Solar,17/07/2026 10:00:00 PM,17/07/2026 10:29:59 PM,0.003,0,A
ACCO_15e06beda2,NMI_df2d025267,DEVI_284a47f5e0,COMMS4D,06537#E1,Generalusage,17/07/2026 10:00:00 PM,17/07/2026 10:29:59 PM,0.001,0,A
ACCO_15e06beda2,NMI_df2d025267,DEVI_284a47f5e0,COMMS4D,06537#B1,Solar,17/07/2026 10:30:00 PM,17/07/2026 10:59:59 PM,0.003,0,A
ACCO_15e06beda2,NMI_df2d025267,DEVI_284a47f5e0,COMMS4D,06537#E1,Generalusage,17/07/2026 10:30:00 PM,17/07/2026 10:59:59 PM,0.001,0,A
ACCO_15e06beda2,NMI_df2d025267,DEVI_284a47f5e0,COMMS4D,06537#B1,Solar,17/07/2026 11:00:00 PM,17/07/2026 11:29:59 PM,0.002,0,A
ACCO_15e06beda2,NMI_df2d025267,DEVI_284a47f5e0,COMMS4D,06537#E1,Generalusage,17/07/2026 11:00:00 PM,17/07/2026 11:29:59 PM,0,0,A
ACCO_15e06beda2,NMI_df2d025267,DEVI_284a47f5e0,COMMS4D,06537#B1,Solar,17/07/2026 11:30:00 PM,17/07/2026 11:59:59 PM,0.003,0,A
ACCO_15e06beda2,NMI_df2d025267,DEVI_284a47f5e0,COMMS4D,06537#E1,Generalusage,17/07/2026 11:30:00 PM,17/07/2026 11:59:59 PM,0.001,0,A
ACCO_15e06beda2,NMI_df2d025267,DEVI_284a47f5e0,COMMS4D,06537#B1,Solar,18/07/2026 12:00:00 AM,18/07/2026 12:29:59 AM,0.003,0,A
ACCO_15e06beda2,NMI_df2d025267,DEVI_284a47f5e0,COMMS4D,06537#E1,Generalusage,18/07/2026 12:00:00 AM,18/07/2026 12:29:59 AM,0.001,0,A
ACCO_15e06beda2,NMI_df2d025267,DEVI_284a47f5e0,COMMS4D,06537#B1,Solar,18/07/2026 12:30:00 AM,18/07/2026 12:59:59 AM,0.003,0,A
ACCO_15e06beda2,NMI_df2d025267,DEVI_284a47f5e0,COMMS4D,06537#E1,Generalusage,18/07/2026 12:30:00 AM,18/07/2026 12:59:59 AM,0.001,0,A
ACCO_15e06beda2,NMI_df2d025267,DEVI_284a47f5e0,COMMS4D,06537#B1,Solar,18/07/2026 01:00:00 AM,18/07/2026 01:29:59 AM,0.002,0,A
ACCO_15e06beda2,NMI_df2d025267,DEVI_284a47f5e0,COMMS4D,06537#E1,Generalusage,18/07/2026 01:00:00 AM,18/07/2026 01:29:59 AM,0.001,0,A
ACCO_15e06beda2,NMI_df2d025267,DEVI_284a47f5e0,COMMS4D,06537#B1,Solar,18/07/2026 01:30:00 AM,18/07/2026 01:59:59 AM,0.002,0,A
ACCO_15e06beda2,NMI_df2d025267,DEVI_284a47f5e0,COMMS4D,06537#E1,Generalusage,18/07/2026 01:30:00 AM,18/07/2026 01:59:59 AM,0.001,0,A
ACCO_15e06beda2,NMI_df2d025267,DEVI_284a47f5e0,COMMS4D,06537#B1,Solar,18/07/2026 02:00:00 AM,18/07/2026 02:29:59 AM,0.001,0,A
ACCO_15e06beda2,NMI_df2d025267,DEVI_284a47f5e0,COMMS4D,06537#E1,Generalusage,18/07/2026 02:00:00 AM,18/07/2026 02:29:59 AM,0.002,0,A
ACCO_15e06beda2,NMI_df2d025267,DEVI_284a47f5e0,COMMS4D,06537#B1,Solar,18/07/2026 02:30:00 AM,18/07/2026 02:59:59 AM,0.001,0,A
ACCO_15e06beda2,NMI_df2d025267,DEVI_284a47f5e0,COMMS4D,06537#E1,Generalusage,18/07/2026 02:30:00 AM,18/07/2026 02:59:59 AM,0.052,0,A
ACCO_15e06beda2,NMI_df2d025267,DEVI_284a47f5e0,COMMS4D,06537#B1,Solar,18/07/2026 03:00:00 AM,18/07/2026 03:29:59 AM,0,0,A
ACCO_15e06beda2,NMI_df2d025267,DEVI_284a47f5e0,COMMS4D,06537#E1,Generalusage,18/07/2026 03:00:00 AM,18/07/2026 03:29:59 AM,0.215,0,A
ACCO_15e06beda2,NMI_df2d025267,DEVI_284a47f5e0,COMMS4D,06537#B1,Solar,18/07/2026 03:30:00 AM,18/07/2026 03:59:59 AM,0,0,A
ACCO_15e06beda2,NMI_df2d025267,DEVI_284a47f5e0,COMMS4D,06537#E1,Generalusage,18/07/2026 03:30:00 AM,18/07/2026 03:59:59 AM,0.216,0,A
ACCO_15e06beda2,NMI_df2d025267,DEVI_284a47f5e0,COMMS4D,06537#B1,Solar,18/07/2026 04:00:00 AM,18/07/2026 04:29:59 AM,0,0,A
ACCO_15e06beda2,NMI_df2d025267,DEVI_284a47f5e0,COMMS4D,06537#E1,Generalusage,18/07/2026 04:00:00 AM,18/07/2026 04:29:59 AM,0.217,0,A
ACCO_15e06beda2,NMI_df2d025267,DEVI_284a47f5e0,COMMS4D,06537#B1,Solar,18/07/2026 04:30:00 AM,18/07/2026 04:59:59 AM,0,0,A
ACCO_15e06beda2,NMI_df2d025267,DEVI_284a47f5e0,COMMS4D,06537#E1,Generalusage,18/07/2026 04:30:00 AM,18/07/2026 04:59:59 AM,0.216,0,A
ACCO_15e06beda2,NMI_df2d025267,DEVI_284a47f5e0,COMMS4D,06537#B1,Solar,18/07/2026 05:00:00 AM,18/07/2026 05:29:59 AM,0,0,A
ACCO_15e06beda2,NMI_df2d025267,DEVI_284a47f5e0,COMMS4D,06537#E1,Generalusage,18/07/2026 05:00:00 AM,18/07/2026 05:29:59 AM,0.216,0,A
ACCO_15e06beda2,NMI_df2d025267,DEVI_284a47f5e0,COMMS4D,06537#B1,Solar,18/07/2026 05:30:00 AM,18/07/2026 05:59:59 AM,0,0,A
ACCO_15e06beda2,NMI_df2d025267,DEVI_284a47f5e0,COMMS4D,06537#E1,Generalusage,18/07/2026 05:30:00 AM,18/07/2026 05:59:59 AM,0.212,0,A
ACCO_15e06beda2,NMI_df2d025267,DEVI_284a47f5e0,COMMS4D,06537#B1,Solar,18/07/2026 06:00:00 AM,18/07/2026 06:29:59 AM,0,0,A
ACCO_15e06beda2,NMI_df2d025267,DEVI_284a47f5e0,COMMS4D,06537#E1,Generalusage,18/07/2026 06:00:00 AM,18/07/2026 06:29:59 AM,0.211,0,A
ACCO_15e06beda2,NMI_df2d025267,DEVI_284a47f5e0,COMMS4D,06537#B1,Solar,18/07/2026 06:30:00 AM,18/07/2026 06:59:59 AM,0,0,A
ACCO_15e06beda2,NMI_df2d025267,DEVI_284a47f5e0,COMMS4D,06537#E1,Generalusage,18/07/2026 06:30:00 AM,18/07/2026 06:59:59 AM,0.214,0,A
ACCO_15e06beda2,NMI_df2d025267,DEVI_284a47f5e0,COMMS4D,06537#B1,Solar,18/07/2026 07:00:00 AM,18/07/2026 07:29:59 AM,0,0,A
ACCO_15e06beda2,NMI_df2d025267,DEVI_284a47f5e0,COMMS4D,06537#E1,Generalusage,18/07/2026 07:00:00 AM,18/07/2026 07:29:59 AM,0.437,0,A
ACCO_15e06beda2,NMI_df2d025267,DEVI_284a47f5e0,COMMS4D,06537#B1,Solar,18/07/2026 07:30:00 AM,18/07/2026 07:59:59 AM,0.001,0,A
ACCO_15e06beda2,NMI_df2d025267,DEVI_284a47f5e0,COMMS4D,06537#E1,Generalusage,18/07/2026 07:30:00 AM,18/07/2026 07:59:59 AM,0.069,0,A
ACCO_15e06beda2,NMI_df2d025267,DEVI_284a47f5e0,COMMS4D,06537#B1,Solar,18/07/2026 08:00:00 AM,18/07/2026 08:29:59 AM,0.001,0,A
ACCO_15e06beda2,NMI_df2d025267,DEVI_284a47f5e0,COMMS4D,06537#E1,Generalusage,18/07/2026 08:00:00 AM,18/07/2026 08:29:59 AM,0.002,0,A
ACCO_15e06beda2,NMI_df2d025267,DEVI_284a47f5e0,COMMS4D,06537#B1,Solar,18/07/2026 08:30:00 AM,18/07/2026 08:59:59 AM,0.001,0,A
ACCO_15e06beda2,NMI_df2d025267,DEVI_284a47f5e0,COMMS4D,06537#E1,Generalusage,18/07/2026 08:30:00 AM,18/07/2026 08:59:59 AM,0.001,0,A
ACCO_15e06beda2,NMI_df2d025267,DEVI_284a47f5e0,COMMS4D,06537#B1,Solar,18/07/2026 09:00:00 AM,18/07/2026 09:29:59 AM,0.002,0,A
ACCO_15e06beda2,NMI_df2d025267,DEVI_284a47f5e0,COMMS4D,06537#E1,Generalusage,18/07/2026 09:00:00 AM,18/07/2026 09:29:59 AM,0.002,0,A
ACCO_15e06beda2,NMI_df2d025267,DEVI_284a47f5e0,COMMS4D,06537#B1,Solar,18/07/2026 09:30:00 AM,18/07/2026 09:59:59 AM,0.002,0,A
ACCO_15e06beda2,NMI_df2d025267,DEVI_284a47f5e0,COMMS4D,06537#E1,Generalusage,18/07/2026 09:30:00 AM,18/07/2026 09:59:59 AM,0.002,0,A
ACCO_15e06beda2,NMI_df2d025267,DEVI_284a47f5e0,COMMS4D,06537#B1,Solar,18/07/2026 10:00:00 AM,18/07/2026 10:29:59 AM,0.002,0,A
ACCO_15e06beda2,NMI_df2d025267,DEVI_284a47f5e0,COMMS4D,06537#E1,Generalusage,18/07/2026 10:00:00 AM,18/07/2026 10:29:59 AM,0.002,0,A
ACCO_15e06beda2,NMI_df2d025267,DEVI_284a47f5e0,COMMS4D,06537#B1,Solar,18/07/2026 10:30:00 AM,18/07/2026 10:59:59 AM,0.001,0,A
ACCO_15e06beda2,NMI_df2d025267,DEVI_284a47f5e0,COMMS4D,06537#E1,Generalusage,18/07/2026 10:30:00 AM,18/07/2026 10:59:59 AM,0.002,0,A
ACCO_15e06beda2,NMI_df2d025267,DEVI_284a47f5e0,COMMS4D,06537#B1,Solar,18/07/2026 11:00:00 AM,18/07/2026 11:29:59 AM,0.003,0,A
ACCO_15e06beda2,NMI_df2d025267,DEVI_284a47f5e0,COMMS4D,06537#E1,Generalusage,18/07/2026 11:00:00 AM,18/07/2026 11:29:59 AM,0.001,0,A
ACCO_15e06beda2,NMI_df2d025267,DEVI_284a47f5e0,COMMS4D,06537#B1,Solar,18/07/2026 11:30:00 AM,18/07/2026 11:59:59 AM,0.016,0,A
ACCO_15e06beda2,NMI_df2d025267,DEVI_284a47f5e0,COMMS4D,06537#E1,Generalusage,18/07/2026 11:30:00 AM,18/07/2026 11:59:59 AM,0.001,0,A
ACCO_15e06beda2,NMI_df2d025267,DEVI_284a47f5e0,COMMS4D,06537#B1,Solar,18/07/2026 12:00:00 PM,18/07/2026 12:29:59 PM,1.234,0,A
ACCO_15e06beda2,NMI_df2d025267,DEVI_284a47f5e0,COMMS4D,06537#E1,Generalusage,18/07/2026 12:00:00 PM,18/07/2026 12:29:59 PM,0,0,A
ACCO_15e06beda2,NMI_df2d025267,DEVI_284a47f5e0,COMMS4D,06537#B1,Solar,18/07/2026 12:30:00 PM,18/07/2026 12:59:59 PM,2.585,0,A
ACCO_15e06beda2,NMI_df2d025267,DEVI_284a47f5e0,COMMS4D,06537#E1,Generalusage,18/07/2026 12:30:00 PM,18/07/2026 12:59:59 PM,0,0,A
ACCO_15e06beda2,NMI_df2d025267,DEVI_284a47f5e0,COMMS4D,06537#B1,Solar,18/07/2026 01:00:00 PM,18/07/2026 01:29:59 PM,2.732,0,A
ACCO_15e06beda2,NMI_df2d025267,DEVI_284a47f5e0,COMMS4D,06537#E1,Generalusage,18/07/2026 01:00:00 PM,18/07/2026 01:29:59 PM,0,0,A
ACCO_15e06beda2,NMI_df2d025267,DEVI_284a47f5e0,COMMS4D,06537#B1,Solar,18/07/2026 01:30:00 PM,18/07/2026 01:59:59 PM,2.028,0,A
ACCO_15e06beda2,NMI_df2d025267,DEVI_284a47f5e0,COMMS4D,06537#E1,Generalusage,18/07/2026 01:30:00 PM,18/07/2026 01:59:59 PM,0,0,A
ACCO_15e06beda2,NMI_df2d025267,DEVI_284a47f5e0,COMMS4D,06537#B1,Solar,18/07/2026 02:00:00 PM,18/07/2026 02:29:59 PM,2.137,0,A
ACCO_15e06beda2,NMI_df2d025267,DEVI_284a47f5e0,COMMS4D,06537#E1,Generalusage,18/07/2026 02:00:00 PM,18/07/2026 02:29:59 PM,0.001,0,A
ACCO_15e06beda2,NMI_df2d025267,DEVI_284a47f5e0,COMMS4D,06537#B1,Solar,18/07/2026 02:30:00 PM,18/07/2026 02:59:59 PM,1.54,0,A
ACCO_15e06beda2,NMI_df2d025267,DEVI_284a47f5e0,COMMS4D,06537#E1,Generalusage,18/07/2026 02:30:00 PM,18/07/2026 02:59:59 PM,0,0,A
ACCO_15e06beda2,NMI_df2d025267,DEVI_284a47f5e0,COMMS4D,06537#B1,Solar,18/07/2026 03:00:00 PM,18/07/2026 03:29:59 PM,0.193,0,A
ACCO_15e06beda2,NMI_df2d025267,DEVI_284a47f5e0,COMMS4D,06537#E1,Generalusage,18/07/2026 03:00:00 PM,18/07/2026 03:29:59 PM,0,0,A
ACCO_15e06beda2,NMI_df2d025267,DEVI_284a47f5e0,COMMS4D,06537#B1,Solar,18/07/2026 03:30:00 PM,18/07/2026 03:59:59 PM,0.023,0,A
ACCO_15e06beda2,NMI_df2d025267,DEVI_284a47f5e0,COMMS4D,06537#E1,Generalusage,18/07/2026 03:30:00 PM,18/07/2026 03:59:59 PM,0.002,0,A
ACCO_15e06beda2,NMI_df2d025267,DEVI_284a47f5e0,COMMS4D,06537#B1,Solar,18/07/2026 04:00:00 PM,18/07/2026 04:29:59 PM,0.003,0,A
ACCO_15e06beda2,NMI_df2d025267,DEVI_284a47f5e0,COMMS4D,06537#E1,Generalusage,18/07/2026 04:00:00 PM,18/07/2026 04:29:59 PM,0.001,0,A
ACCO_15e06beda2,NMI_df2d025267,DEVI_284a47f5e0,COMMS4D,06537#B1,Solar,18/07/2026 04:30:00 PM,18/07/2026 04:59:59 PM,0.003,0,A
ACCO_15e06beda2,NMI_df2d025267,DEVI_284a47f5e0,COMMS4D,06537#E1,Generalusage,18/07/2026 04:30:00 PM,18/07/2026 04:59:59 PM,0.001,0,A
ACCO_15e06beda2,NMI_df2d025267,DEVI_284a47f5e0,COMMS4D,06537#B1,Solar,18/07/2026 05:00:00 PM,18/07/2026 05:29:59 PM,0.003,0,A
ACCO_15e06beda2,NMI_df2d025267,DEVI_284a47f5e0,COMMS4D,06537#E1,Generalusage,18/07/2026 05:00:00 PM,18/07/2026 05:29:59 PM,0.001,0,A
ACCO_15e06beda2,NMI_df2d025267,DEVI_284a47f5e0,COMMS4D,06537#B1,Solar,18/07/2026 05:30:00 PM,18/07/2026 05:59:59 PM,0.003,0,A
ACCO_15e06beda2,NMI_df2d025267,DEVI_284a47f5e0,COMMS4D,06537#E1,Generalusage,18/07/2026 05:30:00 PM,18/07/2026 05:59:59 PM,0.001,0,A
ACCO_15e06beda2,NMI_df2d025267,DEVI_284a47f5e0,COMMS4D,06537#B1,Solar,18/07/2026 06:00:00 PM,18/07/2026 06:29:59 PM,0.002,0,A
ACCO_15e06beda2,NMI_df2d025267,DEVI_284a47f5e0,COMMS4D,06537#E1,Generalusage,18/07/2026 06:00:00 PM,18/07/2026 06:29:59 PM,0.002,0,A
ACCO_15e06beda2,NMI_df2d025267,DEVI_284a47f5e0,COMMS4D,06537#B1,Solar,18/07/2026 06:30:00 PM,18/07/2026 06:59:59 PM,0.002,0,A
ACCO_15e06beda2,NMI_df2d025267,DEVI_284a47f5e0,COMMS4D,06537#E1,Generalusage,18/07/2026 06:30:00 PM,18/07/2026 06:59:59 PM,0.002,0,A
ACCO_15e06beda2,NMI_df2d025267,DEVI_284a47f5e0,COMMS4D,06537#B1,Solar,18/07/2026 07:00:00 PM,18/07/2026 07:29:59 PM,0.002,0,A
ACCO_15e06beda2,NMI_df2d025267,DEVI_284a47f5e0,COMMS4D,06537#E1,Generalusage,18/07/2026 07:00:00 PM,18/07/2026 07:29:59 PM,0.002,0,A
ACCO_15e06beda2,NMI_df2d025267,DEVI_284a47f5e0,COMMS4D,06537#B1,Solar,18/07/2026 07:30:00 PM,18/07/2026 07:59:59 PM,0.002,0,A
ACCO_15e06beda2,NMI_df2d025267,DEVI_284a47f5e0,COMMS4D,06537#E1,Generalusage,18/07/2026 07:30:00 PM,18/07/2026 07:59:59 PM,0.001,0,A
ACCO_15e06beda2,NMI_df2d025267,DEVI_284a47f5e0,COMMS4D,06537#B1,Solar,18/07/2026 08:00:00 PM,18/07/2026 08:29:59 PM,0.003,0,A
ACCO_15e06beda2,NMI_df2d025267,DEVI_284a47f5e0,COMMS4D,06537#E1,Generalusage,18/07/2026 08:00:00 PM,18/07/2026 08:29:59 PM,0.001,0,A
ACCO_15e06beda2,NMI_df2d025267,DEVI_284a47f5e0,COMMS4D,06537#B1,Solar,18/07/2026 08:30:00 PM,18/07/2026 08:59:59 PM,0.003,0,A
ACCO_15e06beda2,NMI_df2d025267,DEVI_284a47f5e0,COMMS4D,06537#E1,Generalusage,18/07/2026 08:30:00 PM,18/07/2026 08:59:59 PM,0.001,0,A
ACCO_15e06beda2,NMI_df2d025267,DEVI_284a47f5e0,COMMS4D,06537#B1,Solar,18/07/2026 09:00:00 PM,18/07/2026 09:29:59 PM,0.003,0,A
ACCO_15e06beda2,NMI_df2d025267,DEVI_284a47f5e0,COMMS4D,06537#E1,Generalusage,18/07/2026 09:00:00 PM,18/07/2026 09:29:59 PM,0.001,0,A
ACCO_15e06beda2,NMI_df2d025267,DEVI_284a47f5e0,COMMS4D,06537#B1,Solar,18/07/2026 09:30:00 PM,18/07/2026 09:59:59 PM,0.003,0,A
ACCO_15e06beda2,NMI_df2d025267,DEVI_284a47f5e0,COMMS4D,06537#E1,Generalusage,18/07/2026 09:30:00 PM,18/07/2026 09:59:59 PM,0,0,A
ACCO_15e06beda2,NMI_df2d025267,DEVI_284a47f5e0,COMMS4D,06537#B1,Solar,18/07/2026 10:00:00 PM,18/07/2026 10:29:59 PM,0.003,0,A
ACCO_15e06beda2,NMI_df2d025267,DEVI_284a47f5e0,COMMS4D,06537#E1,Generalusage,18/07/2026 10:00:00 PM,18/07/2026 10:29:59 PM,0.001,0,A
ACCO_15e06beda2,NMI_df2d025267,DEVI_284a47f5e0,COMMS4D,06537#B1,Solar,18/07/2026 10:30:00 PM,18/07/2026 10:59:59 PM,0.003,0,A
ACCO_15e06beda2,NMI_df2d025267,DEVI_284a47f5e0,COMMS4D,06537#E1,Generalusage,18/07/2026 10:30:00 PM,18/07/2026 10:59:59 PM,0.001,0,A
ACCO_15e06beda2,NMI_df2d025267,DEVI_284a47f5e0,COMMS4D,06537#B1,Solar,18/07/2026 11:00:00 PM,18/07/2026 11:29:59 PM,0.003,0,A
ACCO_15e06beda2,NMI_df2d025267,DEVI_284a47f5e0,COMMS4D,06537#E1,Generalusage,18/07/2026 11:00:00 PM,18/07/2026 11:29:59 PM,0.001,0,A
ACCO_15e06beda2,NMI_df2d025267,DEVI_284a47f5e0,COMMS4D,06537#B1,Solar,18/07/2026 11:30:00 PM,18/07/2026 11:59:59 PM,0.003,0,A
ACCO_15e06beda2,NMI_df2d025267,DEVI_284a47f5e0,COMMS4D,06537#E1,Generalusage,18/07/2026 11:30:00 PM,18/07/2026 11:59:59 PM,0,0,A
ACCO_15e06beda2,NMI_df2d025267,DEVI_284a47f5e0,COMMS4D,06537#B1,Solar,19/07/2026 12:00:00 AM,19/07/2026 12:29:59 AM,0.003,0,A
ACCO_15e06beda2,NMI_df2d025267,DEVI_284a47f5e0,COMMS4D,06537#E1,Generalusage,19/07/2026 12:00:00 AM,19/07/2026 12:29:59 AM,0.001,0,A
ACCO_15e06beda2,NMI_df2d025267,DEVI_284a47f5e0,COMMS4D,06537#B1,Solar,19/07/2026 12:30:00 AM,19/07/2026 12:59:59 AM,0.003,0,A
ACCO_15e06beda2,NMI_df2d025267,DEVI_284a47f5e0,COMMS4D,06537#E1,Generalusage,19/07/2026 12:30:00 AM,19/07/2026 12:59:59 AM,0.001,0,A
ACCO_15e06beda2,NMI_df2d025267,DEVI_284a47f5e0,COMMS4D,06537#B1,Solar,19/07/2026 01:00:00 AM,19/07/2026 01:29:59 AM,0.002,0,A
ACCO_15e06beda2,NMI_df2d025267,DEVI_284a47f5e0,COMMS4D,06537#E1,Generalusage,19/07/2026 01:00:00 AM,19/07/2026 01:29:59 AM,0.001,0,A
ACCO_15e06beda2,NMI_df2d025267,DEVI_284a47f5e0,COMMS4D,06537#B1,Solar,19/07/2026 01:30:00 AM,19/07/2026 01:59:59 AM,0.002,0,A
ACCO_15e06beda2,NMI_df2d025267,DEVI_284a47f5e0,COMMS4D,06537#E1,Generalusage,19/07/2026 01:30:00 AM,19/07/2026 01:59:59 AM,0.002,0,A
ACCO_15e06beda2,NMI_df2d025267,DEVI_284a47f5e0,COMMS4D,06537#B1,Solar,19/07/2026 02:00:00 AM,19/07/2026 02:29:59 AM,0.001,0,A
ACCO_15e06beda2,NMI_df2d025267,DEVI_284a47f5e0,COMMS4D,06537#E1,Generalusage,19/07/2026 02:00:00 AM,19/07/2026 02:29:59 AM,0.001,0,A
ACCO_15e06beda2,NMI_df2d025267,DEVI_284a47f5e0,COMMS4D,06537#B1,Solar,19/07/2026 02:30:00 AM,19/07/2026 02:59:59 AM,0.001,0,A
ACCO_15e06beda2,NMI_df2d025267,DEVI_284a47f5e0,COMMS4D,06537#E1,Generalusage,19/07/2026 02:30:00 AM,19/07/2026 02:59:59 AM,0.002,0,A
ACCO_15e06beda2,NMI_df2d025267,DEVI_284a47f5e0,COMMS4D,06537#B1,Solar,19/07/2026 03:00:00 AM,19/07/2026 03:29:59 AM,0.002,0,A
ACCO_15e06beda2,NMI_df2d025267,DEVI_284a47f5e0,COMMS4D,06537#E1,Generalusage,19/07/2026 03:00:00 AM,19/07/2026 03:29:59 AM,0.001,0,A
ACCO_15e06beda2,NMI_df2d025267,DEVI_284a47f5e0,COMMS4D,06537#B1,Solar,19/07/2026 03:30:00 AM,19/07/2026 03:59:59 AM,0.002,0,A
ACCO_15e06beda2,NMI_df2d025267,DEVI_284a47f5e0,COMMS4D,06537#E1,Generalusage,19/07/2026 03:30:00 AM,19/07/2026 03:59:59 AM,0.002,0,A
ACCO_15e06beda2,NMI_df2d025267,DEVI_284a47f5e0,COMMS4D,06537#B1,Solar,19/07/2026 04:00:00 AM,19/07/2026 04:29:59 AM,0.001,0,A
ACCO_15e06beda2,NMI_df2d025267,DEVI_284a47f5e0,COMMS4D,06537#E1,Generalusage,19/07/2026 04:00:00 AM,19/07/2026 04:29:59 AM,0.001,0,A
ACCO_15e06beda2,NMI_df2d025267,DEVI_284a47f5e0,COMMS4D,06537#B1,Solar,19/07/2026 04:30:00 AM,19/07/2026 04:59:59 AM,0.002,0,A
ACCO_15e06beda2,NMI_df2d025267,DEVI_284a47f5e0,COMMS4D,06537#E1,Generalusage,19/07/2026 04:30:00 AM,19/07/2026 04:59:59 AM,0.001,0,A
ACCO_15e06beda2,NMI_df2d025267,DEVI_284a47f5e0,COMMS4D,06537#B1,Solar,19/07/2026 05:00:00 AM,19/07/2026 05:29:59 AM,0.002,0,A
ACCO_15e06beda2,NMI_df2d025267,DEVI_284a47f5e0,COMMS4D,06537#E1,Generalusage,19/07/2026 05:00:00 AM,19/07/2026 05:29:59 AM,0.001,0,A
ACCO_15e06beda2,NMI_df2d025267,DEVI_284a47f5e0,COMMS4D,06537#B1,Solar,19/07/2026 05:30:00 AM,19/07/2026 05:59:59 AM,0.002,0,A
ACCO_15e06beda2,NMI_df2d025267,DEVI_284a47f5e0,COMMS4D,06537#E1,Generalusage,19/07/2026 05:30:00 AM,19/07/2026 05:59:59 AM,0.001,0,A
ACCO_15e06beda2,NMI_df2d025267,DEVI_284a47f5e0,COMMS4D,06537#B1,Solar,19/07/2026 06:00:00 AM,19/07/2026 06:29:59 AM,0.002,0,A
ACCO_15e06beda2,NMI_df2d025267,DEVI_284a47f5e0,COMMS4D,06537#E1,Generalusage,19/07/2026 06:00:00 AM,19/07/2026 06:29:59 AM,0.002,0,A
ACCO_15e06beda2,NMI_df2d025267,DEVI_284a47f5e0,COMMS4D,06537#B1,Solar,19/07/2026 06:30:00 AM,19/07/2026 06:59:59 AM,0.002,0,A
ACCO_15e06beda2,NMI_df2d025267,DEVI_284a47f5e0,COMMS4D,06537#E1,Generalusage,19/07/2026 06:30:00 AM,19/07/2026 06:59:59 AM,0.002,0,A
ACCO_15e06beda2,NMI_df2d025267,DEVI_284a47f5e0,COMMS4D,06537#B1,Solar,19/07/2026 07:00:00 AM,19/07/2026 07:29:59 AM,0.003,0,A
ACCO_15e06beda2,NMI_df2d025267,DEVI_284a47f5e0,COMMS4D,06537#E1,Generalusage,19/07/2026 07:00:00 AM,19/07/2026 07:29:59 AM,0.001,0,A
ACCO_15e06beda2,NMI_df2d025267,DEVI_284a47f5e0,COMMS4D,06537#B1,Solar,19/07/2026 07:30:00 AM,19/07/2026 07:59:59 AM,0.002,0,A
ACCO_15e06beda2,NMI_df2d025267,DEVI_284a47f5e0,COMMS4D,06537#E1,Generalusage,19/07/2026 07:30:00 AM,19/07/2026 07:59:59 AM,0.001,0,A
ACCO_15e06beda2,NMI_df2d025267,DEVI_284a47f5e0,COMMS4D,06537#B1,Solar,19/07/2026 08:00:00 AM,19/07/2026 08:29:59 AM,0.004,0,A
ACCO_15e06beda2,NMI_df2d025267,DEVI_284a47f5e0,COMMS4D,06537#E1,Generalusage,19/07/2026 08:00:00 AM,19/07/2026 08:29:59 AM,0.001,0,A
ACCO_15e06beda2,NMI_df2d025267,DEVI_284a47f5e0,COMMS4D,06537#B1,Solar,19/07/2026 08:30:00 AM,19/07/2026 08:59:59 AM,0.003,0,A
ACCO_15e06beda2,NMI_df2d025267,DEVI_284a47f5e0,COMMS4D,06537#E1,Generalusage,19/07/2026 08:30:00 AM,19/07/2026 08:59:59 AM,0.001,0,A
ACCO_15e06beda2,NMI_df2d025267,DEVI_284a47f5e0,COMMS4D,06537#B1,Solar,19/07/2026 09:00:00 AM,19/07/2026 09:29:59 AM,0.003,0,A
ACCO_15e06beda2,NMI_df2d025267,DEVI_284a47f5e0,COMMS4D,06537#E1,Generalusage,19/07/2026 09:00:00 AM,19/07/2026 09:29:59 AM,0.001,0,A
ACCO_15e06beda2,NMI_df2d025267,DEVI_284a47f5e0,COMMS4D,06537#B1,Solar,19/07/2026 09:30:00 AM,19/07/2026 09:59:59 AM,0.003,0,A
ACCO_15e06beda2,NMI_df2d025267,DEVI_284a47f5e0,COMMS4D,06537#E1,Generalusage,19/07/2026 09:30:00 AM,19/07/2026 09:59:59 AM,0.001,0,A
ACCO_15e06beda2,NMI_df2d025267,DEVI_284a47f5e0,COMMS4D,06537#B1,Solar,19/07/2026 10:00:00 AM,19/07/2026 10:29:59 AM,0.002,0,A
ACCO_15e06beda2,NMI_df2d025267,DEVI_284a47f5e0,COMMS4D,06537#E1,Generalusage,19/07/2026 10:00:00 AM,19/07/2026 10:29:59 AM,0.002,0,A
ACCO_15e06beda2,NMI_df2d025267,DEVI_284a47f5e0,COMMS4D,06537#B1,Solar,19/07/2026 10:30:00 AM,19/07/2026 10:59:59 AM,0.002,0,A
ACCO_15e06beda2,NMI_df2d025267,DEVI_284a47f5e0,COMMS4D,06537#E1,Generalusage,19/07/2026 10:30:00 AM,19/07/2026 10:59:59 AM,0.002,0,A
ACCO_15e06beda2,NMI_df2d025267,DEVI_284a47f5e0,COMMS4D,06537#B1,Solar,19/07/2026 11:00:00 AM,19/07/2026 11:29:59 AM,0.054,0,A
ACCO_15e06beda2,NMI_df2d025267,DEVI_284a47f5e0,COMMS4D,06537#E1,Generalusage,19/07/2026 11:00:00 AM,19/07/2026 11:29:59 AM,0.006,0,A
ACCO_15e06beda2,NMI_df2d025267,DEVI_284a47f5e0,COMMS4D,06537#B1,Solar,19/07/2026 11:30:00 AM,19/07/2026 11:59:59 AM,0.325,0,A
ACCO_15e06beda2,NMI_df2d025267,DEVI_284a47f5e0,COMMS4D,06537#E1,Generalusage,19/07/2026 11:30:00 AM,19/07/2026 11:59:59 AM,0.002,0,A
ACCO_15e06beda2,NMI_df2d025267,DEVI_284a47f5e0,COMMS4D,06537#B1,Solar,19/07/2026 12:00:00 PM,19/07/2026 12:29:59 PM,0.637,0,A
ACCO_15e06beda2,NMI_df2d025267,DEVI_284a47f5e0,COMMS4D,06537#E1,Generalusage,19/07/2026 12:00:00 PM,19/07/2026 12:29:59 PM,0.004,0,A
ACCO_15e06beda2,NMI_df2d025267,DEVI_284a47f5e0,COMMS4D,06537#B1,Solar,19/07/2026 12:30:00 PM,19/07/2026 12:59:59 PM,1.889,0,A
ACCO_15e06beda2,NMI_df2d025267,DEVI_284a47f5e0,COMMS4D,06537#E1,Generalusage,19/07/2026 12:30:00 PM,19/07/2026 12:59:59 PM,0.001,0,A
ACCO_15e06beda2,NMI_df2d025267,DEVI_284a47f5e0,COMMS4D,06537#B1,Solar,19/07/2026 01:00:00 PM,19/07/2026 01:29:59 PM,2.825,0,A
ACCO_15e06beda2,NMI_df2d025267,DEVI_284a47f5e0,COMMS4D,06537#E1,Generalusage,19/07/2026 01:00:00 PM,19/07/2026 01:29:59 PM,0,0,A
ACCO_15e06beda2,NMI_df2d025267,DEVI_284a47f5e0,COMMS4D,06537#B1,Solar,19/07/2026 01:30:00 PM,19/07/2026 01:59:59 PM,2.34,0,A
ACCO_15e06beda2,NMI_df2d025267,DEVI_284a47f5e0,COMMS4D,06537#E1,Generalusage,19/07/2026 01:30:00 PM,19/07/2026 01:59:59 PM,0,0,A
ACCO_15e06beda2,NMI_df2d025267,DEVI_284a47f5e0,COMMS4D,06537#B1,Solar,19/07/2026 02:00:00 PM,19/07/2026 02:29:59 PM,1.628,0,A
ACCO_15e06beda2,NMI_df2d025267,DEVI_284a47f5e0,COMMS4D,06537#E1,Generalusage,19/07/2026 02:00:00 PM,19/07/2026 02:29:59 PM,0,0,A
ACCO_15e06beda2,NMI_df2d025267,DEVI_284a47f5e0,COMMS4D,06537#B1,Solar,19/07/2026 02:30:00 PM,19/07/2026 02:59:59 PM,1.835,0,A
ACCO_15e06beda2,NMI_df2d025267,DEVI_284a47f5e0,COMMS4D,06537#E1,Generalusage,19/07/2026 02:30:00 PM,19/07/2026 02:59:59 PM,0.003,0,A
ACCO_15e06beda2,NMI_df2d025267,DEVI_284a47f5e0,COMMS4D,06537#B1,Solar,19/07/2026 03:00:00 PM,19/07/2026 03:29:59 PM,1.253,0,A
ACCO_15e06beda2,NMI_df2d025267,DEVI_284a47f5e0,COMMS4D,06537#E1,Generalusage,19/07/2026 03:00:00 PM,19/07/2026 03:29:59 PM,0,0,A
ACCO_15e06beda2,NMI_df2d025267,DEVI_284a47f5e0,COMMS4D,06537#B1,Solar,19/07/2026 03:30:00 PM,19/07/2026 03:59:59 PM,1.252,0,A
ACCO_15e06beda2,NMI_df2d025267,DEVI_284a47f5e0,COMMS4D,06537#E1,Generalusage,19/07/2026 03:30:00 PM,19/07/2026 03:59:59 PM,0,0,A
ACCO_15e06beda2,NMI_df2d025267,DEVI_284a47f5e0,COMMS4D,06537#B1,Solar,19/07/2026 04:00:00 PM,19/07/2026 04:29:59 PM,0.055,0,A
ACCO_15e06beda2,NMI_df2d025267,DEVI_284a47f5e0,COMMS4D,06537#E1,Generalusage,19/07/2026 04:00:00 PM,19/07/2026 04:29:59 PM,0.003,0,A
ACCO_15e06beda2,NMI_df2d025267,DEVI_284a47f5e0,COMMS4D,06537#B1,Solar,19/07/2026 04:30:00 PM,19/07/2026 04:59:59 PM,0.003,0,A
ACCO_15e06beda2,NMI_df2d025267,DEVI_284a47f5e0,COMMS4D,06537#E1,Generalusage,19/07/2026 04:30:00 PM,19/07/2026 04:59:59 PM,0.001,0,A
ACCO_15e06beda2,NMI_df2d025267,DEVI_284a47f5e0,COMMS4D,06537#B1,Solar,19/07/2026 05:00:00 PM,19/07/2026 05:29:59 PM,0.002,0,A
ACCO_15e06beda2,NMI_df2d025267,DEVI_284a47f5e0,COMMS4D,06537#E1,Generalusage,19/07/2026 05:00:00 PM,19/07/2026 05:29:59 PM,0.002,0,A
ACCO_15e06beda2,NMI_df2d025267,DEVI_284a47f5e0,COMMS4D,06537#B1,Solar,19/07/2026 05:30:00 PM,19/07/2026 05:59:59 PM,0.003,0,A
ACCO_15e06beda2,NMI_df2d025267,DEVI_284a47f5e0,COMMS4D,06537#E1,Generalusage,19/07/2026 05:30:00 PM,19/07/2026 05:59:59 PM,0.001,0,A
ACCO_15e06beda2,NMI_df2d025267,DEVI_284a47f5e0,COMMS4D,06537#B1,Solar,19/07/2026 06:00:00 PM,19/07/2026 06:29:59 PM,0.003,0,A
ACCO_15e06beda2,NMI_df2d025267,DEVI_284a47f5e0,COMMS4D,06537#E1,Generalusage,19/07/2026 06:00:00 PM,19/07/2026 06:29:59 PM,0.001,0,A
ACCO_15e06beda2,NMI_df2d025267,DEVI_284a47f5e0,COMMS4D,06537#B1,Solar,19/07/2026 06:30:00 PM,19/07/2026 06:59:59 PM,0.002,0,A
ACCO_15e06beda2,NMI_df2d025267,DEVI_284a47f5e0,COMMS4D,06537#E1,Generalusage,19/07/2026 06:30:00 PM,19/07/2026 06:59:59 PM,0.001,0,A
ACCO_15e06beda2,NMI_df2d025267,DEVI_284a47f5e0,COMMS4D,06537#B1,Solar,19/07/2026 07:00:00 PM,19/07/2026 07:29:59 PM,0.004,0,A
ACCO_15e06beda2,NMI_df2d025267,DEVI_284a47f5e0,COMMS4D,06537#E1,Generalusage,19/07/2026 07:00:00 PM,19/07/2026 07:29:59 PM,0.001,0,A
ACCO_15e06beda2,NMI_df2d025267,DEVI_284a47f5e0,COMMS4D,06537#B1,Solar,19/07/2026 07:30:00 PM,19/07/2026 07:59:59 PM,0.002,0,A
ACCO_15e06beda2,NMI_df2d025267,DEVI_284a47f5e0,COMMS4D,06537#E1,Generalusage,19/07/2026 07:30:00 PM,19/07/2026 07:59:59 PM,0.001,0,A
ACCO_15e06beda2,NMI_df2d025267,DEVI_284a47f5e0,COMMS4D,06537#B1,Solar,19/07/2026 08:00:00 PM,19/07/2026 08:29:59 PM,0.003,0,A
ACCO_15e06beda2,NMI_df2d025267,DEVI_284a47f5e0,COMMS4D,06537#E1,Generalusage,19/07/2026 08:00:00 PM,19/07/2026 08:29:59 PM,0.001,0,A
ACCO_15e06beda2,NMI_df2d025267,DEVI_284a47f5e0,COMMS4D,06537#B1,Solar,19/07/2026 08:30:00 PM,19/07/2026 08:59:59 PM,0.004,0,A
ACCO_15e06beda2,NMI_df2d025267,DEVI_284a47f5e0,COMMS4D,06537#E1,Generalusage,19/07/2026 08:30:00 PM,19/07/2026 08:59:59 PM,0,0,A
ACCO_15e06beda2,NMI_df2d025267,DEVI_284a47f5e0,COMMS4D,06537#B1,Solar,19/07/2026 09:00:00 PM,19/07/2026 09:29:59 PM,0.002,0,A
ACCO_15e06beda2,NMI_df2d025267,DEVI_284a47f5e0,COMMS4D,06537#E1,Generalusage,19/07/2026 09:00:00 PM,19/07/2026 09:29:59 PM,0.001,0,A
ACCO_15e06beda2,NMI_df2d025267,DEVI_284a47f5e0,COMMS4D,06537#B1,Solar,19/07/2026 09:30:00 PM,19/07/2026 09:59:59 PM,0.003,0,A
ACCO_15e06beda2,NMI_df2d025267,DEVI_284a47f5e0,COMMS4D,06537#E1,Generalusage,19/07/2026 09:30:00 PM,19/07/2026 09:59:59 PM,0.001,0,A
ACCO_15e06beda2,NMI_df2d025267,DEVI_284a47f5e0,COMMS4D,06537#B1,Solar,19/07/2026 10:00:00 PM,19/07/2026 10:29:59 PM,0.003,0,A
ACCO_15e06beda2,NMI_df2d025267,DEVI_284a47f5e0,COMMS4D,06537#E1,Generalusage,19/07/2026 10:00:00 PM,19/07/2026 10:29:59 PM,0.001,0,A
ACCO_15e06beda2,NMI_df2d025267,DEVI_284a47f5e0,COMMS4D,06537#B1,Solar,19/07/2026 10:30:00 PM,19/07/2026 10:59:59 PM,0.003,0,A
ACCO_15e06beda2,NMI_df2d025267,DEVI_284a47f5e0,COMMS4D,06537#E1,Generalusage,19/07/2026 10:30:00 PM,19/07/2026 10:59:59 PM,0,0,A
ACCO_15e06beda2,NMI_df2d025267,DEVI_284a47f5e0,COMMS4D,06537#B1,Solar,19/07/2026 11:00:00 PM,19/07/2026 11:29:59 PM,0.002,0,A
ACCO_15e06beda2,NMI_df2d025267,DEVI_284a47f5e0,COMMS4D,06537#E1,Generalusage,19/07/2026 11:00:00 PM,19/07/2026 11:29:59 PM,0.002,0,A
ACCO_15e06beda2,NMI_df2d025267,DEVI_284a47f5e0,COMMS4D,06537#B1,Solar,19/07/2026 11:30:00 PM,19/07/2026 11:59:59 PM,0.001,0,A
ACCO_15e06beda2,NMI_df2d025267,DEVI_284a47f5e0,COMMS4D,06537#E1,Generalusage,19/07/2026 11:30:00 PM,19/07/2026 11:59:59 PM,0.001,0,A
ACCO_15e06beda2,NMI_df2d025267,DEVI_284a47f5e0,COMMS4D,06537#B1,Solar,20/07/2026 12:00:00 AM,20/07/2026 12:29:59 AM,0.003,0,A
ACCO_15e06beda2,NMI_df2d025267,DEVI_284a47f5e0,COMMS4D,06537#E1,Generalusage,20/07/2026 12:00:00 AM,20/07/2026 12:29:59 AM,0.001,0,A
ACCO_15e06beda2,NMI_df2d025267,DEVI_284a47f5e0,COMMS4D,06537#B1,Solar,20/07/2026 12:30:00 AM,20/07/2026 12:59:59 AM,0.002,0,A
ACCO_15e06beda2,NMI_df2d025267,DEVI_284a47f5e0,COMMS4D,06537#E1,Generalusage,20/07/2026 12:30:00 AM,20/07/2026 12:59:59 AM,0.001,0,A
ACCO_15e06beda2,NMI_df2d025267,DEVI_284a47f5e0,COMMS4D,06537#B1,Solar,20/07/2026 01:00:00 AM,20/07/2026 01:29:59 AM,0.002,0,A
ACCO_15e06beda2,NMI_df2d025267,DEVI_284a47f5e0,COMMS4D,06537#E1,Generalusage,20/07/2026 01:00:00 AM,20/07/2026 01:29:59 AM,0.001,0,A
ACCO_15e06beda2,NMI_df2d025267,DEVI_284a47f5e0,COMMS4D,06537#B1,Solar,20/07/2026 01:30:00 AM,20/07/2026 01:59:59 AM,0.002,0,A
ACCO_15e06beda2,NMI_df2d025267,DEVI_284a47f5e0,COMMS4D,06537#E1,Generalusage,20/07/2026 01:30:00 AM,20/07/2026 01:59:59 AM,0.002,0,A
ACCO_15e06beda2,NMI_df2d025267,DEVI_284a47f5e0,COMMS4D,06537#B1,Solar,20/07/2026 02:00:00 AM,20/07/2026 02:29:59 AM,0.002,0,A
ACCO_15e06beda2,NMI_df2d025267,DEVI_284a47f5e0,COMMS4D,06537#E1,Generalusage,20/07/2026 02:00:00 AM,20/07/2026 02:29:59 AM,0.001,0,A
ACCO_15e06beda2,NMI_df2d025267,DEVI_284a47f5e0,COMMS4D,06537#B1,Solar,20/07/2026 02:30:00 AM,20/07/2026 02:59:59 AM,0.001,0,A
ACCO_15e06beda2,NMI_df2d025267,DEVI_284a47f5e0,COMMS4D,06537#E1,Generalusage,20/07/2026 02:30:00 AM,20/07/2026 02:59:59 AM,0.001,0,A
ACCO_15e06beda2,NMI_df2d025267,DEVI_284a47f5e0,COMMS4D,06537#B1,Solar,20/07/2026 03:00:00 AM,20/07/2026 03:29:59 AM,0.002,0,A
ACCO_15e06beda2,NMI_df2d025267,DEVI_284a47f5e0,COMMS4D,06537#E1,Generalusage,20/07/2026 03:00:00 AM,20/07/2026 03:29:59 AM,0.002,0,A
ACCO_15e06beda2,NMI_df2d025267,DEVI_284a47f5e0,COMMS4D,06537#B1,Solar,20/07/2026 03:30:00 AM,20/07/2026 03:59:59 AM,0.001,0,A
ACCO_15e06beda2,NMI_df2d025267,DEVI_284a47f5e0,COMMS4D,06537#E1,Generalusage,20/07/2026 03:30:00 AM,20/07/2026 03:59:59 AM,0.001,0,A
ACCO_15e06beda2,NMI_df2d025267,DEVI_284a47f5e0,COMMS4D,06537#B1,Solar,20/07/2026 04:00:00 AM,20/07/2026 04:29:59 AM,0.002,0,A
ACCO_15e06beda2,NMI_df2d025267,DEVI_284a47f5e0,COMMS4D,06537#E1,Generalusage,20/07/2026 04:00:00 AM,20/07/2026 04:29:59 AM,0.002,0,A
ACCO_15e06beda2,NMI_df2d025267,DEVI_284a47f5e0,COMMS4D,06537#B1,Solar,20/07/2026 04:30:00 AM,20/07/2026 04:59:59 AM,0.001,0,A
ACCO_15e06beda2,NMI_df2d025267,DEVI_284a47f5e0,COMMS4D,06537#E1,Generalusage,20/07/2026 04:30:00 AM,20/07/2026 04:59:59 AM,0.001,0,A
ACCO_15e06beda2,NMI_df2d025267,DEVI_284a47f5e0,COMMS4D,06537#B1,Solar,20/07/2026 05:00:00 AM,20/07/2026 05:29:59 AM,0.003,0,A
ACCO_15e06beda2,NMI_df2d025267,DEVI_284a47f5e0,COMMS4D,06537#E1,Generalusage,20/07/2026 05:00:00 AM,20/07/2026 05:29:59 AM,0.001,0,A
ACCO_15e06beda2,NMI_df2d025267,DEVI_284a47f5e0,COMMS4D,06537#B1,Solar,20/07/2026 05:30:00 AM,20/07/2026 05:59:59 AM,0.002,0,A
ACCO_15e06beda2,NMI_df2d025267,DEVI_284a47f5e0,COMMS4D,06537#E1,Generalusage,20/07/2026 05:30:00 AM,20/07/2026 05:59:59 AM,0.001,0,A
ACCO_15e06beda2,NMI_df2d025267,DEVI_284a47f5e0,COMMS4D,06537#B1,Solar,20/07/2026 06:00:00 AM,20/07/2026 06:29:59 AM,0.003,0,A
ACCO_15e06beda2,NMI_df2d025267,DEVI_284a47f5e0,COMMS4D,06537#E1,Generalusage,20/07/2026 06:00:00 AM,20/07/2026 06:29:59 AM,0.001,0,A
ACCO_15e06beda2,NMI_df2d025267,DEVI_284a47f5e0,COMMS4D,06537#B1,Solar,20/07/2026 06:30:00 AM,20/07/2026 06:59:59 AM,0.003,0,A
ACCO_15e06beda2,NMI_df2d025267,DEVI_284a47f5e0,COMMS4D,06537#E1,Generalusage,20/07/2026 06:30:00 AM,20/07/2026 06:59:59 AM,0.002,0,A
ACCO_15e06beda2,NMI_df2d025267,DEVI_284a47f5e0,COMMS4D,06537#B1,Solar,20/07/2026 07:00:00 AM,20/07/2026 07:29:59 AM,0.004,0,A
ACCO_15e06beda2,NMI_df2d025267,DEVI_284a47f5e0,COMMS4D,06537#E1,Generalusage,20/07/2026 07:00:00 AM,20/07/2026 07:29:59 AM,0.001,0,A
ACCO_15e06beda2,NMI_df2d025267,DEVI_284a47f5e0,COMMS4D,06537#B1,Solar,20/07/2026 07:30:00 AM,20/07/2026 07:59:59 AM,0.003,0,A
ACCO_15e06beda2,NMI_df2d025267,DEVI_284a47f5e0,COMMS4D,06537#E1,Generalusage,20/07/2026 07:30:00 AM,20/07/2026 07:59:59 AM,0.001,0,A
ACCO_15e06beda2,NMI_df2d025267,DEVI_284a47f5e0,COMMS4D,06537#B1,Solar,20/07/2026 08:00:00 AM,20/07/2026 08:29:59 AM,0.002,0,A
ACCO_15e06beda2,NMI_df2d025267,DEVI_284a47f5e0,COMMS4D,06537#E1,Generalusage,20/07/2026 08:00:00 AM,20/07/2026 08:29:59 AM,0.001,0,A
ACCO_15e06beda2,NMI_df2d025267,DEVI_284a47f5e0,COMMS4D,06537#B1,Solar,20/07/2026 08:30:00 AM,20/07/2026 08:59:59 AM,0.003,0,A
ACCO_15e06beda2,NMI_df2d025267,DEVI_284a47f5e0,COMMS4D,06537#E1,Generalusage,20/07/2026 08:30:00 AM,20/07/2026 08:59:59 AM,0.001,0,A
ACCO_15e06beda2,NMI_df2d025267,DEVI_284a47f5e0,COMMS4D,06537#B1,Solar,20/07/2026 09:00:00 AM,20/07/2026 09:29:59 AM,0.003,0,A
ACCO_15e06beda2,NMI_df2d025267,DEVI_284a47f5e0,COMMS4D,06537#E1,Generalusage,20/07/2026 09:00:00 AM,20/07/2026 09:29:59 AM,0.001,0,A
ACCO_15e06beda2,NMI_df2d025267,DEVI_284a47f5e0,COMMS4D,06537#B1,Solar,20/07/2026 09:30:00 AM,20/07/2026 09:59:59 AM,0.004,0,A
ACCO_15e06beda2,NMI_df2d025267,DEVI_284a47f5e0,COMMS4D,06537#E1,Generalusage,20/07/2026 09:30:00 AM,20/07/2026 09:59:59 AM,0.002,0,A
ACCO_15e06beda2,NMI_df2d025267,DEVI_284a47f5e0,COMMS4D,06537#B1,Solar,20/07/2026 10:00:00 AM,20/07/2026 10:29:59 AM,0.003,0,A
ACCO_15e06beda2,NMI_df2d025267,DEVI_284a47f5e0,COMMS4D,06537#E1,Generalusage,20/07/2026 10:00:00 AM,20/07/2026 10:29:59 AM,0.002,0,A
ACCO_15e06beda2,NMI_df2d025267,DEVI_284a47f5e0,COMMS4D,06537#B1,Solar,20/07/2026 10:30:00 AM,20/07/2026 10:59:59 AM,0.257,0,A
ACCO_15e06beda2,NMI_df2d025267,DEVI_284a47f5e0,COMMS4D,06537#E1,Generalusage,20/07/2026 10:30:00 AM,20/07/2026 10:59:59 AM,0,0,A
ACCO_15e06beda2,NMI_df2d025267,DEVI_284a47f5e0,COMMS4D,06537#B1,Solar,20/07/2026 11:00:00 AM,20/07/2026 11:29:59 AM,2.567,0,A
ACCO_15e06beda2,NMI_df2d025267,DEVI_284a47f5e0,COMMS4D,06537#E1,Generalusage,20/07/2026 11:00:00 AM,20/07/2026 11:29:59 AM,0,0,A
ACCO_15e06beda2,NMI_df2d025267,DEVI_284a47f5e0,COMMS4D,06537#B1,Solar,20/07/2026 11:30:00 AM,20/07/2026 11:59:59 AM,3.281,0,A
ACCO_15e06beda2,NMI_df2d025267,DEVI_284a47f5e0,COMMS4D,06537#E1,Generalusage,20/07/2026 11:30:00 AM,20/07/2026 11:59:59 AM,0,0,A
ACCO_15e06beda2,NMI_df2d025267,DEVI_284a47f5e0,COMMS4D,06537#B1,Solar,20/07/2026 12:00:00 PM,20/07/2026 12:29:59 PM,3.34,0,A
ACCO_15e06beda2,NMI_df2d025267,DEVI_284a47f5e0,COMMS4D,06537#E1,Generalusage,20/07/2026 12:00:00 PM,20/07/2026 12:29:59 PM,0,0,A
ACCO_15e06beda2,NMI_df2d025267,DEVI_284a47f5e0,COMMS4D,06537#B1,Solar,20/07/2026 12:30:00 PM,20/07/2026 12:59:59 PM,2.832,0,A
ACCO_15e06beda2,NMI_df2d025267,DEVI_284a47f5e0,COMMS4D,06537#E1,Generalusage,20/07/2026 12:30:00 PM,20/07/2026 12:59:59 PM,0,0,A
ACCO_15e06beda2,NMI_df2d025267,DEVI_284a47f5e0,COMMS4D,06537#B1,Solar,20/07/2026 01:00:00 PM,20/07/2026 01:29:59 PM,3.004,0,A
ACCO_15e06beda2,NMI_df2d025267,DEVI_284a47f5e0,COMMS4D,06537#E1,Generalusage,20/07/2026 01:00:00 PM,20/07/2026 01:29:59 PM,0,0,A
ACCO_15e06beda2,NMI_df2d025267,DEVI_284a47f5e0,COMMS4D,06537#B1,Solar,20/07/2026 01:30:00 PM,20/07/2026 01:59:59 PM,2.858,0,A
ACCO_15e06beda2,NMI_df2d025267,DEVI_284a47f5e0,COMMS4D,06537#E1,Generalusage,20/07/2026 01:30:00 PM,20/07/2026 01:59:59 PM,0,0,A
ACCO_15e06beda2,NMI_df2d025267,DEVI_284a47f5e0,COMMS4D,06537#B1,Solar,20/07/2026 02:00:00 PM,20/07/2026 02:29:59 PM,2.212,0,A
ACCO_15e06beda2,NMI_df2d025267,DEVI_284a47f5e0,COMMS4D,06537#E1,Generalusage,20/07/2026 02:00:00 PM,20/07/2026 02:29:59 PM,0,0,A
ACCO_15e06beda2,NMI_df2d025267,DEVI_284a47f5e0,COMMS4D,06537#B1,Solar,20/07/2026 02:30:00 PM,20/07/2026 02:59:59 PM,2.377,0,A
ACCO_15e06beda2,NMI_df2d025267,DEVI_284a47f5e0,COMMS4D,06537#E1,Generalusage,20/07/2026 02:30:00 PM,20/07/2026 02:59:59 PM,0,0,A
ACCO_15e06beda2,NMI_df2d025267,DEVI_284a47f5e0,COMMS4D,06537#B1,Solar,20/07/2026 03:00:00 PM,20/07/2026 03:29:59 PM,1.948,0,A
ACCO_15e06beda2,NMI_df2d025267,DEVI_284a47f5e0,COMMS4D,06537#E1,Generalusage,20/07/2026 03:00:00 PM,20/07/2026 03:29:59 PM,0,0,A
ACCO_15e06beda2,NMI_df2d025267,DEVI_284a47f5e0,COMMS4D,06537#B1,Solar,20/07/2026 03:30:00 PM,20/07/2026 03:59:59 PM,1.41,0,A
ACCO_15e06beda2,NMI_df2d025267,DEVI_284a47f5e0,COMMS4D,06537#E1,Generalusage,20/07/2026 03:30:00 PM,20/07/2026 03:59:59 PM,0,0,A
ACCO_15e06beda2,NMI_df2d025267,DEVI_284a47f5e0,COMMS4D,06537#B1,Solar,20/07/2026 04:00:00 PM,20/07/2026 04:29:59 PM,0.66,0,A
ACCO_15e06beda2,NMI_df2d025267,DEVI_284a47f5e0,COMMS4D,06537#E1,Generalusage,20/07/2026 04:00:00 PM,20/07/2026 04:29:59 PM,0.002,0,A
ACCO_15e06beda2,NMI_df2d025267,DEVI_284a47f5e0,COMMS4D,06537#B1,Solar,20/07/2026 04:30:00 PM,20/07/2026 04:59:59 PM,0.002,0,A
ACCO_15e06beda2,NMI_df2d025267,DEVI_284a47f5e0,COMMS4D,06537#E1,Generalusage,20/07/2026 04:30:00 PM,20/07/2026 04:59:59 PM,0.001,0,A
ACCO_15e06beda2,NMI_df2d025267,DEVI_284a47f5e0,COMMS4D,06537#B1,Solar,20/07/2026 05:00:00 PM,20/07/2026 05:29:59 PM,0.004,0,A
ACCO_15e06beda2,NMI_df2d025267,DEVI_284a47f5e0,COMMS4D,06537#E1,Generalusage,20/07/2026 05:00:00 PM,20/07/2026 05:29:59 PM,0.003,0,A
ACCO_15e06beda2,NMI_df2d025267,DEVI_284a47f5e0,COMMS4D,06537#B1,Solar,20/07/2026 05:30:00 PM,20/07/2026 05:59:59 PM,0.006,0,A
ACCO_15e06beda2,NMI_df2d025267,DEVI_284a47f5e0,COMMS4D,06537#E1,Generalusage,20/07/2026 05:30:00 PM,20/07/2026 05:59:59 PM,0.005,0,A
ACCO_15e06beda2,NMI_df2d025267,DEVI_284a47f5e0,COMMS4D,06537#B1,Solar,20/07/2026 06:00:00 PM,20/07/2026 06:29:59 PM,0.004,0,A
ACCO_15e06beda2,NMI_df2d025267,DEVI_284a47f5e0,COMMS4D,06537#E1,Generalusage,20/07/2026 06:00:00 PM,20/07/2026 06:29:59 PM,0.002,0,A
ACCO_15e06beda2,NMI_df2d025267,DEVI_284a47f5e0,COMMS4D,06537#B1,Solar,20/07/2026 06:30:00 PM,20/07/2026 06:59:59 PM,0.003,0,A
ACCO_15e06beda2,NMI_df2d025267,DEVI_284a47f5e0,COMMS4D,06537#E1,Generalusage,20/07/2026 06:30:00 PM,20/07/2026 06:59:59 PM,0.001,0,A
ACCO_15e06beda2,NMI_df2d025267,DEVI_284a47f5e0,COMMS4D,06537#B1,Solar,20/07/2026 07:00:00 PM,20/07/2026 07:29:59 PM,0.003,0,A
ACCO_15e06beda2,NMI_df2d025267,DEVI_284a47f5e0,COMMS4D,06537#E1,Generalusage,20/07/2026 07:00:00 PM,20/07/2026 07:29:59 PM,0.002,0,A
ACCO_15e06beda2,NMI_df2d025267,DEVI_284a47f5e0,COMMS4D,06537#B1,Solar,20/07/2026 07:30:00 PM,20/07/2026 07:59:59 PM,0.003,0,A
ACCO_15e06beda2,NMI_df2d025267,DEVI_284a47f5e0,COMMS4D,06537#E1,Generalusage,20/07/2026 07:30:00 PM,20/07/2026 07:59:59 PM,0.001,0,A
ACCO_15e06beda2,NMI_df2d025267,DEVI_284a47f5e0,COMMS4D,06537#B1,Solar,20/07/2026 08:00:00 PM,20/07/2026 08:29:59 PM,0.003,0,A
ACCO_15e06beda2,NMI_df2d025267,DEVI_284a47f5e0,COMMS4D,06537#E1,Generalusage,20/07/2026 08:00:00 PM,20/07/2026 08:29:59 PM,0.002,0,A
ACCO_15e06beda2,NMI_df2d025267,DEVI_284a47f5e0,COMMS4D,06537#B1,Solar,20/07/2026 08:30:00 PM,20/07/2026 08:59:59 PM,0.003,0,A
ACCO_15e06beda2,NMI_df2d025267,DEVI_284a47f5e0,COMMS4D,06537#E1,Generalusage,20/07/2026 08:30:00 PM,20/07/2026 08:59:59 PM,0.001,0,A
ACCO_15e06beda2,NMI_df2d025267,DEVI_284a47f5e0,COMMS4D,06537#B1,Solar,20/07/2026 09:00:00 PM,20/07/2026 09:29:59 PM,0.003,0,A
ACCO_15e06beda2,NMI_df2d025267,DEVI_284a47f5e0,COMMS4D,06537#E1,Generalusage,20/07/2026 09:00:00 PM,20/07/2026 09:29:59 PM,0.001,0,A
ACCO_15e06beda2,NMI_df2d025267,DEVI_284a47f5e0,COMMS4D,06537#B1,Solar,20/07/2026 09:30:00 PM,20/07/2026 09:59:59 PM,0.003,0,A
ACCO_15e06beda2,NMI_df2d025267,DEVI_284a47f5e0,COMMS4D,06537#E1,Generalusage,20/07/2026 09:30:00 PM,20/07/2026 09:59:59 PM,0.002,0,A
ACCO_15e06beda2,NMI_df2d025267,DEVI_284a47f5e0,COMMS4D,06537#B1,Solar,20/07/2026 10:00:00 PM,20/07/2026 10:29:59 PM,0.003,0,A
ACCO_15e06beda2,NMI_df2d025267,DEVI_284a47f5e0,COMMS4D,06537#E1,Generalusage,20/07/2026 10:00:00 PM,20/07/2026 10:29:59 PM,0.001,0,A
ACCO_15e06beda2,NMI_df2d025267,DEVI_284a47f5e0,COMMS4D,06537#B1,Solar,20/07/2026 10:30:00 PM,20/07/2026 10:59:59 PM,0.003,0,A
ACCO_15e06beda2,NMI_df2d025267,DEVI_284a47f5e0,COMMS4D,06537#E1,Generalusage,20/07/2026 10:30:00 PM,20/07/2026 10:59:59 PM,0.001,0,A
ACCO_15e06beda2,NMI_df2d025267,DEVI_284a47f5e0,COMMS4D,06537#B1,Solar,20/07/2026 11:00:00 PM,20/07/2026 11:29:59 PM,0.004,0,A
ACCO_15e06beda2,NMI_df2d025267,DEVI_284a47f5e0,COMMS4D,06537#E1,Generalusage,20/07/2026 11:00:00 PM,20/07/2026 11:29:59 PM,0,0,A
ACCO_15e06beda2,NMI_df2d025267,DEVI_284a47f5e0,COMMS4D,06537#B1,Solar,20/07/2026 11:30:00 PM,20/07/2026 11:59:59 PM,0.002,0,A
ACCO_15e06beda2,NMI_df2d025267,DEVI_284a47f5e0,COMMS4D,06537#E1,Generalusage,20/07/2026 11:30:00 PM,20/07/2026 11:59:59 PM,0.001,0,A
ACCO_15e06beda2,NMI_df2d025267,DEVI_284a47f5e0,COMMS4D,06537#B1,Solar,21/07/2026 12:00:00 AM,21/07/2026 12:29:59 AM,0.003,0,A
ACCO_15e06beda2,NMI_df2d025267,DEVI_284a47f5e0,COMMS4D,06537#E1,Generalusage,21/07/2026 12:00:00 AM,21/07/2026 12:29:59 AM,0.001,0,A
ACCO_15e06beda2,NMI_df2d025267,DEVI_284a47f5e0,COMMS4D,06537#B1,Solar,21/07/2026 12:30:00 AM,21/07/2026 12:59:59 AM,0.002,0,A
ACCO_15e06beda2,NMI_df2d025267,DEVI_284a47f5e0,COMMS4D,06537#E1,Generalusage,21/07/2026 12:30:00 AM,21/07/2026 12:59:59 AM,0.001,0,A
ACCO_15e06beda2,NMI_df2d025267,DEVI_284a47f5e0,COMMS4D,06537#B1,Solar,21/07/2026 01:00:00 AM,21/07/2026 01:29:59 AM,0.002,0,A
ACCO_15e06beda2,NMI_df2d025267,DEVI_284a47f5e0,COMMS4D,06537#E1,Generalusage,21/07/2026 01:00:00 AM,21/07/2026 01:29:59 AM,0.001,0,A
ACCO_15e06beda2,NMI_df2d025267,DEVI_284a47f5e0,COMMS4D,06537#B1,Solar,21/07/2026 01:30:00 AM,21/07/2026 01:59:59 AM,0.002,0,A
ACCO_15e06beda2,NMI_df2d025267,DEVI_284a47f5e0,COMMS4D,06537#E1,Generalusage,21/07/2026 01:30:00 AM,21/07/2026 01:59:59 AM,0.002,0,A
ACCO_15e06beda2,NMI_df2d025267,DEVI_284a47f5e0,COMMS4D,06537#B1,Solar,21/07/2026 02:00:00 AM,21/07/2026 02:29:59 AM,0.002,0,A
ACCO_15e06beda2,NMI_df2d025267,DEVI_284a47f5e0,COMMS4D,06537#E1,Generalusage,21/07/2026 02:00:00 AM,21/07/2026 02:29:59 AM,0.001,0,A
ACCO_15e06beda2,NMI_df2d025267,DEVI_284a47f5e0,COMMS4D,06537#B1,Solar,21/07/2026 02:30:00 AM,21/07/2026 02:59:59 AM,0.001,0,A
ACCO_15e06beda2,NMI_df2d025267,DEVI_284a47f5e0,COMMS4D,06537#E1,Generalusage,21/07/2026 02:30:00 AM,21/07/2026 02:59:59 AM,0.002,0,A
ACCO_15e06beda2,NMI_df2d025267,DEVI_284a47f5e0,COMMS4D,06537#B1,Solar,21/07/2026 03:00:00 AM,21/07/2026 03:29:59 AM,0.002,0,A
ACCO_15e06beda2,NMI_df2d025267,DEVI_284a47f5e0,COMMS4D,06537#E1,Generalusage,21/07/2026 03:00:00 AM,21/07/2026 03:29:59 AM,0.001,0,A
ACCO_15e06beda2,NMI_df2d025267,DEVI_284a47f5e0,COMMS4D,06537#B1,Solar,21/07/2026 03:30:00 AM,21/07/2026 03:59:59 AM,0.001,0,A
ACCO_15e06beda2,NMI_df2d025267,DEVI_284a47f5e0,COMMS4D,06537#E1,Generalusage,21/07/2026 03:30:00 AM,21/07/2026 03:59:59 AM,0.002,0,A
ACCO_15e06beda2,NMI_df2d025267,DEVI_284a47f5e0,COMMS4D,06537#B1,Solar,21/07/2026 04:00:00 AM,21/07/2026 04:29:59 AM,0.001,0,A
ACCO_15e06beda2,NMI_df2d025267,DEVI_284a47f5e0,COMMS4D,06537#E1,Generalusage,21/07/2026 04:00:00 AM,21/07/2026 04:29:59 AM,0.002,0,A
ACCO_15e06beda2,NMI_df2d025267,DEVI_284a47f5e0,COMMS4D,06537#B1,Solar,21/07/2026 04:30:00 AM,21/07/2026 04:59:59 AM,0.001,0,A
ACCO_15e06beda2,NMI_df2d025267,DEVI_284a47f5e0,COMMS4D,06537#E1,Generalusage,21/07/2026 04:30:00 AM,21/07/2026 04:59:59 AM,0.002,0,A
ACCO_15e06beda2,NMI_df2d025267,DEVI_284a47f5e0,COMMS4D,06537#B1,Solar,21/07/2026 05:00:00 AM,21/07/2026 05:29:59 AM,0.002,0,A
ACCO_15e06beda2,NMI_df2d025267,DEVI_284a47f5e0,COMMS4D,06537#E1,Generalusage,21/07/2026 05:00:00 AM,21/07/2026 05:29:59 AM,0.001,0,A
ACCO_15e06beda2,NMI_df2d025267,DEVI_284a47f5e0,COMMS4D,06537#B1,Solar,21/07/2026 05:30:00 AM,21/07/2026 05:59:59 AM,0.001,0,A
ACCO_15e06beda2,NMI_df2d025267,DEVI_284a47f5e0,COMMS4D,06537#E1,Generalusage,21/07/2026 05:30:00 AM,21/07/2026 05:59:59 AM,0.002,0,A
ACCO_15e06beda2,NMI_df2d025267,DEVI_284a47f5e0,COMMS4D,06537#B1,Solar,21/07/2026 06:00:00 AM,21/07/2026 06:29:59 AM,0.003,0,A
ACCO_15e06beda2,NMI_df2d025267,DEVI_284a47f5e0,COMMS4D,06537#E1,Generalusage,21/07/2026 06:00:00 AM,21/07/2026 06:29:59 AM,0.001,0,A
ACCO_15e06beda2,NMI_df2d025267,DEVI_284a47f5e0,COMMS4D,06537#B1,Solar,21/07/2026 06:30:00 AM,21/07/2026 06:59:59 AM,0.003,0,A
ACCO_15e06beda2,NMI_df2d025267,DEVI_284a47f5e0,COMMS4D,06537#E1,Generalusage,21/07/2026 06:30:00 AM,21/07/2026 06:59:59 AM,0.002,0,A
ACCO_15e06beda2,NMI_df2d025267,DEVI_284a47f5e0,COMMS4D,06537#B1,Solar,21/07/2026 07:00:00 AM,21/07/2026 07:29:59 AM,0.003,0,A
ACCO_15e06beda2,NMI_df2d025267,DEVI_284a47f5e0,COMMS4D,06537#E1,Generalusage,21/07/2026 07:00:00 AM,21/07/2026 07:29:59 AM,0.001,0,A
ACCO_15e06beda2,NMI_df2d025267,DEVI_284a47f5e0,COMMS4D,06537#B1,Solar,21/07/2026 07:30:00 AM,21/07/2026 07:59:59 AM,0.002,0,A
ACCO_15e06beda2,NMI_df2d025267,DEVI_284a47f5e0,COMMS4D,06537#E1,Generalusage,21/07/2026 07:30:00 AM,21/07/2026 07:59:59 AM,0.001,0,A
ACCO_15e06beda2,NMI_df2d025267,DEVI_284a47f5e0,COMMS4D,06537#B1,Solar,21/07/2026 08:00:00 AM,21/07/2026 08:29:59 AM,0.002,0,A
ACCO_15e06beda2,NMI_df2d025267,DEVI_284a47f5e0,COMMS4D,06537#E1,Generalusage,21/07/2026 08:00:00 AM,21/07/2026 08:29:59 AM,0.001,0,A
ACCO_15e06beda2,NMI_df2d025267,DEVI_284a47f5e0,COMMS4D,06537#B1,Solar,21/07/2026 08:30:00 AM,21/07/2026 08:59:59 AM,0.002,0,A
ACCO_15e06beda2,NMI_df2d025267,DEVI_284a47f5e0,COMMS4D,06537#E1,Generalusage,21/07/2026 08:30:00 AM,21/07/2026 08:59:59 AM,0.002,0,A
ACCO_15e06beda2,NMI_df2d025267,DEVI_284a47f5e0,COMMS4D,06537#B1,Solar,21/07/2026 09:00:00 AM,21/07/2026 09:29:59 AM,0.004,0,A
ACCO_15e06beda2,NMI_df2d025267,DEVI_284a47f5e0,COMMS4D,06537#E1,Generalusage,21/07/2026 09:00:00 AM,21/07/2026 09:29:59 AM,0.002,0,A
ACCO_15e06beda2,NMI_df2d025267,DEVI_284a47f5e0,COMMS4D,06537#B1,Solar,21/07/2026 09:30:00 AM,21/07/2026 09:59:59 AM,0.004,0,A
ACCO_15e06beda2,NMI_df2d025267,DEVI_284a47f5e0,COMMS4D,06537#E1,Generalusage,21/07/2026 09:30:00 AM,21/07/2026 09:59:59 AM,0.002,0,A
ACCO_15e06beda2,NMI_df2d025267,DEVI_284a47f5e0,COMMS4D,06537#B1,Solar,21/07/2026 10:00:00 AM,21/07/2026 10:29:59 AM,0.003,0,A
ACCO_15e06beda2,NMI_df2d025267,DEVI_284a47f5e0,COMMS4D,06537#E1,Generalusage,21/07/2026 10:00:00 AM,21/07/2026 10:29:59 AM,0.001,0,A
ACCO_15e06beda2,NMI_df2d025267,DEVI_284a47f5e0,COMMS4D,06537#B1,Solar,21/07/2026 10:30:00 AM,21/07/2026 10:59:59 AM,0.351,0,A
ACCO_15e06beda2,NMI_df2d025267,DEVI_284a47f5e0,COMMS4D,06537#E1,Generalusage,21/07/2026 10:30:00 AM,21/07/2026 10:59:59 AM,0.001,0,A
ACCO_15e06beda2,NMI_df2d025267,DEVI_284a47f5e0,COMMS4D,06537#B1,Solar,21/07/2026 11:00:00 AM,21/07/2026 11:29:59 AM,2.266,0,A
ACCO_15e06beda2,NMI_df2d025267,DEVI_284a47f5e0,COMMS4D,06537#E1,Generalusage,21/07/2026 11:00:00 AM,21/07/2026 11:29:59 AM,0,0,A
ACCO_15e06beda2,NMI_df2d025267,DEVI_284a47f5e0,COMMS4D,06537#B1,Solar,21/07/2026 11:30:00 AM,21/07/2026 11:59:59 AM,2.693,0,A
ACCO_15e06beda2,NMI_df2d025267,DEVI_284a47f5e0,COMMS4D,06537#E1,Generalusage,21/07/2026 11:30:00 AM,21/07/2026 11:59:59 AM,0,0,A
ACCO_15e06beda2,NMI_df2d025267,DEVI_284a47f5e0,COMMS4D,06537#B1,Solar,21/07/2026 12:00:00 PM,21/07/2026 12:29:59 PM,3.146,0,A
ACCO_15e06beda2,NMI_df2d025267,DEVI_284a47f5e0,COMMS4D,06537#E1,Generalusage,21/07/2026 12:00:00 PM,21/07/2026 12:29:59 PM,0,0,A
ACCO_15e06beda2,NMI_df2d025267,DEVI_284a47f5e0,COMMS4D,06537#B1,Solar,21/07/2026 12:30:00 PM,21/07/2026 12:59:59 PM,2.502,0,A
ACCO_15e06beda2,NMI_df2d025267,DEVI_284a47f5e0,COMMS4D,06537#E1,Generalusage,21/07/2026 12:30:00 PM,21/07/2026 12:59:59 PM,0,0,A
ACCO_15e06beda2,NMI_df2d025267,DEVI_284a47f5e0,COMMS4D,06537#B1,Solar,21/07/2026 01:00:00 PM,21/07/2026 01:29:59 PM,2.798,0,A
ACCO_15e06beda2,NMI_df2d025267,DEVI_284a47f5e0,COMMS4D,06537#E1,Generalusage,21/07/2026 01:00:00 PM,21/07/2026 01:29:59 PM,0,0,A
ACCO_15e06beda2,NMI_df2d025267,DEVI_284a47f5e0,COMMS4D,06537#B1,Solar,21/07/2026 01:30:00 PM,21/07/2026 01:59:59 PM,2.443,0,A
ACCO_15e06beda2,NMI_df2d025267,DEVI_284a47f5e0,COMMS4D,06537#E1,Generalusage,21/07/2026 01:30:00 PM,21/07/2026 01:59:59 PM,0,0,A
ACCO_15e06beda2,NMI_df2d025267,DEVI_284a47f5e0,COMMS4D,06537#B1,Solar,21/07/2026 02:00:00 PM,21/07/2026 02:29:59 PM,2.017,0,A
ACCO_15e06beda2,NMI_df2d025267,DEVI_284a47f5e0,COMMS4D,06537#E1,Generalusage,21/07/2026 02:00:00 PM,21/07/2026 02:29:59 PM,0,0,A
ACCO_15e06beda2,NMI_df2d025267,DEVI_284a47f5e0,COMMS4D,06537#B1,Solar,21/07/2026 02:30:00 PM,21/07/2026 02:59:59 PM,2.366,0,A
ACCO_15e06beda2,NMI_df2d025267,DEVI_284a47f5e0,COMMS4D,06537#E1,Generalusage,21/07/2026 02:30:00 PM,21/07/2026 02:59:59 PM,0,0,A
ACCO_15e06beda2,NMI_df2d025267,DEVI_284a47f5e0,COMMS4D,06537#B1,Solar,21/07/2026 03:00:00 PM,21/07/2026 03:29:59 PM,1.805,0,A
ACCO_15e06beda2,NMI_df2d025267,DEVI_284a47f5e0,COMMS4D,06537#E1,Generalusage,21/07/2026 03:00:00 PM,21/07/2026 03:29:59 PM,0,0,A
ACCO_15e06beda2,NMI_df2d025267,DEVI_284a47f5e0,COMMS4D,06537#B1,Solar,21/07/2026 03:30:00 PM,21/07/2026 03:59:59 PM,1.303,0,A
ACCO_15e06beda2,NMI_df2d025267,DEVI_284a47f5e0,COMMS4D,06537#E1,Generalusage,21/07/2026 03:30:00 PM,21/07/2026 03:59:59 PM,0,0,A
ACCO_15e06beda2,NMI_df2d025267,DEVI_284a47f5e0,COMMS4D,06537#B1,Solar,21/07/2026 04:00:00 PM,21/07/2026 04:29:59 PM,0.627,0,A
ACCO_15e06beda2,NMI_df2d025267,DEVI_284a47f5e0,COMMS4D,06537#E1,Generalusage,21/07/2026 04:00:00 PM,21/07/2026 04:29:59 PM,0,0,A
ACCO_15e06beda2,NMI_df2d025267,DEVI_284a47f5e0,COMMS4D,06537#B1,Solar,21/07/2026 04:30:00 PM,21/07/2026 04:59:59 PM,0.002,0,A
ACCO_15e06beda2,NMI_df2d025267,DEVI_284a47f5e0,COMMS4D,06537#E1,Generalusage,21/07/2026 04:30:00 PM,21/07/2026 04:59:59 PM,0.002,0,A
ACCO_15e06beda2,NMI_df2d025267,DEVI_284a47f5e0,COMMS4D,06537#B1,Solar,21/07/2026 05:00:00 PM,21/07/2026 05:29:59 PM,0.003,0,A
ACCO_15e06beda2,NMI_df2d025267,DEVI_284a47f5e0,COMMS4D,06537#E1,Generalusage,21/07/2026 05:00:00 PM,21/07/2026 05:29:59 PM,0,0,A
ACCO_15e06beda2,NMI_df2d025267,DEVI_284a47f5e0,COMMS4D,06537#B1,Solar,21/07/2026 05:30:00 PM,21/07/2026 05:59:59 PM,0.003,0,A
ACCO_15e06beda2,NMI_df2d025267,DEVI_284a47f5e0,COMMS4D,06537#E1,Generalusage,21/07/2026 05:30:00 PM,21/07/2026 05:59:59 PM,0.001,0,A
ACCO_15e06beda2,NMI_df2d025267,DEVI_284a47f5e0,COMMS4D,06537#B1,Solar,21/07/2026 06:00:00 PM,21/07/2026 06:29:59 PM,0.003,0,A
ACCO_15e06beda2,NMI_df2d025267,DEVI_284a47f5e0,COMMS4D,06537#E1,Generalusage,21/07/2026 06:00:00 PM,21/07/2026 06:29:59 PM,0.002,0,A
ACCO_15e06beda2,NMI_df2d025267,DEVI_284a47f5e0,COMMS4D,06537#B1,Solar,21/07/2026 06:30:00 PM,21/07/2026 06:59:59 PM,0.001,0,A
ACCO_15e06beda2,NMI_df2d025267,DEVI_284a47f5e0,COMMS4D,06537#E1,Generalusage,21/07/2026 06:30:00 PM,21/07/2026 06:59:59 PM,0.001,0,A
ACCO_15e06beda2,NMI_df2d025267,DEVI_284a47f5e0,COMMS4D,06537#B1,Solar,21/07/2026 07:00:00 PM,21/07/2026 07:29:59 PM,0.002,0,A
ACCO_15e06beda2,NMI_df2d025267,DEVI_284a47f5e0,COMMS4D,06537#E1,Generalusage,21/07/2026 07:00:00 PM,21/07/2026 07:29:59 PM,0.002,0,A
ACCO_15e06beda2,NMI_df2d025267,DEVI_284a47f5e0,COMMS4D,06537#B1,Solar,21/07/2026 07:30:00 PM,21/07/2026 07:59:59 PM,0.003,0,A
ACCO_15e06beda2,NMI_df2d025267,DEVI_284a47f5e0,COMMS4D,06537#E1,Generalusage,21/07/2026 07:30:00 PM,21/07/2026 07:59:59 PM,0.001,0,A
ACCO_15e06beda2,NMI_df2d025267,DEVI_284a47f5e0,COMMS4D,06537#B1,Solar,21/07/2026 08:00:00 PM,21/07/2026 08:29:59 PM,0.003,0,A
ACCO_15e06beda2,NMI_df2d025267,DEVI_284a47f5e0,COMMS4D,06537#E1,Generalusage,21/07/2026 08:00:00 PM,21/07/2026 08:29:59 PM,0.001,0,A
ACCO_15e06beda2,NMI_df2d025267,DEVI_284a47f5e0,COMMS4D,06537#B1,Solar,21/07/2026 08:30:00 PM,21/07/2026 08:59:59 PM,0.002,0,A
ACCO_15e06beda2,NMI_df2d025267,DEVI_284a47f5e0,COMMS4D,06537#E1,Generalusage,21/07/2026 08:30:00 PM,21/07/2026 08:59:59 PM,0.001,0,A
ACCO_15e06beda2,NMI_df2d025267,DEVI_284a47f5e0,COMMS4D,06537#B1,Solar,21/07/2026 09:00:00 PM,21/07/2026 09:29:59 PM,0.004,0,A
ACCO_15e06beda2,NMI_df2d025267,DEVI_284a47f5e0,COMMS4D,06537#E1,Generalusage,21/07/2026 09:00:00 PM,21/07/2026 09:29:59 PM,0.001,0,A
ACCO_15e06beda2,NMI_df2d025267,DEVI_284a47f5e0,COMMS4D,06537#B1,Solar,21/07/2026 09:30:00 PM,21/07/2026 09:59:59 PM,0.002,0,A
ACCO_15e06beda2,NMI_df2d025267,DEVI_284a47f5e0,COMMS4D,06537#E1,Generalusage,21/07/2026 09:30:00 PM,21/07/2026 09:59:59 PM,0.001,0,A
ACCO_15e06beda2,NMI_df2d025267,DEVI_284a47f5e0,COMMS4D,06537#B1,Solar,21/07/2026 10:00:00 PM,21/07/2026 10:29:59 PM,0.004,0,A
ACCO_15e06beda2,NMI_df2d025267,DEVI_284a47f5e0,COMMS4D,06537#E1,Generalusage,21/07/2026 10:00:00 PM,21/07/2026 10:29:59 PM,0.001,0,A
ACCO_15e06beda2,NMI_df2d025267,DEVI_284a47f5e0,COMMS4D,06537#B1,Solar,21/07/2026 10:30:00 PM,21/07/2026 10:59:59 PM,0.004,0,A
ACCO_15e06beda2,NMI_df2d025267,DEVI_284a47f5e0,COMMS4D,06537#E1,Generalusage,21/07/2026 10:30:00 PM,21/07/2026 10:59:59 PM,0,0,A
ACCO_15e06beda2,NMI_df2d025267,DEVI_284a47f5e0,COMMS4D,06537#B1,Solar,21/07/2026 11:00:00 PM,21/07/2026 11:29:59 PM,0.003,0,A
ACCO_15e06beda2,NMI_df2d025267,DEVI_284a47f5e0,COMMS4D,06537#E1,Generalusage,21/07/2026 11:00:00 PM,21/07/2026 11:29:59 PM,0.001,0,A
ACCO_15e06beda2,NMI_df2d025267,DEVI_284a47f5e0,COMMS4D,06537#B1,Solar,21/07/2026 11:30:00 PM,21/07/2026 11:59:59 PM,0.004,0,A
ACCO_15e06beda2,NMI_df2d025267,DEVI_284a47f5e0,COMMS4D,06537#E1,Generalusage,21/07/2026 11:30:00 PM,21/07/2026 11:59:59 PM,0.001,0,A
ACCO_15e06beda2,NMI_df2d025267,DEVI_284a47f5e0,COMMS4D,06537#B1,Solar,22/07/2026 12:00:00 AM,22/07/2026 12:29:59 AM,0.002,0,A
ACCO_15e06beda2,NMI_df2d025267,DEVI_284a47f5e0,COMMS4D,06537#E1,Generalusage,22/07/2026 12:00:00 AM,22/07/2026 12:29:59 AM,0.001,0,A
ACCO_15e06beda2,NMI_df2d025267,DEVI_284a47f5e0,COMMS4D,06537#B1,Solar,22/07/2026 12:30:00 AM,22/07/2026 12:59:59 AM,0.003,0,A
ACCO_15e06beda2,NMI_df2d025267,DEVI_284a47f5e0,COMMS4D,06537#E1,Generalusage,22/07/2026 12:30:00 AM,22/07/2026 12:59:59 AM,0.001,0,A
ACCO_15e06beda2,NMI_df2d025267,DEVI_284a47f5e0,COMMS4D,06537#B1,Solar,22/07/2026 01:00:00 AM,22/07/2026 01:29:59 AM,0.001,0,A
ACCO_15e06beda2,NMI_df2d025267,DEVI_284a47f5e0,COMMS4D,06537#E1,Generalusage,22/07/2026 01:00:00 AM,22/07/2026 01:29:59 AM,0.001,0,A
ACCO_15e06beda2,NMI_df2d025267,DEVI_284a47f5e0,COMMS4D,06537#B1,Solar,22/07/2026 01:30:00 AM,22/07/2026 01:59:59 AM,0.002,0,A
ACCO_15e06beda2,NMI_df2d025267,DEVI_284a47f5e0,COMMS4D,06537#E1,Generalusage,22/07/2026 01:30:00 AM,22/07/2026 01:59:59 AM,0.002,0,A
ACCO_15e06beda2,NMI_df2d025267,DEVI_284a47f5e0,COMMS4D,06537#B1,Solar,22/07/2026 02:00:00 AM,22/07/2026 02:29:59 AM,0.001,0,A
ACCO_15e06beda2,NMI_df2d025267,DEVI_284a47f5e0,COMMS4D,06537#E1,Generalusage,22/07/2026 02:00:00 AM,22/07/2026 02:29:59 AM,0.002,0,A
ACCO_15e06beda2,NMI_df2d025267,DEVI_284a47f5e0,COMMS4D,06537#B1,Solar,22/07/2026 02:30:00 AM,22/07/2026 02:59:59 AM,0.002,0,A
ACCO_15e06beda2,NMI_df2d025267,DEVI_284a47f5e0,COMMS4D,06537#E1,Generalusage,22/07/2026 02:30:00 AM,22/07/2026 02:59:59 AM,0.001,0,A
ACCO_15e06beda2,NMI_df2d025267,DEVI_284a47f5e0,COMMS4D,06537#B1,Solar,22/07/2026 03:00:00 AM,22/07/2026 03:29:59 AM,0.001,0,A
ACCO_15e06beda2,NMI_df2d025267,DEVI_284a47f5e0,COMMS4D,06537#E1,Generalusage,22/07/2026 03:00:00 AM,22/07/2026 03:29:59 AM,0.002,0,A
ACCO_15e06beda2,NMI_df2d025267,DEVI_284a47f5e0,COMMS4D,06537#B1,Solar,22/07/2026 03:30:00 AM,22/07/2026 03:59:59 AM,0.001,0,A
ACCO_15e06beda2,NMI_df2d025267,DEVI_284a47f5e0,COMMS4D,06537#E1,Generalusage,22/07/2026 03:30:00 AM,22/07/2026 03:59:59 AM,0.002,0,A
ACCO_15e06beda2,NMI_df2d025267,DEVI_284a47f5e0,COMMS4D,06537#B1,Solar,22/07/2026 04:00:00 AM,22/07/2026 04:29:59 AM,0.002,0,A
ACCO_15e06beda2,NMI_df2d025267,DEVI_284a47f5e0,COMMS4D,06537#E1,Generalusage,22/07/2026 04:00:00 AM,22/07/2026 04:29:59 AM,0.002,0,A
ACCO_15e06beda2,NMI_df2d025267,DEVI_284a47f5e0,COMMS4D,06537#B1,Solar,22/07/2026 04:30:00 AM,22/07/2026 04:59:59 AM,0.001,0,A
ACCO_15e06beda2,NMI_df2d025267,DEVI_284a47f5e0,COMMS4D,06537#E1,Generalusage,22/07/2026 04:30:00 AM,22/07/2026 04:59:59 AM,0.001,0,A
ACCO_15e06beda2,NMI_df2d025267,DEVI_284a47f5e0,COMMS4D,06537#B1,Solar,22/07/2026 05:00:00 AM,22/07/2026 05:29:59 AM,0.001,0,A
ACCO_15e06beda2,NMI_df2d025267,DEVI_284a47f5e0,COMMS4D,06537#E1,Generalusage,22/07/2026 05:00:00 AM,22/07/2026 05:29:59 AM,0.002,0,A
ACCO_15e06beda2,NMI_df2d025267,DEVI_284a47f5e0,COMMS4D,06537#B1,Solar,22/07/2026 05:30:00 AM,22/07/2026 05:59:59 AM,0.001,0,A
ACCO_15e06beda2,NMI_df2d025267,DEVI_284a47f5e0,COMMS4D,06537#E1,Generalusage,22/07/2026 05:30:00 AM,22/07/2026 05:59:59 AM,0.002,0,A
ACCO_15e06beda2,NMI_df2d025267,DEVI_284a47f5e0,COMMS4D,06537#B1,Solar,22/07/2026 06:00:00 AM,22/07/2026 06:29:59 AM,0.003,0,A
ACCO_15e06beda2,NMI_df2d025267,DEVI_284a47f5e0,COMMS4D,06537#E1,Generalusage,22/07/2026 06:00:00 AM,22/07/2026 06:29:59 AM,0.002,0,A
ACCO_15e06beda2,NMI_df2d025267,DEVI_284a47f5e0,COMMS4D,06537#B1,Solar,22/07/2026 06:30:00 AM,22/07/2026 06:59:59 AM,0.003,0,A
ACCO_15e06beda2,NMI_df2d025267,DEVI_284a47f5e0,COMMS4D,06537#E1,Generalusage,22/07/2026 06:30:00 AM,22/07/2026 06:59:59 AM,0.001,0,A
ACCO_15e06beda2,NMI_df2d025267,DEVI_284a47f5e0,COMMS4D,06537#B1,Solar,22/07/2026 07:00:00 AM,22/07/2026 07:29:59 AM,0.003,0,A
ACCO_15e06beda2,NMI_df2d025267,DEVI_284a47f5e0,COMMS4D,06537#E1,Generalusage,22/07/2026 07:00:00 AM,22/07/2026 07:29:59 AM,0.001,0,A
ACCO_15e06beda2,NMI_df2d025267,DEVI_284a47f5e0,COMMS4D,06537#B1,Solar,22/07/2026 07:30:00 AM,22/07/2026 07:59:59 AM,0.003,0,A
ACCO_15e06beda2,NMI_df2d025267,DEVI_284a47f5e0,COMMS4D,06537#E1,Generalusage,22/07/2026 07:30:00 AM,22/07/2026 07:59:59 AM,0.001,0,A
ACCO_15e06beda2,NMI_df2d025267,DEVI_284a47f5e0,COMMS4D,06537#B1,Solar,22/07/2026 08:00:00 AM,22/07/2026 08:29:59 AM,0.003,0,A
ACCO_15e06beda2,NMI_df2d025267,DEVI_284a47f5e0,COMMS4D,06537#E1,Generalusage,22/07/2026 08:00:00 AM,22/07/2026 08:29:59 AM,0.001,0,A
ACCO_15e06beda2,NMI_df2d025267,DEVI_284a47f5e0,COMMS4D,06537#B1,Solar,22/07/2026 08:30:00 AM,22/07/2026 08:59:59 AM,0.002,0,A
ACCO_15e06beda2,NMI_df2d025267,DEVI_284a47f5e0,COMMS4D,06537#E1,Generalusage,22/07/2026 08:30:00 AM,22/07/2026 08:59:59 AM,0.002,0,A
ACCO_15e06beda2,NMI_df2d025267,DEVI_284a47f5e0,COMMS4D,06537#B1,Solar,22/07/2026 09:00:00 AM,22/07/2026 09:29:59 AM,0.001,0,A
ACCO_15e06beda2,NMI_df2d025267,DEVI_284a47f5e0,COMMS4D,06537#E1,Generalusage,22/07/2026 09:00:00 AM,22/07/2026 09:29:59 AM,0.002,0,A
ACCO_15e06beda2,NMI_df2d025267,DEVI_284a47f5e0,COMMS4D,06537#B1,Solar,22/07/2026 09:30:00 AM,22/07/2026 09:59:59 AM,0.002,0,A
ACCO_15e06beda2,NMI_df2d025267,DEVI_284a47f5e0,COMMS4D,06537#E1,Generalusage,22/07/2026 09:30:00 AM,22/07/2026 09:59:59 AM,0.001,0,A
ACCO_15e06beda2,NMI_df2d025267,DEVI_284a47f5e0,COMMS4D,06537#B1,Solar,22/07/2026 10:00:00 AM,22/07/2026 10:29:59 AM,0.002,0,A
ACCO_15e06beda2,NMI_df2d025267,DEVI_284a47f5e0,COMMS4D,06537#E1,Generalusage,22/07/2026 10:00:00 AM,22/07/2026 10:29:59 AM,0.002,0,A
ACCO_15e06beda2,NMI_df2d025267,DEVI_284a47f5e0,COMMS4D,06537#B1,Solar,22/07/2026 10:30:00 AM,22/07/2026 10:59:59 AM,0.002,0,A
ACCO_15e06beda2,NMI_df2d025267,DEVI_284a47f5e0,COMMS4D,06537#E1,Generalusage,22/07/2026 10:30:00 AM,22/07/2026 10:59:59 AM,0.002,0,A
ACCO_15e06beda2,NMI_df2d025267,DEVI_284a47f5e0,COMMS4D,06537#B1,Solar,22/07/2026 11:00:00 AM,22/07/2026 11:29:59 AM,0.499,0,A
ACCO_15e06beda2,NMI_df2d025267,DEVI_284a47f5e0,COMMS4D,06537#E1,Generalusage,22/07/2026 11:00:00 AM,22/07/2026 11:29:59 AM,0.003,0,A
ACCO_15e06beda2,NMI_df2d025267,DEVI_284a47f5e0,COMMS4D,06537#B1,Solar,22/07/2026 11:30:00 AM,22/07/2026 11:59:59 AM,2.634,0,A
ACCO_15e06beda2,NMI_df2d025267,DEVI_284a47f5e0,COMMS4D,06537#E1,Generalusage,22/07/2026 11:30:00 AM,22/07/2026 11:59:59 AM,0,0,A
ACCO_15e06beda2,NMI_df2d025267,DEVI_284a47f5e0,COMMS4D,06537#B1,Solar,22/07/2026 12:00:00 PM,22/07/2026 12:29:59 PM,2.338,0,A
ACCO_15e06beda2,NMI_df2d025267,DEVI_284a47f5e0,COMMS4D,06537#E1,Generalusage,22/07/2026 12:00:00 PM,22/07/2026 12:29:59 PM,0,0,A
ACCO_15e06beda2,NMI_df2d025267,DEVI_284a47f5e0,COMMS4D,06537#B1,Solar,22/07/2026 12:30:00 PM,22/07/2026 12:59:59 PM,1.508,0,A
ACCO_15e06beda2,NMI_df2d025267,DEVI_284a47f5e0,COMMS4D,06537#E1,Generalusage,22/07/2026 12:30:00 PM,22/07/2026 12:59:59 PM,0,0,A
ACCO_15e06beda2,NMI_df2d025267,DEVI_284a47f5e0,COMMS4D,06537#B1,Solar,22/07/2026 01:00:00 PM,22/07/2026 01:29:59 PM,1.167,0,A
ACCO_15e06beda2,NMI_df2d025267,DEVI_284a47f5e0,COMMS4D,06537#E1,Generalusage,22/07/2026 01:00:00 PM,22/07/2026 01:29:59 PM,0,0,A
ACCO_15e06beda2,NMI_df2d025267,DEVI_284a47f5e0,COMMS4D,06537#B1,Solar,22/07/2026 01:30:00 PM,22/07/2026 01:59:59 PM,1.437,0,A
ACCO_15e06beda2,NMI_df2d025267,DEVI_284a47f5e0,COMMS4D,06537#E1,Generalusage,22/07/2026 01:30:00 PM,22/07/2026 01:59:59 PM,0.002,0,A
ACCO_15e06beda2,NMI_df2d025267,DEVI_284a47f5e0,COMMS4D,06537#B1,Solar,22/07/2026 02:00:00 PM,22/07/2026 02:29:59 PM,1.721,0,A
ACCO_15e06beda2,NMI_df2d025267,DEVI_284a47f5e0,COMMS4D,06537#E1,Generalusage,22/07/2026 02:00:00 PM,22/07/2026 02:29:59 PM,0,0,A
ACCO_15e06beda2,NMI_df2d025267,DEVI_284a47f5e0,COMMS4D,06537#B1,Solar,22/07/2026 02:30:00 PM,22/07/2026 02:59:59 PM,1.311,0,A
ACCO_15e06beda2,NMI_df2d025267,DEVI_284a47f5e0,COMMS4D,06537#E1,Generalusage,22/07/2026 02:30:00 PM,22/07/2026 02:59:59 PM,0,0,A
ACCO_15e06beda2,NMI_df2d025267,DEVI_284a47f5e0,COMMS4D,06537#B1,Solar,22/07/2026 03:00:00 PM,22/07/2026 03:29:59 PM,0.709,0,A
ACCO_15e06beda2,NMI_df2d025267,DEVI_284a47f5e0,COMMS4D,06537#E1,Generalusage,22/07/2026 03:00:00 PM,22/07/2026 03:29:59 PM,0,0,A
ACCO_15e06beda2,NMI_df2d025267,DEVI_284a47f5e0,COMMS4D,06537#B1,Solar,22/07/2026 03:30:00 PM,22/07/2026 03:59:59 PM,0.34,0,A
ACCO_15e06beda2,NMI_df2d025267,DEVI_284a47f5e0,COMMS4D,06537#E1,Generalusage,22/07/2026 03:30:00 PM,22/07/2026 03:59:59 PM,0,0,A
ACCO_15e06beda2,NMI_df2d025267,DEVI_284a47f5e0,COMMS4D,06537#B1,Solar,22/07/2026 04:00:00 PM,22/07/2026 04:29:59 PM,0.141,0,A
ACCO_15e06beda2,NMI_df2d025267,DEVI_284a47f5e0,COMMS4D,06537#E1,Generalusage,22/07/2026 04:00:00 PM,22/07/2026 04:29:59 PM,0,0,A
ACCO_15e06beda2,NMI_df2d025267,DEVI_284a47f5e0,COMMS4D,06537#B1,Solar,22/07/2026 04:30:00 PM,22/07/2026 04:59:59 PM,0.001,0,A
ACCO_15e06beda2,NMI_df2d025267,DEVI_284a47f5e0,COMMS4D,06537#E1,Generalusage,22/07/2026 04:30:00 PM,22/07/2026 04:59:59 PM,0.002,0,A
ACCO_15e06beda2,NMI_df2d025267,DEVI_284a47f5e0,COMMS4D,06537#B1,Solar,22/07/2026 05:00:00 PM,22/07/2026 05:29:59 PM,0.003,0,A
ACCO_15e06beda2,NMI_df2d025267,DEVI_284a47f5e0,COMMS4D,06537#E1,Generalusage,22/07/2026 05:00:00 PM,22/07/2026 05:29:59 PM,0.001,0,A
ACCO_15e06beda2,NMI_df2d025267,DEVI_284a47f5e0,COMMS4D,06537#B1,Solar,22/07/2026 05:30:00 PM,22/07/2026 05:59:59 PM,0.002,0,A
ACCO_15e06beda2,NMI_df2d025267,DEVI_284a47f5e0,COMMS4D,06537#E1,Generalusage,22/07/2026 05:30:00 PM,22/07/2026 05:59:59 PM,0.001,0,A
ACCO_15e06beda2,NMI_df2d025267,DEVI_284a47f5e0,COMMS4D,06537#B1,Solar,22/07/2026 06:00:00 PM,22/07/2026 06:29:59 PM,0.003,0,A
ACCO_15e06beda2,NMI_df2d025267,DEVI_284a47f5e0,COMMS4D,06537#E1,Generalusage,22/07/2026 06:00:00 PM,22/07/2026 06:29:59 PM,0.001,0,A
ACCO_15e06beda2,NMI_df2d025267,DEVI_284a47f5e0,COMMS4D,06537#B1,Solar,22/07/2026 06:30:00 PM,22/07/2026 06:59:59 PM,0.002,0,A
ACCO_15e06beda2,NMI_df2d025267,DEVI_284a47f5e0,COMMS4D,06537#E1,Generalusage,22/07/2026 06:30:00 PM,22/07/2026 06:59:59 PM,0.001,0,A
ACCO_15e06beda2,NMI_df2d025267,DEVI_284a47f5e0,COMMS4D,06537#B1,Solar,22/07/2026 07:00:00 PM,22/07/2026 07:29:59 PM,0.004,0,A
ACCO_15e06beda2,NMI_df2d025267,DEVI_284a47f5e0,COMMS4D,06537#E1,Generalusage,22/07/2026 07:00:00 PM,22/07/2026 07:29:59 PM,0.003,0,A
ACCO_15e06beda2,NMI_df2d025267,DEVI_284a47f5e0,COMMS4D,06537#B1,Solar,22/07/2026 07:30:00 PM,22/07/2026 07:59:59 PM,0.003,0,A
ACCO_15e06beda2,NMI_df2d025267,DEVI_284a47f5e0,COMMS4D,06537#E1,Generalusage,22/07/2026 07:30:00 PM,22/07/2026 07:59:59 PM,0.002,0,A
ACCO_15e06beda2,NMI_df2d025267,DEVI_284a47f5e0,COMMS4D,06537#B1,Solar,22/07/2026 08:00:00 PM,22/07/2026 08:29:59 PM,0.002,0,A
ACCO_15e06beda2,NMI_df2d025267,DEVI_284a47f5e0,COMMS4D,06537#E1,Generalusage,22/07/2026 08:00:00 PM,22/07/2026 08:29:59 PM,0.001,0,A
ACCO_15e06beda2,NMI_df2d025267,DEVI_284a47f5e0,COMMS4D,06537#B1,Solar,22/07/2026 08:30:00 PM,22/07/2026 08:59:59 PM,0.003,0,A
ACCO_15e06beda2,NMI_df2d025267,DEVI_284a47f5e0,COMMS4D,06537#E1,Generalusage,22/07/2026 08:30:00 PM,22/07/2026 08:59:59 PM,0.001,0,A
ACCO_15e06beda2,NMI_df2d025267,DEVI_284a47f5e0,COMMS4D,06537#B1,Solar,22/07/2026 09:00:00 PM,22/07/2026 09:29:59 PM,0.002,0,A
ACCO_15e06beda2,NMI_df2d025267,DEVI_284a47f5e0,COMMS4D,06537#E1,Generalusage,22/07/2026 09:00:00 PM,22/07/2026 09:29:59 PM,0.001,0,A
ACCO_15e06beda2,NMI_df2d025267,DEVI_284a47f5e0,COMMS4D,06537#B1,Solar,22/07/2026 09:30:00 PM,22/07/2026 09:59:59 PM,0.003,0,A
ACCO_15e06beda2,NMI_df2d025267,DEVI_284a47f5e0,COMMS4D,06537#E1,Generalusage,22/07/2026 09:30:00 PM,22/07/2026 09:59:59 PM,0.001,0,A
ACCO_15e06beda2,NMI_df2d025267,DEVI_284a47f5e0,COMMS4D,06537#B1,Solar,22/07/2026 10:00:00 PM,22/07/2026 10:29:59 PM,0.002,0,A
ACCO_15e06beda2,NMI_df2d025267,DEVI_284a47f5e0,COMMS4D,06537#E1,Generalusage,22/07/2026 10:00:00 PM,22/07/2026 10:29:59 PM,0.001,0,A
ACCO_15e06beda2,NMI_df2d025267,DEVI_284a47f5e0,COMMS4D,06537#B1,Solar,22/07/2026 10:30:00 PM,22/07/2026 10:59:59 PM,0.003,0,A
ACCO_15e06beda2,NMI_df2d025267,DEVI_284a47f5e0,COMMS4D,06537#E1,Generalusage,22/07/2026 10:30:00 PM,22/07/2026 10:59:59 PM,0.001,0,A
ACCO_15e06beda2,NMI_df2d025267,DEVI_284a47f5e0,COMMS4D,06537#B1,Solar,22/07/2026 11:00:00 PM,22/07/2026 11:29:59 PM,0.003,0,A
ACCO_15e06beda2,NMI_df2d025267,DEVI_284a47f5e0,COMMS4D,06537#E1,Generalusage,22/07/2026 11:00:00 PM,22/07/2026 11:29:59 PM,0.001,0,A
ACCO_15e06beda2,NMI_df2d025267,DEVI_284a47f5e0,COMMS4D,06537#B1,Solar,22/07/2026 11:30:00 PM,22/07/2026 11:59:59 PM,0.001,0,A
ACCO_15e06beda2,NMI_df2d025267,DEVI_284a47f5e0,COMMS4D,06537#E1,Generalusage,22/07/2026 11:30:00 PM,22/07/2026 11:59:59 PM,0.001,0,A
